loan_id,channel,product,funded_amount,funded_month,margin_bps,interest_rate,state
LN-2024-00001,Retail,ARM 5/1,464603,2024-01-01,284,6.749,AZ
LN-2024-00002,Retail,ARM 5/1,506179,2024-06-01,342,6.061,NY
LN-2024-00003,Retail,ARM 5/1,436148,2024-11-01,339,8.338,AZ
LN-2024-00004,Correspondent,15yr Fixed,971030,2024-05-01,269,6.934,AZ
LN-2024-00005,Wholesale,ARM 5/1,255944,2024-08-01,292,7.218,IL
LN-2024-00006,Direct,15yr Fixed,340341,2024-04-01,328,7.738,FL
LN-2024-00007,Correspondent,ARM 5/1,564066,2024-02-01,351,7.696,FL
LN-2024-00008,Wholesale,15yr Fixed,693896,2024-05-01,327,6.061,CA
LN-2024-00009,Wholesale,ARM 5/1,401395,2024-01-01,285,5.736,NY
LN-2024-00010,Retail,ARM 5/1,196158,2024-12-01,297,7.981,CA
LN-2024-00011,Retail,ARM 5/1,933027,2024-02-01,315,8.24,CA
LN-2024-00012,Correspondent,15yr Fixed,1093425,2024-06-01,362,7.964,FL
LN-2024-00013,Correspondent,30yr Fixed,946414,2024-12-01,308,7.893,IL
LN-2024-00014,Correspondent,ARM 5/1,944623,2024-02-01,302,7.97,AZ
LN-2024-00015,Retail,15yr Fixed,921283,2024-04-01,329,7.978,CA
LN-2024-00016,Correspondent,30yr Fixed,841480,2024-02-01,254,8.249,NY
LN-2024-00017,Direct,ARM 5/1,1103640,2024-06-01,253,5.99,AZ
LN-2024-00018,Correspondent,30yr Fixed,1057420,2024-01-01,310,6.357,TX
LN-2024-00019,Wholesale,15yr Fixed,498587,2024-06-01,314,6.441,NY
LN-2024-00020,Wholesale,15yr Fixed,572780,2024-08-01,269,8.012,FL
LN-2024-00021,Direct,30yr Fixed,975779,2024-02-01,277,7.557,AZ
LN-2024-00022,Retail,30yr Fixed,1105803,2024-08-01,319,7.809,TX
LN-2024-00023,Retail,15yr Fixed,670709,2024-02-01,338,8.181,TX
LN-2024-00024,Retail,30yr Fixed,821809,2024-02-01,363,6.047,FL
LN-2024-00025,Correspondent,30yr Fixed,697279,2024-02-01,264,8.227,CA
LN-2024-00026,Wholesale,15yr Fixed,990314,2024-12-01,366,5.882,CA
LN-2024-00027,Retail,15yr Fixed,817702,2024-12-01,281,8.087,NY
LN-2024-00028,Direct,ARM 5/1,585509,2024-11-01,323,6.901,FL
LN-2024-00029,Correspondent,ARM 5/1,958043,2024-10-01,313,5.879,IL
LN-2024-00030,Retail,ARM 5/1,829306,2024-03-01,332,8.097,FL
LN-2024-00031,Direct,ARM 5/1,451549,2024-02-01,344,5.832,FL
LN-2024-00032,Wholesale,ARM 5/1,695181,2024-12-01,336,5.662,FL
LN-2024-00033,Direct,30yr Fixed,233548,2024-12-01,292,6.532,CA
LN-2024-00034,Correspondent,30yr Fixed,519566,2024-09-01,378,6.738,FL
LN-2024-00035,Retail,ARM 5/1,896581,2024-03-01,305,7.693,CA
LN-2024-00036,Retail,30yr Fixed,549067,2024-12-01,334,6.345,CA
LN-2024-00037,Wholesale,ARM 5/1,940234,2024-08-01,250,7.26,CA
LN-2024-00038,Wholesale,30yr Fixed,352321,2024-09-01,279,5.518,FL
LN-2024-00039,Correspondent,15yr Fixed,489212,2024-03-01,344,8.073,CA
LN-2024-00040,Direct,15yr Fixed,1087591,2024-02-01,270,6.523,TX
LN-2024-00041,Correspondent,30yr Fixed,1029702,2024-11-01,287,6.84,CA
LN-2024-00042,Retail,ARM 5/1,586961,2024-07-01,306,6.771,IL
LN-2024-00043,Correspondent,ARM 5/1,348432,2024-01-01,285,8.158,IL
LN-2024-00044,Correspondent,ARM 5/1,450390,2024-07-01,269,5.951,TX
LN-2024-00045,Retail,ARM 5/1,431577,2024-08-01,363,8.016,TX
LN-2024-00046,Correspondent,ARM 5/1,154850,2024-01-01,380,5.886,AZ
LN-2024-00047,Wholesale,15yr Fixed,890880,2024-11-01,277,7.959,TX
LN-2024-00048,Correspondent,30yr Fixed,1030718,2024-09-01,324,6.138,AZ
LN-2024-00049,Retail,ARM 5/1,371395,2024-09-01,275,8.257,FL
LN-2024-00050,Correspondent,30yr Fixed,509856,2024-03-01,373,7.399,CA
LN-2024-00051,Direct,30yr Fixed,1099711,2024-08-01,265,6.008,NY
LN-2024-00052,Wholesale,30yr Fixed,389244,2024-09-01,331,7.79,AZ
LN-2024-00053,Wholesale,30yr Fixed,250582,2024-02-01,282,7.263,CA
LN-2024-00054,Retail,ARM 5/1,523687,2024-06-01,262,6.159,IL
LN-2024-00055,Direct,ARM 5/1,1071987,2024-11-01,309,7.935,NY
LN-2024-00056,Retail,ARM 5/1,1015851,2024-08-01,335,8.222,TX
LN-2024-00057,Retail,15yr Fixed,481825,2024-06-01,260,5.823,AZ
LN-2024-00058,Retail,ARM 5/1,758420,2024-06-01,253,6.257,IL
LN-2024-00059,Retail,15yr Fixed,1185983,2024-12-01,258,8.029,AZ
LN-2024-00060,Correspondent,15yr Fixed,956131,2024-07-01,308,6.882,FL
LN-2024-00061,Direct,ARM 5/1,617109,2024-11-01,360,6.801,NY
LN-2024-00062,Correspondent,30yr Fixed,794458,2024-12-01,328,8.189,NY
LN-2024-00063,Retail,ARM 5/1,930550,2024-11-01,270,6.897,TX
LN-2024-00064,Direct,ARM 5/1,289242,2024-06-01,336,7.131,CA
LN-2024-00065,Wholesale,15yr Fixed,731130,2024-03-01,263,7.931,NY
LN-2024-00066,Correspondent,15yr Fixed,604447,2024-11-01,254,7.79,IL
LN-2024-00067,Retail,15yr Fixed,402339,2024-02-01,328,8.077,CA
LN-2024-00068,Wholesale,ARM 5/1,868385,2024-07-01,325,6.636,FL
LN-2024-00069,Retail,15yr Fixed,1197596,2024-02-01,268,7.515,IL
LN-2024-00070,Retail,30yr Fixed,972155,2024-07-01,256,6.591,FL
LN-2024-00071,Direct,30yr Fixed,543556,2024-04-01,288,7.327,AZ
LN-2024-00072,Retail,15yr Fixed,1104647,2024-09-01,346,7.227,FL
LN-2024-00073,Direct,ARM 5/1,699161,2024-01-01,315,5.844,AZ
LN-2024-00074,Correspondent,ARM 5/1,662714,2024-12-01,302,7.854,NY
LN-2024-00075,Retail,30yr Fixed,804060,2024-12-01,322,7.4,NY
LN-2024-00076,Wholesale,30yr Fixed,423928,2024-06-01,299,6.216,CA
LN-2024-00077,Direct,ARM 5/1,209508,2024-07-01,305,7.151,IL
LN-2024-00078,Correspondent,15yr Fixed,952218,2024-11-01,294,8.283,FL
LN-2024-00079,Correspondent,15yr Fixed,1001952,2024-11-01,328,7.029,NY
LN-2024-00080,Wholesale,30yr Fixed,887327,2024-04-01,319,6.565,CA
LN-2024-00081,Direct,30yr Fixed,498906,2024-04-01,303,6.862,NY
LN-2024-00082,Correspondent,15yr Fixed,1083692,2024-11-01,341,7.186,FL
LN-2024-00083,Direct,ARM 5/1,237595,2024-01-01,365,6.525,NY
LN-2024-00084,Wholesale,30yr Fixed,1192942,2024-05-01,317,7.238,NY
LN-2024-00085,Retail,ARM 5/1,692317,2024-02-01,254,6.912,AZ
LN-2024-00086,Correspondent,30yr Fixed,497969,2024-09-01,297,5.866,AZ
LN-2024-00087,Correspondent,30yr Fixed,430253,2024-05-01,278,5.577,FL
LN-2024-00088,Retail,ARM 5/1,1059507,2024-04-01,370,6.381,IL
LN-2024-00089,Retail,30yr Fixed,1052054,2024-01-01,376,7.126,CA
LN-2024-00090,Wholesale,15yr Fixed,534842,2024-05-01,322,5.973,IL
LN-2024-00091,Retail,15yr Fixed,1152408,2024-11-01,299,7.124,CA
LN-2024-00092,Wholesale,ARM 5/1,189055,2024-07-01,278,6.084,IL
LN-2024-00093,Direct,15yr Fixed,1034188,2024-08-01,374,7.375,NY
LN-2024-00094,Wholesale,ARM 5/1,196296,2024-04-01,322,8.31,CA
LN-2024-00095,Correspondent,15yr Fixed,311561,2024-07-01,350,5.671,FL
LN-2024-00096,Direct,15yr Fixed,479554,2024-05-01,329,6.676,AZ
LN-2024-00097,Correspondent,ARM 5/1,817396,2024-02-01,274,6.074,IL
LN-2024-00098,Retail,15yr Fixed,1060018,2024-12-01,364,8.033,FL
LN-2024-00099,Wholesale,ARM 5/1,371077,2024-06-01,377,5.57,IL
LN-2024-00100,Wholesale,ARM 5/1,778920,2024-05-01,255,6.023,NY
LN-2024-00101,Correspondent,30yr Fixed,876781,2024-01-01,286,6.019,FL
LN-2024-00102,Retail,15yr Fixed,1037298,2024-07-01,365,7.226,TX
LN-2024-00103,Wholesale,15yr Fixed,442516,2024-04-01,294,8.352,IL
LN-2024-00104,Correspondent,30yr Fixed,797015,2024-12-01,261,5.583,IL
LN-2024-00105,Direct,15yr Fixed,1057558,2024-02-01,300,6.39,NY
LN-2024-00106,Retail,30yr Fixed,605253,2024-12-01,345,6.558,IL
LN-2024-00107,Retail,15yr Fixed,485325,2024-05-01,291,8.087,FL
LN-2024-00108,Retail,15yr Fixed,938060,2024-05-01,307,5.894,TX
LN-2024-00109,Wholesale,15yr Fixed,327655,2024-08-01,285,7.72,AZ
LN-2024-00110,Retail,30yr Fixed,941049,2024-01-01,378,7.24,CA
LN-2024-00111,Direct,ARM 5/1,456281,2024-04-01,274,5.819,TX
LN-2024-00112,Direct,30yr Fixed,741543,2024-07-01,329,8.174,NY
LN-2024-00113,Retail,30yr Fixed,869977,2024-10-01,308,7.343,CA
LN-2024-00114,Correspondent,15yr Fixed,563496,2024-12-01,264,7.869,IL
LN-2024-00115,Direct,15yr Fixed,920128,2024-12-01,264,5.874,IL
LN-2024-00116,Retail,15yr Fixed,627095,2024-08-01,322,5.82,AZ
LN-2024-00117,Correspondent,30yr Fixed,1138881,2024-08-01,362,7.711,TX
LN-2024-00118,Wholesale,ARM 5/1,814504,2024-06-01,357,7.532,CA
LN-2024-00119,Wholesale,30yr Fixed,320702,2024-08-01,356,7.949,NY
LN-2024-00120,Direct,15yr Fixed,532175,2024-11-01,344,6.492,AZ
LN-2024-00121,Direct,15yr Fixed,968306,2024-09-01,253,6.578,IL
LN-2024-00122,Wholesale,ARM 5/1,398390,2024-02-01,300,7.555,TX
LN-2024-00123,Retail,30yr Fixed,891715,2024-05-01,377,7.322,AZ
LN-2024-00124,Retail,30yr Fixed,1093441,2024-12-01,301,7.018,NY
LN-2024-00125,Direct,30yr Fixed,499702,2024-08-01,251,6.569,FL
LN-2024-00126,Correspondent,15yr Fixed,666902,2024-08-01,330,7.082,NY
LN-2024-00127,Wholesale,30yr Fixed,239698,2024-07-01,370,7.442,AZ
LN-2024-00128,Direct,ARM 5/1,902518,2024-09-01,323,7.792,FL
LN-2024-00129,Correspondent,ARM 5/1,373372,2024-08-01,295,5.809,CA
LN-2024-00130,Direct,30yr Fixed,980836,2024-11-01,377,6.032,IL
LN-2024-00131,Wholesale,15yr Fixed,826687,2024-06-01,348,7.737,AZ
LN-2024-00132,Retail,30yr Fixed,326625,2024-01-01,340,7.363,TX
LN-2024-00133,Wholesale,30yr Fixed,881589,2024-02-01,255,6.657,NY
LN-2024-00134,Correspondent,30yr Fixed,705576,2024-08-01,349,7.957,IL
LN-2024-00135,Wholesale,ARM 5/1,314756,2024-02-01,363,6.386,FL
LN-2024-00136,Retail,30yr Fixed,470817,2024-01-01,316,8.284,NY
LN-2024-00137,Wholesale,ARM 5/1,635356,2024-01-01,348,7.204,IL
LN-2024-00138,Wholesale,15yr Fixed,698065,2024-11-01,310,6.373,CA
LN-2024-00139,Direct,15yr Fixed,564892,2024-05-01,307,6.567,IL
LN-2024-00140,Direct,15yr Fixed,448486,2024-06-01,346,7.313,FL
LN-2024-00141,Direct,ARM 5/1,470000,2024-02-01,363,6.785,TX
LN-2024-00142,Wholesale,ARM 5/1,166472,2024-12-01,312,7.405,CA
LN-2024-00143,Wholesale,30yr Fixed,603933,2024-04-01,370,7.78,IL
LN-2024-00144,Correspondent,30yr Fixed,157490,2024-12-01,310,6.048,TX
LN-2024-00145,Direct,15yr Fixed,353899,2024-11-01,307,8.256,TX
LN-2024-00146,Wholesale,30yr Fixed,887221,2024-03-01,311,8.331,CA
LN-2024-00147,Direct,ARM 5/1,280398,2024-12-01,287,5.735,NY
LN-2024-00148,Correspondent,15yr Fixed,1112269,2024-03-01,268,8.232,CA
LN-2024-00149,Direct,15yr Fixed,1183201,2024-07-01,262,7.876,TX
LN-2024-00150,Direct,ARM 5/1,452227,2024-10-01,277,5.655,IL
LN-2024-00151,Retail,30yr Fixed,1124235,2024-03-01,315,8.086,IL
LN-2024-00152,Direct,ARM 5/1,950402,2024-06-01,347,5.96,CA
LN-2024-00153,Wholesale,30yr Fixed,1148488,2024-12-01,255,5.689,AZ
LN-2024-00154,Wholesale,30yr Fixed,459954,2024-03-01,372,6.949,CA
LN-2024-00155,Wholesale,15yr Fixed,215746,2024-07-01,371,7.134,FL
LN-2024-00156,Retail,ARM 5/1,1031842,2024-08-01,305,7.22,CA
LN-2024-00157,Wholesale,30yr Fixed,659792,2024-12-01,365,5.891,AZ
LN-2024-00158,Wholesale,30yr Fixed,686105,2024-12-01,285,6.375,AZ
LN-2024-00159,Retail,30yr Fixed,669556,2024-01-01,349,8.353,TX
LN-2024-00160,Retail,ARM 5/1,337735,2024-01-01,296,7.244,TX
LN-2024-00161,Direct,15yr Fixed,732306,2024-08-01,261,7.738,NY
LN-2024-00162,Retail,30yr Fixed,552046,2024-05-01,328,6.546,IL
LN-2024-00163,Correspondent,15yr Fixed,308612,2024-04-01,265,6.105,IL
LN-2024-00164,Wholesale,30yr Fixed,224059,2024-12-01,379,6.316,FL
LN-2024-00165,Wholesale,ARM 5/1,1169043,2024-06-01,312,6.677,NY
LN-2024-00166,Wholesale,15yr Fixed,581363,2024-02-01,345,6.702,AZ
LN-2024-00167,Retail,15yr Fixed,1034287,2024-07-01,328,6.754,NY
LN-2024-00168,Retail,ARM 5/1,1042281,2024-10-01,356,5.707,AZ
LN-2024-00169,Wholesale,15yr Fixed,721873,2024-06-01,378,7.935,FL
LN-2024-00170,Wholesale,30yr Fixed,215949,2024-03-01,304,5.774,FL
LN-2024-00171,Wholesale,30yr Fixed,976409,2024-12-01,283,6.278,IL
LN-2024-00172,Direct,15yr Fixed,669723,2024-11-01,366,7.477,NY
LN-2024-00173,Correspondent,30yr Fixed,763947,2024-10-01,346,8.241,FL
LN-2024-00174,Wholesale,30yr Fixed,931771,2024-10-01,288,7.029,CA
LN-2024-00175,Correspondent,ARM 5/1,912896,2024-11-01,344,7.965,NY
LN-2024-00176,Direct,30yr Fixed,521407,2024-11-01,342,6.61,AZ
LN-2024-00177,Direct,30yr Fixed,203730,2024-07-01,336,6.329,FL
LN-2024-00178,Correspondent,15yr Fixed,1181161,2024-06-01,328,5.544,AZ
LN-2024-00179,Wholesale,30yr Fixed,280523,2024-04-01,325,6.507,NY
LN-2024-00180,Retail,ARM 5/1,730139,2024-01-01,290,8.209,TX
LN-2024-00181,Direct,30yr Fixed,233023,2024-10-01,368,5.585,NY
LN-2024-00182,Correspondent,15yr Fixed,437787,2024-01-01,290,7.694,AZ
LN-2024-00183,Wholesale,30yr Fixed,916126,2024-11-01,265,5.89,AZ
LN-2024-00184,Direct,30yr Fixed,477473,2024-08-01,347,5.751,AZ
LN-2024-00185,Direct,ARM 5/1,198469,2024-09-01,340,6.449,NY
LN-2024-00186,Correspondent,ARM 5/1,1093245,2024-10-01,334,6.725,AZ
LN-2024-00187,Retail,15yr Fixed,933786,2024-10-01,329,7.889,AZ
LN-2024-00188,Wholesale,30yr Fixed,1136263,2024-02-01,281,5.51,NY
LN-2024-00189,Correspondent,ARM 5/1,407023,2024-03-01,365,6.612,IL
LN-2024-00190,Wholesale,ARM 5/1,153348,2024-05-01,261,5.808,AZ
LN-2024-00191,Correspondent,15yr Fixed,506684,2024-01-01,290,8.361,IL
LN-2024-00192,Direct,30yr Fixed,858864,2024-02-01,351,8.353,CA
LN-2024-00193,Wholesale,15yr Fixed,1042186,2024-07-01,354,6.265,IL
LN-2024-00194,Correspondent,ARM 5/1,581506,2024-10-01,305,7.268,FL
LN-2024-00195,Wholesale,30yr Fixed,371669,2024-12-01,380,6.203,IL
LN-2024-00196,Direct,15yr Fixed,702609,2024-03-01,279,6.455,NY
LN-2024-00197,Retail,ARM 5/1,249247,2024-08-01,317,7.642,IL
LN-2024-00198,Correspondent,30yr Fixed,605295,2024-03-01,334,5.911,AZ
LN-2024-00199,Wholesale,15yr Fixed,339762,2024-06-01,366,5.752,TX
LN-2024-00200,Direct,15yr Fixed,279531,2024-03-01,364,5.631,FL
LN-2024-00201,Correspondent,15yr Fixed,1064007,2024-10-01,343,7.322,CA
LN-2024-00202,Direct,15yr Fixed,558177,2024-02-01,297,6.495,TX
LN-2024-00203,Direct,ARM 5/1,281599,2024-02-01,316,8.3,NY
LN-2024-00204,Retail,15yr Fixed,966462,2024-03-01,326,7.996,IL
LN-2024-00205,Correspondent,15yr Fixed,397713,2024-09-01,367,8.146,NY
LN-2024-00206,Wholesale,30yr Fixed,644369,2024-10-01,337,7.693,NY
LN-2024-00207,Direct,30yr Fixed,234178,2024-06-01,325,6.831,TX
LN-2024-00208,Correspondent,15yr Fixed,699033,2024-02-01,270,7.503,TX
LN-2024-00209,Retail,15yr Fixed,1158921,2024-09-01,374,6.047,NY
LN-2024-00210,Retail,15yr Fixed,711235,2024-06-01,305,5.717,IL
LN-2024-00211,Wholesale,30yr Fixed,255217,2024-01-01,259,6.025,IL
LN-2024-00212,Wholesale,ARM 5/1,895997,2024-04-01,280,7.426,IL
LN-2024-00213,Retail,30yr Fixed,261101,2024-09-01,295,7.714,AZ
LN-2024-00214,Wholesale,15yr Fixed,686997,2024-09-01,252,5.76,TX
LN-2024-00215,Retail,ARM 5/1,192068,2024-08-01,367,6.146,FL
LN-2024-00216,Direct,30yr Fixed,523395,2024-05-01,310,5.814,CA
LN-2024-00217,Direct,ARM 5/1,1176213,2024-11-01,287,7.605,AZ
LN-2024-00218,Retail,30yr Fixed,254850,2024-04-01,255,7.039,IL
LN-2024-00219,Wholesale,ARM 5/1,753654,2024-06-01,251,7.425,CA
LN-2024-00220,Wholesale,ARM 5/1,452279,2024-08-01,267,6.65,NY
LN-2024-00221,Correspondent,ARM 5/1,660425,2024-06-01,332,6.59,IL
LN-2024-00222,Correspondent,ARM 5/1,175289,2024-06-01,357,5.658,TX
LN-2024-00223,Wholesale,30yr Fixed,714895,2024-05-01,351,7.045,CA
LN-2024-00224,Wholesale,15yr Fixed,913382,2024-09-01,297,8.199,CA
LN-2024-00225,Retail,ARM 5/1,646541,2024-09-01,283,8.127,NY
LN-2024-00226,Retail,30yr Fixed,1031021,2024-02-01,354,5.841,TX
LN-2024-00227,Retail,15yr Fixed,1001778,2024-06-01,291,7.377,IL
LN-2024-00228,Correspondent,ARM 5/1,1009258,2024-10-01,270,6.382,IL
LN-2024-00229,Direct,15yr Fixed,649798,2024-09-01,356,7.261,FL
LN-2024-00230,Correspondent,30yr Fixed,499686,2024-09-01,334,6.8,IL
LN-2024-00231,Correspondent,30yr Fixed,1137231,2024-05-01,279,5.665,TX
LN-2024-00232,Direct,30yr Fixed,657884,2024-08-01,349,6.78,CA
LN-2024-00233,Wholesale,30yr Fixed,1091001,2024-07-01,334,6.049,FL
LN-2024-00234,Retail,30yr Fixed,889162,2024-06-01,280,7.663,FL
LN-2024-00235,Wholesale,15yr Fixed,1095193,2024-04-01,254,8.492,IL
LN-2024-00236,Retail,15yr Fixed,797212,2024-06-01,374,8.449,CA
LN-2024-00237,Retail,ARM 5/1,1038895,2024-04-01,338,5.552,TX
LN-2024-00238,Wholesale,30yr Fixed,465621,2024-11-01,326,7.952,CA
LN-2024-00239,Direct,30yr Fixed,1128036,2024-05-01,251,8.473,NY
LN-2024-00240,Wholesale,15yr Fixed,626079,2024-06-01,261,7.554,CA
LN-2024-00241,Correspondent,15yr Fixed,745244,2024-09-01,323,8.1,AZ
LN-2024-00242,Correspondent,ARM 5/1,492876,2024-05-01,350,6.752,TX
LN-2024-00243,Direct,ARM 5/1,741529,2024-10-01,339,6.714,CA
LN-2024-00244,Direct,30yr Fixed,490355,2024-10-01,283,7.493,NY
LN-2024-00245,Retail,15yr Fixed,1162669,2024-06-01,279,7.507,TX
LN-2024-00246,Correspondent,30yr Fixed,979585,2024-09-01,333,8.065,AZ
LN-2024-00247,Wholesale,15yr Fixed,790903,2024-04-01,306,5.724,FL
LN-2024-00248,Direct,15yr Fixed,574920,2024-03-01,284,7.574,CA
LN-2024-00249,Direct,30yr Fixed,427894,2024-11-01,357,7.704,AZ
LN-2024-00250,Retail,15yr Fixed,813766,2024-11-01,357,8.035,AZ
LN-2024-00251,Direct,30yr Fixed,602337,2024-11-01,254,7.97,CA
LN-2024-00252,Correspondent,30yr Fixed,1057646,2024-12-01,289,8.036,CA
LN-2024-00253,Wholesale,30yr Fixed,1198304,2024-06-01,343,6.608,NY
LN-2024-00254,Direct,15yr Fixed,774002,2024-09-01,354,6.953,TX
LN-2024-00255,Direct,15yr Fixed,660469,2024-05-01,328,5.522,IL
LN-2024-00256,Direct,15yr Fixed,1071736,2024-05-01,272,6.762,FL
LN-2024-00257,Direct,ARM 5/1,858360,2024-04-01,285,7.92,CA
LN-2024-00258,Wholesale,15yr Fixed,629361,2024-07-01,274,7.733,IL
LN-2024-00259,Correspondent,30yr Fixed,675749,2024-07-01,293,8.128,TX
LN-2024-00260,Retail,ARM 5/1,999200,2024-08-01,285,6.393,FL
LN-2024-00261,Direct,15yr Fixed,167079,2024-11-01,305,7.67,NY
LN-2024-00262,Correspondent,ARM 5/1,265410,2024-12-01,252,8.183,FL
LN-2024-00263,Retail,ARM 5/1,1195372,2024-02-01,326,6.414,NY
LN-2024-00264,Wholesale,30yr Fixed,852093,2024-03-01,272,6.366,AZ
LN-2024-00265,Retail,ARM 5/1,542403,2024-08-01,328,6.652,NY
LN-2024-00266,Wholesale,30yr Fixed,251822,2024-04-01,321,7.067,AZ
LN-2024-00267,Direct,15yr Fixed,937117,2024-01-01,364,6.306,IL
LN-2024-00268,Direct,15yr Fixed,824997,2024-02-01,346,7.656,NY
LN-2024-00269,Wholesale,15yr Fixed,390962,2024-01-01,378,6.592,IL
LN-2024-00270,Retail,30yr Fixed,975236,2024-07-01,299,5.544,IL
LN-2024-00271,Direct,30yr Fixed,405751,2024-03-01,367,8.35,TX
LN-2024-00272,Correspondent,30yr Fixed,448512,2024-01-01,368,6.311,TX
LN-2024-00273,Wholesale,30yr Fixed,516414,2024-07-01,292,7.328,CA
LN-2024-00274,Correspondent,ARM 5/1,1142828,2024-08-01,370,6.882,FL
LN-2024-00275,Wholesale,30yr Fixed,612232,2024-12-01,372,6.524,AZ
LN-2024-00276,Wholesale,ARM 5/1,750838,2024-09-01,361,7.343,IL
LN-2024-00277,Wholesale,30yr Fixed,540724,2024-02-01,259,5.94,TX
LN-2024-00278,Retail,ARM 5/1,281898,2024-07-01,370,6.96,AZ
LN-2024-00279,Retail,30yr Fixed,215001,2024-02-01,373,5.785,NY
LN-2024-00280,Direct,ARM 5/1,794416,2024-12-01,292,7.243,IL
LN-2024-00281,Retail,ARM 5/1,797744,2024-07-01,332,6.184,NY
LN-2024-00282,Correspondent,15yr Fixed,889425,2024-08-01,296,5.845,CA
LN-2024-00283,Direct,ARM 5/1,564560,2024-08-01,297,8.439,NY
LN-2024-00284,Correspondent,ARM 5/1,826456,2024-03-01,344,7.196,AZ
LN-2024-00285,Retail,ARM 5/1,410896,2024-12-01,313,5.546,CA
LN-2024-00286,Retail,ARM 5/1,1074570,2024-02-01,261,5.708,NY
LN-2024-00287,Correspondent,ARM 5/1,827993,2024-11-01,302,7.713,NY
LN-2024-00288,Correspondent,ARM 5/1,1186044,2024-06-01,366,8.354,NY
LN-2024-00289,Direct,15yr Fixed,996212,2024-08-01,291,6.805,AZ
LN-2024-00290,Wholesale,30yr Fixed,1069646,2024-11-01,306,8.097,NY
LN-2024-00291,Direct,ARM 5/1,311612,2024-01-01,303,6.625,CA
LN-2024-00292,Retail,ARM 5/1,602473,2024-12-01,328,5.682,CA
LN-2024-00293,Wholesale,30yr Fixed,1153644,2024-02-01,359,8.423,IL
LN-2024-00294,Correspondent,ARM 5/1,834486,2024-12-01,315,6.82,IL
LN-2024-00295,Wholesale,15yr Fixed,689385,2024-02-01,330,7.286,NY
LN-2024-00296,Retail,30yr Fixed,662814,2024-01-01,329,7.617,FL
LN-2024-00297,Direct,15yr Fixed,346984,2024-09-01,262,8.187,AZ
LN-2024-00298,Direct,ARM 5/1,1108585,2024-12-01,374,8.476,CA
LN-2024-00299,Retail,ARM 5/1,965219,2024-02-01,341,6.374,IL
LN-2024-00300,Wholesale,30yr Fixed,159143,2024-07-01,254,5.915,TX
LN-2024-00301,Retail,30yr Fixed,271986,2024-05-01,268,7.514,NY
LN-2024-00302,Wholesale,30yr Fixed,269530,2024-05-01,288,6.85,NY
LN-2024-00303,Direct,15yr Fixed,398563,2024-12-01,307,5.971,IL
LN-2024-00304,Direct,ARM 5/1,283031,2024-08-01,291,7.923,FL
LN-2024-00305,Wholesale,ARM 5/1,885009,2024-05-01,280,7.754,IL
LN-2024-00306,Correspondent,ARM 5/1,1176960,2024-09-01,264,6.737,FL
LN-2024-00307,Retail,ARM 5/1,643252,2024-02-01,303,6.12,FL
LN-2024-00308,Correspondent,30yr Fixed,976592,2024-05-01,274,6.411,NY
LN-2024-00309,Correspondent,ARM 5/1,1036830,2024-03-01,266,7.133,TX
LN-2024-00310,Correspondent,30yr Fixed,1056385,2024-09-01,352,6.947,AZ
LN-2024-00311,Wholesale,15yr Fixed,1120537,2024-06-01,325,6.095,NY
LN-2024-00312,Retail,15yr Fixed,195277,2024-04-01,327,7.79,AZ
LN-2024-00313,Direct,ARM 5/1,620991,2024-06-01,307,5.943,TX
LN-2024-00314,Retail,30yr Fixed,161500,2024-12-01,348,6.777,CA
LN-2024-00315,Direct,15yr Fixed,262195,2024-06-01,367,7.776,TX
LN-2024-00316,Direct,ARM 5/1,976262,2024-01-01,266,5.893,AZ
LN-2024-00317,Retail,30yr Fixed,165876,2024-02-01,342,6.131,FL
LN-2024-00318,Wholesale,30yr Fixed,1038532,2024-06-01,283,6.51,IL
LN-2024-00319,Correspondent,ARM 5/1,528262,2024-10-01,316,6.229,NY
LN-2024-00320,Wholesale,30yr Fixed,526883,2024-11-01,270,6.581,FL
LN-2024-00321,Direct,ARM 5/1,798218,2024-12-01,375,6.018,TX
LN-2024-00322,Direct,15yr Fixed,1150303,2024-10-01,338,7.844,FL
LN-2024-00323,Direct,15yr Fixed,190032,2024-07-01,297,6.738,AZ
LN-2024-00324,Correspondent,15yr Fixed,681612,2024-04-01,287,6.989,NY
LN-2024-00325,Correspondent,30yr Fixed,467606,2024-01-01,327,8.463,FL
LN-2024-00326,Correspondent,ARM 5/1,651717,2024-07-01,324,8.322,TX
LN-2024-00327,Direct,ARM 5/1,380983,2024-02-01,283,6.061,IL
LN-2024-00328,Correspondent,ARM 5/1,300095,2024-04-01,283,7.705,FL
LN-2024-00329,Retail,15yr Fixed,1166992,2024-08-01,346,6.608,AZ
LN-2024-00330,Retail,15yr Fixed,469816,2024-03-01,287,8.287,NY
LN-2024-00331,Wholesale,ARM 5/1,911964,2024-01-01,323,6.46,IL
LN-2024-00332,Wholesale,ARM 5/1,515962,2024-11-01,252,7.198,IL
LN-2024-00333,Wholesale,30yr Fixed,545906,2024-05-01,357,5.929,TX
LN-2024-00334,Retail,ARM 5/1,259808,2024-11-01,361,5.793,FL
LN-2024-00335,Correspondent,30yr Fixed,370883,2024-11-01,344,7.095,TX
LN-2024-00336,Correspondent,ARM 5/1,314808,2024-11-01,304,7.053,AZ
LN-2024-00337,Wholesale,30yr Fixed,436494,2024-07-01,253,6.027,CA
LN-2024-00338,Retail,ARM 5/1,736885,2024-10-01,354,6.152,NY
LN-2024-00339,Wholesale,15yr Fixed,920791,2024-05-01,341,5.614,FL
LN-2024-00340,Wholesale,ARM 5/1,268299,2024-05-01,361,7.896,AZ
LN-2024-00341,Retail,15yr Fixed,518902,2024-09-01,332,5.861,CA
LN-2024-00342,Correspondent,30yr Fixed,671554,2024-06-01,276,7.88,IL
LN-2024-00343,Correspondent,15yr Fixed,1120481,2024-09-01,362,7.114,TX
LN-2024-00344,Retail,15yr Fixed,358933,2024-10-01,380,6.858,TX
LN-2024-00345,Direct,30yr Fixed,710517,2024-09-01,265,5.583,TX
LN-2024-00346,Correspondent,15yr Fixed,574566,2024-04-01,339,6.307,AZ
LN-2024-00347,Wholesale,ARM 5/1,1027331,2024-01-01,355,8.173,NY
LN-2024-00348,Retail,15yr Fixed,925386,2024-12-01,292,8.179,CA
LN-2024-00349,Retail,30yr Fixed,645396,2024-09-01,284,7.34,NY
LN-2024-00350,Direct,ARM 5/1,1049795,2024-06-01,265,7.204,NY
LN-2024-00351,Direct,15yr Fixed,449809,2024-01-01,309,6.198,IL
LN-2024-00352,Wholesale,15yr Fixed,790714,2024-08-01,374,6.146,FL
LN-2024-00353,Retail,ARM 5/1,305371,2024-07-01,289,7.714,NY
LN-2024-00354,Retail,ARM 5/1,859788,2024-09-01,266,5.819,IL
LN-2024-00355,Wholesale,30yr Fixed,992154,2024-08-01,289,7.76,IL
LN-2024-00356,Wholesale,15yr Fixed,296728,2024-06-01,296,7.529,NY
LN-2024-00357,Retail,30yr Fixed,207856,2024-03-01,286,6.899,CA
LN-2024-00358,Direct,15yr Fixed,567346,2024-01-01,365,5.692,FL
LN-2024-00359,Direct,30yr Fixed,783473,2024-01-01,316,8.251,FL
LN-2024-00360,Retail,15yr Fixed,345919,2024-03-01,288,7.778,CA
LN-2024-00361,Wholesale,30yr Fixed,969345,2024-07-01,344,8.146,NY
LN-2024-00362,Correspondent,15yr Fixed,860563,2024-02-01,316,7.089,CA
LN-2024-00363,Direct,ARM 5/1,768805,2024-07-01,363,8.358,NY
LN-2024-00364,Direct,ARM 5/1,324118,2024-06-01,259,6.972,IL
LN-2024-00365,Correspondent,15yr Fixed,625867,2024-09-01,282,7.078,TX
LN-2024-00366,Correspondent,ARM 5/1,419508,2024-05-01,318,5.538,NY
LN-2024-00367,Direct,ARM 5/1,597053,2024-02-01,308,8.404,AZ
LN-2024-00368,Direct,15yr Fixed,757501,2024-12-01,311,8.162,TX
LN-2024-00369,Wholesale,ARM 5/1,159679,2024-03-01,307,7.522,AZ
LN-2024-00370,Direct,15yr Fixed,472693,2024-05-01,320,6.252,CA
LN-2024-00371,Retail,30yr Fixed,681341,2024-06-01,372,6.947,FL
LN-2024-00372,Retail,ARM 5/1,1151191,2024-03-01,371,7.894,NY
LN-2024-00373,Wholesale,30yr Fixed,393323,2024-06-01,258,5.572,CA
LN-2024-00374,Direct,15yr Fixed,164179,2024-12-01,303,8.37,FL
LN-2024-00375,Retail,15yr Fixed,431297,2024-04-01,361,8.449,NY
LN-2024-00376,Correspondent,30yr Fixed,167544,2024-07-01,324,8.187,AZ
LN-2024-00377,Correspondent,ARM 5/1,484073,2024-01-01,285,8.042,IL
LN-2024-00378,Retail,ARM 5/1,211394,2024-10-01,276,6.602,AZ
LN-2024-00379,Direct,ARM 5/1,298620,2024-04-01,265,6.312,FL
LN-2024-00380,Correspondent,ARM 5/1,968051,2024-12-01,297,7.368,TX
LN-2024-00381,Correspondent,15yr Fixed,849708,2024-11-01,304,8.447,IL
LN-2024-00382,Retail,ARM 5/1,1034031,2024-05-01,290,8.28,NY
LN-2024-00383,Wholesale,ARM 5/1,266417,2024-05-01,289,5.669,IL
LN-2024-00384,Wholesale,15yr Fixed,212724,2024-06-01,263,6.15,CA
LN-2024-00385,Correspondent,15yr Fixed,1153621,2024-07-01,369,7.562,CA
LN-2024-00386,Retail,30yr Fixed,202716,2024-08-01,318,7.785,AZ
LN-2024-00387,Direct,30yr Fixed,821730,2024-11-01,317,7.064,NY
LN-2024-00388,Wholesale,ARM 5/1,173951,2024-11-01,314,7.147,NY
LN-2024-00389,Wholesale,30yr Fixed,638911,2024-01-01,340,6.934,AZ
LN-2024-00390,Wholesale,ARM 5/1,788700,2024-09-01,360,7.41,CA
LN-2024-00391,Direct,30yr Fixed,328411,2024-01-01,275,5.939,IL
LN-2024-00392,Wholesale,ARM 5/1,1081362,2024-04-01,333,5.556,NY
LN-2024-00393,Direct,ARM 5/1,188209,2024-04-01,261,6.219,TX
LN-2024-00394,Wholesale,ARM 5/1,1184737,2024-04-01,306,8.455,CA
LN-2024-00395,Correspondent,ARM 5/1,198724,2024-03-01,337,8.026,FL
LN-2024-00396,Retail,30yr Fixed,1049171,2024-03-01,269,8.241,AZ
LN-2024-00397,Direct,15yr Fixed,813104,2024-01-01,319,6.115,AZ
LN-2024-00398,Wholesale,30yr Fixed,1081393,2024-08-01,262,8.301,AZ
LN-2024-00399,Retail,ARM 5/1,1175241,2024-02-01,267,8.383,FL
LN-2024-00400,Retail,15yr Fixed,465957,2024-04-01,330,8.341,CA
LN-2024-00401,Wholesale,ARM 5/1,516630,2024-03-01,298,6.716,NY
LN-2024-00402,Wholesale,ARM 5/1,931916,2024-11-01,328,7.717,NY
LN-2024-00403,Correspondent,30yr Fixed,724255,2024-01-01,369,8.23,TX
LN-2024-00404,Retail,30yr Fixed,395456,2024-06-01,277,8.161,IL
LN-2024-00405,Wholesale,ARM 5/1,162268,2024-04-01,273,7.554,AZ
LN-2024-00406,Retail,ARM 5/1,1111264,2024-05-01,354,6.418,AZ
LN-2024-00407,Wholesale,30yr Fixed,279020,2024-06-01,377,5.549,NY
LN-2024-00408,Retail,30yr Fixed,208171,2024-10-01,357,7.421,TX
LN-2024-00409,Retail,ARM 5/1,313506,2024-12-01,258,8.487,CA
LN-2024-00410,Direct,15yr Fixed,319483,2024-04-01,374,7.506,FL
LN-2024-00411,Retail,ARM 5/1,885053,2024-07-01,346,6.093,AZ
LN-2024-00412,Wholesale,30yr Fixed,829125,2024-12-01,298,8.251,NY
LN-2024-00413,Wholesale,ARM 5/1,962853,2024-01-01,365,6.194,FL
LN-2024-00414,Direct,30yr Fixed,732923,2024-09-01,287,7.479,IL
LN-2024-00415,Wholesale,15yr Fixed,657954,2024-10-01,373,6.761,IL
LN-2024-00416,Direct,30yr Fixed,1148520,2024-02-01,341,7.958,CA
LN-2024-00417,Correspondent,30yr Fixed,434488,2024-03-01,358,6.164,TX
LN-2024-00418,Direct,15yr Fixed,491717,2024-02-01,333,5.962,FL
LN-2024-00419,Direct,15yr Fixed,614411,2024-09-01,374,5.949,TX
LN-2024-00420,Direct,ARM 5/1,504173,2024-12-01,300,7.82,AZ
LN-2024-00421,Wholesale,30yr Fixed,170231,2024-09-01,270,7.089,AZ
LN-2024-00422,Wholesale,15yr Fixed,1066941,2024-01-01,368,8.464,IL
LN-2024-00423,Correspondent,15yr Fixed,611253,2024-03-01,260,6.084,IL
LN-2024-00424,Wholesale,15yr Fixed,924703,2024-12-01,372,8.417,TX
LN-2024-00425,Correspondent,30yr Fixed,1051004,2024-03-01,379,7.869,FL
LN-2024-00426,Retail,30yr Fixed,397398,2024-10-01,290,8.061,NY
LN-2024-00427,Wholesale,15yr Fixed,493450,2024-03-01,347,7.66,NY
LN-2024-00428,Correspondent,ARM 5/1,379920,2024-03-01,293,5.645,FL
LN-2024-00429,Direct,ARM 5/1,1070498,2024-09-01,269,7.962,IL
LN-2024-00430,Direct,30yr Fixed,888239,2024-07-01,373,6.34,CA
LN-2024-00431,Correspondent,15yr Fixed,1040849,2024-08-01,352,6.439,IL
LN-2024-00432,Correspondent,ARM 5/1,442094,2024-07-01,367,6.308,FL
LN-2024-00433,Direct,15yr Fixed,519312,2024-06-01,336,5.551,TX
LN-2024-00434,Retail,15yr Fixed,951443,2024-07-01,313,6.962,FL
LN-2024-00435,Retail,30yr Fixed,1095976,2024-07-01,327,7.439,AZ
LN-2024-00436,Wholesale,15yr Fixed,1072125,2024-06-01,297,7.414,AZ
LN-2024-00437,Correspondent,ARM 5/1,448193,2024-07-01,259,6.266,FL
LN-2024-00438,Retail,15yr Fixed,482551,2024-08-01,343,6.469,CA
LN-2024-00439,Direct,15yr Fixed,259097,2024-01-01,379,8.021,NY
LN-2024-00440,Retail,30yr Fixed,655072,2024-03-01,281,7.369,FL
LN-2024-00441,Retail,15yr Fixed,253679,2024-05-01,304,5.773,CA
LN-2024-00442,Correspondent,30yr Fixed,914347,2024-05-01,296,7.906,TX
LN-2024-00443,Direct,30yr Fixed,185973,2024-10-01,305,7.006,AZ
LN-2024-00444,Direct,ARM 5/1,251268,2024-02-01,261,6.859,NY
LN-2024-00445,Retail,30yr Fixed,895849,2024-10-01,289,7.361,CA
LN-2024-00446,Wholesale,15yr Fixed,357297,2024-04-01,286,8.264,IL
LN-2024-00447,Wholesale,ARM 5/1,895209,2024-04-01,306,5.797,AZ
LN-2024-00448,Correspondent,30yr Fixed,624330,2024-04-01,358,7.224,TX
LN-2024-00449,Direct,ARM 5/1,422334,2024-12-01,297,7.816,AZ
LN-2024-00450,Direct,15yr Fixed,1140777,2024-02-01,262,6.4,CA
LN-2024-00451,Wholesale,ARM 5/1,514432,2024-06-01,316,7.041,IL
LN-2024-00452,Wholesale,30yr Fixed,646479,2024-06-01,312,7.71,IL
LN-2024-00453,Correspondent,15yr Fixed,805497,2024-01-01,273,7.937,FL
LN-2024-00454,Retail,15yr Fixed,151348,2024-03-01,320,8.065,FL
LN-2024-00455,Direct,15yr Fixed,869455,2024-07-01,272,6.113,TX
LN-2024-00456,Direct,30yr Fixed,945776,2024-06-01,354,7.443,NY
LN-2024-00457,Wholesale,15yr Fixed,365886,2024-05-01,350,6.215,TX
LN-2024-00458,Direct,15yr Fixed,323861,2024-09-01,321,7.875,TX
LN-2024-00459,Direct,30yr Fixed,693650,2024-12-01,260,7.518,NY
LN-2024-00460,Correspondent,15yr Fixed,287455,2024-07-01,364,6.666,FL
LN-2024-00461,Direct,15yr Fixed,610498,2024-05-01,309,5.594,NY
LN-2024-00462,Retail,30yr Fixed,448954,2024-04-01,375,7.816,FL
LN-2024-00463,Wholesale,ARM 5/1,1000131,2024-06-01,269,5.564,TX
LN-2024-00464,Retail,ARM 5/1,1105659,2024-06-01,269,8.149,NY
LN-2024-00465,Correspondent,30yr Fixed,892357,2024-07-01,369,7.24,TX
LN-2024-00466,Wholesale,30yr Fixed,925270,2024-01-01,356,6.129,IL
LN-2024-00467,Direct,ARM 5/1,589276,2024-06-01,367,5.637,AZ
LN-2024-00468,Retail,ARM 5/1,364664,2024-01-01,303,6.38,IL
LN-2024-00469,Correspondent,ARM 5/1,525092,2024-12-01,262,6.868,NY
LN-2024-00470,Wholesale,30yr Fixed,1193642,2024-05-01,372,7.501,FL
LN-2024-00471,Correspondent,30yr Fixed,281518,2024-01-01,302,7.026,NY
LN-2024-00472,Wholesale,15yr Fixed,460263,2024-04-01,323,8.164,NY
LN-2024-00473,Direct,30yr Fixed,749268,2024-04-01,291,5.536,FL
LN-2024-00474,Retail,15yr Fixed,192269,2024-12-01,303,7.634,FL
LN-2024-00475,Direct,30yr Fixed,958423,2024-07-01,360,7.922,TX
LN-2024-00476,Correspondent,30yr Fixed,550618,2024-09-01,358,7.28,NY
LN-2024-00477,Retail,15yr Fixed,480084,2024-01-01,294,6.68,TX
LN-2024-00478,Wholesale,ARM 5/1,511077,2024-04-01,268,7.289,CA
LN-2024-00479,Wholesale,ARM 5/1,253956,2024-08-01,261,8.42,AZ
LN-2024-00480,Direct,ARM 5/1,456950,2024-09-01,309,6.52,AZ
LN-2024-00481,Retail,ARM 5/1,572112,2024-06-01,294,6.036,CA
LN-2024-00482,Direct,ARM 5/1,1104853,2024-01-01,359,8.191,NY
LN-2024-00483,Retail,ARM 5/1,569605,2024-03-01,347,6.765,CA
LN-2024-00484,Correspondent,15yr Fixed,295618,2024-07-01,267,6.431,CA
LN-2024-00485,Direct,30yr Fixed,1059191,2024-08-01,253,6.418,CA
LN-2024-00486,Correspondent,30yr Fixed,571211,2024-03-01,373,7.278,AZ
LN-2024-00487,Wholesale,ARM 5/1,877838,2024-02-01,265,6.46,TX
LN-2024-00488,Direct,15yr Fixed,877047,2024-02-01,316,5.866,IL
LN-2024-00489,Retail,ARM 5/1,532276,2024-09-01,344,6.857,AZ
LN-2024-00490,Direct,ARM 5/1,991545,2024-04-01,339,5.868,IL
LN-2024-00491,Wholesale,ARM 5/1,392242,2024-02-01,286,7.416,IL
LN-2024-00492,Correspondent,30yr Fixed,689315,2024-06-01,304,7.173,NY
LN-2024-00493,Direct,30yr Fixed,1179682,2024-03-01,308,5.878,NY
LN-2024-00494,Retail,30yr Fixed,370593,2024-08-01,286,7.636,FL
LN-2024-00495,Direct,30yr Fixed,512886,2024-09-01,375,7.14,NY
LN-2024-00496,Retail,15yr Fixed,1010789,2024-05-01,349,6.659,TX
LN-2024-00497,Correspondent,ARM 5/1,983952,2024-08-01,309,8.088,CA
LN-2024-00498,Retail,ARM 5/1,1189622,2024-06-01,311,8.147,CA
LN-2024-00499,Retail,ARM 5/1,634104,2024-07-01,258,6.638,NY
LN-2024-00500,Retail,30yr Fixed,1143965,2024-10-01,277,8.299,NY
LN-2024-00501,Retail,ARM 5/1,925467,2024-08-01,315,6.457,AZ
LN-2024-00502,Direct,ARM 5/1,1026854,2024-07-01,336,5.503,NY
LN-2024-00503,Retail,ARM 5/1,535445,2024-08-01,368,8.007,NY
LN-2024-00504,Direct,ARM 5/1,1045984,2024-12-01,309,7.69,CA
LN-2024-00505,Retail,ARM 5/1,901956,2024-04-01,266,6.666,CA
LN-2024-00506,Wholesale,ARM 5/1,1072498,2024-11-01,285,7.119,IL
LN-2024-00507,Wholesale,15yr Fixed,283481,2024-12-01,361,6.918,AZ
LN-2024-00508,Direct,30yr Fixed,369071,2024-12-01,291,7.316,AZ
LN-2024-00509,Correspondent,15yr Fixed,1123126,2024-12-01,266,8.143,FL
LN-2024-00510,Direct,30yr Fixed,721879,2024-08-01,293,7.007,NY
LN-2024-00511,Correspondent,15yr Fixed,1009554,2024-05-01,281,8.156,NY
LN-2024-00512,Direct,30yr Fixed,852949,2024-07-01,329,6.092,CA
LN-2024-00513,Direct,15yr Fixed,958430,2024-04-01,291,5.646,CA
LN-2024-00514,Wholesale,ARM 5/1,615215,2024-01-01,309,7.731,IL
LN-2024-00515,Wholesale,30yr Fixed,497068,2024-06-01,379,6.135,TX
LN-2024-00516,Retail,ARM 5/1,591445,2024-05-01,347,7.899,TX
LN-2024-00517,Correspondent,15yr Fixed,194145,2024-08-01,354,7.283,AZ
LN-2024-00518,Retail,30yr Fixed,485485,2024-02-01,332,6.425,AZ
LN-2024-00519,Retail,30yr Fixed,1141004,2024-07-01,362,8.209,TX
LN-2024-00520,Wholesale,30yr Fixed,1181719,2024-01-01,263,6.59,FL
LN-2024-00521,Wholesale,30yr Fixed,1023036,2024-02-01,301,7.414,TX
LN-2024-00522,Wholesale,15yr Fixed,515296,2024-01-01,380,8.21,CA
LN-2024-00523,Correspondent,30yr Fixed,631463,2024-10-01,320,8.057,NY
LN-2024-00524,Correspondent,30yr Fixed,651757,2024-11-01,379,8.257,AZ
LN-2024-00525,Correspondent,ARM 5/1,363156,2024-10-01,352,6.432,IL
LN-2024-00526,Direct,30yr Fixed,897270,2024-07-01,368,6.045,IL
LN-2024-00527,Correspondent,15yr Fixed,529574,2024-11-01,324,8.28,IL
LN-2024-00528,Direct,30yr Fixed,531907,2024-01-01,273,6.25,TX
LN-2024-00529,Correspondent,ARM 5/1,454051,2024-02-01,351,8.219,AZ
LN-2024-00530,Wholesale,ARM 5/1,1033266,2024-03-01,278,8.007,NY
LN-2024-00531,Correspondent,30yr Fixed,631901,2024-06-01,256,7.142,TX
LN-2024-00532,Correspondent,15yr Fixed,1169222,2024-06-01,296,6.069,TX
LN-2024-00533,Direct,15yr Fixed,568895,2024-06-01,290,6.31,NY
LN-2024-00534,Wholesale,ARM 5/1,568579,2024-12-01,331,7.633,CA
LN-2024-00535,Wholesale,15yr Fixed,255290,2024-08-01,346,5.69,CA
LN-2024-00536,Wholesale,ARM 5/1,150348,2024-10-01,262,6.484,FL
LN-2024-00537,Wholesale,30yr Fixed,1109354,2024-10-01,340,7.471,IL
LN-2024-00538,Retail,ARM 5/1,865096,2024-05-01,299,5.641,IL
LN-2024-00539,Direct,30yr Fixed,428219,2024-07-01,259,6.546,NY
LN-2024-00540,Correspondent,15yr Fixed,337573,2024-08-01,292,7.203,CA
LN-2024-00541,Retail,ARM 5/1,1052874,2024-04-01,364,8.097,FL
LN-2024-00542,Wholesale,15yr Fixed,1121496,2024-02-01,264,6.711,TX
LN-2024-00543,Wholesale,15yr Fixed,621078,2024-05-01,256,7.999,CA
LN-2024-00544,Direct,15yr Fixed,175566,2024-01-01,345,8.074,CA
LN-2024-00545,Wholesale,ARM 5/1,440572,2024-05-01,258,7.84,AZ
LN-2024-00546,Direct,ARM 5/1,1105348,2024-09-01,319,5.731,FL
LN-2024-00547,Direct,ARM 5/1,175624,2024-05-01,378,6.479,TX
LN-2024-00548,Direct,15yr Fixed,403311,2024-10-01,325,5.698,CA
LN-2024-00549,Retail,30yr Fixed,1004823,2024-03-01,352,6.434,NY
LN-2024-00550,Wholesale,30yr Fixed,422517,2024-06-01,268,6.918,NY
LN-2024-00551,Direct,15yr Fixed,785851,2024-07-01,277,6.668,FL
LN-2024-00552,Correspondent,ARM 5/1,772405,2024-11-01,284,5.977,TX
LN-2024-00553,Direct,15yr Fixed,905009,2024-10-01,372,7.664,NY
LN-2024-00554,Wholesale,30yr Fixed,733427,2024-09-01,349,7.789,IL
LN-2024-00555,Correspondent,15yr Fixed,941272,2024-09-01,376,5.697,NY
LN-2024-00556,Retail,ARM 5/1,929046,2024-03-01,368,6.015,TX
LN-2024-00557,Correspondent,ARM 5/1,652711,2024-11-01,263,7.956,FL
LN-2024-00558,Wholesale,30yr Fixed,731809,2024-09-01,364,6.116,NY
LN-2024-00559,Direct,ARM 5/1,172818,2024-05-01,288,5.595,NY
LN-2024-00560,Correspondent,15yr Fixed,1086198,2024-07-01,283,6.495,IL
LN-2024-00561,Correspondent,15yr Fixed,927842,2024-08-01,345,7.936,TX
LN-2024-00562,Direct,ARM 5/1,235852,2024-09-01,345,7.424,FL
LN-2024-00563,Retail,15yr Fixed,882772,2024-12-01,284,7.167,IL
LN-2024-00564,Correspondent,15yr Fixed,724309,2024-04-01,367,6.567,FL
LN-2024-00565,Direct,15yr Fixed,263738,2024-09-01,326,6.481,FL
LN-2024-00566,Correspondent,30yr Fixed,621550,2024-11-01,374,6.777,FL
LN-2024-00567,Direct,15yr Fixed,836719,2024-01-01,254,7.609,FL
LN-2024-00568,Retail,30yr Fixed,1025803,2024-10-01,287,8.021,IL
LN-2024-00569,Retail,15yr Fixed,233205,2024-01-01,306,6.51,CA
LN-2024-00570,Retail,ARM 5/1,801846,2024-02-01,275,7.539,NY
LN-2024-00571,Correspondent,30yr Fixed,282024,2024-12-01,373,5.714,CA
LN-2024-00572,Wholesale,ARM 5/1,188235,2024-07-01,267,8.414,FL
LN-2024-00573,Wholesale,ARM 5/1,339258,2024-06-01,310,8.0,TX
LN-2024-00574,Correspondent,ARM 5/1,952978,2024-12-01,273,7.3,CA
LN-2024-00575,Wholesale,15yr Fixed,477761,2024-04-01,336,7.317,IL
LN-2024-00576,Direct,30yr Fixed,1154725,2024-01-01,297,8.441,CA
LN-2024-00577,Correspondent,ARM 5/1,410401,2024-08-01,335,6.359,AZ
LN-2024-00578,Retail,15yr Fixed,524039,2024-12-01,292,7.093,FL
LN-2024-00579,Wholesale,30yr Fixed,248123,2024-10-01,319,7.294,FL
LN-2024-00580,Direct,30yr Fixed,1006933,2024-06-01,317,6.381,CA
LN-2024-00581,Correspondent,15yr Fixed,1196646,2024-10-01,356,6.029,IL
LN-2024-00582,Direct,ARM 5/1,1164297,2024-11-01,339,6.086,AZ
LN-2024-00583,Retail,ARM 5/1,631822,2024-11-01,297,8.294,FL
LN-2024-00584,Wholesale,ARM 5/1,708564,2024-05-01,289,7.722,NY
LN-2024-00585,Direct,30yr Fixed,212946,2024-06-01,275,6.902,TX
LN-2024-00586,Wholesale,15yr Fixed,555371,2024-03-01,377,7.541,AZ
LN-2024-00587,Direct,30yr Fixed,486863,2024-10-01,312,5.668,AZ
LN-2024-00588,Correspondent,ARM 5/1,424079,2024-05-01,317,7.201,FL
LN-2024-00589,Correspondent,ARM 5/1,322103,2024-05-01,301,5.971,IL
LN-2024-00590,Direct,15yr Fixed,246658,2024-01-01,286,7.677,CA
LN-2024-00591,Direct,15yr Fixed,153971,2024-10-01,338,7.099,NY
LN-2024-00592,Retail,ARM 5/1,945254,2024-05-01,274,7.92,NY
LN-2024-00593,Wholesale,ARM 5/1,383972,2024-12-01,325,7.077,CA
LN-2024-00594,Direct,30yr Fixed,504021,2024-09-01,253,6.422,NY
LN-2024-00595,Direct,30yr Fixed,528278,2024-01-01,305,8.183,FL
LN-2024-00596,Wholesale,15yr Fixed,815532,2024-04-01,279,6.324,CA
LN-2024-00597,Retail,30yr Fixed,231708,2024-07-01,311,7.688,FL
LN-2024-00598,Retail,ARM 5/1,607809,2024-11-01,289,6.533,TX
LN-2024-00599,Correspondent,ARM 5/1,324720,2024-11-01,265,7.1,NY
LN-2024-00600,Correspondent,ARM 5/1,1093308,2024-08-01,356,5.771,IL
LN-2024-00601,Direct,ARM 5/1,635699,2024-04-01,338,7.376,CA
LN-2024-00602,Direct,30yr Fixed,489901,2024-09-01,330,6.363,NY
LN-2024-00603,Wholesale,15yr Fixed,808486,2024-02-01,363,6.564,AZ
LN-2024-00604,Correspondent,ARM 5/1,564893,2024-07-01,296,7.171,CA
LN-2024-00605,Retail,15yr Fixed,837731,2024-08-01,302,7.185,IL
LN-2024-00606,Correspondent,ARM 5/1,369239,2024-09-01,256,5.806,FL
LN-2024-00607,Correspondent,ARM 5/1,842138,2024-10-01,376,8.022,AZ
LN-2024-00608,Retail,30yr Fixed,1061687,2024-05-01,317,7.376,IL
LN-2024-00609,Direct,ARM 5/1,182527,2024-02-01,350,6.005,IL
LN-2024-00610,Retail,30yr Fixed,609631,2024-12-01,336,6.771,AZ
LN-2024-00611,Wholesale,ARM 5/1,428373,2024-10-01,363,6.829,TX
LN-2024-00612,Wholesale,ARM 5/1,198178,2024-07-01,254,8.361,IL
LN-2024-00613,Correspondent,30yr Fixed,150152,2024-10-01,344,5.97,TX
LN-2024-00614,Wholesale,30yr Fixed,195669,2024-04-01,273,7.083,AZ
LN-2024-00615,Retail,ARM 5/1,160606,2024-02-01,318,6.471,FL
LN-2024-00616,Direct,15yr Fixed,1091751,2024-10-01,259,7.684,TX
LN-2024-00617,Direct,ARM 5/1,911186,2024-12-01,290,6.392,AZ
LN-2024-00618,Correspondent,ARM 5/1,423456,2024-11-01,278,7.901,TX
LN-2024-00619,Retail,ARM 5/1,1147380,2024-11-01,280,7.828,CA
LN-2024-00620,Wholesale,ARM 5/1,503122,2024-12-01,265,6.091,CA
LN-2024-00621,Correspondent,ARM 5/1,1100670,2024-11-01,375,5.632,AZ
LN-2024-00622,Retail,15yr Fixed,1029038,2024-02-01,353,7.71,TX
LN-2024-00623,Correspondent,ARM 5/1,353323,2024-02-01,353,5.948,CA
LN-2024-00624,Wholesale,30yr Fixed,443240,2024-06-01,310,6.525,CA
LN-2024-00625,Wholesale,15yr Fixed,1179536,2024-10-01,328,5.537,FL
LN-2024-00626,Retail,30yr Fixed,409179,2024-07-01,368,8.067,AZ
LN-2024-00627,Wholesale,15yr Fixed,902191,2024-08-01,339,7.37,IL
LN-2024-00628,Direct,ARM 5/1,444466,2024-07-01,360,7.316,AZ
LN-2024-00629,Correspondent,30yr Fixed,762121,2024-06-01,282,6.321,TX
LN-2024-00630,Correspondent,30yr Fixed,866651,2024-11-01,291,5.967,NY
LN-2024-00631,Correspondent,30yr Fixed,578330,2024-02-01,320,7.24,TX
LN-2024-00632,Correspondent,15yr Fixed,1148159,2024-02-01,347,8.161,IL
LN-2024-00633,Correspondent,15yr Fixed,1070010,2024-09-01,281,8.195,TX
LN-2024-00634,Correspondent,30yr Fixed,952353,2024-11-01,259,5.556,IL
LN-2024-00635,Retail,15yr Fixed,726164,2024-06-01,324,6.825,FL
LN-2024-00636,Direct,15yr Fixed,823131,2024-12-01,271,6.824,IL
LN-2024-00637,Correspondent,15yr Fixed,1132358,2024-01-01,338,7.208,FL
LN-2024-00638,Retail,ARM 5/1,1035569,2024-02-01,370,6.676,NY
LN-2024-00639,Direct,ARM 5/1,220921,2024-10-01,347,7.484,NY
LN-2024-00640,Retail,30yr Fixed,237766,2024-11-01,259,7.656,FL
LN-2024-00641,Wholesale,ARM 5/1,641347,2024-07-01,285,7.393,AZ
LN-2024-00642,Direct,ARM 5/1,388390,2024-04-01,356,6.602,CA
LN-2024-00643,Direct,15yr Fixed,508989,2024-06-01,350,5.685,NY
LN-2024-00644,Correspondent,15yr Fixed,503451,2024-08-01,294,6.729,AZ
LN-2024-00645,Wholesale,15yr Fixed,1097026,2024-09-01,288,8.199,CA
LN-2024-00646,Correspondent,30yr Fixed,384444,2024-01-01,366,7.661,NY
LN-2024-00647,Correspondent,ARM 5/1,468577,2024-07-01,317,8.466,NY
LN-2024-00648,Wholesale,15yr Fixed,1183619,2024-04-01,304,8.052,CA
LN-2024-00649,Wholesale,15yr Fixed,1185626,2024-10-01,359,6.547,FL
LN-2024-00650,Correspondent,ARM 5/1,482046,2024-09-01,284,5.961,FL
LN-2024-00651,Wholesale,30yr Fixed,439318,2024-01-01,290,8.128,IL
LN-2024-00652,Wholesale,30yr Fixed,551472,2024-04-01,270,5.838,NY
LN-2024-00653,Retail,30yr Fixed,289561,2024-04-01,304,8.278,FL
LN-2024-00654,Retail,30yr Fixed,1122485,2024-04-01,256,6.705,AZ
LN-2024-00655,Correspondent,15yr Fixed,1101844,2024-03-01,341,6.276,FL
LN-2024-00656,Direct,30yr Fixed,734137,2024-07-01,315,7.072,AZ
LN-2024-00657,Direct,30yr Fixed,993462,2024-11-01,340,5.884,AZ
LN-2024-00658,Direct,15yr Fixed,331433,2024-07-01,270,6.991,CA
LN-2024-00659,Direct,30yr Fixed,1184698,2024-11-01,283,5.593,AZ
LN-2024-00660,Correspondent,30yr Fixed,539576,2024-12-01,260,7.91,TX
LN-2024-00661,Wholesale,ARM 5/1,1099870,2024-10-01,279,7.379,TX
LN-2024-00662,Retail,30yr Fixed,904082,2024-10-01,314,7.131,FL
LN-2024-00663,Correspondent,ARM 5/1,223932,2024-01-01,264,6.534,IL
LN-2024-00664,Correspondent,ARM 5/1,438991,2024-03-01,286,7.149,TX
LN-2024-00665,Retail,30yr Fixed,231574,2024-03-01,316,6.596,IL
LN-2024-00666,Correspondent,15yr Fixed,158738,2024-12-01,324,5.851,TX
LN-2024-00667,Retail,15yr Fixed,1046505,2024-06-01,365,8.226,NY
LN-2024-00668,Correspondent,15yr Fixed,371191,2024-01-01,289,5.896,NY
LN-2024-00669,Correspondent,15yr Fixed,866562,2024-07-01,360,5.649,IL
LN-2024-00670,Direct,15yr Fixed,1160095,2024-03-01,295,6.499,CA
LN-2024-00671,Retail,15yr Fixed,187795,2024-09-01,311,7.771,CA
LN-2024-00672,Correspondent,15yr Fixed,1014878,2024-11-01,311,7.073,TX
LN-2024-00673,Correspondent,15yr Fixed,1070643,2024-10-01,356,7.973,CA
LN-2024-00674,Correspondent,15yr Fixed,410748,2024-06-01,338,5.943,AZ
LN-2024-00675,Correspondent,30yr Fixed,762001,2024-12-01,377,6.143,AZ
LN-2024-00676,Direct,ARM 5/1,815451,2024-02-01,259,6.896,NY
LN-2024-00677,Direct,30yr Fixed,720371,2024-07-01,269,7.785,FL
LN-2024-00678,Wholesale,15yr Fixed,642874,2024-09-01,265,7.788,FL
LN-2024-00679,Retail,ARM 5/1,458007,2024-12-01,350,5.885,TX
LN-2024-00680,Wholesale,15yr Fixed,689545,2024-09-01,320,6.298,NY
LN-2024-00681,Correspondent,ARM 5/1,1193792,2024-01-01,321,5.674,CA
LN-2024-00682,Retail,15yr Fixed,1199322,2024-08-01,334,6.35,FL
LN-2024-00683,Direct,30yr Fixed,942772,2024-03-01,365,6.123,TX
LN-2024-00684,Correspondent,30yr Fixed,318528,2024-05-01,299,8.23,CA
LN-2024-00685,Correspondent,15yr Fixed,1093004,2024-11-01,267,6.765,NY
LN-2024-00686,Correspondent,15yr Fixed,792486,2024-08-01,369,8.103,IL
LN-2024-00687,Retail,30yr Fixed,181793,2024-05-01,337,6.817,AZ
LN-2024-00688,Wholesale,30yr Fixed,710165,2024-10-01,250,5.509,FL
LN-2024-00689,Direct,ARM 5/1,951338,2024-04-01,340,7.473,IL
LN-2024-00690,Retail,15yr Fixed,705602,2024-01-01,328,6.912,IL
LN-2024-00691,Direct,15yr Fixed,1114611,2024-12-01,277,5.975,NY
LN-2024-00692,Wholesale,30yr Fixed,484872,2024-12-01,349,7.102,AZ
LN-2024-00693,Direct,15yr Fixed,1163720,2024-08-01,335,7.147,NY
LN-2024-00694,Correspondent,30yr Fixed,552757,2024-02-01,296,7.693,CA
LN-2024-00695,Wholesale,15yr Fixed,849236,2024-11-01,298,7.778,NY
LN-2024-00696,Direct,ARM 5/1,412619,2024-09-01,293,7.098,TX
LN-2024-00697,Wholesale,15yr Fixed,767181,2024-06-01,262,7.631,TX
LN-2024-00698,Direct,ARM 5/1,880243,2024-02-01,275,5.925,IL
LN-2024-00699,Wholesale,15yr Fixed,456594,2024-11-01,287,8.107,NY
LN-2024-00700,Correspondent,15yr Fixed,886110,2024-03-01,321,6.062,CA
LN-2024-00701,Retail,30yr Fixed,995409,2024-11-01,329,6.16,FL
LN-2024-00702,Correspondent,30yr Fixed,988973,2024-04-01,353,8.068,TX
LN-2024-00703,Direct,15yr Fixed,810988,2024-08-01,341,6.423,AZ
LN-2024-00704,Correspondent,30yr Fixed,1027710,2024-10-01,250,7.597,IL
LN-2024-00705,Direct,ARM 5/1,224130,2024-05-01,273,5.563,FL
LN-2024-00706,Retail,30yr Fixed,501603,2024-05-01,322,6.6,IL
LN-2024-00707,Correspondent,15yr Fixed,1044015,2024-10-01,324,7.887,IL
LN-2024-00708,Retail,15yr Fixed,878467,2024-01-01,322,8.442,AZ
LN-2024-00709,Retail,30yr Fixed,1096037,2024-03-01,340,6.368,AZ
LN-2024-00710,Wholesale,30yr Fixed,987654,2024-03-01,360,6.908,IL
LN-2024-00711,Correspondent,15yr Fixed,435269,2024-11-01,296,6.371,FL
LN-2024-00712,Retail,15yr Fixed,978637,2024-01-01,342,6.164,IL
LN-2024-00713,Wholesale,ARM 5/1,804875,2024-01-01,338,7.955,NY
LN-2024-00714,Direct,15yr Fixed,255955,2024-06-01,291,5.656,IL
LN-2024-00715,Wholesale,ARM 5/1,731693,2024-04-01,264,8.418,AZ
LN-2024-00716,Direct,30yr Fixed,1113597,2024-02-01,344,6.694,AZ
LN-2024-00717,Wholesale,15yr Fixed,821581,2024-12-01,304,5.775,NY
LN-2024-00718,Retail,30yr Fixed,714146,2024-01-01,259,6.176,FL
LN-2024-00719,Correspondent,30yr Fixed,619474,2024-10-01,326,6.137,TX
LN-2024-00720,Direct,30yr Fixed,676097,2024-03-01,253,6.951,CA
LN-2024-00721,Direct,ARM 5/1,1025938,2024-09-01,303,6.737,TX
LN-2024-00722,Correspondent,15yr Fixed,719243,2024-06-01,328,8.123,AZ
LN-2024-00723,Retail,ARM 5/1,784693,2024-01-01,344,7.272,TX
LN-2024-00724,Retail,30yr Fixed,930181,2024-05-01,349,5.762,CA
LN-2024-00725,Retail,15yr Fixed,1127007,2024-03-01,305,8.07,NY
LN-2024-00726,Correspondent,ARM 5/1,382454,2024-08-01,372,8.491,NY
LN-2024-00727,Retail,15yr Fixed,647374,2024-12-01,305,7.222,CA
LN-2024-00728,Correspondent,30yr Fixed,724003,2024-12-01,344,7.318,TX
LN-2024-00729,Direct,15yr Fixed,442730,2024-02-01,294,8.106,AZ
LN-2024-00730,Direct,30yr Fixed,1191574,2024-09-01,363,5.711,TX
LN-2024-00731,Direct,30yr Fixed,438506,2024-08-01,258,7.299,AZ
LN-2024-00732,Wholesale,15yr Fixed,536082,2024-10-01,353,6.677,NY
LN-2024-00733,Wholesale,30yr Fixed,765894,2024-01-01,269,8.239,IL
LN-2024-00734,Correspondent,15yr Fixed,821073,2024-01-01,348,8.45,FL
LN-2024-00735,Direct,ARM 5/1,533583,2024-12-01,268,7.499,CA
LN-2024-00736,Correspondent,ARM 5/1,591666,2024-06-01,263,7.094,IL
LN-2024-00737,Retail,ARM 5/1,663388,2024-12-01,296,8.07,AZ
LN-2024-00738,Wholesale,ARM 5/1,620432,2024-07-01,347,6.874,IL
LN-2024-00739,Direct,30yr Fixed,247004,2024-08-01,261,8.442,IL
LN-2024-00740,Correspondent,30yr Fixed,714890,2024-12-01,315,7.721,NY
LN-2024-00741,Direct,ARM 5/1,730126,2024-09-01,319,6.055,CA
LN-2024-00742,Wholesale,30yr Fixed,397945,2024-01-01,294,6.581,AZ
LN-2024-00743,Retail,ARM 5/1,369323,2024-05-01,255,7.688,CA
LN-2024-00744,Wholesale,ARM 5/1,558268,2024-11-01,328,8.286,NY
LN-2024-00745,Retail,15yr Fixed,583855,2024-09-01,316,5.842,IL
LN-2024-00746,Correspondent,15yr Fixed,907055,2024-03-01,354,8.1,FL
LN-2024-00747,Wholesale,30yr Fixed,769611,2024-10-01,269,7.398,TX
LN-2024-00748,Wholesale,15yr Fixed,1032076,2024-03-01,333,6.994,IL
LN-2024-00749,Direct,ARM 5/1,570071,2024-06-01,291,7.012,IL
LN-2024-00750,Correspondent,ARM 5/1,982648,2024-11-01,272,5.913,FL
LN-2024-00751,Correspondent,15yr Fixed,841105,2024-11-01,319,8.049,FL
LN-2024-00752,Wholesale,ARM 5/1,801486,2024-09-01,330,7.221,AZ
LN-2024-00753,Correspondent,15yr Fixed,808440,2024-04-01,290,7.372,CA
LN-2024-00754,Retail,15yr Fixed,1183042,2024-06-01,356,7.394,AZ
LN-2024-00755,Retail,ARM 5/1,247401,2024-11-01,329,5.623,FL
LN-2024-00756,Correspondent,ARM 5/1,921190,2024-03-01,282,6.841,TX
LN-2024-00757,Correspondent,15yr Fixed,650795,2024-11-01,347,8.386,FL
LN-2024-00758,Wholesale,ARM 5/1,601790,2024-05-01,361,6.816,IL
LN-2024-00759,Correspondent,30yr Fixed,692937,2024-01-01,347,7.776,AZ
LN-2024-00760,Direct,15yr Fixed,929198,2024-09-01,281,8.226,AZ
LN-2024-00761,Direct,ARM 5/1,621463,2024-07-01,266,7.567,FL
LN-2024-00762,Wholesale,ARM 5/1,800655,2024-01-01,268,8.046,IL
LN-2024-00763,Correspondent,15yr Fixed,159282,2024-04-01,258,6.276,FL
LN-2024-00764,Wholesale,30yr Fixed,898081,2024-03-01,339,6.785,TX
LN-2024-00765,Direct,30yr Fixed,215308,2024-05-01,352,7.807,FL
LN-2024-00766,Wholesale,15yr Fixed,981880,2024-09-01,295,7.341,CA
LN-2024-00767,Wholesale,15yr Fixed,434139,2024-10-01,256,6.704,AZ
LN-2024-00768,Correspondent,15yr Fixed,444123,2024-03-01,279,8.383,IL
LN-2024-00769,Correspondent,15yr Fixed,937202,2024-06-01,301,8.382,NY
LN-2024-00770,Wholesale,30yr Fixed,935439,2024-09-01,360,7.179,IL
LN-2024-00771,Direct,30yr Fixed,1102229,2024-05-01,321,6.859,NY
LN-2024-00772,Retail,15yr Fixed,754553,2024-04-01,265,7.419,TX
LN-2024-00773,Correspondent,ARM 5/1,878188,2024-05-01,294,5.846,NY
LN-2024-00774,Retail,15yr Fixed,1087364,2024-12-01,351,7.171,AZ
LN-2024-00775,Direct,15yr Fixed,833942,2024-04-01,311,7.963,TX
LN-2024-00776,Direct,15yr Fixed,885701,2024-12-01,349,7.512,IL
LN-2024-00777,Wholesale,30yr Fixed,228416,2024-01-01,270,6.588,CA
LN-2024-00778,Direct,15yr Fixed,621951,2024-08-01,330,7.117,IL
LN-2024-00779,Correspondent,15yr Fixed,304925,2024-12-01,351,6.565,AZ
LN-2024-00780,Wholesale,ARM 5/1,1156237,2024-09-01,261,7.893,CA
LN-2024-00781,Correspondent,ARM 5/1,1111759,2024-01-01,377,7.417,TX
LN-2024-00782,Direct,ARM 5/1,368980,2024-05-01,291,8.31,TX
LN-2024-00783,Correspondent,15yr Fixed,226578,2024-01-01,351,5.553,TX
LN-2024-00784,Direct,15yr Fixed,972887,2024-05-01,265,7.043,NY
LN-2024-00785,Wholesale,ARM 5/1,787033,2024-08-01,285,6.972,CA
LN-2024-00786,Direct,30yr Fixed,478746,2024-12-01,379,6.567,IL
LN-2024-00787,Wholesale,30yr Fixed,395326,2024-04-01,293,8.065,AZ
LN-2024-00788,Wholesale,15yr Fixed,199852,2024-02-01,353,7.794,FL
LN-2024-00789,Correspondent,15yr Fixed,1043724,2024-05-01,289,6.299,TX
LN-2024-00790,Correspondent,15yr Fixed,270821,2024-01-01,310,6.377,FL
LN-2024-00791,Wholesale,15yr Fixed,804001,2024-12-01,371,6.915,TX
LN-2024-00792,Retail,30yr Fixed,216828,2024-03-01,303,7.001,FL
LN-2024-00793,Direct,30yr Fixed,670471,2024-11-01,373,6.985,TX
LN-2024-00794,Correspondent,ARM 5/1,1130445,2024-05-01,271,7.592,FL
LN-2024-00795,Retail,ARM 5/1,1101873,2024-12-01,312,7.581,NY
LN-2024-00796,Wholesale,ARM 5/1,822595,2024-05-01,313,6.889,CA
LN-2024-00797,Retail,ARM 5/1,310177,2024-07-01,278,7.553,IL
LN-2024-00798,Retail,ARM 5/1,821514,2024-01-01,280,7.516,IL
LN-2024-00799,Direct,30yr Fixed,797036,2024-07-01,305,6.594,FL
LN-2024-00800,Retail,15yr Fixed,395919,2024-07-01,301,8.278,FL
LN-2024-00801,Direct,30yr Fixed,312698,2024-06-01,327,5.894,NY
LN-2024-00802,Direct,30yr Fixed,607463,2024-11-01,294,7.765,AZ
LN-2024-00803,Direct,30yr Fixed,812834,2024-07-01,326,7.188,AZ
LN-2024-00804,Wholesale,15yr Fixed,158932,2024-02-01,304,8.453,TX
LN-2024-00805,Direct,15yr Fixed,327967,2024-08-01,378,6.089,NY
LN-2024-00806,Correspondent,15yr Fixed,629705,2024-11-01,314,6.754,AZ
LN-2024-00807,Correspondent,ARM 5/1,1147026,2024-10-01,281,7.29,NY
LN-2024-00808,Correspondent,15yr Fixed,839923,2024-12-01,267,6.741,IL
LN-2024-00809,Correspondent,ARM 5/1,793321,2024-09-01,313,6.482,TX
LN-2024-00810,Retail,30yr Fixed,292753,2024-05-01,339,7.418,FL
LN-2024-00811,Retail,ARM 5/1,933019,2024-12-01,283,8.24,AZ
LN-2024-00812,Retail,ARM 5/1,679331,2024-10-01,257,7.244,AZ
LN-2024-00813,Retail,30yr Fixed,936244,2024-05-01,287,5.871,FL
LN-2024-00814,Correspondent,15yr Fixed,881149,2024-10-01,258,7.868,FL
LN-2024-00815,Wholesale,ARM 5/1,313607,2024-03-01,252,5.789,AZ
LN-2024-00816,Correspondent,30yr Fixed,446053,2024-10-01,341,5.769,TX
LN-2024-00817,Wholesale,30yr Fixed,218646,2024-01-01,325,7.212,TX
LN-2024-00818,Correspondent,30yr Fixed,219367,2024-12-01,339,6.849,AZ
LN-2024-00819,Wholesale,ARM 5/1,301800,2024-12-01,260,8.479,FL
LN-2024-00820,Direct,30yr Fixed,697019,2024-05-01,364,7.052,NY
LN-2024-00821,Wholesale,30yr Fixed,605582,2024-04-01,370,5.814,TX
LN-2024-00822,Direct,15yr Fixed,449462,2024-04-01,343,6.045,AZ
LN-2024-00823,Direct,30yr Fixed,245401,2024-01-01,261,6.715,AZ
LN-2024-00824,Correspondent,15yr Fixed,1180894,2024-04-01,311,6.458,CA
LN-2024-00825,Correspondent,15yr Fixed,1032823,2024-08-01,344,6.774,AZ
LN-2024-00826,Direct,ARM 5/1,651901,2024-12-01,305,5.904,TX
LN-2024-00827,Correspondent,ARM 5/1,420348,2024-04-01,300,6.706,NY
LN-2024-00828,Correspondent,ARM 5/1,1082895,2024-07-01,340,6.869,TX
LN-2024-00829,Direct,15yr Fixed,755219,2024-08-01,319,7.441,AZ
LN-2024-00830,Retail,30yr Fixed,910990,2024-11-01,376,7.122,CA
LN-2024-00831,Correspondent,15yr Fixed,328088,2024-03-01,266,5.703,IL
LN-2024-00832,Correspondent,15yr Fixed,303454,2024-04-01,354,5.853,CA
LN-2024-00833,Direct,30yr Fixed,1032242,2024-04-01,291,8.158,FL
LN-2024-00834,Correspondent,30yr Fixed,454979,2024-01-01,267,7.788,IL
LN-2024-00835,Retail,30yr Fixed,707556,2024-08-01,265,7.842,AZ
LN-2024-00836,Direct,30yr Fixed,1092023,2024-02-01,286,6.838,TX
LN-2024-00837,Correspondent,15yr Fixed,1109502,2024-02-01,280,7.548,CA
LN-2024-00838,Wholesale,ARM 5/1,764182,2024-04-01,278,6.602,NY
LN-2024-00839,Direct,30yr Fixed,402971,2024-06-01,337,6.193,IL
LN-2024-00840,Direct,15yr Fixed,1138184,2024-11-01,361,6.858,FL
LN-2024-00841,Direct,ARM 5/1,276905,2024-03-01,298,6.829,NY
LN-2024-00842,Direct,ARM 5/1,429112,2024-02-01,281,6.055,IL
LN-2024-00843,Retail,ARM 5/1,775155,2024-12-01,263,6.008,AZ
LN-2024-00844,Retail,30yr Fixed,470447,2024-10-01,315,5.739,CA
LN-2024-00845,Direct,30yr Fixed,601669,2024-09-01,355,8.302,CA
LN-2024-00846,Wholesale,ARM 5/1,593308,2024-07-01,265,6.744,FL
LN-2024-00847,Wholesale,ARM 5/1,806231,2024-10-01,361,5.549,FL
LN-2024-00848,Wholesale,15yr Fixed,636349,2024-01-01,325,7.507,CA
LN-2024-00849,Wholesale,30yr Fixed,377516,2024-01-01,277,6.956,FL
LN-2024-00850,Wholesale,ARM 5/1,651282,2024-05-01,331,7.22,FL
LN-2024-00851,Wholesale,ARM 5/1,601622,2024-12-01,324,7.15,IL
LN-2024-00852,Wholesale,ARM 5/1,974382,2024-08-01,253,7.469,IL
LN-2024-00853,Retail,ARM 5/1,352465,2024-06-01,292,5.947,CA
LN-2024-00854,Wholesale,ARM 5/1,733361,2024-02-01,351,7.174,CA
LN-2024-00855,Correspondent,ARM 5/1,948972,2024-06-01,358,7.461,NY
LN-2024-00856,Direct,15yr Fixed,161685,2024-04-01,347,5.647,CA
LN-2024-00857,Correspondent,ARM 5/1,430114,2024-06-01,316,5.765,TX
LN-2024-00858,Retail,15yr Fixed,1056307,2024-10-01,359,8.402,CA
LN-2024-00859,Retail,ARM 5/1,933801,2024-06-01,326,7.182,NY
LN-2024-00860,Retail,30yr Fixed,970181,2024-03-01,366,5.892,IL
LN-2024-00861,Wholesale,ARM 5/1,162904,2024-12-01,273,5.526,CA
LN-2024-00862,Direct,30yr Fixed,654753,2024-04-01,285,6.247,AZ
LN-2024-00863,Wholesale,ARM 5/1,348647,2024-02-01,310,7.148,CA
LN-2024-00864,Wholesale,30yr Fixed,361943,2024-08-01,369,6.757,CA
LN-2024-00865,Retail,30yr Fixed,1081613,2024-02-01,295,5.629,CA
LN-2024-00866,Wholesale,30yr Fixed,1176741,2024-11-01,297,6.984,FL
LN-2024-00867,Correspondent,15yr Fixed,495468,2024-06-01,278,7.028,AZ
LN-2024-00868,Direct,ARM 5/1,178574,2024-02-01,302,6.065,IL
LN-2024-00869,Wholesale,15yr Fixed,601942,2024-10-01,324,6.794,TX
LN-2024-00870,Retail,15yr Fixed,512123,2024-12-01,256,6.127,FL
LN-2024-00871,Direct,15yr Fixed,894182,2024-01-01,268,7.189,TX
LN-2024-00872,Wholesale,15yr Fixed,1196791,2024-07-01,311,6.675,CA
LN-2024-00873,Retail,15yr Fixed,335191,2024-05-01,280,7.544,TX
LN-2024-00874,Wholesale,15yr Fixed,337769,2024-10-01,317,5.633,IL
LN-2024-00875,Correspondent,15yr Fixed,832681,2024-08-01,263,6.353,TX
LN-2024-00876,Direct,ARM 5/1,731237,2024-03-01,375,5.732,NY
LN-2024-00877,Wholesale,30yr Fixed,419888,2024-09-01,369,7.347,CA
LN-2024-00878,Retail,ARM 5/1,1180384,2024-10-01,266,7.969,AZ
LN-2024-00879,Retail,30yr Fixed,789340,2024-03-01,263,6.892,TX
LN-2024-00880,Wholesale,ARM 5/1,818010,2024-02-01,321,6.746,CA
LN-2024-00881,Correspondent,30yr Fixed,962735,2024-10-01,322,5.84,NY
LN-2024-00882,Direct,ARM 5/1,931816,2024-10-01,380,6.236,CA
LN-2024-00883,Wholesale,30yr Fixed,263164,2024-12-01,319,6.6,TX
LN-2024-00884,Correspondent,ARM 5/1,1042842,2024-09-01,340,5.869,IL
LN-2024-00885,Correspondent,ARM 5/1,461251,2024-10-01,365,8.333,IL
LN-2024-00886,Direct,15yr Fixed,431480,2024-10-01,260,7.585,IL
LN-2024-00887,Correspondent,30yr Fixed,1020566,2024-05-01,348,7.812,TX
LN-2024-00888,Direct,15yr Fixed,968701,2024-11-01,280,6.099,CA
LN-2024-00889,Retail,ARM 5/1,405337,2024-06-01,329,5.776,NY
LN-2024-00890,Wholesale,30yr Fixed,427092,2024-09-01,299,7.287,NY
LN-2024-00891,Direct,ARM 5/1,728883,2024-10-01,302,7.267,AZ
LN-2024-00892,Correspondent,30yr Fixed,777780,2024-01-01,372,5.982,AZ
LN-2024-00893,Direct,ARM 5/1,1022037,2024-10-01,266,5.798,AZ
LN-2024-00894,Direct,ARM 5/1,1009156,2024-10-01,329,6.818,TX
LN-2024-00895,Correspondent,15yr Fixed,197405,2024-11-01,261,6.72,TX
LN-2024-00896,Retail,ARM 5/1,989173,2024-06-01,332,8.316,IL
LN-2024-00897,Correspondent,ARM 5/1,1093627,2024-07-01,256,6.218,AZ
LN-2024-00898,Correspondent,30yr Fixed,1128426,2024-08-01,365,7.122,TX
LN-2024-00899,Correspondent,ARM 5/1,940906,2024-09-01,292,6.909,IL
LN-2024-00900,Correspondent,30yr Fixed,530684,2024-10-01,340,7.937,NY
LN-2024-00901,Correspondent,30yr Fixed,1072233,2024-03-01,298,7.07,FL
LN-2024-00902,Retail,30yr Fixed,1052690,2024-06-01,340,6.197,TX
LN-2024-00903,Direct,15yr Fixed,481678,2024-09-01,292,5.566,CA
LN-2024-00904,Retail,ARM 5/1,224552,2024-05-01,340,7.263,NY
LN-2024-00905,Retail,15yr Fixed,792547,2024-06-01,368,7.575,FL
LN-2024-00906,Correspondent,30yr Fixed,1175756,2024-05-01,378,6.631,FL
LN-2024-00907,Direct,30yr Fixed,368973,2024-11-01,361,7.512,IL
LN-2024-00908,Retail,15yr Fixed,521699,2024-03-01,279,6.761,TX
LN-2024-00909,Direct,ARM 5/1,311364,2024-10-01,289,7.716,AZ
LN-2024-00910,Wholesale,30yr Fixed,556025,2024-06-01,290,5.892,IL
LN-2024-00911,Wholesale,ARM 5/1,697963,2024-12-01,342,6.75,NY
LN-2024-00912,Wholesale,15yr Fixed,541175,2024-12-01,326,6.817,IL
LN-2024-00913,Retail,15yr Fixed,597782,2024-11-01,323,7.975,FL
LN-2024-00914,Direct,15yr Fixed,955375,2024-06-01,354,6.16,CA
LN-2024-00915,Direct,ARM 5/1,1185121,2024-10-01,254,7.863,NY
LN-2024-00916,Retail,ARM 5/1,601255,2024-07-01,281,6.145,CA
LN-2024-00917,Correspondent,ARM 5/1,1010308,2024-03-01,304,8.216,FL
LN-2024-00918,Correspondent,30yr Fixed,599976,2024-02-01,309,6.071,CA
LN-2024-00919,Correspondent,ARM 5/1,509934,2024-10-01,345,5.804,NY
LN-2024-00920,Retail,30yr Fixed,597918,2024-05-01,269,7.71,AZ
LN-2024-00921,Correspondent,ARM 5/1,1045312,2024-06-01,325,6.507,CA
LN-2024-00922,Retail,ARM 5/1,415669,2024-11-01,345,7.99,NY
LN-2024-00923,Wholesale,ARM 5/1,628709,2024-09-01,378,8.03,AZ
LN-2024-00924,Wholesale,ARM 5/1,977830,2024-09-01,280,7.367,FL
LN-2024-00925,Correspondent,30yr Fixed,612986,2024-12-01,353,7.306,CA
LN-2024-00926,Correspondent,30yr Fixed,162376,2024-06-01,263,6.47,FL
LN-2024-00927,Retail,15yr Fixed,1133130,2024-08-01,366,8.383,TX
LN-2024-00928,Direct,30yr Fixed,928376,2024-04-01,250,8.046,IL
LN-2024-00929,Correspondent,30yr Fixed,435906,2024-06-01,255,7.081,IL
LN-2024-00930,Correspondent,ARM 5/1,652810,2024-06-01,309,6.607,TX
LN-2024-00931,Wholesale,15yr Fixed,1129375,2024-02-01,258,6.639,TX
LN-2024-00932,Correspondent,15yr Fixed,548822,2024-10-01,349,8.477,CA
LN-2024-00933,Correspondent,15yr Fixed,611417,2024-01-01,270,7.278,AZ
LN-2024-00934,Wholesale,15yr Fixed,849881,2024-09-01,282,5.631,IL
LN-2024-00935,Direct,ARM 5/1,522134,2024-12-01,342,7.033,NY
LN-2024-00936,Wholesale,ARM 5/1,386306,2024-03-01,355,8.484,FL
LN-2024-00937,Retail,30yr Fixed,188199,2024-11-01,250,6.375,IL
LN-2024-00938,Correspondent,15yr Fixed,953001,2024-09-01,345,7.955,AZ
LN-2024-00939,Retail,30yr Fixed,1004921,2024-04-01,294,5.53,NY
LN-2024-00940,Retail,ARM 5/1,334666,2024-07-01,287,7.029,TX
LN-2024-00941,Correspondent,ARM 5/1,253102,2024-05-01,380,7.115,FL
LN-2024-00942,Retail,15yr Fixed,280593,2024-03-01,322,6.075,TX
LN-2024-00943,Wholesale,30yr Fixed,299967,2024-07-01,309,6.254,CA
LN-2024-00944,Direct,30yr Fixed,534344,2024-08-01,278,7.918,AZ
LN-2024-00945,Correspondent,15yr Fixed,992450,2024-11-01,258,6.781,FL
LN-2024-00946,Correspondent,30yr Fixed,497173,2024-04-01,322,8.455,TX
LN-2024-00947,Wholesale,15yr Fixed,754721,2024-05-01,259,7.793,IL
LN-2024-00948,Correspondent,30yr Fixed,351830,2024-05-01,312,6.906,NY
LN-2024-00949,Retail,ARM 5/1,728077,2024-10-01,373,6.078,CA
LN-2024-00950,Correspondent,30yr Fixed,771900,2024-05-01,336,8.31,IL
LN-2024-00951,Wholesale,15yr Fixed,482992,2024-03-01,289,5.797,CA
LN-2024-00952,Wholesale,30yr Fixed,487877,2024-05-01,289,6.61,NY
LN-2024-00953,Retail,15yr Fixed,463731,2024-08-01,307,7.195,FL
LN-2024-00954,Retail,ARM 5/1,926983,2024-03-01,303,5.502,CA
LN-2024-00955,Retail,15yr Fixed,462572,2024-08-01,256,7.129,AZ
LN-2024-00956,Wholesale,ARM 5/1,446711,2024-01-01,324,5.56,FL
LN-2024-00957,Wholesale,15yr Fixed,818902,2024-08-01,336,6.823,TX
LN-2024-00958,Direct,ARM 5/1,677256,2024-07-01,309,6.166,NY
LN-2024-00959,Retail,ARM 5/1,381332,2024-05-01,297,5.955,AZ
LN-2024-00960,Direct,15yr Fixed,1089829,2024-01-01,336,6.325,IL
LN-2024-00961,Correspondent,ARM 5/1,723113,2024-05-01,292,7.626,CA
LN-2024-00962,Correspondent,30yr Fixed,1154617,2024-10-01,311,7.997,CA
LN-2024-00963,Correspondent,15yr Fixed,631493,2024-11-01,277,8.06,NY
LN-2024-00964,Correspondent,15yr Fixed,508678,2024-04-01,269,6.49,FL
LN-2024-00965,Direct,30yr Fixed,646062,2024-11-01,297,7.174,AZ
LN-2024-00966,Retail,30yr Fixed,261651,2024-08-01,295,7.93,NY
LN-2024-00967,Retail,15yr Fixed,399741,2024-05-01,309,8.305,CA
LN-2024-00968,Wholesale,ARM 5/1,597510,2024-05-01,270,5.734,FL
LN-2024-00969,Wholesale,15yr Fixed,429938,2024-02-01,342,5.645,CA
LN-2024-00970,Correspondent,15yr Fixed,335028,2024-09-01,289,6.079,FL
LN-2024-00971,Retail,30yr Fixed,757140,2024-01-01,333,7.774,CA
LN-2024-00972,Retail,15yr Fixed,326724,2024-12-01,349,5.982,TX
LN-2024-00973,Wholesale,30yr Fixed,204549,2024-08-01,335,5.802,FL
LN-2024-00974,Retail,ARM 5/1,667019,2024-06-01,319,5.585,TX
LN-2024-00975,Correspondent,ARM 5/1,1053779,2024-08-01,348,7.787,TX
LN-2024-00976,Direct,15yr Fixed,1161140,2024-09-01,250,5.797,AZ
LN-2024-00977,Direct,30yr Fixed,681672,2024-02-01,364,7.025,AZ
LN-2024-00978,Wholesale,ARM 5/1,308335,2024-01-01,348,8.476,FL
LN-2024-00979,Correspondent,15yr Fixed,184674,2024-01-01,363,7.471,IL
LN-2024-00980,Direct,30yr Fixed,1187876,2024-01-01,279,7.08,AZ
LN-2024-00981,Direct,30yr Fixed,896895,2024-03-01,283,8.298,CA
LN-2024-00982,Retail,ARM 5/1,209861,2024-10-01,309,7.511,FL
LN-2024-00983,Direct,30yr Fixed,1089388,2024-10-01,280,7.43,AZ
LN-2024-00984,Direct,30yr Fixed,1185573,2024-11-01,294,6.995,AZ
LN-2024-00985,Correspondent,ARM 5/1,1102957,2024-10-01,281,7.42,CA
LN-2024-00986,Wholesale,30yr Fixed,1060355,2024-04-01,315,6.965,IL
LN-2024-00987,Direct,15yr Fixed,385384,2024-08-01,314,6.033,NY
LN-2024-00988,Wholesale,30yr Fixed,403332,2024-05-01,307,6.145,NY
LN-2024-00989,Retail,30yr Fixed,1059825,2024-10-01,276,6.416,CA
LN-2024-00990,Retail,30yr Fixed,491100,2024-05-01,345,7.588,NY
LN-2024-00991,Wholesale,ARM 5/1,665366,2024-11-01,367,6.959,FL
LN-2024-00992,Correspondent,ARM 5/1,853262,2024-01-01,344,6.616,NY
LN-2024-00993,Retail,15yr Fixed,668260,2024-01-01,315,5.668,AZ
LN-2024-00994,Correspondent,30yr Fixed,1071133,2024-01-01,372,7.602,IL
LN-2024-00995,Wholesale,30yr Fixed,423751,2024-09-01,286,5.695,TX
LN-2024-00996,Retail,30yr Fixed,877784,2024-09-01,316,6.917,IL
LN-2024-00997,Correspondent,15yr Fixed,442325,2024-10-01,290,5.666,AZ
LN-2024-00998,Direct,30yr Fixed,1052736,2024-06-01,341,6.291,TX
LN-2024-00999,Correspondent,15yr Fixed,880404,2024-08-01,369,6.921,NY
LN-2024-01000,Correspondent,15yr Fixed,561220,2024-03-01,356,5.787,IL
LN-2024-01001,Direct,15yr Fixed,759538,2024-03-01,322,8.324,FL
LN-2024-01002,Correspondent,15yr Fixed,1005108,2024-12-01,295,5.766,TX
LN-2024-01003,Direct,ARM 5/1,1118258,2024-03-01,363,7.838,IL
LN-2024-01004,Wholesale,ARM 5/1,426294,2024-10-01,319,8.067,AZ
LN-2024-01005,Wholesale,ARM 5/1,1179759,2024-09-01,340,6.59,IL
LN-2024-01006,Direct,15yr Fixed,985462,2024-05-01,377,8.318,AZ
LN-2024-01007,Wholesale,30yr Fixed,350412,2024-08-01,334,6.12,CA
LN-2024-01008,Direct,ARM 5/1,358988,2024-11-01,336,7.166,NY
LN-2024-01009,Retail,15yr Fixed,1146656,2024-07-01,307,7.43,TX
LN-2024-01010,Wholesale,15yr Fixed,589151,2024-12-01,310,6.165,IL
LN-2024-01011,Retail,ARM 5/1,1069121,2024-09-01,329,6.288,AZ
LN-2024-01012,Wholesale,ARM 5/1,170100,2024-08-01,363,8.042,CA
LN-2024-01013,Retail,15yr Fixed,983410,2024-05-01,354,7.54,NY
LN-2024-01014,Retail,ARM 5/1,641998,2024-04-01,289,7.12,AZ
LN-2024-01015,Correspondent,30yr Fixed,396377,2024-06-01,319,5.735,NY
LN-2024-01016,Wholesale,15yr Fixed,512991,2024-09-01,267,6.242,FL
LN-2024-01017,Retail,15yr Fixed,904930,2024-03-01,355,7.659,NY
LN-2024-01018,Wholesale,15yr Fixed,680468,2024-08-01,292,7.842,FL
LN-2024-01019,Direct,15yr Fixed,988739,2024-03-01,309,7.316,CA
LN-2024-01020,Wholesale,15yr Fixed,212242,2024-11-01,270,8.155,IL
LN-2024-01021,Direct,ARM 5/1,522747,2024-03-01,255,8.143,TX
LN-2024-01022,Wholesale,ARM 5/1,1115791,2024-09-01,370,6.434,AZ
LN-2024-01023,Direct,ARM 5/1,564861,2024-12-01,378,5.964,FL
LN-2024-01024,Correspondent,15yr Fixed,1024341,2024-06-01,346,6.336,NY
LN-2024-01025,Correspondent,15yr Fixed,910687,2024-05-01,333,6.702,AZ
LN-2024-01026,Retail,ARM 5/1,530446,2024-11-01,320,6.19,IL
LN-2024-01027,Correspondent,15yr Fixed,307249,2024-10-01,252,5.618,IL
LN-2024-01028,Correspondent,15yr Fixed,430415,2024-09-01,369,5.685,IL
LN-2024-01029,Wholesale,ARM 5/1,457769,2024-01-01,250,6.715,CA
LN-2024-01030,Correspondent,30yr Fixed,1117099,2024-10-01,297,6.467,IL
LN-2024-01031,Retail,15yr Fixed,481495,2024-06-01,272,8.179,AZ
LN-2024-01032,Retail,15yr Fixed,531089,2024-06-01,308,7.208,FL
LN-2024-01033,Direct,30yr Fixed,371121,2024-12-01,256,7.796,CA
LN-2024-01034,Correspondent,30yr Fixed,1040713,2024-02-01,298,8.438,CA
LN-2024-01035,Direct,30yr Fixed,946161,2024-02-01,288,6.31,CA
LN-2024-01036,Wholesale,ARM 5/1,197735,2024-12-01,271,8.358,IL
LN-2024-01037,Wholesale,15yr Fixed,1076240,2024-08-01,308,6.545,CA
LN-2024-01038,Correspondent,15yr Fixed,152539,2024-10-01,323,7.648,NY
LN-2024-01039,Direct,ARM 5/1,198501,2024-10-01,341,5.893,AZ
LN-2024-01040,Retail,ARM 5/1,1140833,2024-10-01,361,5.55,FL
LN-2024-01041,Correspondent,15yr Fixed,757358,2024-11-01,375,5.78,FL
LN-2024-01042,Wholesale,15yr Fixed,988624,2024-07-01,318,8.445,IL
LN-2024-01043,Wholesale,15yr Fixed,373205,2024-09-01,370,8.289,IL
LN-2024-01044,Wholesale,30yr Fixed,1044191,2024-01-01,251,8.198,CA
LN-2024-01045,Retail,ARM 5/1,873411,2024-03-01,372,7.922,TX
LN-2024-01046,Correspondent,30yr Fixed,637577,2024-04-01,362,7.419,IL
LN-2024-01047,Retail,30yr Fixed,712720,2024-11-01,290,5.816,NY
LN-2024-01048,Direct,30yr Fixed,542422,2024-09-01,296,7.338,IL
LN-2024-01049,Retail,ARM 5/1,659413,2024-10-01,259,6.465,IL
LN-2024-01050,Retail,30yr Fixed,838161,2024-02-01,322,8.158,FL
LN-2024-01051,Correspondent,ARM 5/1,859044,2024-06-01,299,8.179,NY
LN-2024-01052,Wholesale,30yr Fixed,883083,2024-07-01,377,7.516,NY
LN-2024-01053,Correspondent,15yr Fixed,638316,2024-10-01,261,8.427,TX
LN-2024-01054,Wholesale,ARM 5/1,1133384,2024-10-01,377,7.165,NY
LN-2024-01055,Retail,15yr Fixed,1163257,2024-08-01,258,5.741,IL
LN-2024-01056,Retail,30yr Fixed,904943,2024-08-01,329,6.395,TX
LN-2024-01057,Retail,15yr Fixed,347866,2024-03-01,353,7.581,NY
LN-2024-01058,Direct,15yr Fixed,508759,2024-05-01,347,7.38,FL
LN-2024-01059,Correspondent,ARM 5/1,1121911,2024-01-01,316,6.56,IL
LN-2024-01060,Wholesale,ARM 5/1,1133256,2024-10-01,272,5.551,CA
LN-2024-01061,Wholesale,ARM 5/1,879641,2024-04-01,279,5.899,CA
LN-2024-01062,Correspondent,15yr Fixed,360524,2024-10-01,263,6.949,IL
LN-2024-01063,Retail,15yr Fixed,713846,2024-03-01,296,7.341,IL
LN-2024-01064,Direct,30yr Fixed,794590,2024-12-01,280,8.022,TX
LN-2024-01065,Retail,ARM 5/1,426778,2024-11-01,287,7.138,IL
LN-2024-01066,Retail,30yr Fixed,380906,2024-03-01,324,7.942,TX
LN-2024-01067,Retail,30yr Fixed,790241,2024-06-01,273,6.481,CA
LN-2024-01068,Wholesale,ARM 5/1,534261,2024-01-01,258,6.086,NY
LN-2024-01069,Direct,30yr Fixed,734820,2024-07-01,377,6.021,IL
LN-2024-01070,Retail,ARM 5/1,434531,2024-09-01,340,6.569,CA
LN-2024-01071,Correspondent,30yr Fixed,526907,2024-07-01,299,7.267,FL
LN-2024-01072,Retail,30yr Fixed,1164677,2024-07-01,269,8.41,NY
LN-2024-01073,Retail,ARM 5/1,1169997,2024-06-01,322,6.081,CA
LN-2024-01074,Correspondent,15yr Fixed,432511,2024-10-01,290,7.576,CA
LN-2024-01075,Retail,15yr Fixed,864904,2024-11-01,267,7.176,IL
LN-2024-01076,Wholesale,30yr Fixed,756030,2024-12-01,354,8.351,NY
LN-2024-01077,Wholesale,15yr Fixed,336715,2024-02-01,311,8.1,FL
LN-2024-01078,Retail,ARM 5/1,659093,2024-06-01,269,6.713,FL
LN-2024-01079,Wholesale,ARM 5/1,494814,2024-01-01,359,5.786,AZ
LN-2024-01080,Wholesale,15yr Fixed,284104,2024-07-01,283,7.661,FL
LN-2024-01081,Wholesale,ARM 5/1,648800,2024-08-01,325,5.74,AZ
LN-2024-01082,Direct,ARM 5/1,233644,2024-11-01,330,6.78,NY
LN-2024-01083,Retail,15yr Fixed,484531,2024-08-01,350,6.346,IL
LN-2024-01084,Correspondent,30yr Fixed,461886,2024-11-01,329,7.525,IL
LN-2024-01085,Wholesale,ARM 5/1,898639,2024-04-01,296,8.372,TX
LN-2024-01086,Correspondent,15yr Fixed,300649,2024-12-01,379,6.56,FL
LN-2024-01087,Retail,ARM 5/1,464414,2024-01-01,349,6.744,IL
LN-2024-01088,Wholesale,ARM 5/1,321113,2024-12-01,251,8.126,TX
LN-2024-01089,Direct,ARM 5/1,503103,2024-07-01,353,8.152,AZ
LN-2024-01090,Retail,15yr Fixed,340507,2024-04-01,369,8.219,CA
LN-2024-01091,Direct,30yr Fixed,1183237,2024-03-01,307,7.376,IL
LN-2024-01092,Direct,15yr Fixed,162792,2024-01-01,291,7.411,TX
LN-2024-01093,Direct,15yr Fixed,1047670,2024-02-01,285,6.431,CA
LN-2024-01094,Retail,ARM 5/1,187513,2024-04-01,369,7.204,FL
LN-2024-01095,Wholesale,30yr Fixed,625124,2024-11-01,304,6.81,FL
LN-2024-01096,Direct,ARM 5/1,996022,2024-07-01,328,5.586,IL
LN-2024-01097,Direct,30yr Fixed,1108296,2024-01-01,272,5.62,FL
LN-2024-01098,Retail,15yr Fixed,326327,2024-01-01,310,6.979,CA
LN-2024-01099,Correspondent,15yr Fixed,823935,2024-10-01,305,7.312,TX
LN-2024-01100,Direct,15yr Fixed,1002511,2024-09-01,269,6.615,FL
LN-2024-01101,Retail,15yr Fixed,701280,2024-04-01,370,6.132,TX
LN-2024-01102,Correspondent,ARM 5/1,912946,2024-08-01,331,5.515,AZ
LN-2024-01103,Retail,30yr Fixed,1053346,2024-07-01,365,6.994,TX
LN-2024-01104,Retail,30yr Fixed,640539,2024-09-01,345,7.47,FL
LN-2024-01105,Retail,ARM 5/1,1136169,2024-10-01,289,7.883,FL
LN-2024-01106,Retail,ARM 5/1,826484,2024-07-01,341,5.789,IL
LN-2024-01107,Retail,ARM 5/1,1090842,2024-12-01,299,6.401,CA
LN-2024-01108,Direct,ARM 5/1,902169,2024-12-01,298,6.026,CA
LN-2024-01109,Wholesale,30yr Fixed,555189,2024-04-01,346,6.399,AZ
LN-2024-01110,Wholesale,15yr Fixed,1189653,2024-01-01,361,6.035,CA
LN-2024-01111,Correspondent,15yr Fixed,726262,2024-12-01,256,6.948,FL
LN-2024-01112,Wholesale,30yr Fixed,1155290,2024-12-01,259,5.96,CA
LN-2024-01113,Direct,15yr Fixed,708087,2024-08-01,260,6.021,TX
LN-2024-01114,Direct,ARM 5/1,749774,2024-09-01,297,6.491,CA
LN-2024-01115,Retail,15yr Fixed,1150660,2024-02-01,346,6.094,IL
LN-2024-01116,Correspondent,30yr Fixed,914831,2024-09-01,259,6.255,CA
LN-2024-01117,Retail,ARM 5/1,999196,2024-11-01,334,6.29,TX
LN-2024-01118,Direct,ARM 5/1,221936,2024-08-01,297,5.969,IL
LN-2024-01119,Wholesale,30yr Fixed,699057,2024-01-01,268,7.61,NY
LN-2024-01120,Wholesale,ARM 5/1,275581,2024-11-01,264,6.465,TX
LN-2024-01121,Correspondent,ARM 5/1,1041230,2024-06-01,321,6.262,NY
LN-2024-01122,Retail,30yr Fixed,928113,2024-04-01,363,5.563,CA
LN-2024-01123,Wholesale,30yr Fixed,945390,2024-05-01,296,6.508,IL
LN-2024-01124,Direct,15yr Fixed,432110,2024-08-01,257,5.962,CA
LN-2024-01125,Correspondent,30yr Fixed,668929,2024-02-01,313,5.609,CA
LN-2024-01126,Direct,15yr Fixed,772047,2024-07-01,362,6.009,CA
LN-2024-01127,Correspondent,15yr Fixed,341382,2024-09-01,256,8.197,TX
LN-2024-01128,Correspondent,ARM 5/1,243821,2024-01-01,347,7.216,AZ
LN-2024-01129,Wholesale,30yr Fixed,812245,2024-12-01,367,6.31,NY
LN-2024-01130,Retail,30yr Fixed,628591,2024-10-01,256,6.955,FL
LN-2024-01131,Correspondent,30yr Fixed,777684,2024-11-01,329,7.43,NY
LN-2024-01132,Correspondent,ARM 5/1,1195315,2024-08-01,376,5.818,NY
LN-2024-01133,Retail,15yr Fixed,616011,2024-12-01,363,7.982,AZ
LN-2024-01134,Wholesale,ARM 5/1,315402,2024-09-01,252,6.691,AZ
LN-2024-01135,Direct,ARM 5/1,347480,2024-02-01,256,6.022,FL
LN-2024-01136,Retail,ARM 5/1,936336,2024-03-01,260,7.119,AZ
LN-2024-01137,Wholesale,30yr Fixed,406650,2024-11-01,314,7.91,IL
LN-2024-01138,Correspondent,ARM 5/1,1153744,2024-02-01,279,6.03,FL
LN-2024-01139,Retail,30yr Fixed,595872,2024-01-01,329,7.629,TX
LN-2024-01140,Correspondent,15yr Fixed,248958,2024-05-01,326,6.56,IL
LN-2024-01141,Wholesale,15yr Fixed,535559,2024-12-01,362,6.277,FL
LN-2024-01142,Direct,ARM 5/1,548410,2024-12-01,365,5.686,CA
LN-2024-01143,Retail,ARM 5/1,471780,2024-11-01,356,5.852,AZ
LN-2024-01144,Correspondent,15yr Fixed,480031,2024-12-01,330,8.35,FL
LN-2024-01145,Correspondent,30yr Fixed,231938,2024-05-01,307,7.062,TX
LN-2024-01146,Retail,ARM 5/1,662444,2024-11-01,376,6.895,CA
LN-2024-01147,Direct,ARM 5/1,451886,2024-02-01,260,7.412,TX
LN-2024-01148,Correspondent,ARM 5/1,271735,2024-02-01,288,6.332,CA
LN-2024-01149,Direct,ARM 5/1,837738,2024-05-01,378,6.632,FL
LN-2024-01150,Retail,30yr Fixed,1041751,2024-09-01,379,8.348,IL
LN-2024-01151,Retail,15yr Fixed,462844,2024-05-01,270,7.482,FL
LN-2024-01152,Retail,15yr Fixed,1180673,2024-09-01,295,5.606,IL
LN-2024-01153,Correspondent,30yr Fixed,639213,2024-07-01,255,5.567,NY
LN-2024-01154,Retail,ARM 5/1,693563,2024-11-01,281,6.212,IL
LN-2024-01155,Direct,ARM 5/1,332402,2024-03-01,309,6.429,AZ
LN-2024-01156,Direct,ARM 5/1,692831,2024-09-01,364,6.003,NY
LN-2024-01157,Retail,ARM 5/1,242522,2024-05-01,285,6.699,IL
LN-2024-01158,Retail,ARM 5/1,462011,2024-06-01,327,6.743,NY
LN-2024-01159,Retail,ARM 5/1,764203,2024-01-01,267,8.158,CA
LN-2024-01160,Retail,30yr Fixed,460254,2024-07-01,342,6.939,CA
LN-2024-01161,Correspondent,15yr Fixed,1196622,2024-02-01,259,5.541,CA
LN-2024-01162,Direct,ARM 5/1,532897,2024-04-01,326,6.437,FL
LN-2024-01163,Wholesale,15yr Fixed,993083,2024-01-01,302,5.858,NY
LN-2024-01164,Direct,15yr Fixed,796090,2024-02-01,342,6.373,NY
LN-2024-01165,Wholesale,ARM 5/1,1188443,2024-01-01,316,6.369,CA
LN-2024-01166,Correspondent,15yr Fixed,415225,2024-07-01,264,6.4,IL
LN-2024-01167,Retail,ARM 5/1,1014849,2024-05-01,299,6.183,AZ
LN-2024-01168,Retail,15yr Fixed,1039551,2024-06-01,298,7.931,FL
LN-2024-01169,Correspondent,15yr Fixed,302218,2024-10-01,260,6.745,NY
LN-2024-01170,Wholesale,30yr Fixed,867170,2024-01-01,355,7.623,IL
LN-2024-01171,Correspondent,15yr Fixed,332331,2024-11-01,275,7.128,TX
LN-2024-01172,Wholesale,ARM 5/1,648775,2024-05-01,300,6.722,AZ
LN-2024-01173,Wholesale,30yr Fixed,900518,2024-05-01,264,7.658,IL
LN-2024-01174,Correspondent,15yr Fixed,993961,2024-04-01,265,5.906,TX
LN-2024-01175,Wholesale,15yr Fixed,355941,2024-09-01,260,8.34,IL
LN-2024-01176,Correspondent,ARM 5/1,1024013,2024-06-01,311,6.419,FL
LN-2024-01177,Correspondent,15yr Fixed,312195,2024-10-01,292,8.402,TX
LN-2024-01178,Retail,ARM 5/1,446299,2024-04-01,333,7.47,CA
LN-2024-01179,Direct,15yr Fixed,781529,2024-04-01,275,8.262,TX
LN-2024-01180,Wholesale,30yr Fixed,232687,2024-06-01,274,6.475,NY
LN-2024-01181,Direct,30yr Fixed,684990,2024-02-01,353,6.04,NY
LN-2024-01182,Direct,ARM 5/1,671219,2024-08-01,273,8.466,CA
LN-2024-01183,Direct,ARM 5/1,758178,2024-08-01,337,6.97,NY
LN-2024-01184,Direct,30yr Fixed,1019383,2024-02-01,269,8.079,AZ
LN-2024-01185,Correspondent,ARM 5/1,452706,2024-06-01,324,7.494,NY
LN-2024-01186,Retail,15yr Fixed,736149,2024-02-01,363,5.837,AZ
LN-2024-01187,Retail,30yr Fixed,175813,2024-05-01,256,7.205,FL
LN-2024-01188,Correspondent,ARM 5/1,1171613,2024-07-01,265,5.778,AZ
LN-2024-01189,Correspondent,15yr Fixed,764578,2024-09-01,374,6.692,IL
LN-2024-01190,Wholesale,30yr Fixed,558923,2024-10-01,306,8.132,IL
LN-2024-01191,Wholesale,15yr Fixed,210051,2024-08-01,255,8.063,FL
LN-2024-01192,Direct,15yr Fixed,831243,2024-11-01,339,7.123,CA
LN-2024-01193,Direct,30yr Fixed,1011907,2024-02-01,283,5.606,NY
LN-2024-01194,Direct,ARM 5/1,277499,2024-01-01,348,8.069,AZ
LN-2024-01195,Direct,30yr Fixed,335562,2024-05-01,301,7.081,NY
LN-2024-01196,Retail,ARM 5/1,1191587,2024-09-01,310,7.605,TX
LN-2024-01197,Correspondent,30yr Fixed,1009755,2024-06-01,297,5.684,FL
LN-2024-01198,Retail,30yr Fixed,938635,2024-09-01,296,8.289,NY
LN-2024-01199,Wholesale,15yr Fixed,935794,2024-11-01,297,7.097,AZ
LN-2024-01200,Retail,15yr Fixed,604824,2024-08-01,285,8.286,NY
LN-2024-01201,Retail,15yr Fixed,386081,2024-08-01,328,5.598,IL
LN-2024-01202,Correspondent,15yr Fixed,1035976,2024-12-01,319,7.378,FL
LN-2024-01203,Retail,15yr Fixed,331827,2024-02-01,285,6.342,FL
LN-2024-01204,Correspondent,30yr Fixed,200139,2024-04-01,375,7.78,CA
LN-2024-01205,Direct,ARM 5/1,331253,2024-07-01,297,7.681,NY
LN-2024-01206,Wholesale,30yr Fixed,215780,2024-07-01,320,7.201,FL
LN-2024-01207,Retail,ARM 5/1,485128,2024-04-01,288,5.564,IL
LN-2024-01208,Direct,ARM 5/1,669043,2024-01-01,262,5.836,IL
LN-2024-01209,Correspondent,30yr Fixed,660536,2024-08-01,375,7.618,CA
LN-2024-01210,Correspondent,30yr Fixed,495951,2024-02-01,309,7.901,CA
LN-2024-01211,Retail,30yr Fixed,276821,2024-06-01,325,8.007,TX
LN-2024-01212,Direct,30yr Fixed,680362,2024-07-01,330,7.428,TX
LN-2024-01213,Direct,ARM 5/1,931696,2024-06-01,272,7.933,TX
LN-2024-01214,Wholesale,ARM 5/1,562224,2024-03-01,354,6.697,NY
LN-2024-01215,Wholesale,15yr Fixed,1128144,2024-08-01,366,6.315,NY
LN-2024-01216,Correspondent,ARM 5/1,851397,2024-07-01,306,8.16,IL
LN-2024-01217,Correspondent,ARM 5/1,279704,2024-11-01,379,8.005,AZ
LN-2024-01218,Wholesale,ARM 5/1,443130,2024-03-01,379,6.296,FL
LN-2024-01219,Wholesale,ARM 5/1,958549,2024-02-01,269,6.399,FL
LN-2024-01220,Wholesale,ARM 5/1,303592,2024-02-01,338,7.759,FL
LN-2024-01221,Wholesale,30yr Fixed,513878,2024-08-01,352,6.401,CA
LN-2024-01222,Wholesale,15yr Fixed,815517,2024-01-01,312,8.062,NY
LN-2024-01223,Wholesale,ARM 5/1,628612,2024-02-01,274,7.954,TX
LN-2024-01224,Wholesale,15yr Fixed,1007761,2024-09-01,260,7.191,FL
LN-2024-01225,Correspondent,30yr Fixed,1130185,2024-10-01,269,5.999,CA
LN-2024-01226,Retail,15yr Fixed,512819,2024-06-01,251,5.781,AZ
LN-2024-01227,Direct,30yr Fixed,1194801,2024-05-01,314,6.37,CA
LN-2024-01228,Direct,ARM 5/1,222724,2024-05-01,261,8.494,CA
LN-2024-01229,Wholesale,ARM 5/1,539833,2024-09-01,354,5.782,FL
LN-2024-01230,Retail,15yr Fixed,245979,2024-02-01,366,6.572,IL
LN-2024-01231,Retail,30yr Fixed,300963,2024-12-01,353,8.112,TX
LN-2024-01232,Direct,30yr Fixed,276140,2024-11-01,285,5.985,NY
LN-2024-01233,Correspondent,30yr Fixed,856923,2024-05-01,376,6.503,AZ
LN-2024-01234,Correspondent,30yr Fixed,1028910,2024-08-01,310,7.002,CA
LN-2024-01235,Direct,ARM 5/1,871701,2024-12-01,323,8.003,NY
LN-2024-01236,Retail,15yr Fixed,306370,2024-09-01,256,8.404,NY
LN-2024-01237,Retail,30yr Fixed,937649,2024-03-01,365,6.694,NY
LN-2024-01238,Wholesale,15yr Fixed,508700,2024-05-01,360,7.934,NY
LN-2024-01239,Direct,30yr Fixed,445141,2024-06-01,338,7.285,FL
LN-2024-01240,Correspondent,ARM 5/1,680883,2024-10-01,286,6.615,TX
LN-2024-01241,Wholesale,15yr Fixed,620846,2024-11-01,351,6.374,TX
LN-2024-01242,Direct,30yr Fixed,1090597,2024-08-01,319,6.675,TX
LN-2024-01243,Correspondent,30yr Fixed,1153524,2024-09-01,276,8.415,TX
LN-2024-01244,Retail,15yr Fixed,925621,2024-10-01,263,8.369,IL
LN-2024-01245,Direct,15yr Fixed,1025780,2024-08-01,269,7.43,CA
LN-2024-01246,Direct,15yr Fixed,220228,2024-12-01,297,7.407,AZ
LN-2024-01247,Wholesale,15yr Fixed,1199244,2024-05-01,352,8.195,IL
LN-2024-01248,Wholesale,ARM 5/1,525494,2024-03-01,287,6.281,NY
LN-2024-01249,Correspondent,ARM 5/1,472423,2024-02-01,308,6.211,NY
LN-2024-01250,Retail,15yr Fixed,460062,2024-04-01,258,6.222,TX
LN-2024-01251,Wholesale,ARM 5/1,1129872,2024-07-01,257,6.069,FL
LN-2024-01252,Direct,15yr Fixed,1138408,2024-12-01,362,8.458,NY
LN-2024-01253,Retail,15yr Fixed,1197929,2024-02-01,319,7.532,CA
LN-2024-01254,Retail,15yr Fixed,162947,2024-01-01,287,5.84,CA
LN-2024-01255,Correspondent,30yr Fixed,439116,2024-11-01,336,8.083,NY
LN-2024-01256,Retail,ARM 5/1,164862,2024-02-01,371,6.262,AZ
LN-2024-01257,Wholesale,ARM 5/1,759669,2024-01-01,322,8.264,FL
LN-2024-01258,Wholesale,15yr Fixed,726554,2024-12-01,283,7.173,IL
LN-2024-01259,Direct,30yr Fixed,478429,2024-09-01,285,5.586,AZ
LN-2024-01260,Correspondent,15yr Fixed,858697,2024-10-01,278,7.228,TX
LN-2024-01261,Correspondent,15yr Fixed,590160,2024-09-01,335,8.293,TX
LN-2024-01262,Retail,15yr Fixed,517987,2024-10-01,310,5.864,NY
LN-2024-01263,Retail,30yr Fixed,342670,2024-10-01,283,7.095,AZ
LN-2024-01264,Retail,15yr Fixed,531196,2024-02-01,288,8.139,TX
LN-2024-01265,Retail,15yr Fixed,1188400,2024-05-01,261,7.011,IL
LN-2024-01266,Retail,30yr Fixed,734473,2024-05-01,353,6.584,FL
LN-2024-01267,Correspondent,ARM 5/1,832181,2024-09-01,313,6.899,TX
LN-2024-01268,Correspondent,ARM 5/1,991031,2024-06-01,340,8.441,CA
LN-2024-01269,Direct,ARM 5/1,928983,2024-02-01,267,7.936,TX
LN-2024-01270,Direct,15yr Fixed,603299,2024-01-01,284,6.44,CA
LN-2024-01271,Direct,ARM 5/1,748606,2024-02-01,323,6.894,IL
LN-2024-01272,Wholesale,30yr Fixed,424327,2024-03-01,294,8.22,TX
LN-2024-01273,Direct,30yr Fixed,756977,2024-06-01,311,7.696,TX
LN-2024-01274,Correspondent,15yr Fixed,961356,2024-02-01,345,6.674,CA
LN-2024-01275,Retail,ARM 5/1,264989,2024-01-01,250,7.92,AZ
LN-2024-01276,Correspondent,30yr Fixed,163344,2024-02-01,254,7.539,CA
LN-2024-01277,Retail,30yr Fixed,150830,2024-11-01,364,7.317,IL
LN-2024-01278,Correspondent,15yr Fixed,928581,2024-07-01,343,6.704,NY
LN-2024-01279,Wholesale,30yr Fixed,534372,2024-12-01,291,6.62,CA
LN-2024-01280,Direct,15yr Fixed,873434,2024-03-01,310,8.096,CA
LN-2024-01281,Direct,15yr Fixed,1165489,2024-06-01,326,7.985,FL
LN-2024-01282,Correspondent,30yr Fixed,219181,2024-04-01,270,7.109,FL
LN-2024-01283,Wholesale,30yr Fixed,432624,2024-11-01,316,7.25,AZ
LN-2024-01284,Wholesale,15yr Fixed,297391,2024-06-01,380,5.905,IL
LN-2024-01285,Retail,ARM 5/1,282445,2024-03-01,278,7.525,NY
LN-2024-01286,Wholesale,ARM 5/1,630412,2024-04-01,266,7.305,AZ
LN-2024-01287,Correspondent,30yr Fixed,165916,2024-07-01,319,7.258,FL
LN-2024-01288,Wholesale,ARM 5/1,952406,2024-12-01,365,5.574,AZ
LN-2024-01289,Wholesale,ARM 5/1,719566,2024-04-01,326,6.854,AZ
LN-2024-01290,Correspondent,15yr Fixed,964683,2024-03-01,342,7.505,AZ
LN-2024-01291,Direct,30yr Fixed,489174,2024-11-01,310,5.771,NY
LN-2024-01292,Direct,15yr Fixed,1178462,2024-05-01,276,7.812,CA
LN-2024-01293,Retail,15yr Fixed,797899,2024-04-01,273,6.659,NY
LN-2024-01294,Correspondent,15yr Fixed,603011,2024-11-01,378,8.078,TX
LN-2024-01295,Correspondent,15yr Fixed,949127,2024-04-01,324,7.7,AZ
LN-2024-01296,Wholesale,15yr Fixed,449277,2024-07-01,353,7.774,IL
LN-2024-01297,Direct,30yr Fixed,905465,2024-01-01,354,8.275,NY
LN-2024-01298,Wholesale,30yr Fixed,209446,2024-10-01,309,8.404,NY
LN-2024-01299,Direct,ARM 5/1,313653,2024-03-01,380,7.06,CA
LN-2024-01300,Direct,15yr Fixed,858897,2024-08-01,314,7.334,FL
LN-2024-01301,Direct,ARM 5/1,518930,2024-02-01,317,6.398,CA
LN-2024-01302,Retail,15yr Fixed,309655,2024-05-01,266,7.604,NY
LN-2024-01303,Wholesale,30yr Fixed,607849,2024-04-01,364,7.205,NY
LN-2024-01304,Retail,15yr Fixed,734287,2024-11-01,255,5.813,AZ
LN-2024-01305,Wholesale,30yr Fixed,576361,2024-02-01,326,7.305,CA
LN-2024-01306,Direct,ARM 5/1,417350,2024-05-01,252,7.356,AZ
LN-2024-01307,Correspondent,ARM 5/1,412971,2024-10-01,376,7.958,TX
LN-2024-01308,Direct,ARM 5/1,1067220,2024-12-01,362,6.961,CA
LN-2024-01309,Retail,30yr Fixed,445965,2024-07-01,298,7.854,FL
LN-2024-01310,Correspondent,30yr Fixed,354153,2024-12-01,374,6.859,IL
LN-2024-01311,Retail,ARM 5/1,1127757,2024-05-01,273,7.76,AZ
LN-2024-01312,Retail,30yr Fixed,238109,2024-06-01,359,7.836,IL
LN-2024-01313,Retail,ARM 5/1,508510,2024-03-01,284,6.527,FL
LN-2024-01314,Direct,15yr Fixed,475580,2024-05-01,377,6.985,FL
LN-2024-01315,Direct,30yr Fixed,824592,2024-08-01,361,5.985,AZ
LN-2024-01316,Direct,15yr Fixed,266700,2024-12-01,327,8.222,TX
LN-2024-01317,Wholesale,ARM 5/1,1121191,2024-09-01,362,5.928,FL
LN-2024-01318,Direct,ARM 5/1,954700,2024-10-01,279,7.48,CA
LN-2024-01319,Wholesale,ARM 5/1,453549,2024-08-01,267,5.934,NY
LN-2024-01320,Wholesale,30yr Fixed,856644,2024-05-01,292,7.892,TX
LN-2024-01321,Direct,30yr Fixed,802877,2024-10-01,294,7.478,FL
LN-2024-01322,Retail,30yr Fixed,300541,2024-10-01,252,6.051,CA
LN-2024-01323,Retail,15yr Fixed,183973,2024-01-01,309,8.193,CA
LN-2024-01324,Retail,15yr Fixed,1064817,2024-06-01,313,7.705,FL
LN-2024-01325,Direct,ARM 5/1,1010511,2024-11-01,352,7.761,FL
LN-2024-01326,Correspondent,ARM 5/1,800681,2024-02-01,370,6.772,NY
LN-2024-01327,Correspondent,15yr Fixed,517728,2024-01-01,269,6.357,TX
LN-2024-01328,Wholesale,ARM 5/1,474253,2024-03-01,369,5.53,NY
LN-2024-01329,Retail,30yr Fixed,923621,2024-07-01,345,6.403,FL
LN-2024-01330,Correspondent,15yr Fixed,246374,2024-12-01,271,7.339,AZ
LN-2024-01331,Wholesale,ARM 5/1,330502,2024-06-01,293,7.989,FL
LN-2024-01332,Retail,ARM 5/1,913603,2024-02-01,326,7.518,NY
LN-2024-01333,Correspondent,ARM 5/1,991505,2024-12-01,339,6.086,TX
LN-2024-01334,Retail,ARM 5/1,953722,2024-05-01,333,7.171,FL
LN-2024-01335,Retail,ARM 5/1,679213,2024-11-01,284,6.118,TX
LN-2024-01336,Direct,15yr Fixed,239488,2024-10-01,309,5.567,TX
LN-2024-01337,Correspondent,30yr Fixed,619254,2024-03-01,375,6.256,CA
LN-2024-01338,Direct,ARM 5/1,258929,2024-06-01,314,6.171,NY
LN-2024-01339,Direct,30yr Fixed,517398,2024-09-01,356,8.276,CA
LN-2024-01340,Retail,15yr Fixed,366927,2024-07-01,341,8.483,IL
LN-2024-01341,Retail,30yr Fixed,496559,2024-02-01,313,6.524,IL
LN-2024-01342,Direct,15yr Fixed,522286,2024-06-01,251,6.688,NY
LN-2024-01343,Wholesale,30yr Fixed,493984,2024-08-01,256,7.622,TX
LN-2024-01344,Wholesale,ARM 5/1,840048,2024-08-01,380,5.968,NY
LN-2024-01345,Wholesale,ARM 5/1,877970,2024-01-01,272,6.317,NY
LN-2024-01346,Wholesale,15yr Fixed,754825,2024-06-01,251,6.432,IL
LN-2024-01347,Retail,15yr Fixed,650993,2024-02-01,284,7.32,CA
LN-2024-01348,Correspondent,15yr Fixed,188693,2024-03-01,276,7.124,NY
LN-2024-01349,Retail,15yr Fixed,473139,2024-07-01,370,7.677,AZ
LN-2024-01350,Wholesale,30yr Fixed,380140,2024-08-01,270,5.626,FL
LN-2024-01351,Direct,ARM 5/1,806305,2024-08-01,379,6.599,TX
LN-2024-01352,Direct,30yr Fixed,293882,2024-09-01,281,5.711,FL
LN-2024-01353,Wholesale,15yr Fixed,714898,2024-07-01,301,6.938,AZ
LN-2024-01354,Retail,ARM 5/1,748025,2024-07-01,362,6.427,CA
LN-2024-01355,Correspondent,ARM 5/1,589701,2024-09-01,332,7.124,NY
LN-2024-01356,Wholesale,15yr Fixed,700940,2024-11-01,263,5.903,IL
LN-2024-01357,Direct,ARM 5/1,1122088,2024-09-01,270,7.524,IL
LN-2024-01358,Direct,15yr Fixed,597547,2024-04-01,363,7.888,NY
LN-2024-01359,Wholesale,ARM 5/1,530615,2024-07-01,323,5.819,AZ
LN-2024-01360,Retail,ARM 5/1,164786,2024-04-01,363,5.829,CA
LN-2024-01361,Correspondent,15yr Fixed,515462,2024-09-01,290,6.388,FL
LN-2024-01362,Wholesale,ARM 5/1,610122,2024-11-01,378,6.105,IL
LN-2024-01363,Correspondent,30yr Fixed,825046,2024-09-01,272,6.896,IL
LN-2024-01364,Wholesale,15yr Fixed,691427,2024-07-01,320,6.592,AZ
LN-2024-01365,Retail,15yr Fixed,460212,2024-04-01,271,5.972,NY
LN-2024-01366,Direct,ARM 5/1,485229,2024-02-01,294,7.642,TX
LN-2024-01367,Wholesale,15yr Fixed,613928,2024-09-01,268,8.294,NY
LN-2024-01368,Direct,15yr Fixed,201508,2024-12-01,283,6.182,FL
LN-2024-01369,Retail,15yr Fixed,353480,2024-01-01,361,5.764,NY
LN-2024-01370,Wholesale,15yr Fixed,920396,2024-08-01,298,8.475,TX
LN-2024-01371,Wholesale,ARM 5/1,645265,2024-08-01,340,6.933,AZ
LN-2024-01372,Direct,30yr Fixed,1167052,2024-09-01,379,7.704,FL
LN-2024-01373,Wholesale,15yr Fixed,723691,2024-08-01,250,6.099,CA
LN-2024-01374,Direct,30yr Fixed,484087,2024-05-01,272,7.194,TX
LN-2024-01375,Correspondent,ARM 5/1,1096731,2024-09-01,372,7.341,TX
LN-2024-01376,Wholesale,ARM 5/1,769776,2024-10-01,374,7.731,NY
LN-2024-01377,Wholesale,30yr Fixed,1090714,2024-06-01,287,6.225,NY
LN-2024-01378,Direct,30yr Fixed,1008643,2024-02-01,378,7.058,TX
LN-2024-01379,Correspondent,ARM 5/1,440518,2024-11-01,308,8.304,AZ
LN-2024-01380,Retail,ARM 5/1,1057739,2024-08-01,349,8.357,NY
LN-2024-01381,Correspondent,15yr Fixed,654457,2024-09-01,313,7.268,TX
LN-2024-01382,Correspondent,ARM 5/1,611144,2024-10-01,354,7.759,CA
LN-2024-01383,Wholesale,ARM 5/1,577066,2024-02-01,276,7.759,AZ
LN-2024-01384,Correspondent,15yr Fixed,947406,2024-06-01,341,7.262,TX
LN-2024-01385,Retail,ARM 5/1,1066775,2024-12-01,295,6.67,AZ
LN-2024-01386,Correspondent,15yr Fixed,883434,2024-04-01,283,8.24,TX
LN-2024-01387,Retail,15yr Fixed,1126829,2024-11-01,302,6.482,IL
LN-2024-01388,Correspondent,30yr Fixed,662923,2024-05-01,305,8.282,NY
LN-2024-01389,Correspondent,ARM 5/1,164747,2024-03-01,263,8.454,CA
LN-2024-01390,Wholesale,15yr Fixed,187484,2024-09-01,347,6.504,CA
LN-2024-01391,Correspondent,30yr Fixed,570307,2024-06-01,329,6.95,NY
LN-2024-01392,Correspondent,ARM 5/1,1124560,2024-06-01,351,7.631,NY
LN-2024-01393,Wholesale,ARM 5/1,343631,2024-09-01,372,5.847,TX
LN-2024-01394,Correspondent,30yr Fixed,299115,2024-07-01,309,6.135,NY
LN-2024-01395,Correspondent,ARM 5/1,485143,2024-10-01,253,7.251,CA
LN-2024-01396,Correspondent,15yr Fixed,167939,2024-08-01,363,7.714,IL
LN-2024-01397,Retail,15yr Fixed,541347,2024-09-01,293,7.129,CA
LN-2024-01398,Retail,30yr Fixed,269233,2024-12-01,335,7.577,TX
LN-2024-01399,Direct,ARM 5/1,789434,2024-04-01,325,7.996,AZ
LN-2024-01400,Direct,15yr Fixed,771774,2024-10-01,296,7.818,IL
LN-2024-01401,Retail,ARM 5/1,247511,2024-03-01,267,7.897,CA
LN-2024-01402,Direct,15yr Fixed,926287,2024-11-01,255,5.725,IL
LN-2024-01403,Wholesale,30yr Fixed,725291,2024-03-01,295,6.112,CA
LN-2024-01404,Correspondent,ARM 5/1,311573,2024-05-01,272,5.835,NY
LN-2024-01405,Direct,ARM 5/1,836209,2024-10-01,301,7.97,NY
LN-2024-01406,Direct,30yr Fixed,1120075,2024-03-01,354,6.7,FL
LN-2024-01407,Wholesale,15yr Fixed,604785,2024-04-01,351,5.541,NY
LN-2024-01408,Direct,30yr Fixed,983709,2024-04-01,253,6.314,CA
LN-2024-01409,Retail,30yr Fixed,1150532,2024-01-01,330,7.385,AZ
LN-2024-01410,Wholesale,ARM 5/1,1031608,2024-06-01,307,6.042,CA
LN-2024-01411,Direct,ARM 5/1,1127051,2024-04-01,314,7.796,AZ
LN-2024-01412,Correspondent,30yr Fixed,504045,2024-08-01,310,7.037,AZ
LN-2024-01413,Wholesale,15yr Fixed,404434,2024-01-01,336,7.643,TX
LN-2024-01414,Direct,ARM 5/1,1171392,2024-02-01,353,7.25,FL
LN-2024-01415,Direct,ARM 5/1,771472,2024-01-01,355,8.412,NY
LN-2024-01416,Retail,30yr Fixed,683085,2024-12-01,362,8.498,CA
LN-2024-01417,Retail,15yr Fixed,896667,2024-08-01,283,7.941,TX
LN-2024-01418,Direct,15yr Fixed,174581,2024-02-01,365,6.465,CA
LN-2024-01419,Correspondent,ARM 5/1,894903,2024-11-01,338,7.782,IL
LN-2024-01420,Retail,30yr Fixed,772432,2024-03-01,356,7.357,AZ
LN-2024-01421,Retail,ARM 5/1,282054,2024-03-01,285,6.76,TX
LN-2024-01422,Retail,30yr Fixed,282129,2024-02-01,257,6.661,CA
LN-2024-01423,Correspondent,30yr Fixed,652059,2024-11-01,296,7.646,TX
LN-2024-01424,Correspondent,ARM 5/1,950779,2024-12-01,255,8.091,FL
LN-2024-01425,Wholesale,30yr Fixed,493925,2024-08-01,316,6.958,NY
LN-2024-01426,Direct,ARM 5/1,1166630,2024-02-01,260,8.467,TX
LN-2024-01427,Retail,ARM 5/1,843418,2024-08-01,355,8.001,IL
LN-2024-01428,Direct,15yr Fixed,190893,2024-10-01,304,6.139,IL
LN-2024-01429,Retail,ARM 5/1,1107952,2024-05-01,318,8.46,IL
LN-2024-01430,Wholesale,30yr Fixed,364338,2024-03-01,288,8.142,FL
LN-2024-01431,Correspondent,15yr Fixed,339463,2024-09-01,313,6.838,TX
LN-2024-01432,Correspondent,ARM 5/1,218473,2024-06-01,327,6.736,AZ
LN-2024-01433,Correspondent,15yr Fixed,341196,2024-02-01,303,7.212,CA
LN-2024-01434,Correspondent,15yr Fixed,515572,2024-11-01,352,7.278,FL
LN-2024-01435,Retail,ARM 5/1,332178,2024-11-01,365,5.526,FL
LN-2024-01436,Retail,15yr Fixed,1110092,2024-06-01,364,6.629,FL
LN-2024-01437,Wholesale,15yr Fixed,630726,2024-02-01,281,5.618,CA
LN-2024-01438,Correspondent,30yr Fixed,892634,2024-01-01,287,5.642,FL
LN-2024-01439,Direct,ARM 5/1,1005193,2024-12-01,258,7.203,FL
LN-2024-01440,Wholesale,ARM 5/1,1114079,2024-03-01,323,7.056,FL
LN-2024-01441,Retail,30yr Fixed,724923,2024-07-01,355,7.211,FL
LN-2024-01442,Wholesale,ARM 5/1,542989,2024-07-01,322,5.867,TX
LN-2024-01443,Direct,30yr Fixed,216976,2024-09-01,303,7.098,FL
LN-2024-01444,Direct,15yr Fixed,877853,2024-08-01,339,6.976,NY
LN-2024-01445,Direct,30yr Fixed,698936,2024-07-01,374,6.033,NY
LN-2024-01446,Wholesale,ARM 5/1,952576,2024-10-01,350,8.017,CA
LN-2024-01447,Wholesale,30yr Fixed,273266,2024-07-01,374,7.148,NY
LN-2024-01448,Correspondent,ARM 5/1,841263,2024-04-01,335,6.416,TX
LN-2024-01449,Wholesale,ARM 5/1,304585,2024-12-01,366,5.773,CA
LN-2024-01450,Wholesale,30yr Fixed,1060861,2024-01-01,291,6.341,CA
LN-2024-01451,Wholesale,ARM 5/1,401424,2024-07-01,328,7.336,TX
LN-2024-01452,Retail,30yr Fixed,315586,2024-03-01,319,7.061,FL
LN-2024-01453,Correspondent,ARM 5/1,888171,2024-06-01,344,7.468,NY
LN-2024-01454,Retail,ARM 5/1,533138,2024-11-01,276,7.257,NY
LN-2024-01455,Correspondent,15yr Fixed,259586,2024-08-01,295,6.407,TX
LN-2024-01456,Retail,15yr Fixed,306155,2024-10-01,278,8.099,AZ
LN-2024-01457,Direct,30yr Fixed,968251,2024-08-01,276,6.796,TX
LN-2024-01458,Direct,30yr Fixed,857493,2024-10-01,374,6.442,IL
LN-2024-01459,Wholesale,30yr Fixed,1099835,2024-10-01,339,7.209,CA
LN-2024-01460,Correspondent,15yr Fixed,676658,2024-02-01,314,6.599,NY
LN-2024-01461,Correspondent,ARM 5/1,1111303,2024-06-01,331,8.349,NY
LN-2024-01462,Wholesale,ARM 5/1,881146,2024-03-01,298,6.255,AZ
LN-2024-01463,Retail,15yr Fixed,1139537,2024-02-01,269,6.786,IL
LN-2024-01464,Wholesale,30yr Fixed,350343,2024-05-01,374,7.455,FL
LN-2024-01465,Correspondent,ARM 5/1,796727,2024-03-01,321,6.543,IL
LN-2024-01466,Correspondent,ARM 5/1,977865,2024-07-01,300,7.508,FL
LN-2024-01467,Retail,ARM 5/1,588020,2024-04-01,252,7.12,FL
LN-2024-01468,Direct,30yr Fixed,641048,2024-06-01,350,7.25,AZ
LN-2024-01469,Wholesale,30yr Fixed,504795,2024-10-01,315,5.924,TX
LN-2024-01470,Retail,15yr Fixed,826600,2024-12-01,330,6.133,CA
LN-2024-01471,Retail,ARM 5/1,957131,2024-09-01,379,8.078,FL
LN-2024-01472,Correspondent,30yr Fixed,814263,2024-07-01,282,5.925,TX
LN-2024-01473,Wholesale,30yr Fixed,1055064,2024-06-01,274,8.408,TX
LN-2024-01474,Correspondent,30yr Fixed,559078,2024-03-01,259,6.498,FL
LN-2024-01475,Wholesale,ARM 5/1,906179,2024-02-01,277,6.994,CA
LN-2024-01476,Retail,15yr Fixed,996410,2024-06-01,251,7.919,IL
LN-2024-01477,Retail,30yr Fixed,443321,2024-03-01,261,5.526,TX
LN-2024-01478,Correspondent,30yr Fixed,862050,2024-07-01,375,7.598,CA
LN-2024-01479,Direct,30yr Fixed,650136,2024-01-01,296,7.973,NY
LN-2024-01480,Retail,15yr Fixed,829378,2024-05-01,319,6.115,TX
LN-2024-01481,Wholesale,ARM 5/1,511985,2024-10-01,371,7.944,AZ
LN-2024-01482,Correspondent,ARM 5/1,904515,2024-08-01,290,6.511,CA
LN-2024-01483,Direct,15yr Fixed,722570,2024-04-01,277,6.631,IL
LN-2024-01484,Wholesale,ARM 5/1,369494,2024-11-01,293,7.662,NY
LN-2024-01485,Correspondent,30yr Fixed,1076641,2024-11-01,371,6.749,IL
LN-2024-01486,Correspondent,30yr Fixed,223626,2024-03-01,357,6.538,AZ
LN-2024-01487,Direct,15yr Fixed,1127492,2024-08-01,347,5.527,AZ
LN-2024-01488,Wholesale,ARM 5/1,718652,2024-03-01,265,6.858,TX
LN-2024-01489,Direct,30yr Fixed,336953,2024-07-01,293,6.966,FL
LN-2024-01490,Wholesale,ARM 5/1,756678,2024-04-01,359,7.551,IL
LN-2024-01491,Direct,15yr Fixed,224021,2024-08-01,261,7.489,TX
LN-2024-01492,Direct,ARM 5/1,224015,2024-08-01,314,6.278,FL
LN-2024-01493,Correspondent,ARM 5/1,279754,2024-12-01,359,8.338,CA
LN-2024-01494,Wholesale,15yr Fixed,345544,2024-03-01,265,5.669,NY
LN-2024-01495,Direct,30yr Fixed,1039698,2024-04-01,280,7.525,TX
LN-2024-01496,Correspondent,ARM 5/1,782146,2024-06-01,339,5.63,FL
LN-2024-01497,Direct,30yr Fixed,1033839,2024-04-01,268,8.135,TX
LN-2024-01498,Correspondent,30yr Fixed,206344,2024-09-01,318,7.298,NY
LN-2024-01499,Retail,15yr Fixed,332408,2024-12-01,285,6.761,NY
LN-2024-01500,Retail,15yr Fixed,909857,2024-10-01,269,7.547,NY
LN-2024-01501,Wholesale,ARM 5/1,875827,2024-06-01,269,5.604,NY
LN-2024-01502,Correspondent,ARM 5/1,496081,2024-12-01,328,6.314,CA
LN-2024-01503,Wholesale,30yr Fixed,748552,2024-01-01,364,6.119,FL
LN-2024-01504,Wholesale,15yr Fixed,467049,2024-02-01,274,7.055,CA
LN-2024-01505,Wholesale,15yr Fixed,1130811,2024-06-01,254,8.408,TX
LN-2024-01506,Wholesale,30yr Fixed,680385,2024-11-01,271,6.984,TX
LN-2024-01507,Direct,ARM 5/1,839638,2024-12-01,296,6.043,FL
LN-2024-01508,Direct,ARM 5/1,587427,2024-12-01,252,6.086,CA
LN-2024-01509,Correspondent,ARM 5/1,339877,2024-07-01,298,7.211,NY
LN-2024-01510,Direct,ARM 5/1,1173669,2024-10-01,349,8.326,AZ
LN-2024-01511,Retail,15yr Fixed,723822,2024-03-01,345,6.14,FL
LN-2024-01512,Retail,30yr Fixed,1084090,2024-07-01,308,5.982,IL
LN-2024-01513,Wholesale,30yr Fixed,770895,2024-11-01,337,8.065,FL
LN-2024-01514,Direct,30yr Fixed,642076,2024-08-01,290,8.246,FL
LN-2024-01515,Retail,30yr Fixed,739098,2024-12-01,333,6.943,FL
LN-2024-01516,Wholesale,ARM 5/1,879363,2024-12-01,372,8.157,AZ
LN-2024-01517,Retail,ARM 5/1,579766,2024-04-01,288,6.568,NY
LN-2024-01518,Direct,15yr Fixed,427282,2024-06-01,378,5.863,AZ
LN-2024-01519,Wholesale,ARM 5/1,1162141,2024-08-01,297,6.032,FL
LN-2024-01520,Retail,30yr Fixed,715520,2024-04-01,250,7.265,IL
LN-2024-01521,Wholesale,15yr Fixed,382979,2024-11-01,264,6.094,FL
LN-2024-01522,Direct,15yr Fixed,971096,2024-08-01,363,7.198,IL
LN-2024-01523,Retail,30yr Fixed,159924,2024-12-01,325,6.863,TX
LN-2024-01524,Wholesale,ARM 5/1,474586,2024-06-01,251,7.498,TX
LN-2024-01525,Wholesale,ARM 5/1,649174,2024-08-01,372,5.601,FL
LN-2024-01526,Correspondent,30yr Fixed,336786,2024-05-01,371,6.218,CA
LN-2024-01527,Retail,ARM 5/1,350790,2024-10-01,336,6.641,IL
LN-2024-01528,Retail,15yr Fixed,547399,2024-09-01,332,8.082,FL
LN-2024-01529,Correspondent,15yr Fixed,860888,2024-09-01,343,7.944,TX
LN-2024-01530,Retail,30yr Fixed,1196358,2024-09-01,276,7.395,IL
LN-2024-01531,Wholesale,30yr Fixed,223483,2024-02-01,272,6.346,NY
LN-2024-01532,Correspondent,15yr Fixed,739979,2024-02-01,280,5.954,NY
LN-2024-01533,Correspondent,15yr Fixed,374367,2024-03-01,318,5.742,NY
LN-2024-01534,Correspondent,ARM 5/1,830160,2024-12-01,318,7.948,AZ
LN-2024-01535,Retail,ARM 5/1,864935,2024-02-01,373,6.202,NY
LN-2024-01536,Retail,ARM 5/1,990803,2024-06-01,321,5.686,CA
LN-2024-01537,Retail,30yr Fixed,653924,2024-02-01,293,8.283,AZ
LN-2024-01538,Direct,15yr Fixed,591334,2024-02-01,323,7.078,FL
LN-2024-01539,Wholesale,30yr Fixed,226387,2024-11-01,336,5.525,NY
LN-2024-01540,Correspondent,15yr Fixed,648347,2024-06-01,333,6.363,CA
LN-2024-01541,Direct,30yr Fixed,371339,2024-07-01,279,7.472,AZ
LN-2024-01542,Direct,15yr Fixed,1073741,2024-03-01,253,6.767,FL
LN-2024-01543,Wholesale,ARM 5/1,200476,2024-06-01,359,5.772,NY
LN-2024-01544,Retail,30yr Fixed,1192277,2024-10-01,340,7.014,FL
LN-2024-01545,Correspondent,15yr Fixed,723340,2024-09-01,267,6.996,AZ
LN-2024-01546,Correspondent,15yr Fixed,730130,2024-08-01,360,8.347,FL
LN-2024-01547,Correspondent,30yr Fixed,520161,2024-08-01,306,6.424,CA
LN-2024-01548,Correspondent,30yr Fixed,600504,2024-05-01,343,7.839,AZ
LN-2024-01549,Retail,15yr Fixed,167522,2024-02-01,290,6.624,CA
LN-2024-01550,Retail,ARM 5/1,335166,2024-04-01,253,6.464,CA
LN-2024-01551,Direct,30yr Fixed,265831,2024-11-01,251,6.334,NY
LN-2024-01552,Wholesale,ARM 5/1,339132,2024-10-01,365,5.612,TX
LN-2024-01553,Retail,30yr Fixed,392920,2024-12-01,280,7.879,CA
LN-2024-01554,Wholesale,15yr Fixed,735711,2024-11-01,292,6.212,AZ
LN-2024-01555,Wholesale,ARM 5/1,979679,2024-12-01,336,5.765,FL
LN-2024-01556,Direct,15yr Fixed,189382,2024-10-01,267,7.771,NY
LN-2024-01557,Direct,30yr Fixed,861276,2024-09-01,323,6.131,NY
LN-2024-01558,Direct,30yr Fixed,510100,2024-09-01,377,5.728,FL
LN-2024-01559,Wholesale,ARM 5/1,304208,2024-02-01,283,6.367,FL
LN-2024-01560,Correspondent,ARM 5/1,632198,2024-04-01,324,7.667,NY
LN-2024-01561,Wholesale,30yr Fixed,615562,2024-05-01,275,5.529,AZ
LN-2024-01562,Wholesale,15yr Fixed,532186,2024-04-01,365,6.901,IL
LN-2024-01563,Retail,30yr Fixed,1187488,2024-08-01,353,7.169,FL
LN-2024-01564,Direct,15yr Fixed,154411,2024-02-01,256,6.38,TX
LN-2024-01565,Correspondent,30yr Fixed,662071,2024-02-01,256,7.395,CA
LN-2024-01566,Wholesale,ARM 5/1,695754,2024-02-01,331,7.686,AZ
LN-2024-01567,Direct,30yr Fixed,699544,2024-11-01,366,6.363,IL
LN-2024-01568,Wholesale,15yr Fixed,856239,2024-06-01,286,8.41,NY
LN-2024-01569,Correspondent,ARM 5/1,189445,2024-03-01,261,6.97,TX
LN-2024-01570,Wholesale,ARM 5/1,960477,2024-10-01,311,7.006,CA
LN-2024-01571,Wholesale,15yr Fixed,925701,2024-10-01,358,6.033,IL
LN-2024-01572,Direct,30yr Fixed,1040343,2024-11-01,300,7.928,CA
LN-2024-01573,Direct,15yr Fixed,992644,2024-10-01,311,7.979,CA
LN-2024-01574,Retail,ARM 5/1,156104,2024-05-01,275,8.414,TX
LN-2024-01575,Correspondent,ARM 5/1,287794,2024-02-01,289,5.952,AZ
LN-2024-01576,Direct,15yr Fixed,188321,2024-07-01,273,6.308,FL
LN-2024-01577,Wholesale,30yr Fixed,766424,2024-11-01,380,8.032,NY
LN-2024-01578,Correspondent,15yr Fixed,1042967,2024-03-01,284,5.848,CA
LN-2024-01579,Wholesale,15yr Fixed,315463,2024-08-01,315,6.77,CA
LN-2024-01580,Direct,30yr Fixed,979552,2024-01-01,267,5.923,IL
LN-2024-01581,Correspondent,30yr Fixed,1185752,2024-11-01,352,7.01,AZ
LN-2024-01582,Direct,30yr Fixed,556895,2024-05-01,332,5.841,IL
LN-2024-01583,Direct,15yr Fixed,414928,2024-04-01,356,7.397,FL
LN-2024-01584,Wholesale,15yr Fixed,198461,2024-01-01,315,6.989,FL
LN-2024-01585,Wholesale,15yr Fixed,701363,2024-07-01,282,6.711,IL
LN-2024-01586,Correspondent,15yr Fixed,869181,2024-01-01,310,8.246,TX
LN-2024-01587,Correspondent,ARM 5/1,986071,2024-08-01,324,6.911,NY
LN-2024-01588,Wholesale,ARM 5/1,589975,2024-05-01,338,6.097,FL
LN-2024-01589,Correspondent,15yr Fixed,287263,2024-10-01,336,7.526,AZ
LN-2024-01590,Direct,ARM 5/1,516512,2024-12-01,374,7.178,AZ
LN-2024-01591,Direct,30yr Fixed,815246,2024-07-01,316,8.18,IL
LN-2024-01592,Direct,ARM 5/1,939668,2024-03-01,350,7.562,CA
LN-2024-01593,Retail,30yr Fixed,1118164,2024-09-01,334,8.144,IL
LN-2024-01594,Wholesale,ARM 5/1,681297,2024-09-01,375,5.887,IL
LN-2024-01595,Retail,30yr Fixed,446572,2024-03-01,273,7.28,FL
LN-2024-01596,Correspondent,ARM 5/1,594460,2024-05-01,277,7.125,FL
LN-2024-01597,Retail,ARM 5/1,1115712,2024-05-01,304,6.286,NY
LN-2024-01598,Retail,ARM 5/1,1130427,2024-09-01,353,7.132,NY
LN-2024-01599,Correspondent,30yr Fixed,284496,2024-04-01,372,7.471,AZ
LN-2024-01600,Wholesale,15yr Fixed,623781,2024-03-01,292,7.106,AZ
LN-2024-01601,Correspondent,30yr Fixed,1037145,2024-01-01,327,6.452,IL
LN-2024-01602,Wholesale,15yr Fixed,1125923,2024-09-01,337,7.287,CA
LN-2024-01603,Direct,ARM 5/1,313056,2024-05-01,380,6.078,NY
LN-2024-01604,Retail,15yr Fixed,324558,2024-08-01,258,6.134,NY
LN-2024-01605,Direct,30yr Fixed,1038439,2024-02-01,353,7.582,FL
LN-2024-01606,Direct,15yr Fixed,652317,2024-01-01,305,6.094,IL
LN-2024-01607,Correspondent,15yr Fixed,764265,2024-10-01,342,8.497,IL
LN-2024-01608,Wholesale,15yr Fixed,882576,2024-01-01,273,5.923,CA
LN-2024-01609,Retail,30yr Fixed,1185001,2024-03-01,364,8.446,TX
LN-2024-01610,Direct,30yr Fixed,633738,2024-07-01,338,7.837,FL
LN-2024-01611,Direct,15yr Fixed,814788,2024-06-01,333,8.485,NY
LN-2024-01612,Retail,15yr Fixed,1185793,2024-01-01,307,7.898,IL
LN-2024-01613,Direct,30yr Fixed,467899,2024-06-01,374,8.241,NY
LN-2024-01614,Direct,30yr Fixed,624886,2024-02-01,288,7.396,FL
LN-2024-01615,Correspondent,ARM 5/1,588642,2024-03-01,328,7.508,FL
LN-2024-01616,Wholesale,15yr Fixed,702533,2024-03-01,314,7.446,AZ
LN-2024-01617,Retail,30yr Fixed,710761,2024-10-01,315,6.997,FL
LN-2024-01618,Retail,ARM 5/1,388583,2024-09-01,251,7.763,NY
LN-2024-01619,Direct,ARM 5/1,680113,2024-11-01,380,7.222,IL
LN-2024-01620,Retail,30yr Fixed,1008924,2024-07-01,277,7.694,IL
LN-2024-01621,Retail,30yr Fixed,424442,2024-03-01,270,6.964,CA
LN-2024-01622,Wholesale,15yr Fixed,744154,2024-10-01,305,8.43,CA
LN-2024-01623,Wholesale,30yr Fixed,328160,2024-05-01,376,5.705,FL
LN-2024-01624,Direct,30yr Fixed,1122620,2024-12-01,289,7.537,NY
LN-2024-01625,Direct,30yr Fixed,196118,2024-09-01,325,6.19,NY
LN-2024-01626,Wholesale,15yr Fixed,593666,2024-01-01,295,7.565,CA
LN-2024-01627,Retail,15yr Fixed,162858,2024-04-01,316,7.487,FL
LN-2024-01628,Retail,30yr Fixed,739215,2024-01-01,365,8.467,FL
LN-2024-01629,Correspondent,15yr Fixed,1142671,2024-11-01,326,6.141,IL
LN-2024-01630,Direct,ARM 5/1,635026,2024-08-01,278,6.813,TX
LN-2024-01631,Retail,ARM 5/1,602769,2024-01-01,309,7.39,TX
LN-2024-01632,Retail,30yr Fixed,401834,2024-01-01,295,6.547,AZ
LN-2024-01633,Retail,30yr Fixed,1028306,2024-06-01,374,7.236,NY
LN-2024-01634,Direct,30yr Fixed,753442,2024-03-01,293,7.51,TX
LN-2024-01635,Direct,ARM 5/1,999290,2024-03-01,333,7.39,CA
LN-2024-01636,Direct,15yr Fixed,1177714,2024-09-01,297,6.517,TX
LN-2024-01637,Wholesale,30yr Fixed,399841,2024-08-01,372,7.413,FL
LN-2024-01638,Direct,ARM 5/1,976871,2024-12-01,282,8.024,FL
LN-2024-01639,Wholesale,ARM 5/1,709467,2024-04-01,360,5.894,AZ
LN-2024-01640,Direct,30yr Fixed,593161,2024-12-01,362,5.595,NY
LN-2024-01641,Correspondent,30yr Fixed,1016078,2024-03-01,304,7.438,IL
LN-2024-01642,Correspondent,30yr Fixed,250020,2024-06-01,299,6.926,FL
LN-2024-01643,Direct,30yr Fixed,911864,2024-08-01,359,7.243,CA
LN-2024-01644,Wholesale,15yr Fixed,562310,2024-12-01,323,6.222,NY
LN-2024-01645,Direct,30yr Fixed,468873,2024-11-01,307,5.847,AZ
LN-2024-01646,Wholesale,30yr Fixed,802017,2024-05-01,270,6.924,CA
LN-2024-01647,Correspondent,15yr Fixed,810316,2024-08-01,342,6.071,IL
LN-2024-01648,Retail,30yr Fixed,826825,2024-10-01,369,6.277,NY
LN-2024-01649,Retail,30yr Fixed,413409,2024-06-01,256,7.601,AZ
LN-2024-01650,Direct,15yr Fixed,458410,2024-06-01,340,7.796,CA
LN-2024-01651,Wholesale,ARM 5/1,464825,2024-06-01,282,8.488,IL
LN-2024-01652,Direct,15yr Fixed,892115,2024-09-01,253,8.298,FL
LN-2024-01653,Direct,ARM 5/1,335650,2024-10-01,255,6.349,CA
LN-2024-01654,Wholesale,30yr Fixed,1046840,2024-08-01,322,7.856,FL
LN-2024-01655,Retail,30yr Fixed,657864,2024-01-01,325,6.256,IL
LN-2024-01656,Correspondent,ARM 5/1,1023949,2024-10-01,338,8.376,IL
LN-2024-01657,Wholesale,15yr Fixed,519952,2024-04-01,324,5.678,IL
LN-2024-01658,Direct,30yr Fixed,829500,2024-11-01,370,6.972,CA
LN-2024-01659,Direct,15yr Fixed,290052,2024-07-01,253,8.084,FL
LN-2024-01660,Wholesale,ARM 5/1,646843,2024-01-01,284,8.173,FL
LN-2024-01661,Wholesale,15yr Fixed,799844,2024-09-01,368,7.396,FL
LN-2024-01662,Wholesale,30yr Fixed,205084,2024-05-01,346,7.153,AZ
LN-2024-01663,Retail,ARM 5/1,1054409,2024-01-01,308,5.697,IL
LN-2024-01664,Retail,30yr Fixed,322128,2024-12-01,375,8.114,TX
LN-2024-01665,Correspondent,30yr Fixed,521711,2024-11-01,288,5.658,AZ
LN-2024-01666,Retail,ARM 5/1,864788,2024-02-01,250,6.872,CA
LN-2024-01667,Direct,ARM 5/1,267873,2024-05-01,372,8.059,TX
LN-2024-01668,Wholesale,30yr Fixed,975959,2024-03-01,281,6.556,FL
LN-2024-01669,Wholesale,ARM 5/1,367140,2024-06-01,362,8.367,FL
LN-2024-01670,Correspondent,ARM 5/1,262561,2024-08-01,311,7.666,TX
LN-2024-01671,Retail,15yr Fixed,816440,2024-08-01,347,6.928,AZ
LN-2024-01672,Direct,30yr Fixed,1026001,2024-12-01,291,7.237,AZ
LN-2024-01673,Correspondent,ARM 5/1,671619,2024-11-01,269,7.2,CA
LN-2024-01674,Retail,ARM 5/1,1053665,2024-11-01,365,6.044,IL
LN-2024-01675,Direct,ARM 5/1,731271,2024-05-01,282,8.49,IL
LN-2024-01676,Direct,ARM 5/1,906439,2024-08-01,344,7.701,CA
LN-2024-01677,Correspondent,15yr Fixed,1016522,2024-10-01,290,6.136,IL
LN-2024-01678,Wholesale,15yr Fixed,1148857,2024-03-01,284,7.922,NY
LN-2024-01679,Direct,30yr Fixed,549176,2024-05-01,375,6.012,NY
LN-2024-01680,Wholesale,30yr Fixed,966974,2024-10-01,301,7.805,IL
LN-2024-01681,Correspondent,30yr Fixed,349487,2024-10-01,267,7.462,FL
LN-2024-01682,Retail,ARM 5/1,631720,2024-12-01,272,7.315,FL
LN-2024-01683,Retail,15yr Fixed,332970,2024-02-01,369,6.434,IL
LN-2024-01684,Direct,30yr Fixed,967885,2024-03-01,364,7.154,NY
LN-2024-01685,Wholesale,30yr Fixed,206385,2024-11-01,267,8.102,TX
LN-2024-01686,Direct,ARM 5/1,766856,2024-05-01,250,5.839,IL
LN-2024-01687,Correspondent,30yr Fixed,862887,2024-11-01,357,5.944,TX
LN-2024-01688,Correspondent,15yr Fixed,1115203,2024-07-01,333,7.121,TX
LN-2024-01689,Correspondent,30yr Fixed,814520,2024-10-01,322,6.289,AZ
LN-2024-01690,Correspondent,ARM 5/1,1066405,2024-02-01,364,6.207,IL
LN-2024-01691,Wholesale,30yr Fixed,727007,2024-12-01,378,8.112,CA
LN-2024-01692,Wholesale,30yr Fixed,579725,2024-10-01,268,6.602,NY
LN-2024-01693,Correspondent,ARM 5/1,765106,2024-12-01,286,5.791,NY
LN-2024-01694,Retail,30yr Fixed,1112177,2024-07-01,257,6.945,FL
LN-2024-01695,Direct,15yr Fixed,936579,2024-10-01,296,8.475,FL
LN-2024-01696,Wholesale,15yr Fixed,836760,2024-12-01,339,5.949,NY
LN-2024-01697,Direct,ARM 5/1,335422,2024-02-01,327,6.188,FL
LN-2024-01698,Correspondent,ARM 5/1,1031474,2024-06-01,264,7.625,AZ
LN-2024-01699,Direct,15yr Fixed,1071599,2024-06-01,338,6.908,FL
LN-2024-01700,Correspondent,15yr Fixed,399301,2024-10-01,363,5.746,FL
LN-2024-01701,Direct,ARM 5/1,1185400,2024-03-01,257,7.63,CA
LN-2024-01702,Direct,ARM 5/1,845189,2024-03-01,279,6.496,AZ
LN-2024-01703,Direct,15yr Fixed,1048177,2024-11-01,362,5.646,NY
LN-2024-01704,Wholesale,ARM 5/1,480313,2024-04-01,336,5.742,AZ
LN-2024-01705,Retail,30yr Fixed,585638,2024-09-01,274,8.15,NY
LN-2024-01706,Wholesale,15yr Fixed,503667,2024-03-01,310,7.936,TX
LN-2024-01707,Direct,15yr Fixed,625619,2024-12-01,379,7.553,IL
LN-2024-01708,Direct,30yr Fixed,1080484,2024-05-01,362,5.594,IL
LN-2024-01709,Wholesale,ARM 5/1,978688,2024-08-01,253,5.804,NY
LN-2024-01710,Retail,30yr Fixed,450380,2024-01-01,344,8.083,CA
LN-2024-01711,Direct,ARM 5/1,639060,2024-05-01,355,6.613,NY
LN-2024-01712,Direct,15yr Fixed,1037091,2024-05-01,375,6.382,AZ
LN-2024-01713,Correspondent,30yr Fixed,858965,2024-12-01,325,5.729,FL
LN-2024-01714,Direct,30yr Fixed,252643,2024-04-01,268,5.87,AZ
LN-2024-01715,Wholesale,ARM 5/1,1148766,2024-08-01,289,6.285,FL
LN-2024-01716,Direct,ARM 5/1,943720,2024-11-01,280,8.0,AZ
LN-2024-01717,Retail,ARM 5/1,222169,2024-01-01,260,6.574,AZ
LN-2024-01718,Retail,ARM 5/1,998658,2024-07-01,314,6.112,NY
LN-2024-01719,Retail,15yr Fixed,556919,2024-08-01,301,7.297,CA
LN-2024-01720,Retail,15yr Fixed,817896,2024-03-01,291,6.205,CA
LN-2024-01721,Correspondent,30yr Fixed,1095861,2024-01-01,361,7.113,TX
LN-2024-01722,Correspondent,15yr Fixed,977937,2024-05-01,258,7.515,IL
LN-2024-01723,Direct,ARM 5/1,805489,2024-04-01,356,7.356,FL
LN-2024-01724,Correspondent,15yr Fixed,755475,2024-10-01,277,7.867,CA
LN-2024-01725,Direct,ARM 5/1,1174544,2024-02-01,367,7.192,IL
LN-2024-01726,Retail,15yr Fixed,257098,2024-08-01,278,7.845,CA
LN-2024-01727,Retail,15yr Fixed,184438,2024-04-01,309,5.689,CA
LN-2024-01728,Retail,ARM 5/1,958657,2024-12-01,352,6.193,TX
LN-2024-01729,Retail,ARM 5/1,629378,2024-04-01,291,7.284,NY
LN-2024-01730,Direct,30yr Fixed,232376,2024-10-01,268,5.536,CA
LN-2024-01731,Retail,ARM 5/1,1153033,2024-04-01,338,8.073,TX
LN-2024-01732,Retail,15yr Fixed,812045,2024-11-01,380,6.001,FL
LN-2024-01733,Correspondent,30yr Fixed,589942,2024-10-01,314,6.156,CA
LN-2024-01734,Correspondent,15yr Fixed,388033,2024-09-01,321,7.507,AZ
LN-2024-01735,Correspondent,ARM 5/1,513841,2024-05-01,365,7.795,FL
LN-2024-01736,Correspondent,15yr Fixed,867037,2024-09-01,358,7.074,CA
LN-2024-01737,Wholesale,30yr Fixed,844136,2024-05-01,335,6.77,NY
LN-2024-01738,Correspondent,15yr Fixed,572169,2024-02-01,367,6.595,NY
LN-2024-01739,Correspondent,30yr Fixed,1140298,2024-09-01,267,7.068,AZ
LN-2024-01740,Retail,ARM 5/1,379987,2024-06-01,251,8.363,FL
LN-2024-01741,Retail,15yr Fixed,186306,2024-07-01,319,5.799,CA
LN-2024-01742,Wholesale,ARM 5/1,842783,2024-02-01,328,7.511,FL
LN-2024-01743,Direct,ARM 5/1,607724,2024-04-01,298,6.891,TX
LN-2024-01744,Correspondent,15yr Fixed,357971,2024-12-01,268,5.637,IL
LN-2024-01745,Wholesale,30yr Fixed,319815,2024-04-01,334,7.916,TX
LN-2024-01746,Wholesale,15yr Fixed,1143721,2024-11-01,312,5.626,TX
LN-2024-01747,Correspondent,30yr Fixed,706327,2024-10-01,343,6.035,AZ
LN-2024-01748,Wholesale,15yr Fixed,1186790,2024-07-01,277,7.508,AZ
LN-2024-01749,Retail,ARM 5/1,427699,2024-03-01,362,6.283,FL
LN-2024-01750,Retail,ARM 5/1,843626,2024-08-01,281,6.008,AZ
LN-2024-01751,Direct,15yr Fixed,296659,2024-10-01,366,7.739,TX
LN-2024-01752,Correspondent,15yr Fixed,275192,2024-10-01,306,6.819,FL
LN-2024-01753,Direct,30yr Fixed,870999,2024-02-01,349,5.783,AZ
LN-2024-01754,Correspondent,ARM 5/1,1119254,2024-08-01,333,8.043,AZ
LN-2024-01755,Direct,15yr Fixed,464291,2024-12-01,307,8.384,AZ
LN-2024-01756,Retail,15yr Fixed,620337,2024-03-01,357,8.429,CA
LN-2024-01757,Wholesale,ARM 5/1,939711,2024-05-01,280,8.183,FL
LN-2024-01758,Correspondent,15yr Fixed,730781,2024-05-01,318,6.026,IL
LN-2024-01759,Direct,ARM 5/1,271833,2024-11-01,282,6.474,CA
LN-2024-01760,Correspondent,15yr Fixed,384880,2024-02-01,286,6.261,FL
LN-2024-01761,Correspondent,30yr Fixed,673490,2024-03-01,301,7.017,CA
LN-2024-01762,Wholesale,ARM 5/1,307913,2024-10-01,264,7.648,NY
LN-2024-01763,Correspondent,30yr Fixed,750488,2024-03-01,336,7.905,NY
LN-2024-01764,Retail,30yr Fixed,611298,2024-06-01,318,5.818,CA
LN-2024-01765,Correspondent,ARM 5/1,1052151,2024-05-01,320,6.025,AZ
LN-2024-01766,Correspondent,ARM 5/1,435288,2024-04-01,378,5.715,IL
LN-2024-01767,Correspondent,ARM 5/1,828912,2024-04-01,285,5.84,FL
LN-2024-01768,Direct,15yr Fixed,934876,2024-10-01,354,7.722,FL
LN-2024-01769,Correspondent,ARM 5/1,452720,2024-07-01,327,8.351,NY
LN-2024-01770,Retail,ARM 5/1,460058,2024-09-01,331,7.779,FL
LN-2024-01771,Direct,ARM 5/1,709556,2024-05-01,357,7.187,FL
LN-2024-01772,Direct,ARM 5/1,470738,2024-10-01,267,6.134,CA
LN-2024-01773,Retail,30yr Fixed,654977,2024-06-01,250,6.139,TX
LN-2024-01774,Retail,30yr Fixed,965160,2024-06-01,324,7.426,FL
LN-2024-01775,Direct,30yr Fixed,1125682,2024-09-01,267,6.886,NY
LN-2024-01776,Correspondent,ARM 5/1,589666,2024-05-01,268,7.275,IL
LN-2024-01777,Wholesale,15yr Fixed,695112,2024-09-01,369,6.164,FL
LN-2024-01778,Direct,ARM 5/1,473687,2024-03-01,268,5.889,NY
LN-2024-01779,Wholesale,30yr Fixed,963223,2024-09-01,284,8.491,AZ
LN-2024-01780,Retail,15yr Fixed,784452,2024-11-01,274,7.956,FL
LN-2024-01781,Wholesale,15yr Fixed,503715,2024-04-01,348,5.92,IL
LN-2024-01782,Direct,ARM 5/1,166673,2024-07-01,358,6.05,NY
LN-2024-01783,Direct,15yr Fixed,155363,2024-08-01,329,7.199,FL
LN-2024-01784,Correspondent,30yr Fixed,631838,2024-11-01,333,7.947,AZ
LN-2024-01785,Wholesale,15yr Fixed,896450,2024-01-01,360,6.833,AZ
LN-2024-01786,Direct,ARM 5/1,968546,2024-12-01,310,6.361,FL
LN-2024-01787,Retail,ARM 5/1,435070,2024-06-01,280,7.287,AZ
LN-2024-01788,Wholesale,15yr Fixed,637537,2024-11-01,283,8.073,IL
LN-2024-01789,Retail,ARM 5/1,839351,2024-02-01,295,7.073,FL
LN-2024-01790,Wholesale,15yr Fixed,290952,2024-10-01,311,6.778,FL
LN-2024-01791,Retail,30yr Fixed,549128,2024-04-01,260,6.257,FL
LN-2024-01792,Retail,15yr Fixed,663921,2024-07-01,259,7.822,CA
LN-2024-01793,Correspondent,30yr Fixed,784776,2024-03-01,380,6.286,TX
LN-2024-01794,Direct,ARM 5/1,166343,2024-05-01,281,5.726,AZ
LN-2024-01795,Correspondent,ARM 5/1,1187494,2024-04-01,327,7.878,IL
LN-2024-01796,Correspondent,ARM 5/1,366359,2024-03-01,310,8.202,TX
LN-2024-01797,Correspondent,15yr Fixed,434753,2024-01-01,353,7.899,TX
LN-2024-01798,Wholesale,30yr Fixed,470641,2024-09-01,296,5.693,NY
LN-2024-01799,Wholesale,15yr Fixed,243347,2024-01-01,364,6.952,FL
LN-2024-01800,Wholesale,15yr Fixed,435946,2024-09-01,275,8.372,FL
LN-2024-01801,Direct,ARM 5/1,1135701,2024-09-01,308,5.543,AZ
LN-2024-01802,Correspondent,ARM 5/1,890386,2024-08-01,290,6.105,CA
LN-2024-01803,Correspondent,30yr Fixed,508453,2024-04-01,271,7.017,CA
LN-2024-01804,Direct,30yr Fixed,247943,2024-03-01,346,8.5,CA
LN-2024-01805,Correspondent,ARM 5/1,1009098,2024-10-01,349,7.414,AZ
LN-2024-01806,Correspondent,ARM 5/1,1169188,2024-02-01,364,7.449,IL
LN-2024-01807,Wholesale,30yr Fixed,920453,2024-07-01,318,8.242,IL
LN-2024-01808,Retail,30yr Fixed,358078,2024-10-01,320,7.989,TX
LN-2024-01809,Wholesale,ARM 5/1,1111620,2024-04-01,271,7.485,AZ
LN-2024-01810,Correspondent,15yr Fixed,428191,2024-04-01,297,7.504,IL
LN-2024-01811,Retail,ARM 5/1,228169,2024-05-01,334,8.078,TX
LN-2024-01812,Direct,ARM 5/1,679291,2024-08-01,335,5.756,FL
LN-2024-01813,Correspondent,30yr Fixed,908591,2024-01-01,309,6.553,CA
LN-2024-01814,Wholesale,15yr Fixed,1128955,2024-10-01,252,7.187,FL
LN-2024-01815,Wholesale,30yr Fixed,890865,2024-04-01,258,6.362,CA
LN-2024-01816,Retail,15yr Fixed,245306,2024-01-01,288,6.071,TX
LN-2024-01817,Wholesale,30yr Fixed,547250,2024-06-01,287,6.274,AZ
LN-2024-01818,Correspondent,15yr Fixed,932743,2024-08-01,269,6.963,CA
LN-2024-01819,Direct,ARM 5/1,1081573,2024-07-01,273,7.803,NY
LN-2024-01820,Correspondent,ARM 5/1,160023,2024-05-01,270,6.681,TX
LN-2024-01821,Wholesale,ARM 5/1,940853,2024-07-01,268,7.543,NY
LN-2024-01822,Wholesale,ARM 5/1,375903,2024-07-01,344,5.938,TX
LN-2024-01823,Retail,15yr Fixed,508075,2024-09-01,323,6.442,FL
LN-2024-01824,Wholesale,30yr Fixed,749943,2024-10-01,267,6.026,IL
LN-2024-01825,Correspondent,15yr Fixed,970219,2024-05-01,315,5.999,AZ
LN-2024-01826,Retail,30yr Fixed,407035,2024-04-01,312,6.489,FL
LN-2024-01827,Direct,15yr Fixed,1152573,2024-02-01,362,8.435,TX
LN-2024-01828,Direct,15yr Fixed,1137978,2024-08-01,267,5.969,CA
LN-2024-01829,Direct,30yr Fixed,727804,2024-01-01,262,8.027,AZ
LN-2024-01830,Wholesale,30yr Fixed,652062,2024-04-01,377,7.904,TX
LN-2024-01831,Direct,30yr Fixed,715512,2024-06-01,264,5.614,IL
LN-2024-01832,Retail,ARM 5/1,1112076,2024-10-01,298,8.13,IL
LN-2024-01833,Wholesale,15yr Fixed,282763,2024-08-01,256,8.4,NY
LN-2024-01834,Direct,30yr Fixed,1142483,2024-10-01,368,6.866,AZ
LN-2024-01835,Correspondent,15yr Fixed,258139,2024-06-01,337,7.751,IL
LN-2024-01836,Wholesale,15yr Fixed,729455,2024-01-01,357,7.77,NY
LN-2024-01837,Correspondent,ARM 5/1,1023790,2024-05-01,346,6.896,IL
LN-2024-01838,Retail,15yr Fixed,654060,2024-10-01,320,8.114,IL
LN-2024-01839,Correspondent,30yr Fixed,1049300,2024-07-01,253,7.881,IL
LN-2024-01840,Correspondent,30yr Fixed,292424,2024-01-01,270,5.758,TX
LN-2024-01841,Wholesale,30yr Fixed,488155,2024-02-01,360,8.14,FL
LN-2024-01842,Retail,ARM 5/1,750218,2024-08-01,290,8.171,CA
LN-2024-01843,Wholesale,15yr Fixed,159044,2024-10-01,301,7.851,CA
LN-2024-01844,Correspondent,15yr Fixed,396004,2024-07-01,331,7.971,AZ
LN-2024-01845,Retail,15yr Fixed,653562,2024-12-01,371,5.8,IL
LN-2024-01846,Wholesale,ARM 5/1,719363,2024-09-01,345,8.039,IL
LN-2024-01847,Direct,15yr Fixed,364434,2024-03-01,362,5.973,IL
LN-2024-01848,Direct,ARM 5/1,1045393,2024-09-01,264,7.284,NY
LN-2024-01849,Direct,ARM 5/1,565745,2024-11-01,302,6.477,IL
LN-2024-01850,Correspondent,15yr Fixed,684833,2024-06-01,375,5.979,IL
LN-2024-01851,Direct,ARM 5/1,884646,2024-01-01,323,6.083,FL
LN-2024-01852,Direct,15yr Fixed,495443,2024-02-01,344,6.108,IL
LN-2024-01853,Retail,30yr Fixed,489815,2024-07-01,299,5.736,AZ
LN-2024-01854,Retail,15yr Fixed,189992,2024-03-01,334,8.11,CA
LN-2024-01855,Correspondent,30yr Fixed,1144720,2024-03-01,351,7.224,CA
LN-2024-01856,Retail,30yr Fixed,903387,2024-08-01,307,5.742,AZ
LN-2024-01857,Correspondent,15yr Fixed,677074,2024-07-01,366,5.5,NY
LN-2024-01858,Wholesale,30yr Fixed,941940,2024-04-01,260,5.993,IL
LN-2024-01859,Correspondent,ARM 5/1,999098,2024-05-01,358,7.588,FL
LN-2024-01860,Correspondent,15yr Fixed,389586,2024-09-01,343,7.839,AZ
LN-2024-01861,Retail,ARM 5/1,598434,2024-05-01,351,7.934,NY
LN-2024-01862,Retail,ARM 5/1,395014,2024-09-01,300,6.162,NY
LN-2024-01863,Correspondent,30yr Fixed,540077,2024-04-01,252,5.653,CA
LN-2024-01864,Direct,30yr Fixed,599603,2024-07-01,360,8.183,IL
LN-2024-01865,Direct,ARM 5/1,313851,2024-10-01,370,7.495,FL
LN-2024-01866,Retail,15yr Fixed,1009685,2024-03-01,288,6.935,FL
LN-2024-01867,Wholesale,30yr Fixed,928796,2024-01-01,361,7.609,IL
LN-2024-01868,Correspondent,30yr Fixed,409986,2024-12-01,359,8.457,IL
LN-2024-01869,Retail,ARM 5/1,1068697,2024-02-01,331,7.222,TX
LN-2024-01870,Wholesale,ARM 5/1,455158,2024-04-01,262,8.304,IL
LN-2024-01871,Wholesale,15yr Fixed,1003508,2024-01-01,331,5.576,CA
LN-2024-01872,Wholesale,15yr Fixed,1034496,2024-08-01,327,6.05,IL
LN-2024-01873,Direct,ARM 5/1,170255,2024-01-01,337,6.851,AZ
LN-2024-01874,Wholesale,15yr Fixed,291838,2024-02-01,276,6.86,IL
LN-2024-01875,Correspondent,30yr Fixed,950281,2024-05-01,357,7.684,NY
LN-2024-01876,Direct,ARM 5/1,1151521,2024-10-01,338,7.163,FL
LN-2024-01877,Direct,15yr Fixed,562004,2024-01-01,371,6.832,AZ
LN-2024-01878,Retail,ARM 5/1,189323,2024-02-01,372,6.122,CA
LN-2024-01879,Wholesale,ARM 5/1,1197317,2024-11-01,280,5.63,TX
LN-2024-01880,Direct,ARM 5/1,1084981,2024-05-01,250,5.942,TX
LN-2024-01881,Retail,15yr Fixed,355628,2024-09-01,357,8.406,AZ
LN-2024-01882,Correspondent,ARM 5/1,192690,2024-02-01,253,8.311,NY
LN-2024-01883,Retail,30yr Fixed,414788,2024-05-01,316,7.743,NY
LN-2024-01884,Retail,15yr Fixed,326526,2024-11-01,357,8.272,IL
LN-2024-01885,Direct,30yr Fixed,1131857,2024-03-01,352,7.46,CA
LN-2024-01886,Wholesale,ARM 5/1,1162911,2024-09-01,365,6.237,IL
LN-2024-01887,Correspondent,30yr Fixed,352301,2024-09-01,305,8.056,TX
LN-2024-01888,Correspondent,ARM 5/1,542936,2024-02-01,267,7.538,AZ
LN-2024-01889,Direct,30yr Fixed,1190333,2024-10-01,262,8.418,FL
LN-2024-01890,Direct,ARM 5/1,273144,2024-05-01,327,6.645,CA
LN-2024-01891,Correspondent,15yr Fixed,963407,2024-04-01,271,6.679,NY
LN-2024-01892,Correspondent,15yr Fixed,894441,2024-11-01,251,7.96,NY
LN-2024-01893,Retail,30yr Fixed,1198114,2024-12-01,261,6.329,NY
LN-2024-01894,Correspondent,30yr Fixed,503170,2024-01-01,284,6.939,CA
LN-2024-01895,Retail,15yr Fixed,243821,2024-09-01,326,7.051,IL
LN-2024-01896,Direct,ARM 5/1,196701,2024-07-01,324,5.652,IL
LN-2024-01897,Direct,15yr Fixed,489716,2024-09-01,344,6.072,AZ
LN-2024-01898,Wholesale,ARM 5/1,770253,2024-04-01,272,6.77,IL
LN-2024-01899,Wholesale,ARM 5/1,979395,2024-02-01,335,6.292,TX
LN-2024-01900,Retail,30yr Fixed,568043,2024-06-01,321,5.831,FL
LN-2024-01901,Direct,30yr Fixed,222431,2024-08-01,265,8.17,TX
LN-2024-01902,Retail,30yr Fixed,472951,2024-03-01,343,8.481,CA
LN-2024-01903,Wholesale,ARM 5/1,1134048,2024-04-01,365,7.58,NY
LN-2024-01904,Wholesale,30yr Fixed,384595,2024-03-01,290,7.721,NY
LN-2024-01905,Direct,15yr Fixed,1063405,2024-10-01,326,8.161,TX
LN-2024-01906,Direct,ARM 5/1,960333,2024-01-01,262,7.848,AZ
LN-2024-01907,Retail,ARM 5/1,724694,2024-12-01,262,6.901,AZ
LN-2024-01908,Wholesale,ARM 5/1,689425,2024-05-01,296,6.241,AZ
LN-2024-01909,Retail,15yr Fixed,922419,2024-01-01,377,7.521,AZ
LN-2024-01910,Retail,ARM 5/1,160221,2024-11-01,375,6.812,FL
LN-2024-01911,Correspondent,15yr Fixed,748430,2024-11-01,322,6.021,AZ
LN-2024-01912,Direct,ARM 5/1,373364,2024-06-01,366,8.26,IL
LN-2024-01913,Direct,15yr Fixed,825801,2024-12-01,359,7.773,FL
LN-2024-01914,Direct,30yr Fixed,905594,2024-11-01,348,5.71,CA
LN-2024-01915,Correspondent,30yr Fixed,476383,2024-12-01,355,7.223,FL
LN-2024-01916,Correspondent,ARM 5/1,856793,2024-03-01,360,7.37,NY
LN-2024-01917,Retail,15yr Fixed,903606,2024-07-01,333,7.071,FL
LN-2024-01918,Retail,ARM 5/1,911635,2024-03-01,331,8.028,AZ
LN-2024-01919,Correspondent,ARM 5/1,901130,2024-01-01,252,6.119,TX
LN-2024-01920,Retail,15yr Fixed,843836,2024-08-01,289,8.39,NY
LN-2024-01921,Direct,30yr Fixed,151339,2024-12-01,357,7.346,FL
LN-2024-01922,Correspondent,15yr Fixed,1183592,2024-06-01,322,8.043,CA
LN-2024-01923,Correspondent,15yr Fixed,752082,2024-02-01,279,7.867,IL
LN-2024-01924,Direct,15yr Fixed,1041900,2024-04-01,307,5.82,FL
LN-2024-01925,Correspondent,15yr Fixed,1152618,2024-04-01,276,7.6,IL
LN-2024-01926,Wholesale,30yr Fixed,642172,2024-03-01,292,6.098,IL
LN-2024-01927,Direct,ARM 5/1,1106525,2024-12-01,277,6.459,NY
LN-2024-01928,Wholesale,30yr Fixed,628949,2024-08-01,364,8.375,NY
LN-2024-01929,Wholesale,ARM 5/1,1088004,2024-11-01,259,7.362,AZ
LN-2024-01930,Retail,ARM 5/1,1005462,2024-03-01,280,7.443,TX
LN-2024-01931,Correspondent,ARM 5/1,978730,2024-09-01,359,6.962,NY
LN-2024-01932,Correspondent,15yr Fixed,351484,2024-06-01,301,6.614,IL
LN-2024-01933,Wholesale,15yr Fixed,1181933,2024-12-01,275,5.692,AZ
LN-2024-01934,Retail,15yr Fixed,470665,2024-11-01,378,7.977,CA
LN-2024-01935,Direct,30yr Fixed,189176,2024-04-01,264,6.444,FL
LN-2024-01936,Wholesale,15yr Fixed,700516,2024-01-01,356,5.871,FL
LN-2024-01937,Wholesale,30yr Fixed,701811,2024-01-01,379,5.826,TX
LN-2024-01938,Direct,30yr Fixed,698684,2024-06-01,343,6.525,TX
LN-2024-01939,Direct,ARM 5/1,992697,2024-01-01,293,6.806,IL
LN-2024-01940,Wholesale,15yr Fixed,837155,2024-08-01,279,7.4,CA
LN-2024-01941,Wholesale,ARM 5/1,209285,2024-11-01,326,8.378,FL
LN-2024-01942,Retail,15yr Fixed,395729,2024-01-01,263,8.342,NY
LN-2024-01943,Correspondent,ARM 5/1,891655,2024-03-01,342,7.801,NY
LN-2024-01944,Retail,ARM 5/1,861807,2024-12-01,324,8.025,TX
LN-2024-01945,Retail,15yr Fixed,628415,2024-04-01,293,5.706,IL
LN-2024-01946,Wholesale,15yr Fixed,837485,2024-07-01,312,6.87,NY
LN-2024-01947,Correspondent,ARM 5/1,461124,2024-08-01,300,6.95,AZ
LN-2024-01948,Correspondent,30yr Fixed,689796,2024-11-01,318,7.78,IL
LN-2024-01949,Direct,30yr Fixed,602484,2024-06-01,297,6.125,AZ
LN-2024-01950,Correspondent,30yr Fixed,943127,2024-10-01,284,5.783,AZ
LN-2024-01951,Correspondent,ARM 5/1,531748,2024-02-01,298,7.366,IL
LN-2024-01952,Retail,ARM 5/1,1001501,2024-11-01,285,5.86,TX
LN-2024-01953,Direct,30yr Fixed,1097373,2024-07-01,350,7.419,NY
LN-2024-01954,Direct,15yr Fixed,661352,2024-07-01,373,6.375,CA
LN-2024-01955,Direct,ARM 5/1,538552,2024-08-01,320,5.621,CA
LN-2024-01956,Wholesale,30yr Fixed,190015,2024-05-01,368,7.389,AZ
LN-2024-01957,Wholesale,15yr Fixed,564254,2024-02-01,291,5.998,TX
LN-2024-01958,Direct,30yr Fixed,429128,2024-10-01,342,7.938,TX
LN-2024-01959,Retail,30yr Fixed,362566,2024-04-01,315,7.072,IL
LN-2024-01960,Wholesale,30yr Fixed,568027,2024-04-01,279,5.685,CA
LN-2024-01961,Wholesale,15yr Fixed,318319,2024-05-01,269,6.526,FL
LN-2024-01962,Direct,ARM 5/1,1112468,2024-01-01,370,6.632,FL
LN-2024-01963,Direct,15yr Fixed,703423,2024-03-01,346,7.235,CA
LN-2024-01964,Correspondent,15yr Fixed,329850,2024-02-01,345,7.792,CA
LN-2024-01965,Wholesale,15yr Fixed,442456,2024-03-01,335,7.847,NY
LN-2024-01966,Wholesale,15yr Fixed,238277,2024-02-01,283,6.812,AZ
LN-2024-01967,Retail,15yr Fixed,520877,2024-09-01,330,6.651,FL
LN-2024-01968,Retail,30yr Fixed,510337,2024-04-01,250,6.321,FL
LN-2024-01969,Correspondent,30yr Fixed,309374,2024-07-01,352,8.452,IL
LN-2024-01970,Correspondent,15yr Fixed,1030199,2024-07-01,305,8.311,CA
LN-2024-01971,Direct,ARM 5/1,527708,2024-06-01,318,5.54,IL
LN-2024-01972,Wholesale,30yr Fixed,337266,2024-01-01,328,7.119,AZ
LN-2024-01973,Correspondent,15yr Fixed,178292,2024-02-01,284,7.78,FL
LN-2024-01974,Direct,ARM 5/1,1052759,2024-03-01,262,7.287,TX
LN-2024-01975,Correspondent,ARM 5/1,657059,2024-02-01,377,8.101,AZ
LN-2024-01976,Direct,15yr Fixed,263549,2024-05-01,321,7.154,AZ
LN-2024-01977,Retail,15yr Fixed,848289,2024-05-01,258,7.962,TX
LN-2024-01978,Wholesale,30yr Fixed,1094276,2024-07-01,302,6.521,NY
LN-2024-01979,Retail,ARM 5/1,476693,2024-08-01,340,7.585,CA
LN-2024-01980,Retail,15yr Fixed,1186533,2024-12-01,361,5.674,IL
LN-2024-01981,Correspondent,30yr Fixed,213540,2024-12-01,251,5.895,FL
LN-2024-01982,Wholesale,ARM 5/1,773999,2024-07-01,309,8.356,FL
LN-2024-01983,Correspondent,15yr Fixed,1181911,2024-03-01,270,7.244,TX
LN-2024-01984,Wholesale,15yr Fixed,543830,2024-05-01,358,5.852,TX
LN-2024-01985,Correspondent,ARM 5/1,1088449,2024-11-01,318,6.919,FL
LN-2024-01986,Wholesale,30yr Fixed,212418,2024-03-01,278,6.279,AZ
LN-2024-01987,Correspondent,ARM 5/1,603253,2024-05-01,318,6.41,FL
LN-2024-01988,Retail,15yr Fixed,820457,2024-01-01,263,5.89,IL
LN-2024-01989,Retail,15yr Fixed,213453,2024-10-01,292,8.336,NY
LN-2024-01990,Wholesale,15yr Fixed,831187,2024-04-01,372,5.573,CA
LN-2024-01991,Retail,30yr Fixed,810980,2024-10-01,290,7.585,IL
LN-2024-01992,Wholesale,15yr Fixed,673252,2024-11-01,310,5.694,CA
LN-2024-01993,Wholesale,15yr Fixed,823743,2024-01-01,304,8.46,NY
LN-2024-01994,Retail,15yr Fixed,743645,2024-08-01,346,8.469,TX
LN-2024-01995,Correspondent,ARM 5/1,1189242,2024-03-01,322,7.686,TX
LN-2024-01996,Correspondent,15yr Fixed,852449,2024-08-01,374,7.027,FL
LN-2024-01997,Retail,15yr Fixed,916986,2024-04-01,374,6.952,CA
LN-2024-01998,Correspondent,30yr Fixed,769517,2024-05-01,254,6.764,CA
LN-2024-01999,Direct,ARM 5/1,987139,2024-03-01,271,5.515,FL
LN-2024-02000,Direct,30yr Fixed,370904,2024-08-01,303,7.121,TX
LN-2024-02001,Correspondent,30yr Fixed,350657,2024-07-01,308,6.697,AZ
LN-2024-02002,Wholesale,ARM 5/1,1153919,2024-12-01,282,8.321,TX
LN-2024-02003,Retail,ARM 5/1,204338,2024-07-01,362,8.198,AZ
LN-2024-02004,Direct,30yr Fixed,628955,2024-09-01,300,7.073,NY
LN-2024-02005,Correspondent,15yr Fixed,1037510,2024-09-01,288,7.336,FL
LN-2024-02006,Direct,30yr Fixed,417572,2024-02-01,367,6.666,AZ
LN-2024-02007,Direct,15yr Fixed,957332,2024-03-01,331,7.047,AZ
LN-2024-02008,Direct,30yr Fixed,365994,2024-06-01,354,6.809,FL
LN-2024-02009,Direct,ARM 5/1,238478,2024-06-01,322,7.092,CA
LN-2024-02010,Correspondent,30yr Fixed,702390,2024-01-01,277,5.876,NY
LN-2024-02011,Retail,ARM 5/1,874005,2024-05-01,301,7.586,IL
LN-2024-02012,Direct,30yr Fixed,666482,2024-11-01,272,7.571,FL
LN-2024-02013,Wholesale,30yr Fixed,724072,2024-08-01,353,8.155,IL
LN-2024-02014,Correspondent,15yr Fixed,908193,2024-08-01,322,6.276,CA
LN-2024-02015,Retail,30yr Fixed,1182423,2024-09-01,369,7.14,TX
LN-2024-02016,Wholesale,15yr Fixed,1101352,2024-06-01,320,7.528,IL
LN-2024-02017,Wholesale,15yr Fixed,417933,2024-10-01,294,6.837,CA
LN-2024-02018,Retail,15yr Fixed,864991,2024-03-01,325,6.399,NY
LN-2024-02019,Retail,ARM 5/1,905386,2024-11-01,315,6.211,NY
LN-2024-02020,Correspondent,30yr Fixed,742335,2024-04-01,256,8.326,NY
LN-2024-02021,Direct,15yr Fixed,1017238,2024-10-01,340,7.185,IL
LN-2024-02022,Correspondent,15yr Fixed,448369,2024-02-01,339,6.645,FL
LN-2024-02023,Wholesale,ARM 5/1,1114627,2024-05-01,257,7.401,NY
LN-2024-02024,Wholesale,ARM 5/1,398636,2024-07-01,328,6.017,TX
LN-2024-02025,Direct,30yr Fixed,573897,2024-05-01,351,7.508,IL
LN-2024-02026,Retail,ARM 5/1,459234,2024-04-01,360,5.884,IL
LN-2024-02027,Wholesale,30yr Fixed,596767,2024-10-01,327,8.472,CA
LN-2024-02028,Correspondent,30yr Fixed,166952,2024-06-01,269,7.145,IL
LN-2024-02029,Direct,15yr Fixed,1030693,2024-08-01,355,8.438,CA
LN-2024-02030,Direct,ARM 5/1,677373,2024-05-01,290,6.138,FL
LN-2024-02031,Direct,ARM 5/1,861676,2024-09-01,326,5.86,FL
LN-2024-02032,Direct,15yr Fixed,761447,2024-04-01,343,6.597,FL
LN-2024-02033,Wholesale,15yr Fixed,690787,2024-08-01,288,5.828,FL
LN-2024-02034,Direct,ARM 5/1,341699,2024-01-01,376,7.395,IL
LN-2024-02035,Retail,30yr Fixed,757882,2024-11-01,348,8.058,IL
LN-2024-02036,Correspondent,15yr Fixed,615156,2024-08-01,277,8.319,AZ
LN-2024-02037,Retail,ARM 5/1,499828,2024-11-01,373,6.82,TX
LN-2024-02038,Retail,30yr Fixed,465741,2024-02-01,342,7.192,NY
LN-2024-02039,Wholesale,15yr Fixed,219144,2024-10-01,312,7.206,CA
LN-2024-02040,Retail,30yr Fixed,994951,2024-06-01,284,6.103,NY
LN-2024-02041,Correspondent,ARM 5/1,728835,2024-10-01,304,7.719,CA
LN-2024-02042,Retail,ARM 5/1,257709,2024-02-01,323,8.337,AZ
LN-2024-02043,Retail,15yr Fixed,309792,2024-12-01,310,5.594,NY
LN-2024-02044,Direct,15yr Fixed,290740,2024-02-01,262,6.807,NY
LN-2024-02045,Correspondent,15yr Fixed,299469,2024-08-01,259,7.623,CA
LN-2024-02046,Correspondent,ARM 5/1,747216,2024-03-01,333,5.785,AZ
LN-2024-02047,Direct,ARM 5/1,410912,2024-04-01,298,6.142,FL
LN-2024-02048,Retail,15yr Fixed,580316,2024-08-01,327,6.929,TX
LN-2024-02049,Wholesale,30yr Fixed,587894,2024-08-01,285,6.886,AZ
LN-2024-02050,Direct,30yr Fixed,471301,2024-12-01,302,6.051,AZ
LN-2024-02051,Retail,15yr Fixed,534897,2024-10-01,273,5.622,IL
LN-2024-02052,Correspondent,30yr Fixed,327980,2024-03-01,283,8.095,CA
LN-2024-02053,Retail,ARM 5/1,388858,2024-05-01,370,7.298,FL
LN-2024-02054,Wholesale,30yr Fixed,1059138,2024-06-01,343,7.819,CA
LN-2024-02055,Direct,ARM 5/1,529351,2024-03-01,268,7.722,TX
LN-2024-02056,Wholesale,30yr Fixed,594254,2024-01-01,329,6.18,AZ
LN-2024-02057,Retail,30yr Fixed,395241,2024-01-01,360,5.842,TX
LN-2024-02058,Wholesale,30yr Fixed,1121876,2024-03-01,351,8.222,AZ
LN-2024-02059,Wholesale,30yr Fixed,939376,2024-11-01,315,6.5,NY
LN-2024-02060,Wholesale,ARM 5/1,343563,2024-10-01,299,6.229,AZ
LN-2024-02061,Direct,30yr Fixed,1079730,2024-05-01,267,6.327,TX
LN-2024-02062,Correspondent,ARM 5/1,386714,2024-03-01,379,7.259,NY
LN-2024-02063,Retail,ARM 5/1,837913,2024-02-01,333,7.595,IL
LN-2024-02064,Retail,15yr Fixed,303941,2024-08-01,260,7.627,TX
LN-2024-02065,Wholesale,15yr Fixed,197698,2024-02-01,289,6.354,TX
LN-2024-02066,Retail,30yr Fixed,730813,2024-01-01,371,6.232,FL
LN-2024-02067,Correspondent,30yr Fixed,732269,2024-12-01,351,7.39,FL
LN-2024-02068,Direct,ARM 5/1,362776,2024-11-01,257,6.193,CA
LN-2024-02069,Wholesale,30yr Fixed,323090,2024-09-01,260,7.614,CA
LN-2024-02070,Correspondent,30yr Fixed,346102,2024-11-01,260,8.414,IL
LN-2024-02071,Retail,ARM 5/1,955089,2024-03-01,331,7.128,FL
LN-2024-02072,Direct,30yr Fixed,774165,2024-06-01,372,7.448,TX
LN-2024-02073,Retail,15yr Fixed,1145823,2024-11-01,314,7.806,FL
LN-2024-02074,Retail,15yr Fixed,628273,2024-08-01,356,7.024,TX
LN-2024-02075,Correspondent,15yr Fixed,931858,2024-07-01,349,5.526,NY
LN-2024-02076,Retail,ARM 5/1,722084,2024-05-01,277,7.024,IL
LN-2024-02077,Direct,15yr Fixed,565055,2024-02-01,295,7.197,IL
LN-2024-02078,Direct,30yr Fixed,423272,2024-12-01,257,7.168,TX
LN-2024-02079,Correspondent,ARM 5/1,1184170,2024-06-01,380,6.905,NY
LN-2024-02080,Direct,15yr Fixed,370498,2024-05-01,368,6.792,TX
LN-2024-02081,Wholesale,15yr Fixed,774357,2024-10-01,273,7.609,AZ
LN-2024-02082,Direct,15yr Fixed,765132,2024-06-01,372,8.42,FL
LN-2024-02083,Correspondent,30yr Fixed,177475,2024-06-01,316,7.149,FL
LN-2024-02084,Direct,15yr Fixed,312913,2024-02-01,335,7.764,AZ
LN-2024-02085,Correspondent,30yr Fixed,410544,2024-11-01,345,7.258,NY
LN-2024-02086,Retail,ARM 5/1,1100518,2024-07-01,325,7.096,NY
LN-2024-02087,Direct,30yr Fixed,308034,2024-11-01,262,7.02,TX
LN-2024-02088,Wholesale,15yr Fixed,784566,2024-09-01,363,7.103,IL
LN-2024-02089,Retail,30yr Fixed,1039413,2024-05-01,368,8.31,NY
LN-2024-02090,Correspondent,ARM 5/1,296781,2024-03-01,269,6.421,TX
LN-2024-02091,Retail,30yr Fixed,428806,2024-03-01,315,5.943,TX
LN-2024-02092,Correspondent,15yr Fixed,610932,2024-11-01,283,5.867,AZ
LN-2024-02093,Retail,30yr Fixed,183324,2024-08-01,360,6.907,CA
LN-2024-02094,Wholesale,ARM 5/1,638815,2024-01-01,328,5.688,FL
LN-2024-02095,Retail,30yr Fixed,259887,2024-05-01,315,6.214,TX
LN-2024-02096,Retail,ARM 5/1,798868,2024-11-01,380,6.361,IL
LN-2024-02097,Wholesale,15yr Fixed,287117,2024-09-01,309,8.441,IL
LN-2024-02098,Direct,15yr Fixed,1129818,2024-02-01,358,6.848,CA
LN-2024-02099,Direct,30yr Fixed,625461,2024-02-01,314,7.093,AZ
LN-2024-02100,Direct,ARM 5/1,653015,2024-11-01,325,6.512,CA
LN-2024-02101,Retail,30yr Fixed,883200,2024-12-01,306,8.17,NY
LN-2024-02102,Retail,15yr Fixed,1039919,2024-11-01,312,6.716,FL
LN-2024-02103,Wholesale,30yr Fixed,394349,2024-12-01,290,5.809,CA
LN-2024-02104,Correspondent,ARM 5/1,997459,2024-05-01,300,6.408,FL
LN-2024-02105,Wholesale,30yr Fixed,564603,2024-02-01,283,6.487,IL
LN-2024-02106,Retail,15yr Fixed,520304,2024-04-01,301,8.233,FL
LN-2024-02107,Correspondent,15yr Fixed,884328,2024-06-01,280,7.48,NY
LN-2024-02108,Correspondent,30yr Fixed,837800,2024-07-01,272,7.374,AZ
LN-2024-02109,Retail,30yr Fixed,518256,2024-05-01,331,6.898,TX
LN-2024-02110,Correspondent,30yr Fixed,812991,2024-11-01,341,8.075,CA
LN-2024-02111,Wholesale,ARM 5/1,183275,2024-12-01,332,7.529,NY
LN-2024-02112,Wholesale,15yr Fixed,631343,2024-03-01,318,8.009,FL
LN-2024-02113,Retail,30yr Fixed,298077,2024-05-01,265,7.25,NY
LN-2024-02114,Direct,15yr Fixed,606140,2024-05-01,289,6.07,FL
LN-2024-02115,Retail,15yr Fixed,171105,2024-10-01,380,8.337,CA
LN-2024-02116,Retail,30yr Fixed,1184602,2024-01-01,279,7.987,TX
LN-2024-02117,Wholesale,30yr Fixed,326686,2024-04-01,256,6.18,NY
LN-2024-02118,Retail,ARM 5/1,661712,2024-06-01,334,8.27,AZ
LN-2024-02119,Wholesale,30yr Fixed,473389,2024-07-01,368,7.642,FL
LN-2024-02120,Correspondent,30yr Fixed,911052,2024-01-01,341,8.103,NY
LN-2024-02121,Wholesale,30yr Fixed,1151222,2024-11-01,322,6.187,IL
LN-2024-02122,Correspondent,30yr Fixed,688323,2024-07-01,266,7.435,IL
LN-2024-02123,Direct,ARM 5/1,1005448,2024-10-01,278,8.348,CA
LN-2024-02124,Direct,ARM 5/1,490083,2024-03-01,334,7.743,FL
LN-2024-02125,Wholesale,30yr Fixed,490375,2024-05-01,329,6.554,IL
LN-2024-02126,Retail,15yr Fixed,1156139,2024-01-01,353,7.68,CA
LN-2024-02127,Correspondent,30yr Fixed,372169,2024-02-01,313,5.913,IL
LN-2024-02128,Retail,ARM 5/1,806425,2024-09-01,282,7.166,CA
LN-2024-02129,Direct,15yr Fixed,1060999,2024-03-01,271,6.18,AZ
LN-2024-02130,Direct,ARM 5/1,443120,2024-01-01,348,8.416,IL
LN-2024-02131,Retail,30yr Fixed,175474,2024-12-01,310,7.449,NY
LN-2024-02132,Wholesale,30yr Fixed,154824,2024-12-01,287,6.344,NY
LN-2024-02133,Correspondent,15yr Fixed,454933,2024-01-01,266,6.152,CA
LN-2024-02134,Wholesale,30yr Fixed,882432,2024-06-01,267,7.443,IL
LN-2024-02135,Wholesale,15yr Fixed,328030,2024-09-01,378,7.521,CA
LN-2024-02136,Retail,ARM 5/1,650809,2024-06-01,367,7.289,CA
LN-2024-02137,Correspondent,30yr Fixed,840638,2024-10-01,282,5.86,IL
LN-2024-02138,Wholesale,ARM 5/1,726409,2024-11-01,367,6.839,AZ
LN-2024-02139,Correspondent,15yr Fixed,804254,2024-08-01,296,8.175,FL
LN-2024-02140,Wholesale,30yr Fixed,264364,2024-07-01,378,6.385,IL
LN-2024-02141,Retail,15yr Fixed,450006,2024-07-01,262,6.312,NY
LN-2024-02142,Retail,30yr Fixed,311748,2024-02-01,266,6.467,CA
LN-2024-02143,Wholesale,15yr Fixed,1047392,2024-11-01,313,7.62,NY
LN-2024-02144,Correspondent,ARM 5/1,411529,2024-01-01,262,8.059,NY
LN-2024-02145,Direct,ARM 5/1,616488,2024-07-01,285,6.472,TX
LN-2024-02146,Retail,ARM 5/1,1027422,2024-10-01,270,8.44,CA
LN-2024-02147,Correspondent,15yr Fixed,973444,2024-05-01,348,5.672,TX
LN-2024-02148,Correspondent,ARM 5/1,719667,2024-02-01,341,8.175,FL
LN-2024-02149,Direct,15yr Fixed,640650,2024-02-01,336,8.185,AZ
LN-2024-02150,Retail,15yr Fixed,409303,2024-09-01,359,8.276,FL
LN-2024-02151,Wholesale,ARM 5/1,341967,2024-10-01,320,7.09,IL
LN-2024-02152,Retail,ARM 5/1,810204,2024-01-01,290,6.797,TX
LN-2024-02153,Retail,15yr Fixed,405249,2024-11-01,287,7.839,FL
LN-2024-02154,Direct,15yr Fixed,435329,2024-12-01,301,8.029,IL
LN-2024-02155,Correspondent,15yr Fixed,750329,2024-04-01,290,7.662,NY
LN-2024-02156,Wholesale,30yr Fixed,458495,2024-10-01,296,8.465,CA
LN-2024-02157,Direct,ARM 5/1,1169398,2024-12-01,297,7.982,AZ
LN-2024-02158,Correspondent,15yr Fixed,904298,2024-07-01,364,6.419,CA
LN-2024-02159,Wholesale,30yr Fixed,1111406,2024-12-01,287,7.37,FL
LN-2024-02160,Direct,30yr Fixed,458247,2024-04-01,375,6.145,NY
LN-2024-02161,Correspondent,15yr Fixed,635856,2024-11-01,302,8.145,FL
LN-2024-02162,Retail,ARM 5/1,1144732,2024-04-01,368,7.248,CA
LN-2024-02163,Wholesale,30yr Fixed,286367,2024-12-01,311,7.764,TX
LN-2024-02164,Correspondent,ARM 5/1,846486,2024-06-01,271,8.296,FL
LN-2024-02165,Direct,30yr Fixed,169639,2024-09-01,288,6.389,TX
LN-2024-02166,Retail,15yr Fixed,982648,2024-01-01,324,5.98,TX
LN-2024-02167,Direct,30yr Fixed,796617,2024-11-01,378,5.741,NY
LN-2024-02168,Wholesale,15yr Fixed,1004954,2024-08-01,317,7.265,CA
LN-2024-02169,Correspondent,ARM 5/1,1189811,2024-09-01,352,7.065,CA
LN-2024-02170,Correspondent,15yr Fixed,962664,2024-06-01,272,7.403,TX
LN-2024-02171,Wholesale,15yr Fixed,452707,2024-03-01,370,6.761,CA
LN-2024-02172,Direct,30yr Fixed,257286,2024-07-01,350,7.776,CA
LN-2024-02173,Retail,ARM 5/1,433829,2024-06-01,330,7.171,IL
LN-2024-02174,Correspondent,ARM 5/1,216268,2024-05-01,321,8.387,AZ
LN-2024-02175,Direct,ARM 5/1,1137345,2024-02-01,332,6.835,NY
LN-2024-02176,Direct,ARM 5/1,1143219,2024-04-01,318,5.718,CA
LN-2024-02177,Correspondent,30yr Fixed,552753,2024-12-01,332,6.024,FL
LN-2024-02178,Correspondent,ARM 5/1,925512,2024-03-01,317,6.815,CA
LN-2024-02179,Correspondent,ARM 5/1,908243,2024-08-01,302,5.762,NY
LN-2024-02180,Retail,15yr Fixed,198174,2024-08-01,317,5.932,TX
LN-2024-02181,Wholesale,30yr Fixed,692203,2024-11-01,336,6.508,FL
LN-2024-02182,Direct,30yr Fixed,1084884,2024-02-01,322,6.244,NY
LN-2024-02183,Wholesale,15yr Fixed,175493,2024-04-01,252,6.678,NY
LN-2024-02184,Retail,ARM 5/1,166261,2024-05-01,268,7.459,AZ
LN-2024-02185,Correspondent,15yr Fixed,279820,2024-09-01,362,6.597,FL
LN-2024-02186,Direct,15yr Fixed,598638,2024-10-01,324,5.935,TX
LN-2024-02187,Retail,15yr Fixed,677856,2024-04-01,372,6.646,AZ
LN-2024-02188,Wholesale,ARM 5/1,305512,2024-06-01,333,6.498,FL
LN-2024-02189,Correspondent,30yr Fixed,157634,2024-07-01,360,7.489,FL
LN-2024-02190,Retail,15yr Fixed,812276,2024-09-01,269,8.284,TX
LN-2024-02191,Direct,15yr Fixed,389845,2024-01-01,364,6.833,NY
LN-2024-02192,Wholesale,15yr Fixed,730916,2024-12-01,309,6.809,IL
LN-2024-02193,Wholesale,30yr Fixed,582305,2024-08-01,326,6.875,NY
LN-2024-02194,Correspondent,ARM 5/1,1021975,2024-09-01,345,6.792,AZ
LN-2024-02195,Correspondent,15yr Fixed,844551,2024-02-01,340,7.255,FL
LN-2024-02196,Wholesale,ARM 5/1,406555,2024-01-01,279,8.216,NY
LN-2024-02197,Retail,ARM 5/1,702260,2024-01-01,308,7.613,FL
LN-2024-02198,Retail,15yr Fixed,1050165,2024-01-01,296,8.491,AZ
LN-2024-02199,Correspondent,ARM 5/1,943488,2024-09-01,337,7.172,CA
LN-2024-02200,Correspondent,30yr Fixed,597645,2024-11-01,329,5.74,IL
LN-2024-02201,Wholesale,15yr Fixed,605647,2024-09-01,289,5.885,IL
LN-2024-02202,Correspondent,30yr Fixed,163146,2024-04-01,275,7.672,CA
LN-2024-02203,Direct,ARM 5/1,265370,2024-12-01,340,8.262,TX
LN-2024-02204,Retail,15yr Fixed,1113604,2024-03-01,272,6.155,FL
LN-2024-02205,Direct,ARM 5/1,396593,2024-08-01,326,7.616,TX
LN-2024-02206,Correspondent,30yr Fixed,1107470,2024-11-01,371,5.704,NY
LN-2024-02207,Retail,ARM 5/1,402823,2024-08-01,292,6.459,CA
LN-2024-02208,Direct,15yr Fixed,548108,2024-06-01,284,7.798,CA
LN-2024-02209,Direct,ARM 5/1,364745,2024-02-01,359,8.11,TX
LN-2024-02210,Retail,ARM 5/1,953274,2024-12-01,262,5.837,NY
LN-2024-02211,Correspondent,30yr Fixed,282166,2024-11-01,321,5.932,AZ
LN-2024-02212,Retail,30yr Fixed,551414,2024-02-01,308,5.783,FL
LN-2024-02213,Wholesale,30yr Fixed,1112336,2024-08-01,324,6.748,AZ
LN-2024-02214,Correspondent,30yr Fixed,508910,2024-09-01,365,5.728,NY
LN-2024-02215,Correspondent,15yr Fixed,292006,2024-11-01,341,6.344,AZ
LN-2024-02216,Direct,15yr Fixed,749731,2024-08-01,339,7.42,NY
LN-2024-02217,Wholesale,30yr Fixed,488776,2024-07-01,298,5.673,NY
LN-2024-02218,Wholesale,15yr Fixed,689238,2024-12-01,303,8.41,NY
LN-2024-02219,Correspondent,30yr Fixed,1122037,2024-08-01,334,5.93,IL
LN-2024-02220,Retail,15yr Fixed,446552,2024-01-01,277,5.538,FL
LN-2024-02221,Correspondent,ARM 5/1,414171,2024-04-01,313,6.298,FL
LN-2024-02222,Retail,30yr Fixed,674829,2024-05-01,298,5.552,AZ
LN-2024-02223,Wholesale,ARM 5/1,1199315,2024-05-01,365,6.555,IL
LN-2024-02224,Retail,ARM 5/1,177234,2024-04-01,291,5.754,IL
LN-2024-02225,Wholesale,15yr Fixed,274875,2024-08-01,377,7.931,CA
LN-2024-02226,Retail,ARM 5/1,208021,2024-12-01,278,5.832,AZ
LN-2024-02227,Direct,30yr Fixed,585476,2024-10-01,326,6.844,FL
LN-2024-02228,Direct,ARM 5/1,1072343,2024-12-01,265,5.804,IL
LN-2024-02229,Correspondent,ARM 5/1,229974,2024-04-01,344,6.53,TX
LN-2024-02230,Correspondent,30yr Fixed,532584,2024-07-01,299,8.275,IL
LN-2024-02231,Wholesale,ARM 5/1,1152447,2024-05-01,326,5.638,IL
LN-2024-02232,Correspondent,ARM 5/1,802708,2024-05-01,333,7.89,IL
LN-2024-02233,Wholesale,30yr Fixed,153871,2024-10-01,342,7.373,TX
LN-2024-02234,Correspondent,ARM 5/1,401107,2024-05-01,334,7.811,NY
LN-2024-02235,Direct,ARM 5/1,186768,2024-03-01,286,8.09,NY
LN-2024-02236,Retail,30yr Fixed,790158,2024-03-01,295,5.754,TX
LN-2024-02237,Wholesale,ARM 5/1,932618,2024-09-01,305,6.162,AZ
LN-2024-02238,Correspondent,ARM 5/1,851975,2024-03-01,291,8.23,FL
LN-2024-02239,Correspondent,30yr Fixed,533445,2024-12-01,364,8.35,NY
LN-2024-02240,Retail,ARM 5/1,1061416,2024-06-01,318,7.266,AZ
LN-2024-02241,Wholesale,15yr Fixed,1026164,2024-06-01,309,5.668,IL
LN-2024-02242,Wholesale,15yr Fixed,1035984,2024-01-01,305,6.347,TX
LN-2024-02243,Direct,ARM 5/1,642781,2024-05-01,323,8.228,AZ
LN-2024-02244,Retail,30yr Fixed,941902,2024-06-01,275,6.46,CA
LN-2024-02245,Correspondent,ARM 5/1,844026,2024-08-01,380,7.28,TX
LN-2024-02246,Direct,ARM 5/1,928970,2024-05-01,290,5.589,CA
LN-2024-02247,Direct,ARM 5/1,214282,2024-06-01,375,6.981,CA
LN-2024-02248,Wholesale,15yr Fixed,564373,2024-07-01,262,7.921,TX
LN-2024-02249,Wholesale,ARM 5/1,569703,2024-11-01,296,5.537,TX
LN-2024-02250,Correspondent,ARM 5/1,471678,2024-08-01,369,6.276,IL
LN-2024-02251,Wholesale,30yr Fixed,943809,2024-08-01,298,5.938,TX
LN-2024-02252,Retail,ARM 5/1,959381,2024-07-01,345,6.08,IL
LN-2024-02253,Retail,15yr Fixed,599314,2024-03-01,295,8.202,CA
LN-2024-02254,Direct,ARM 5/1,382398,2024-04-01,357,6.754,CA
LN-2024-02255,Direct,15yr Fixed,882283,2024-05-01,359,6.476,NY
LN-2024-02256,Correspondent,30yr Fixed,882466,2024-12-01,341,7.044,AZ
LN-2024-02257,Direct,30yr Fixed,1187563,2024-12-01,375,6.764,CA
LN-2024-02258,Correspondent,15yr Fixed,941386,2024-06-01,336,6.646,CA
LN-2024-02259,Correspondent,15yr Fixed,858020,2024-06-01,329,8.013,TX
LN-2024-02260,Correspondent,15yr Fixed,1053598,2024-01-01,336,6.315,CA
LN-2024-02261,Wholesale,ARM 5/1,807385,2024-10-01,368,5.604,NY
LN-2024-02262,Retail,15yr Fixed,678109,2024-01-01,280,7.26,CA
LN-2024-02263,Correspondent,30yr Fixed,262800,2024-04-01,324,6.847,CA
LN-2024-02264,Retail,15yr Fixed,875816,2024-06-01,380,7.875,NY
LN-2024-02265,Wholesale,15yr Fixed,717116,2024-11-01,278,5.899,TX
LN-2024-02266,Wholesale,30yr Fixed,656455,2024-04-01,331,7.875,TX
LN-2024-02267,Wholesale,15yr Fixed,667058,2024-05-01,260,6.559,TX
LN-2024-02268,Direct,30yr Fixed,577338,2024-12-01,259,6.232,TX
LN-2024-02269,Direct,15yr Fixed,858525,2024-03-01,343,5.619,TX
LN-2024-02270,Direct,ARM 5/1,295518,2024-02-01,282,6.301,FL
LN-2024-02271,Direct,30yr Fixed,666306,2024-04-01,339,6.48,IL
LN-2024-02272,Direct,30yr Fixed,682452,2024-01-01,265,6.749,NY
LN-2024-02273,Direct,30yr Fixed,520972,2024-07-01,319,7.527,IL
LN-2024-02274,Wholesale,ARM 5/1,539663,2024-10-01,334,6.628,IL
LN-2024-02275,Correspondent,15yr Fixed,973677,2024-07-01,322,6.479,IL
LN-2024-02276,Correspondent,15yr Fixed,987102,2024-10-01,352,7.503,AZ
LN-2024-02277,Direct,15yr Fixed,1012843,2024-05-01,312,6.606,TX
LN-2024-02278,Retail,15yr Fixed,293825,2024-10-01,365,6.797,CA
LN-2024-02279,Correspondent,15yr Fixed,635489,2024-04-01,359,5.79,TX
LN-2024-02280,Correspondent,15yr Fixed,433952,2024-09-01,266,7.867,IL
LN-2024-02281,Direct,30yr Fixed,846742,2024-11-01,324,5.863,NY
LN-2024-02282,Correspondent,ARM 5/1,401080,2024-09-01,321,8.119,TX
LN-2024-02283,Wholesale,30yr Fixed,251462,2024-06-01,343,8.155,TX
LN-2024-02284,Retail,15yr Fixed,406831,2024-06-01,339,6.517,AZ
LN-2024-02285,Correspondent,ARM 5/1,150570,2024-01-01,313,7.569,NY
LN-2024-02286,Correspondent,15yr Fixed,209414,2024-03-01,294,6.276,FL
LN-2024-02287,Direct,30yr Fixed,302503,2024-10-01,300,8.229,NY
LN-2024-02288,Correspondent,ARM 5/1,548295,2024-09-01,252,6.324,NY
LN-2024-02289,Retail,15yr Fixed,899663,2024-05-01,284,6.145,CA
LN-2024-02290,Wholesale,ARM 5/1,949003,2024-10-01,373,5.705,AZ
LN-2024-02291,Correspondent,ARM 5/1,643067,2024-04-01,300,6.182,NY
LN-2024-02292,Direct,ARM 5/1,214822,2024-10-01,313,6.324,IL
LN-2024-02293,Direct,30yr Fixed,394098,2024-11-01,253,8.331,AZ
LN-2024-02294,Retail,30yr Fixed,617561,2024-11-01,253,6.938,NY
LN-2024-02295,Correspondent,ARM 5/1,630878,2024-06-01,258,5.711,CA
LN-2024-02296,Retail,15yr Fixed,1182237,2024-03-01,297,7.422,FL
LN-2024-02297,Retail,15yr Fixed,1019014,2024-07-01,378,8.463,AZ
LN-2024-02298,Wholesale,30yr Fixed,744634,2024-03-01,269,8.228,TX
LN-2024-02299,Retail,30yr Fixed,404898,2024-04-01,373,5.975,NY
LN-2024-02300,Correspondent,15yr Fixed,713347,2024-07-01,370,6.141,IL
LN-2024-02301,Retail,ARM 5/1,896503,2024-03-01,328,5.584,FL
LN-2024-02302,Direct,30yr Fixed,944009,2024-12-01,324,6.734,CA
LN-2024-02303,Retail,15yr Fixed,640424,2024-08-01,326,8.364,CA
LN-2024-02304,Wholesale,30yr Fixed,1044721,2024-06-01,250,5.624,TX
LN-2024-02305,Direct,30yr Fixed,417351,2024-05-01,250,6.635,AZ
LN-2024-02306,Correspondent,15yr Fixed,655628,2024-03-01,344,5.853,FL
LN-2024-02307,Retail,30yr Fixed,239631,2024-02-01,254,7.227,CA
LN-2024-02308,Correspondent,30yr Fixed,883871,2024-02-01,360,6.194,IL
LN-2024-02309,Correspondent,30yr Fixed,577135,2024-05-01,300,6.02,TX
LN-2024-02310,Wholesale,ARM 5/1,793783,2024-06-01,301,5.553,FL
LN-2024-02311,Direct,30yr Fixed,549380,2024-01-01,350,6.174,FL
LN-2024-02312,Correspondent,30yr Fixed,679513,2024-01-01,319,6.311,IL
LN-2024-02313,Retail,15yr Fixed,851677,2024-06-01,271,7.851,IL
LN-2024-02314,Wholesale,ARM 5/1,562602,2024-07-01,319,6.578,FL
LN-2024-02315,Retail,ARM 5/1,870745,2024-04-01,263,6.784,NY
LN-2024-02316,Correspondent,ARM 5/1,798957,2024-04-01,374,7.237,CA
LN-2024-02317,Direct,30yr Fixed,533440,2024-05-01,360,6.494,IL
LN-2024-02318,Direct,15yr Fixed,681065,2024-02-01,329,8.422,IL
LN-2024-02319,Direct,ARM 5/1,560423,2024-06-01,278,6.409,AZ
LN-2024-02320,Correspondent,ARM 5/1,949518,2024-07-01,380,7.472,FL
LN-2024-02321,Direct,15yr Fixed,638667,2024-05-01,326,6.249,NY
LN-2024-02322,Correspondent,30yr Fixed,278840,2024-07-01,300,5.763,TX
LN-2024-02323,Retail,15yr Fixed,872003,2024-12-01,368,7.66,TX
LN-2024-02324,Correspondent,30yr Fixed,226598,2024-06-01,358,6.019,TX
LN-2024-02325,Retail,ARM 5/1,705914,2024-11-01,327,7.81,TX
LN-2024-02326,Retail,15yr Fixed,381784,2024-10-01,266,6.968,NY
LN-2024-02327,Retail,ARM 5/1,662638,2024-05-01,260,7.954,TX
LN-2024-02328,Direct,15yr Fixed,839381,2024-03-01,322,5.638,TX
LN-2024-02329,Direct,30yr Fixed,840395,2024-08-01,341,5.689,FL
LN-2024-02330,Direct,ARM 5/1,152501,2024-02-01,379,6.604,CA
LN-2024-02331,Wholesale,15yr Fixed,949788,2024-09-01,282,7.466,IL
LN-2024-02332,Correspondent,15yr Fixed,347060,2024-10-01,343,8.017,TX
LN-2024-02333,Direct,30yr Fixed,231247,2024-10-01,333,7.168,CA
LN-2024-02334,Wholesale,15yr Fixed,868588,2024-11-01,250,6.926,TX
LN-2024-02335,Correspondent,ARM 5/1,749672,2024-03-01,312,6.943,TX
LN-2024-02336,Retail,30yr Fixed,1092576,2024-04-01,325,7.862,CA
LN-2024-02337,Correspondent,ARM 5/1,397692,2024-08-01,329,5.745,AZ
LN-2024-02338,Retail,15yr Fixed,665440,2024-02-01,262,6.688,TX
LN-2024-02339,Correspondent,15yr Fixed,752240,2024-02-01,361,6.621,TX
LN-2024-02340,Retail,15yr Fixed,482375,2024-05-01,363,7.897,FL
LN-2024-02341,Direct,30yr Fixed,593919,2024-03-01,271,8.376,FL
LN-2024-02342,Direct,ARM 5/1,212223,2024-10-01,287,6.994,IL
LN-2024-02343,Wholesale,15yr Fixed,289287,2024-08-01,315,6.165,FL
LN-2024-02344,Wholesale,15yr Fixed,271326,2024-03-01,286,8.494,TX
LN-2024-02345,Wholesale,ARM 5/1,811602,2024-03-01,362,5.551,AZ
LN-2024-02346,Wholesale,15yr Fixed,589961,2024-11-01,310,7.846,IL
LN-2024-02347,Retail,15yr Fixed,999567,2024-03-01,311,6.553,IL
LN-2024-02348,Direct,15yr Fixed,825907,2024-08-01,340,7.674,CA
LN-2024-02349,Retail,15yr Fixed,236093,2024-09-01,273,6.401,AZ
LN-2024-02350,Retail,30yr Fixed,472356,2024-02-01,272,6.548,AZ
LN-2024-02351,Direct,30yr Fixed,862774,2024-11-01,298,7.142,NY
LN-2024-02352,Retail,ARM 5/1,220402,2024-01-01,266,6.087,TX
LN-2024-02353,Direct,30yr Fixed,782651,2024-06-01,368,7.571,NY
LN-2024-02354,Retail,15yr Fixed,525893,2024-05-01,312,6.724,NY
LN-2024-02355,Retail,15yr Fixed,663769,2024-07-01,372,6.513,TX
LN-2024-02356,Wholesale,15yr Fixed,343742,2024-07-01,324,6.714,IL
LN-2024-02357,Retail,30yr Fixed,322141,2024-07-01,258,7.856,CA
LN-2024-02358,Direct,15yr Fixed,560662,2024-12-01,358,6.276,CA
LN-2024-02359,Correspondent,ARM 5/1,973849,2024-09-01,269,6.207,CA
LN-2024-02360,Correspondent,15yr Fixed,194829,2024-05-01,354,6.384,CA
LN-2024-02361,Retail,15yr Fixed,196458,2024-11-01,278,8.344,CA
LN-2024-02362,Correspondent,ARM 5/1,950671,2024-02-01,370,7.893,AZ
LN-2024-02363,Direct,15yr Fixed,1174085,2024-08-01,368,5.584,TX
LN-2024-02364,Wholesale,30yr Fixed,222023,2024-02-01,321,6.613,TX
LN-2024-02365,Retail,ARM 5/1,1096413,2024-02-01,355,7.503,CA
LN-2024-02366,Correspondent,30yr Fixed,527692,2024-07-01,269,6.179,NY
LN-2024-02367,Retail,ARM 5/1,234425,2024-04-01,306,5.686,TX
LN-2024-02368,Correspondent,ARM 5/1,261123,2024-04-01,380,5.884,CA
LN-2024-02369,Wholesale,30yr Fixed,1163542,2024-03-01,347,6.269,NY
LN-2024-02370,Direct,ARM 5/1,272195,2024-07-01,271,8.196,TX
LN-2024-02371,Correspondent,30yr Fixed,469733,2024-02-01,375,7.485,AZ
LN-2024-02372,Correspondent,15yr Fixed,318368,2024-11-01,341,6.011,IL
LN-2024-02373,Wholesale,30yr Fixed,645206,2024-03-01,323,8.189,CA
LN-2024-02374,Wholesale,15yr Fixed,210243,2024-05-01,334,8.3,TX
LN-2024-02375,Retail,30yr Fixed,874624,2024-06-01,261,8.153,AZ
LN-2024-02376,Retail,30yr Fixed,1081655,2024-09-01,267,7.181,AZ
LN-2024-02377,Direct,30yr Fixed,535539,2024-07-01,277,8.495,TX
LN-2024-02378,Correspondent,15yr Fixed,810202,2024-05-01,354,6.197,TX
LN-2024-02379,Direct,30yr Fixed,872442,2024-11-01,263,8.346,AZ
LN-2024-02380,Wholesale,ARM 5/1,548966,2024-01-01,378,8.127,FL
LN-2024-02381,Retail,30yr Fixed,199485,2024-04-01,360,5.715,CA
LN-2024-02382,Wholesale,30yr Fixed,792808,2024-09-01,305,6.233,NY
LN-2024-02383,Retail,15yr Fixed,1118804,2024-12-01,262,5.876,NY
LN-2024-02384,Wholesale,15yr Fixed,613176,2024-08-01,306,5.737,FL
LN-2024-02385,Direct,30yr Fixed,430694,2024-04-01,342,7.358,CA
LN-2024-02386,Correspondent,30yr Fixed,1059728,2024-11-01,263,7.937,NY
LN-2024-02387,Wholesale,ARM 5/1,967749,2024-03-01,316,6.216,TX
LN-2024-02388,Direct,ARM 5/1,1189491,2024-01-01,375,8.344,AZ
LN-2024-02389,Wholesale,15yr Fixed,1060362,2024-06-01,299,5.577,IL
LN-2024-02390,Correspondent,30yr Fixed,202260,2024-04-01,300,5.678,CA
LN-2024-02391,Correspondent,30yr Fixed,1047607,2024-01-01,285,5.698,AZ
LN-2024-02392,Direct,30yr Fixed,241722,2024-03-01,378,6.564,IL
LN-2024-02393,Wholesale,30yr Fixed,708428,2024-09-01,268,5.896,FL
LN-2024-02394,Correspondent,15yr Fixed,1136146,2024-12-01,313,7.556,TX
LN-2024-02395,Wholesale,ARM 5/1,980383,2024-11-01,302,6.596,TX
LN-2024-02396,Correspondent,30yr Fixed,1188463,2024-08-01,341,6.326,NY
LN-2024-02397,Direct,30yr Fixed,1180357,2024-11-01,271,8.379,AZ
LN-2024-02398,Wholesale,ARM 5/1,375683,2024-07-01,326,5.834,IL
LN-2024-02399,Direct,ARM 5/1,295788,2024-06-01,309,5.761,CA
LN-2024-02400,Direct,30yr Fixed,847160,2024-09-01,366,5.837,TX
LN-2024-02401,Retail,30yr Fixed,236057,2024-01-01,266,5.602,FL
LN-2024-02402,Retail,ARM 5/1,457607,2024-03-01,368,7.089,TX
LN-2024-02403,Correspondent,15yr Fixed,1114533,2024-08-01,351,8.334,AZ
LN-2024-02404,Retail,ARM 5/1,953794,2024-07-01,318,5.56,CA
LN-2024-02405,Wholesale,ARM 5/1,912230,2024-06-01,380,6.549,TX
LN-2024-02406,Correspondent,30yr Fixed,534676,2024-09-01,328,6.837,TX
LN-2024-02407,Correspondent,30yr Fixed,873746,2024-04-01,266,6.723,CA
LN-2024-02408,Direct,15yr Fixed,1181273,2024-04-01,312,5.511,FL
LN-2024-02409,Direct,30yr Fixed,469777,2024-09-01,287,6.963,AZ
LN-2024-02410,Direct,30yr Fixed,418095,2024-07-01,281,7.202,TX
LN-2024-02411,Correspondent,15yr Fixed,893476,2024-03-01,352,8.308,FL
LN-2024-02412,Correspondent,ARM 5/1,886161,2024-08-01,339,8.007,CA
LN-2024-02413,Wholesale,ARM 5/1,815783,2024-08-01,283,5.784,FL
LN-2024-02414,Retail,30yr Fixed,1148216,2024-06-01,276,7.868,FL
LN-2024-02415,Retail,30yr Fixed,1190983,2024-02-01,351,6.029,NY
LN-2024-02416,Retail,ARM 5/1,184251,2024-10-01,306,8.242,TX
LN-2024-02417,Retail,ARM 5/1,340275,2024-10-01,260,6.785,CA
LN-2024-02418,Retail,30yr Fixed,795534,2024-12-01,354,6.999,IL
LN-2024-02419,Direct,30yr Fixed,261959,2024-07-01,260,5.639,IL
LN-2024-02420,Direct,ARM 5/1,253855,2024-05-01,366,7.928,TX
LN-2024-02421,Direct,30yr Fixed,1008959,2024-06-01,334,7.097,TX
LN-2024-02422,Correspondent,30yr Fixed,1127612,2024-02-01,351,6.534,IL
LN-2024-02423,Wholesale,30yr Fixed,1089885,2024-11-01,298,6.598,IL
LN-2024-02424,Retail,ARM 5/1,262669,2024-01-01,343,7.796,IL
LN-2024-02425,Correspondent,15yr Fixed,1078017,2024-08-01,293,6.859,FL
LN-2024-02426,Correspondent,30yr Fixed,635182,2024-01-01,349,8.011,TX
LN-2024-02427,Direct,ARM 5/1,332825,2024-05-01,299,6.58,AZ
LN-2024-02428,Wholesale,30yr Fixed,528109,2024-05-01,277,6.724,AZ
LN-2024-02429,Direct,15yr Fixed,838870,2024-09-01,300,5.916,NY
LN-2024-02430,Wholesale,30yr Fixed,329076,2024-02-01,319,5.855,IL
LN-2024-02431,Correspondent,15yr Fixed,541230,2024-05-01,314,5.855,CA
LN-2024-02432,Retail,30yr Fixed,1082362,2024-06-01,282,6.498,AZ
LN-2024-02433,Wholesale,15yr Fixed,603004,2024-10-01,311,6.697,NY
LN-2024-02434,Correspondent,ARM 5/1,892878,2024-06-01,256,6.323,FL
LN-2024-02435,Correspondent,ARM 5/1,1181252,2024-03-01,375,6.149,NY
LN-2024-02436,Retail,15yr Fixed,715595,2024-07-01,314,7.155,TX
LN-2024-02437,Wholesale,ARM 5/1,814156,2024-03-01,301,6.513,FL
LN-2024-02438,Wholesale,30yr Fixed,1162063,2024-07-01,369,5.614,NY
LN-2024-02439,Retail,30yr Fixed,565138,2024-08-01,310,7.476,CA
LN-2024-02440,Wholesale,30yr Fixed,757380,2024-05-01,277,6.1,FL
LN-2024-02441,Correspondent,15yr Fixed,775772,2024-07-01,295,5.666,FL
LN-2024-02442,Correspondent,30yr Fixed,180641,2024-01-01,371,7.856,FL
LN-2024-02443,Wholesale,15yr Fixed,297901,2024-12-01,278,7.836,FL
LN-2024-02444,Wholesale,30yr Fixed,227532,2024-03-01,337,6.221,CA
LN-2024-02445,Wholesale,ARM 5/1,301378,2024-12-01,354,7.105,FL
LN-2024-02446,Retail,ARM 5/1,274630,2024-09-01,339,5.522,NY
LN-2024-02447,Retail,ARM 5/1,184130,2024-05-01,271,5.636,IL
LN-2024-02448,Correspondent,30yr Fixed,257027,2024-12-01,308,7.363,AZ
LN-2024-02449,Wholesale,ARM 5/1,1059587,2024-12-01,305,6.118,AZ
LN-2024-02450,Correspondent,30yr Fixed,164596,2024-08-01,369,6.315,AZ
LN-2024-02451,Wholesale,ARM 5/1,369965,2024-06-01,282,8.032,NY
LN-2024-02452,Wholesale,ARM 5/1,790633,2024-11-01,262,6.323,NY
LN-2024-02453,Correspondent,30yr Fixed,257923,2024-04-01,262,7.391,CA
LN-2024-02454,Wholesale,30yr Fixed,818201,2024-10-01,258,6.24,FL
LN-2024-02455,Retail,15yr Fixed,291000,2024-09-01,351,6.307,FL
LN-2024-02456,Wholesale,15yr Fixed,824449,2024-10-01,253,7.072,AZ
LN-2024-02457,Direct,30yr Fixed,926451,2024-07-01,260,6.696,NY
LN-2024-02458,Correspondent,ARM 5/1,818769,2024-06-01,346,6.06,TX
LN-2024-02459,Direct,ARM 5/1,1003480,2024-09-01,329,7.21,CA
LN-2024-02460,Correspondent,15yr Fixed,944304,2024-05-01,327,7.915,CA
LN-2024-02461,Direct,ARM 5/1,161211,2024-12-01,368,5.705,CA
LN-2024-02462,Wholesale,15yr Fixed,1115172,2024-10-01,311,7.821,AZ
LN-2024-02463,Wholesale,ARM 5/1,489537,2024-02-01,266,6.418,IL
LN-2024-02464,Wholesale,ARM 5/1,1171280,2024-02-01,281,6.459,CA
LN-2024-02465,Direct,ARM 5/1,218622,2024-04-01,337,6.999,TX
LN-2024-02466,Direct,15yr Fixed,628247,2024-04-01,321,6.037,AZ
LN-2024-02467,Direct,ARM 5/1,373138,2024-11-01,341,6.955,TX
LN-2024-02468,Direct,ARM 5/1,769804,2024-11-01,316,5.526,IL
LN-2024-02469,Direct,15yr Fixed,1125801,2024-10-01,346,6.668,AZ
LN-2024-02470,Wholesale,30yr Fixed,630698,2024-02-01,265,6.412,FL
LN-2024-02471,Retail,15yr Fixed,546724,2024-05-01,271,8.244,AZ
LN-2024-02472,Wholesale,ARM 5/1,301702,2024-05-01,290,5.708,IL
LN-2024-02473,Correspondent,ARM 5/1,732866,2024-11-01,279,6.708,TX
LN-2024-02474,Wholesale,30yr Fixed,155383,2024-08-01,274,7.35,CA
LN-2024-02475,Correspondent,ARM 5/1,1122857,2024-07-01,269,7.992,FL
LN-2024-02476,Correspondent,30yr Fixed,844520,2024-09-01,338,6.476,NY
LN-2024-02477,Correspondent,30yr Fixed,856313,2024-09-01,288,6.679,IL
LN-2024-02478,Wholesale,15yr Fixed,475119,2024-02-01,317,6.501,CA
LN-2024-02479,Retail,15yr Fixed,221620,2024-04-01,317,8.346,TX
LN-2024-02480,Correspondent,ARM 5/1,894391,2024-01-01,359,7.575,CA
LN-2024-02481,Correspondent,15yr Fixed,693296,2024-01-01,378,6.924,FL
LN-2024-02482,Direct,15yr Fixed,511485,2024-07-01,318,8.3,IL
LN-2024-02483,Correspondent,30yr Fixed,357528,2024-07-01,297,7.996,TX
LN-2024-02484,Retail,30yr Fixed,273248,2024-06-01,342,6.103,TX
LN-2024-02485,Direct,15yr Fixed,1037678,2024-04-01,371,5.86,TX
LN-2024-02486,Direct,ARM 5/1,1198827,2024-08-01,337,8.088,AZ
LN-2024-02487,Direct,ARM 5/1,452554,2024-03-01,335,8.138,FL
LN-2024-02488,Retail,30yr Fixed,266537,2024-06-01,326,7.555,CA
LN-2024-02489,Wholesale,ARM 5/1,1164834,2024-10-01,256,7.797,AZ
LN-2024-02490,Direct,30yr Fixed,686881,2024-02-01,271,6.026,IL
LN-2024-02491,Retail,30yr Fixed,373908,2024-11-01,274,6.267,NY
LN-2024-02492,Wholesale,ARM 5/1,309312,2024-10-01,345,6.659,AZ
LN-2024-02493,Wholesale,ARM 5/1,441509,2024-05-01,365,6.486,NY
LN-2024-02494,Wholesale,ARM 5/1,688841,2024-05-01,276,8.339,FL
LN-2024-02495,Correspondent,30yr Fixed,972317,2024-10-01,309,7.75,NY
LN-2024-02496,Wholesale,30yr Fixed,480519,2024-11-01,261,5.694,TX
LN-2024-02497,Correspondent,15yr Fixed,711611,2024-11-01,272,5.538,AZ
LN-2024-02498,Direct,30yr Fixed,508944,2024-05-01,337,5.635,NY
LN-2024-02499,Retail,15yr Fixed,355039,2024-11-01,331,8.225,FL
LN-2024-02500,Correspondent,15yr Fixed,233228,2024-01-01,296,7.525,NY
LN-2024-02501,Wholesale,ARM 5/1,1040763,2024-06-01,336,6.317,IL
LN-2024-02502,Correspondent,30yr Fixed,347029,2024-02-01,280,6.87,TX
LN-2024-02503,Retail,30yr Fixed,678714,2024-06-01,269,7.983,CA
LN-2024-02504,Wholesale,30yr Fixed,407957,2024-12-01,281,7.212,FL
LN-2024-02505,Direct,15yr Fixed,1108804,2024-10-01,372,7.164,TX
LN-2024-02506,Wholesale,ARM 5/1,1138597,2024-06-01,251,6.47,TX
LN-2024-02507,Retail,30yr Fixed,479756,2024-01-01,338,8.446,AZ
LN-2024-02508,Wholesale,15yr Fixed,871179,2024-05-01,360,8.486,CA
LN-2024-02509,Retail,30yr Fixed,1071910,2024-07-01,282,7.654,FL
LN-2024-02510,Direct,15yr Fixed,1039524,2024-02-01,304,7.542,TX
LN-2024-02511,Wholesale,30yr Fixed,604977,2024-06-01,312,7.231,IL
LN-2024-02512,Wholesale,ARM 5/1,768772,2024-04-01,269,5.924,IL
LN-2024-02513,Direct,30yr Fixed,249199,2024-08-01,253,8.11,CA
LN-2024-02514,Correspondent,15yr Fixed,679712,2024-12-01,253,7.685,NY
LN-2024-02515,Correspondent,15yr Fixed,624208,2024-05-01,335,7.414,NY
LN-2024-02516,Direct,30yr Fixed,454724,2024-02-01,363,8.059,IL
LN-2024-02517,Retail,15yr Fixed,370139,2024-05-01,307,5.742,TX
LN-2024-02518,Wholesale,30yr Fixed,1014999,2024-05-01,308,7.449,NY
LN-2024-02519,Retail,ARM 5/1,796484,2024-03-01,299,6.512,FL
LN-2024-02520,Wholesale,15yr Fixed,1169399,2024-05-01,375,7.972,IL
LN-2024-02521,Direct,30yr Fixed,935839,2024-01-01,288,6.909,FL
LN-2024-02522,Wholesale,ARM 5/1,370598,2024-12-01,339,6.521,CA
LN-2024-02523,Direct,30yr Fixed,333879,2024-09-01,263,8.285,CA
LN-2024-02524,Retail,30yr Fixed,703784,2024-10-01,316,5.755,CA
LN-2024-02525,Correspondent,15yr Fixed,1192429,2024-04-01,308,7.032,NY
LN-2024-02526,Direct,15yr Fixed,973298,2024-05-01,350,7.139,TX
LN-2024-02527,Wholesale,15yr Fixed,281874,2024-12-01,265,5.537,FL
LN-2024-02528,Wholesale,30yr Fixed,920869,2024-01-01,306,8.446,IL
LN-2024-02529,Direct,30yr Fixed,728138,2024-08-01,314,6.118,IL
LN-2024-02530,Direct,ARM 5/1,393668,2024-04-01,260,8.061,AZ
LN-2024-02531,Correspondent,15yr Fixed,211927,2024-11-01,260,7.312,AZ
LN-2024-02532,Retail,ARM 5/1,342633,2024-02-01,303,6.037,AZ
LN-2024-02533,Retail,15yr Fixed,872144,2024-09-01,253,6.016,NY
LN-2024-02534,Correspondent,15yr Fixed,1056608,2024-11-01,287,7.899,FL
LN-2024-02535,Wholesale,ARM 5/1,411508,2024-10-01,367,8.403,IL
LN-2024-02536,Direct,15yr Fixed,536600,2024-04-01,331,7.233,AZ
LN-2024-02537,Wholesale,ARM 5/1,1086744,2024-02-01,310,6.338,FL
LN-2024-02538,Direct,ARM 5/1,815320,2024-12-01,344,6.77,AZ
LN-2024-02539,Retail,30yr Fixed,577710,2024-11-01,370,6.259,TX
LN-2024-02540,Retail,30yr Fixed,827754,2024-04-01,277,6.681,FL
LN-2024-02541,Wholesale,30yr Fixed,265330,2024-11-01,337,6.67,NY
LN-2024-02542,Correspondent,ARM 5/1,194331,2024-06-01,323,6.767,AZ
LN-2024-02543,Wholesale,30yr Fixed,249880,2024-08-01,316,7.394,AZ
LN-2024-02544,Correspondent,ARM 5/1,693146,2024-11-01,324,7.467,TX
LN-2024-02545,Direct,30yr Fixed,421135,2024-02-01,302,5.766,CA
LN-2024-02546,Correspondent,30yr Fixed,549982,2024-07-01,344,8.398,CA
LN-2024-02547,Correspondent,30yr Fixed,672352,2024-12-01,321,6.76,FL
LN-2024-02548,Wholesale,ARM 5/1,1079334,2024-04-01,339,7.362,NY
LN-2024-02549,Correspondent,30yr Fixed,559828,2024-02-01,349,7.815,FL
LN-2024-02550,Correspondent,15yr Fixed,283176,2024-05-01,351,6.771,NY
LN-2024-02551,Wholesale,15yr Fixed,951152,2024-04-01,333,8.45,CA
LN-2024-02552,Wholesale,ARM 5/1,222952,2024-01-01,369,6.61,FL
LN-2024-02553,Correspondent,30yr Fixed,1080905,2024-06-01,274,8.196,FL
LN-2024-02554,Wholesale,30yr Fixed,687096,2024-05-01,329,5.551,FL
LN-2024-02555,Direct,30yr Fixed,488322,2024-03-01,336,7.371,IL
LN-2024-02556,Correspondent,15yr Fixed,636924,2024-08-01,331,5.953,CA
LN-2024-02557,Retail,ARM 5/1,412999,2024-08-01,356,6.962,TX
LN-2024-02558,Direct,ARM 5/1,303828,2024-06-01,285,8.163,IL
LN-2024-02559,Retail,15yr Fixed,808573,2024-08-01,379,7.697,FL
LN-2024-02560,Wholesale,ARM 5/1,268912,2024-04-01,328,7.083,CA
LN-2024-02561,Retail,ARM 5/1,1085647,2024-09-01,271,7.316,FL
LN-2024-02562,Direct,ARM 5/1,804158,2024-04-01,307,8.407,CA
LN-2024-02563,Correspondent,30yr Fixed,325608,2024-04-01,262,7.993,NY
LN-2024-02564,Wholesale,30yr Fixed,1136287,2024-08-01,253,7.108,IL
LN-2024-02565,Wholesale,ARM 5/1,553165,2024-06-01,284,7.23,AZ
LN-2024-02566,Correspondent,ARM 5/1,258702,2024-06-01,346,7.891,IL
LN-2024-02567,Correspondent,ARM 5/1,899718,2024-09-01,291,6.239,IL
LN-2024-02568,Correspondent,30yr Fixed,315490,2024-10-01,277,7.956,CA
LN-2024-02569,Direct,ARM 5/1,794398,2024-04-01,366,7.998,CA
LN-2024-02570,Retail,30yr Fixed,178121,2024-09-01,306,6.641,FL
LN-2024-02571,Retail,15yr Fixed,1183008,2024-10-01,373,6.661,TX
LN-2024-02572,Retail,ARM 5/1,245935,2024-10-01,331,7.185,AZ
LN-2024-02573,Retail,30yr Fixed,889433,2024-07-01,255,6.633,NY
LN-2024-02574,Retail,30yr Fixed,1078532,2024-12-01,358,8.268,NY
LN-2024-02575,Retail,15yr Fixed,409497,2024-04-01,260,5.752,AZ
LN-2024-02576,Retail,30yr Fixed,387241,2024-05-01,312,5.86,FL
LN-2024-02577,Retail,ARM 5/1,307324,2024-08-01,290,6.872,IL
LN-2024-02578,Wholesale,ARM 5/1,816329,2024-08-01,359,5.946,CA
LN-2024-02579,Retail,ARM 5/1,345589,2024-06-01,359,7.225,AZ
LN-2024-02580,Wholesale,30yr Fixed,186333,2024-07-01,281,7.366,FL
LN-2024-02581,Direct,30yr Fixed,482726,2024-01-01,341,7.973,TX
LN-2024-02582,Retail,ARM 5/1,514706,2024-09-01,361,6.088,CA
LN-2024-02583,Wholesale,30yr Fixed,1062390,2024-04-01,342,5.709,AZ
LN-2024-02584,Retail,ARM 5/1,367860,2024-06-01,293,6.259,TX
LN-2024-02585,Wholesale,15yr Fixed,467383,2024-10-01,323,8.038,CA
LN-2024-02586,Retail,ARM 5/1,321260,2024-10-01,335,6.021,AZ
LN-2024-02587,Correspondent,ARM 5/1,897370,2024-02-01,312,8.356,NY
LN-2024-02588,Retail,ARM 5/1,858800,2024-02-01,354,6.224,IL
LN-2024-02589,Correspondent,30yr Fixed,883288,2024-03-01,370,6.506,NY
LN-2024-02590,Wholesale,15yr Fixed,894297,2024-03-01,321,7.749,FL
LN-2024-02591,Direct,15yr Fixed,878111,2024-10-01,362,6.664,FL
LN-2024-02592,Retail,ARM 5/1,753026,2024-12-01,321,7.598,TX
LN-2024-02593,Direct,ARM 5/1,1009886,2024-04-01,353,7.967,NY
LN-2024-02594,Retail,15yr Fixed,973409,2024-03-01,320,6.002,IL
LN-2024-02595,Retail,ARM 5/1,210126,2024-09-01,377,7.28,IL
LN-2024-02596,Direct,15yr Fixed,1037635,2024-11-01,321,6.468,TX
LN-2024-02597,Direct,30yr Fixed,355796,2024-06-01,312,8.139,AZ
LN-2024-02598,Wholesale,ARM 5/1,842315,2024-10-01,259,5.551,NY
LN-2024-02599,Correspondent,15yr Fixed,1022673,2024-11-01,296,7.204,NY
LN-2024-02600,Wholesale,30yr Fixed,1120606,2024-12-01,367,7.229,CA
LN-2024-02601,Direct,ARM 5/1,709734,2024-03-01,334,6.497,NY
LN-2024-02602,Retail,30yr Fixed,767486,2024-03-01,339,6.769,TX
LN-2024-02603,Direct,15yr Fixed,974545,2024-06-01,286,6.37,NY
LN-2024-02604,Correspondent,ARM 5/1,695878,2024-04-01,328,8.359,AZ
LN-2024-02605,Retail,ARM 5/1,593481,2024-02-01,368,6.916,AZ
LN-2024-02606,Wholesale,15yr Fixed,1174515,2024-06-01,286,6.52,IL
LN-2024-02607,Direct,15yr Fixed,270945,2024-11-01,358,6.633,FL
LN-2024-02608,Retail,15yr Fixed,426105,2024-05-01,257,7.823,FL
LN-2024-02609,Correspondent,ARM 5/1,253023,2024-08-01,341,5.582,AZ
LN-2024-02610,Wholesale,30yr Fixed,702593,2024-06-01,336,7.594,IL
LN-2024-02611,Wholesale,ARM 5/1,960704,2024-05-01,349,7.872,CA
LN-2024-02612,Direct,30yr Fixed,1158687,2024-10-01,259,6.606,NY
LN-2024-02613,Wholesale,15yr Fixed,716589,2024-08-01,344,7.336,AZ
LN-2024-02614,Wholesale,30yr Fixed,441623,2024-09-01,352,6.617,TX
LN-2024-02615,Retail,ARM 5/1,1073481,2024-05-01,292,7.94,CA
LN-2024-02616,Direct,30yr Fixed,635527,2024-03-01,380,6.777,FL
LN-2024-02617,Retail,ARM 5/1,678550,2024-09-01,269,7.834,FL
LN-2024-02618,Wholesale,30yr Fixed,662294,2024-12-01,257,7.421,NY
LN-2024-02619,Wholesale,ARM 5/1,446114,2024-07-01,290,7.355,TX
LN-2024-02620,Retail,30yr Fixed,762428,2024-04-01,343,5.84,TX
LN-2024-02621,Direct,15yr Fixed,937810,2024-06-01,324,7.027,AZ
LN-2024-02622,Correspondent,15yr Fixed,368336,2024-07-01,303,6.865,FL
LN-2024-02623,Direct,15yr Fixed,518278,2024-05-01,296,5.717,AZ
LN-2024-02624,Correspondent,30yr Fixed,710160,2024-05-01,321,7.006,TX
LN-2024-02625,Correspondent,15yr Fixed,424949,2024-02-01,274,6.847,NY
LN-2024-02626,Wholesale,ARM 5/1,734957,2024-02-01,318,6.197,CA
LN-2024-02627,Direct,ARM 5/1,1030750,2024-03-01,311,6.848,FL
LN-2024-02628,Retail,ARM 5/1,189178,2024-10-01,369,8.401,IL
LN-2024-02629,Correspondent,15yr Fixed,311851,2024-05-01,358,6.439,CA
LN-2024-02630,Direct,ARM 5/1,1122585,2024-11-01,292,5.583,FL
LN-2024-02631,Correspondent,30yr Fixed,633188,2024-02-01,315,6.793,FL
LN-2024-02632,Wholesale,30yr Fixed,557085,2024-12-01,321,7.584,IL
LN-2024-02633,Retail,15yr Fixed,246211,2024-07-01,328,7.755,CA
LN-2024-02634,Direct,15yr Fixed,1133623,2024-12-01,332,7.663,FL
LN-2024-02635,Direct,ARM 5/1,639088,2024-02-01,269,6.623,FL
LN-2024-02636,Correspondent,30yr Fixed,479503,2024-12-01,367,7.139,FL
LN-2024-02637,Direct,ARM 5/1,1183292,2024-08-01,253,6.162,IL
LN-2024-02638,Retail,ARM 5/1,1087206,2024-04-01,251,6.63,IL
LN-2024-02639,Wholesale,15yr Fixed,1168088,2024-03-01,252,6.166,IL
LN-2024-02640,Correspondent,30yr Fixed,986186,2024-07-01,373,8.328,CA
LN-2024-02641,Correspondent,30yr Fixed,283313,2024-06-01,309,6.757,CA
LN-2024-02642,Direct,30yr Fixed,858606,2024-06-01,341,6.589,CA
LN-2024-02643,Retail,15yr Fixed,874965,2024-11-01,319,6.918,TX
LN-2024-02644,Correspondent,15yr Fixed,533933,2024-04-01,293,7.126,FL
LN-2024-02645,Direct,30yr Fixed,734880,2024-06-01,317,7.477,IL
LN-2024-02646,Wholesale,15yr Fixed,560419,2024-12-01,272,6.34,TX
LN-2024-02647,Correspondent,30yr Fixed,651130,2024-01-01,273,8.464,NY
LN-2024-02648,Correspondent,15yr Fixed,849112,2024-11-01,336,8.219,IL
LN-2024-02649,Direct,30yr Fixed,1118063,2024-06-01,278,7.107,TX
LN-2024-02650,Wholesale,15yr Fixed,303942,2024-01-01,364,7.251,IL
LN-2024-02651,Wholesale,ARM 5/1,276785,2024-03-01,255,6.469,CA
LN-2024-02652,Retail,ARM 5/1,830949,2024-12-01,377,7.683,NY
LN-2024-02653,Correspondent,ARM 5/1,813482,2024-11-01,346,8.219,NY
LN-2024-02654,Wholesale,30yr Fixed,214169,2024-05-01,375,6.745,IL
LN-2024-02655,Retail,ARM 5/1,913019,2024-11-01,366,6.114,FL
LN-2024-02656,Direct,ARM 5/1,960990,2024-07-01,305,7.364,TX
LN-2024-02657,Retail,30yr Fixed,576335,2024-08-01,317,7.243,NY
LN-2024-02658,Correspondent,30yr Fixed,534518,2024-12-01,254,5.7,CA
LN-2024-02659,Wholesale,ARM 5/1,933593,2024-07-01,261,6.576,CA
LN-2024-02660,Retail,15yr Fixed,1019741,2024-01-01,333,5.628,TX
LN-2024-02661,Correspondent,30yr Fixed,166601,2024-02-01,329,7.367,NY
LN-2024-02662,Correspondent,30yr Fixed,268287,2024-03-01,367,7.046,IL
LN-2024-02663,Direct,ARM 5/1,677838,2024-01-01,332,6.23,CA
LN-2024-02664,Wholesale,15yr Fixed,197272,2024-03-01,346,8.138,IL
LN-2024-02665,Retail,30yr Fixed,561486,2024-06-01,371,7.404,TX
LN-2024-02666,Wholesale,30yr Fixed,652161,2024-12-01,307,8.457,CA
LN-2024-02667,Retail,15yr Fixed,1105509,2024-11-01,317,5.552,AZ
LN-2024-02668,Wholesale,15yr Fixed,647582,2024-02-01,330,7.766,TX
LN-2024-02669,Retail,30yr Fixed,829106,2024-02-01,292,8.16,FL
LN-2024-02670,Direct,ARM 5/1,823229,2024-01-01,379,6.468,IL
LN-2024-02671,Direct,ARM 5/1,1180678,2024-09-01,321,6.856,TX
LN-2024-02672,Direct,ARM 5/1,464315,2024-09-01,377,8.177,NY
LN-2024-02673,Retail,15yr Fixed,1075004,2024-11-01,336,5.948,CA
LN-2024-02674,Retail,15yr Fixed,436854,2024-09-01,329,5.522,FL
LN-2024-02675,Correspondent,ARM 5/1,738764,2024-03-01,350,5.881,AZ
LN-2024-02676,Wholesale,ARM 5/1,244892,2024-04-01,327,6.551,AZ
LN-2024-02677,Correspondent,15yr Fixed,311687,2024-05-01,261,8.18,CA
LN-2024-02678,Retail,15yr Fixed,848191,2024-04-01,352,6.298,TX
LN-2024-02679,Wholesale,15yr Fixed,868181,2024-02-01,276,5.563,TX
LN-2024-02680,Wholesale,30yr Fixed,919808,2024-09-01,279,8.065,CA
LN-2024-02681,Wholesale,ARM 5/1,940552,2024-07-01,297,6.445,AZ
LN-2024-02682,Retail,ARM 5/1,954762,2024-07-01,304,6.319,NY
LN-2024-02683,Retail,ARM 5/1,458427,2024-03-01,332,8.094,FL
LN-2024-02684,Direct,ARM 5/1,976815,2024-12-01,358,5.518,CA
LN-2024-02685,Correspondent,15yr Fixed,174238,2024-05-01,350,6.313,IL
LN-2024-02686,Retail,ARM 5/1,872763,2024-04-01,287,7.861,TX
LN-2024-02687,Direct,30yr Fixed,1108075,2024-11-01,280,6.365,CA
LN-2024-02688,Wholesale,ARM 5/1,711926,2024-11-01,295,5.959,AZ
LN-2024-02689,Retail,ARM 5/1,813930,2024-11-01,336,7.295,FL
LN-2024-02690,Correspondent,15yr Fixed,673019,2024-05-01,343,8.274,CA
LN-2024-02691,Direct,ARM 5/1,834193,2024-10-01,333,7.607,NY
LN-2024-02692,Correspondent,15yr Fixed,731401,2024-07-01,339,7.482,FL
LN-2024-02693,Direct,30yr Fixed,1082865,2024-04-01,357,8.105,AZ
LN-2024-02694,Direct,ARM 5/1,1079131,2024-09-01,336,7.27,NY
LN-2024-02695,Wholesale,30yr Fixed,802234,2024-08-01,253,8.187,IL
LN-2024-02696,Retail,30yr Fixed,870938,2024-01-01,321,8.439,NY
LN-2024-02697,Retail,ARM 5/1,1153107,2024-01-01,283,6.537,IL
LN-2024-02698,Retail,15yr Fixed,1181960,2024-01-01,337,7.586,NY
LN-2024-02699,Correspondent,30yr Fixed,266916,2024-12-01,344,5.718,TX
LN-2024-02700,Correspondent,30yr Fixed,665206,2024-10-01,335,5.825,IL
LN-2024-02701,Retail,30yr Fixed,648642,2024-03-01,374,7.615,AZ
LN-2024-02702,Direct,15yr Fixed,1195933,2024-10-01,372,7.874,TX
LN-2024-02703,Wholesale,15yr Fixed,824619,2024-11-01,271,6.865,FL
LN-2024-02704,Correspondent,30yr Fixed,849381,2024-02-01,314,7.063,AZ
LN-2024-02705,Correspondent,ARM 5/1,551471,2024-12-01,279,7.191,CA
LN-2024-02706,Direct,ARM 5/1,802794,2024-07-01,267,7.884,NY
LN-2024-02707,Wholesale,30yr Fixed,601868,2024-10-01,257,7.699,TX
LN-2024-02708,Direct,ARM 5/1,608037,2024-05-01,355,5.534,AZ
LN-2024-02709,Wholesale,30yr Fixed,860201,2024-09-01,314,6.414,CA
LN-2024-02710,Direct,15yr Fixed,1166265,2024-07-01,358,6.259,CA
LN-2024-02711,Wholesale,15yr Fixed,1162794,2024-07-01,309,6.35,CA
LN-2024-02712,Correspondent,30yr Fixed,324566,2024-01-01,318,7.57,TX
LN-2024-02713,Retail,ARM 5/1,940311,2024-01-01,360,7.604,IL
LN-2024-02714,Direct,15yr Fixed,489135,2024-06-01,360,8.289,NY
LN-2024-02715,Direct,30yr Fixed,664965,2024-03-01,290,6.441,NY
LN-2024-02716,Retail,30yr Fixed,519174,2024-03-01,288,6.979,IL
LN-2024-02717,Direct,ARM 5/1,212604,2024-06-01,355,7.95,TX
LN-2024-02718,Wholesale,ARM 5/1,499052,2024-11-01,250,6.916,TX
LN-2024-02719,Wholesale,30yr Fixed,1109617,2024-09-01,318,6.239,CA
LN-2024-02720,Retail,ARM 5/1,825659,2024-07-01,351,5.86,FL
LN-2024-02721,Wholesale,15yr Fixed,276719,2024-10-01,270,7.71,CA
LN-2024-02722,Correspondent,30yr Fixed,795731,2024-12-01,309,6.485,TX
LN-2024-02723,Wholesale,30yr Fixed,417061,2024-03-01,275,5.904,NY
LN-2024-02724,Retail,ARM 5/1,974988,2024-12-01,362,6.296,FL
LN-2024-02725,Retail,15yr Fixed,562403,2024-12-01,331,6.695,CA
LN-2024-02726,Wholesale,ARM 5/1,517839,2024-11-01,300,6.484,IL
LN-2024-02727,Direct,ARM 5/1,465278,2024-10-01,375,6.977,FL
LN-2024-02728,Correspondent,15yr Fixed,848360,2024-08-01,375,6.55,NY
LN-2024-02729,Wholesale,30yr Fixed,528515,2024-05-01,255,5.713,FL
LN-2024-02730,Wholesale,30yr Fixed,194062,2024-12-01,373,6.638,AZ
LN-2024-02731,Retail,ARM 5/1,503834,2024-11-01,334,7.696,CA
LN-2024-02732,Direct,ARM 5/1,934106,2024-04-01,313,7.643,IL
LN-2024-02733,Retail,30yr Fixed,356745,2024-01-01,293,6.619,CA
LN-2024-02734,Wholesale,ARM 5/1,576755,2024-03-01,263,7.276,IL
LN-2024-02735,Correspondent,15yr Fixed,498317,2024-03-01,358,8.304,FL
LN-2024-02736,Wholesale,30yr Fixed,690472,2024-09-01,309,7.833,AZ
LN-2024-02737,Retail,15yr Fixed,381741,2024-06-01,351,5.566,TX
LN-2024-02738,Correspondent,15yr Fixed,152787,2024-02-01,337,6.343,AZ
LN-2024-02739,Retail,15yr Fixed,835530,2024-03-01,321,6.383,AZ
LN-2024-02740,Direct,ARM 5/1,352778,2024-07-01,284,6.516,CA
LN-2024-02741,Retail,30yr Fixed,228111,2024-12-01,304,7.744,CA
LN-2024-02742,Wholesale,15yr Fixed,1115317,2024-05-01,342,8.392,NY
LN-2024-02743,Retail,30yr Fixed,831275,2024-06-01,268,7.006,IL
LN-2024-02744,Correspondent,ARM 5/1,1172899,2024-10-01,332,6.699,FL
LN-2024-02745,Wholesale,30yr Fixed,1055345,2024-12-01,347,6.297,NY
LN-2024-02746,Direct,30yr Fixed,409825,2024-09-01,295,7.698,AZ
LN-2024-02747,Retail,ARM 5/1,935430,2024-05-01,263,7.781,CA
LN-2024-02748,Direct,ARM 5/1,871107,2024-03-01,377,7.938,TX
LN-2024-02749,Wholesale,15yr Fixed,476246,2024-03-01,281,7.069,FL
LN-2024-02750,Direct,30yr Fixed,199432,2024-04-01,316,5.642,CA
LN-2024-02751,Direct,ARM 5/1,985249,2024-08-01,322,6.62,IL
LN-2024-02752,Correspondent,15yr Fixed,1180239,2024-03-01,254,7.221,FL
LN-2024-02753,Wholesale,15yr Fixed,218581,2024-09-01,349,5.822,TX
LN-2024-02754,Direct,30yr Fixed,650383,2024-08-01,379,5.922,AZ
LN-2024-02755,Direct,30yr Fixed,686951,2024-08-01,308,6.784,TX
LN-2024-02756,Retail,ARM 5/1,239259,2024-08-01,343,7.045,CA
LN-2024-02757,Correspondent,ARM 5/1,1073742,2024-05-01,297,8.08,IL
LN-2024-02758,Correspondent,ARM 5/1,911914,2024-05-01,255,7.574,AZ
LN-2024-02759,Direct,ARM 5/1,626593,2024-06-01,372,5.568,AZ
LN-2024-02760,Correspondent,15yr Fixed,168348,2024-01-01,347,7.83,TX
LN-2024-02761,Wholesale,ARM 5/1,984776,2024-07-01,250,5.538,IL
LN-2024-02762,Correspondent,15yr Fixed,1129863,2024-09-01,324,6.369,AZ
LN-2024-02763,Direct,15yr Fixed,1128550,2024-11-01,378,8.263,AZ
LN-2024-02764,Direct,ARM 5/1,447552,2024-03-01,319,6.367,CA
LN-2024-02765,Retail,30yr Fixed,165848,2024-05-01,329,5.776,AZ
LN-2024-02766,Wholesale,15yr Fixed,754622,2024-05-01,358,6.806,TX
LN-2024-02767,Direct,15yr Fixed,897927,2024-06-01,359,7.37,TX
LN-2024-02768,Correspondent,30yr Fixed,522505,2024-03-01,351,7.572,IL
LN-2024-02769,Correspondent,15yr Fixed,524324,2024-04-01,292,8.265,FL
LN-2024-02770,Wholesale,ARM 5/1,625518,2024-01-01,374,8.082,AZ
LN-2024-02771,Wholesale,15yr Fixed,812434,2024-10-01,352,5.676,TX
LN-2024-02772,Retail,30yr Fixed,244897,2024-11-01,349,7.361,AZ
LN-2024-02773,Retail,ARM 5/1,502759,2024-05-01,295,6.35,NY
LN-2024-02774,Retail,ARM 5/1,1111339,2024-02-01,304,6.412,FL
LN-2024-02775,Wholesale,ARM 5/1,968750,2024-09-01,296,5.514,NY
LN-2024-02776,Direct,15yr Fixed,339481,2024-12-01,326,6.786,AZ
LN-2024-02777,Direct,30yr Fixed,1117140,2024-06-01,286,7.663,NY
LN-2024-02778,Retail,ARM 5/1,1119345,2024-11-01,272,8.324,FL
LN-2024-02779,Correspondent,ARM 5/1,1199423,2024-04-01,364,6.872,FL
LN-2024-02780,Correspondent,15yr Fixed,1166723,2024-03-01,274,7.366,IL
LN-2024-02781,Wholesale,30yr Fixed,810042,2024-05-01,276,5.558,IL
LN-2024-02782,Correspondent,ARM 5/1,505707,2024-07-01,281,7.974,AZ
LN-2024-02783,Retail,15yr Fixed,401028,2024-12-01,308,6.323,AZ
LN-2024-02784,Direct,ARM 5/1,443544,2024-12-01,313,6.033,FL
LN-2024-02785,Direct,30yr Fixed,785443,2024-10-01,261,7.625,IL
LN-2024-02786,Correspondent,15yr Fixed,161856,2024-06-01,253,7.64,AZ
LN-2024-02787,Direct,30yr Fixed,900812,2024-12-01,272,6.777,AZ
LN-2024-02788,Wholesale,15yr Fixed,515623,2024-12-01,318,7.222,FL
LN-2024-02789,Wholesale,30yr Fixed,853981,2024-11-01,348,5.986,CA
LN-2024-02790,Wholesale,30yr Fixed,451693,2024-06-01,305,7.948,NY
LN-2024-02791,Retail,ARM 5/1,1111616,2024-08-01,273,8.082,IL
LN-2024-02792,Retail,30yr Fixed,658462,2024-06-01,342,8.063,NY
LN-2024-02793,Direct,ARM 5/1,902981,2024-12-01,250,6.023,TX
LN-2024-02794,Wholesale,30yr Fixed,1019207,2024-01-01,302,8.236,TX
LN-2024-02795,Retail,ARM 5/1,355606,2024-01-01,341,7.273,AZ
LN-2024-02796,Retail,30yr Fixed,347971,2024-06-01,251,8.16,NY
LN-2024-02797,Wholesale,30yr Fixed,1116197,2024-08-01,295,5.992,IL
LN-2024-02798,Retail,15yr Fixed,960292,2024-04-01,369,6.408,NY
LN-2024-02799,Retail,ARM 5/1,973315,2024-06-01,251,8.202,FL
LN-2024-02800,Direct,30yr Fixed,506435,2024-03-01,365,6.078,FL
LN-2024-02801,Correspondent,15yr Fixed,463962,2024-05-01,260,7.406,AZ
LN-2024-02802,Retail,ARM 5/1,657665,2024-04-01,323,6.629,FL
LN-2024-02803,Wholesale,30yr Fixed,850118,2024-11-01,252,8.346,AZ
LN-2024-02804,Direct,30yr Fixed,972439,2024-08-01,363,6.324,AZ
LN-2024-02805,Correspondent,30yr Fixed,821943,2024-09-01,359,8.07,TX
LN-2024-02806,Wholesale,30yr Fixed,752178,2024-08-01,328,5.717,FL
LN-2024-02807,Wholesale,15yr Fixed,540472,2024-08-01,288,6.34,TX
LN-2024-02808,Direct,15yr Fixed,561935,2024-02-01,322,5.751,NY
LN-2024-02809,Correspondent,ARM 5/1,1191744,2024-12-01,298,6.699,NY
LN-2024-02810,Wholesale,ARM 5/1,177391,2024-02-01,354,6.205,TX
LN-2024-02811,Correspondent,15yr Fixed,860102,2024-08-01,347,7.952,FL
LN-2024-02812,Retail,15yr Fixed,457995,2024-06-01,255,7.291,FL
LN-2024-02813,Correspondent,ARM 5/1,496333,2024-07-01,304,8.425,CA
LN-2024-02814,Retail,ARM 5/1,389293,2024-12-01,315,6.346,TX
LN-2024-02815,Wholesale,ARM 5/1,1124063,2024-04-01,286,6.806,FL
LN-2024-02816,Direct,30yr Fixed,959862,2024-02-01,352,7.301,CA
LN-2024-02817,Wholesale,15yr Fixed,538558,2024-08-01,272,6.801,IL
LN-2024-02818,Correspondent,ARM 5/1,596257,2024-01-01,314,8.155,IL
LN-2024-02819,Direct,15yr Fixed,212067,2024-02-01,327,7.114,AZ
LN-2024-02820,Wholesale,ARM 5/1,312317,2024-06-01,327,6.798,AZ
LN-2024-02821,Correspondent,30yr Fixed,274682,2024-02-01,328,6.084,TX
LN-2024-02822,Correspondent,15yr Fixed,605433,2024-11-01,264,6.019,IL
LN-2024-02823,Direct,30yr Fixed,1148426,2024-02-01,296,6.924,CA
LN-2024-02824,Retail,30yr Fixed,1053738,2024-02-01,355,7.677,AZ
LN-2024-02825,Wholesale,15yr Fixed,1084426,2024-12-01,341,8.451,CA
LN-2024-02826,Retail,15yr Fixed,192799,2024-03-01,281,5.55,AZ
LN-2024-02827,Correspondent,30yr Fixed,754303,2024-01-01,375,7.345,NY
LN-2024-02828,Correspondent,ARM 5/1,262773,2024-06-01,362,6.705,FL
LN-2024-02829,Retail,15yr Fixed,964769,2024-09-01,311,5.684,AZ
LN-2024-02830,Correspondent,ARM 5/1,1130869,2024-11-01,307,5.718,CA
LN-2024-02831,Wholesale,ARM 5/1,1139909,2024-11-01,328,6.858,FL
LN-2024-02832,Wholesale,30yr Fixed,171397,2024-08-01,301,8.377,NY
LN-2024-02833,Direct,15yr Fixed,864124,2024-10-01,340,6.687,AZ
LN-2024-02834,Correspondent,15yr Fixed,952199,2024-11-01,361,8.214,FL
LN-2024-02835,Direct,ARM 5/1,1047612,2024-05-01,328,6.956,IL
LN-2024-02836,Direct,15yr Fixed,862483,2024-11-01,255,6.027,CA
LN-2024-02837,Wholesale,ARM 5/1,1189325,2024-05-01,290,7.724,TX
LN-2024-02838,Direct,15yr Fixed,480591,2024-11-01,264,7.789,TX
LN-2024-02839,Direct,15yr Fixed,557702,2024-05-01,364,5.952,FL
LN-2024-02840,Wholesale,ARM 5/1,412666,2024-07-01,320,6.125,IL
LN-2024-02841,Retail,30yr Fixed,339321,2024-03-01,299,7.722,TX
LN-2024-02842,Direct,ARM 5/1,250991,2024-01-01,283,6.242,IL
LN-2024-02843,Direct,30yr Fixed,503318,2024-01-01,338,6.421,CA
LN-2024-02844,Direct,15yr Fixed,732468,2024-10-01,365,7.185,AZ
LN-2024-02845,Wholesale,30yr Fixed,753010,2024-01-01,350,6.686,FL
LN-2024-02846,Direct,30yr Fixed,532010,2024-02-01,326,6.472,AZ
LN-2024-02847,Wholesale,ARM 5/1,920247,2024-10-01,331,7.708,CA
LN-2024-02848,Correspondent,30yr Fixed,581283,2024-09-01,347,8.027,IL
LN-2024-02849,Correspondent,30yr Fixed,916330,2024-06-01,342,7.27,AZ
LN-2024-02850,Correspondent,15yr Fixed,611344,2024-04-01,316,6.151,NY
LN-2024-02851,Correspondent,ARM 5/1,392738,2024-10-01,332,5.739,TX
LN-2024-02852,Direct,ARM 5/1,1086976,2024-10-01,367,7.317,TX
LN-2024-02853,Wholesale,ARM 5/1,288729,2024-12-01,321,8.257,CA
LN-2024-02854,Direct,ARM 5/1,1004344,2024-10-01,297,5.775,FL
LN-2024-02855,Retail,ARM 5/1,741821,2024-09-01,362,7.895,IL
LN-2024-02856,Correspondent,15yr Fixed,204788,2024-05-01,353,8.259,TX
LN-2024-02857,Retail,15yr Fixed,1180100,2024-01-01,346,7.85,TX
LN-2024-02858,Retail,30yr Fixed,330899,2024-08-01,273,6.03,CA
LN-2024-02859,Direct,30yr Fixed,1017749,2024-09-01,325,8.359,TX
LN-2024-02860,Wholesale,15yr Fixed,567366,2024-05-01,345,7.57,CA
LN-2024-02861,Correspondent,15yr Fixed,647798,2024-04-01,319,8.262,FL
LN-2024-02862,Direct,ARM 5/1,889536,2024-10-01,337,7.783,IL
LN-2024-02863,Direct,30yr Fixed,568578,2024-11-01,253,5.688,AZ
LN-2024-02864,Correspondent,ARM 5/1,264955,2024-10-01,362,6.67,IL
LN-2024-02865,Correspondent,ARM 5/1,606869,2024-03-01,255,7.385,AZ
LN-2024-02866,Direct,ARM 5/1,892364,2024-09-01,309,7.742,TX
LN-2024-02867,Wholesale,ARM 5/1,445761,2024-11-01,283,8.317,IL
LN-2024-02868,Wholesale,15yr Fixed,741330,2024-07-01,283,7.469,AZ
LN-2024-02869,Correspondent,30yr Fixed,821705,2024-07-01,313,5.985,NY
LN-2024-02870,Retail,ARM 5/1,770165,2024-01-01,376,6.603,FL
LN-2024-02871,Retail,ARM 5/1,916365,2024-09-01,282,7.013,CA
LN-2024-02872,Retail,ARM 5/1,1010117,2024-03-01,251,7.599,FL
LN-2024-02873,Correspondent,ARM 5/1,959645,2024-04-01,368,7.831,TX
LN-2024-02874,Correspondent,15yr Fixed,1176997,2024-05-01,288,6.0,FL
LN-2024-02875,Retail,30yr Fixed,360516,2024-12-01,326,7.558,IL
LN-2024-02876,Direct,ARM 5/1,642371,2024-09-01,306,5.551,AZ
LN-2024-02877,Correspondent,ARM 5/1,767580,2024-09-01,288,6.778,TX
LN-2024-02878,Wholesale,15yr Fixed,1190323,2024-04-01,301,7.969,IL
LN-2024-02879,Direct,15yr Fixed,418564,2024-04-01,337,6.252,FL
LN-2024-02880,Retail,30yr Fixed,412020,2024-12-01,312,7.718,FL
LN-2024-02881,Retail,30yr Fixed,1123187,2024-01-01,266,6.487,FL
LN-2024-02882,Retail,ARM 5/1,697157,2024-04-01,355,6.404,TX
LN-2024-02883,Retail,30yr Fixed,581225,2024-08-01,369,6.973,TX
LN-2024-02884,Retail,30yr Fixed,558669,2024-10-01,272,7.766,IL
LN-2024-02885,Retail,15yr Fixed,162537,2024-09-01,296,7.495,IL
LN-2024-02886,Wholesale,ARM 5/1,636569,2024-11-01,329,8.242,TX
LN-2024-02887,Wholesale,15yr Fixed,162500,2024-05-01,262,5.542,AZ
LN-2024-02888,Direct,30yr Fixed,1007707,2024-09-01,267,6.145,TX
LN-2024-02889,Correspondent,15yr Fixed,858852,2024-07-01,367,7.545,NY
LN-2024-02890,Retail,ARM 5/1,603645,2024-03-01,324,6.76,FL
LN-2024-02891,Wholesale,30yr Fixed,1163755,2024-10-01,305,5.768,AZ
LN-2024-02892,Retail,15yr Fixed,782217,2024-03-01,319,6.485,CA
LN-2024-02893,Direct,15yr Fixed,417590,2024-07-01,334,8.414,NY
LN-2024-02894,Retail,15yr Fixed,320516,2024-12-01,304,8.293,IL
LN-2024-02895,Wholesale,15yr Fixed,462878,2024-11-01,370,6.325,CA
LN-2024-02896,Correspondent,ARM 5/1,621523,2024-10-01,251,7.684,FL
LN-2024-02897,Direct,15yr Fixed,660563,2024-06-01,379,6.753,CA
LN-2024-02898,Retail,30yr Fixed,365885,2024-07-01,370,7.397,AZ
LN-2024-02899,Direct,15yr Fixed,888956,2024-01-01,277,6.912,IL
LN-2024-02900,Wholesale,30yr Fixed,971059,2024-03-01,293,8.249,AZ
LN-2024-02901,Wholesale,ARM 5/1,1072040,2024-11-01,347,6.012,NY
LN-2024-02902,Direct,15yr Fixed,418752,2024-01-01,256,6.222,FL
LN-2024-02903,Direct,15yr Fixed,665477,2024-07-01,323,7.131,IL
LN-2024-02904,Direct,30yr Fixed,873979,2024-02-01,270,7.72,CA
LN-2024-02905,Correspondent,15yr Fixed,333631,2024-02-01,274,5.959,FL
LN-2024-02906,Direct,15yr Fixed,503410,2024-04-01,358,7.763,NY
LN-2024-02907,Retail,ARM 5/1,311602,2024-06-01,321,6.978,TX
LN-2024-02908,Retail,ARM 5/1,909917,2024-04-01,366,5.658,FL
LN-2024-02909,Direct,ARM 5/1,669318,2024-05-01,271,7.751,NY
LN-2024-02910,Wholesale,15yr Fixed,849353,2024-01-01,280,5.632,IL
LN-2024-02911,Retail,30yr Fixed,1098148,2024-03-01,263,6.936,NY
LN-2024-02912,Correspondent,30yr Fixed,755899,2024-04-01,377,6.761,FL
LN-2024-02913,Direct,ARM 5/1,853763,2024-03-01,322,7.44,NY
LN-2024-02914,Retail,15yr Fixed,695108,2024-02-01,325,6.185,CA
LN-2024-02915,Retail,15yr Fixed,439751,2024-06-01,267,5.661,IL
LN-2024-02916,Direct,ARM 5/1,756708,2024-10-01,273,8.44,NY
LN-2024-02917,Retail,15yr Fixed,1003845,2024-06-01,272,7.912,CA
LN-2024-02918,Retail,15yr Fixed,156155,2024-06-01,254,6.238,CA
LN-2024-02919,Direct,ARM 5/1,478556,2024-03-01,291,5.631,IL
LN-2024-02920,Wholesale,ARM 5/1,1181896,2024-08-01,293,8.06,IL
LN-2024-02921,Direct,ARM 5/1,582221,2024-06-01,296,7.257,TX
LN-2024-02922,Retail,30yr Fixed,554565,2024-04-01,336,7.018,IL
LN-2024-02923,Direct,15yr Fixed,453602,2024-02-01,290,6.259,CA
LN-2024-02924,Direct,30yr Fixed,165988,2024-07-01,251,6.063,IL
LN-2024-02925,Wholesale,ARM 5/1,590054,2024-01-01,348,5.717,IL
LN-2024-02926,Correspondent,ARM 5/1,642435,2024-06-01,344,6.7,TX
LN-2024-02927,Retail,ARM 5/1,928433,2024-11-01,341,6.566,AZ
LN-2024-02928,Retail,30yr Fixed,999059,2024-07-01,256,8.231,AZ
LN-2024-02929,Wholesale,ARM 5/1,618672,2024-07-01,256,8.221,AZ
LN-2024-02930,Wholesale,15yr Fixed,781029,2024-10-01,320,6.832,NY
LN-2024-02931,Correspondent,30yr Fixed,548742,2024-03-01,360,7.2,AZ
LN-2024-02932,Direct,ARM 5/1,540806,2024-04-01,359,8.063,CA
LN-2024-02933,Retail,15yr Fixed,323812,2024-04-01,256,7.746,FL
LN-2024-02934,Correspondent,15yr Fixed,224957,2024-09-01,304,7.404,AZ
LN-2024-02935,Wholesale,ARM 5/1,893908,2024-05-01,280,7.014,TX
LN-2024-02936,Wholesale,30yr Fixed,474245,2024-07-01,262,7.156,CA
LN-2024-02937,Retail,30yr Fixed,269675,2024-03-01,268,6.514,NY
LN-2024-02938,Wholesale,ARM 5/1,682743,2024-10-01,369,8.143,FL
LN-2024-02939,Retail,15yr Fixed,714189,2024-11-01,313,6.604,IL
LN-2024-02940,Wholesale,30yr Fixed,796497,2024-03-01,354,8.409,TX
LN-2024-02941,Direct,15yr Fixed,1188130,2024-10-01,331,7.204,CA
LN-2024-02942,Correspondent,ARM 5/1,513248,2024-09-01,326,8.249,CA
LN-2024-02943,Correspondent,ARM 5/1,1180774,2024-11-01,368,6.505,TX
LN-2024-02944,Correspondent,15yr Fixed,522471,2024-11-01,313,5.951,IL
LN-2024-02945,Wholesale,15yr Fixed,698472,2024-10-01,311,7.078,CA
LN-2024-02946,Correspondent,ARM 5/1,1048862,2024-11-01,335,6.206,TX
LN-2024-02947,Direct,ARM 5/1,304690,2024-09-01,337,7.691,NY
LN-2024-02948,Correspondent,15yr Fixed,649812,2024-05-01,298,5.62,NY
LN-2024-02949,Direct,15yr Fixed,684063,2024-04-01,294,8.142,TX
LN-2024-02950,Direct,ARM 5/1,280502,2024-10-01,345,5.95,CA
LN-2024-02951,Wholesale,30yr Fixed,934996,2024-05-01,330,8.282,AZ
LN-2024-02952,Retail,30yr Fixed,915788,2024-07-01,280,6.028,TX
LN-2024-02953,Wholesale,15yr Fixed,728611,2024-08-01,257,5.886,FL
LN-2024-02954,Direct,30yr Fixed,174521,2024-05-01,262,5.873,TX
LN-2024-02955,Retail,15yr Fixed,1097202,2024-11-01,377,5.618,FL
LN-2024-02956,Retail,30yr Fixed,345596,2024-03-01,368,7.084,IL
LN-2024-02957,Retail,ARM 5/1,199823,2024-05-01,284,6.028,AZ
LN-2024-02958,Direct,ARM 5/1,819267,2024-12-01,325,6.121,NY
LN-2024-02959,Direct,ARM 5/1,1061921,2024-12-01,289,5.591,FL
LN-2024-02960,Correspondent,30yr Fixed,1164591,2024-07-01,307,6.324,AZ
LN-2024-02961,Direct,30yr Fixed,436060,2024-03-01,298,6.79,TX
LN-2024-02962,Direct,ARM 5/1,872086,2024-11-01,337,6.07,AZ
LN-2024-02963,Correspondent,15yr Fixed,451705,2024-05-01,356,7.19,CA
LN-2024-02964,Retail,30yr Fixed,1021019,2024-03-01,299,7.701,IL
LN-2024-02965,Retail,15yr Fixed,297069,2024-06-01,348,8.2,IL
LN-2024-02966,Retail,15yr Fixed,678774,2024-08-01,287,7.84,TX
LN-2024-02967,Correspondent,15yr Fixed,956608,2024-07-01,300,6.522,IL
LN-2024-02968,Direct,ARM 5/1,1121164,2024-09-01,253,6.948,NY
LN-2024-02969,Correspondent,15yr Fixed,540815,2024-01-01,372,6.533,CA
LN-2024-02970,Direct,15yr Fixed,322876,2024-04-01,283,5.918,CA
LN-2024-02971,Wholesale,30yr Fixed,285572,2024-01-01,361,6.342,IL
LN-2024-02972,Retail,15yr Fixed,791585,2024-06-01,366,5.878,TX
LN-2024-02973,Direct,ARM 5/1,1117775,2024-09-01,324,8.435,TX
LN-2024-02974,Retail,30yr Fixed,906498,2024-07-01,340,5.85,NY
LN-2024-02975,Retail,30yr Fixed,1071629,2024-12-01,315,6.588,AZ
LN-2024-02976,Direct,30yr Fixed,1004671,2024-04-01,260,6.548,CA
LN-2024-02977,Retail,ARM 5/1,513698,2024-04-01,368,8.339,CA
LN-2024-02978,Wholesale,30yr Fixed,1005715,2024-04-01,300,6.213,CA
LN-2024-02979,Direct,ARM 5/1,815790,2024-12-01,253,6.935,IL
LN-2024-02980,Direct,15yr Fixed,1170888,2024-12-01,343,7.294,AZ
LN-2024-02981,Direct,15yr Fixed,677497,2024-03-01,331,7.177,IL
LN-2024-02982,Direct,ARM 5/1,1006444,2024-07-01,357,5.534,CA
LN-2024-02983,Correspondent,30yr Fixed,490755,2024-01-01,256,7.305,FL
LN-2024-02984,Direct,30yr Fixed,329054,2024-04-01,308,8.292,TX
LN-2024-02985,Direct,15yr Fixed,752026,2024-08-01,261,5.657,FL
LN-2024-02986,Retail,30yr Fixed,1174846,2024-07-01,309,5.848,IL
LN-2024-02987,Wholesale,ARM 5/1,564118,2024-02-01,315,7.204,TX
LN-2024-02988,Direct,ARM 5/1,988790,2024-04-01,340,6.24,CA
LN-2024-02989,Retail,30yr Fixed,665611,2024-04-01,271,5.783,IL
LN-2024-02990,Correspondent,15yr Fixed,1142932,2024-07-01,336,8.12,IL
LN-2024-02991,Wholesale,ARM 5/1,560034,2024-09-01,329,7.833,AZ
LN-2024-02992,Retail,30yr Fixed,436093,2024-01-01,284,6.717,TX
LN-2024-02993,Retail,30yr Fixed,467240,2024-01-01,282,5.531,AZ
LN-2024-02994,Direct,15yr Fixed,1016406,2024-09-01,259,6.776,NY
LN-2024-02995,Direct,15yr Fixed,310068,2024-07-01,271,6.941,CA
LN-2024-02996,Correspondent,30yr Fixed,592709,2024-03-01,263,6.751,IL
LN-2024-02997,Direct,15yr Fixed,357122,2024-11-01,307,8.32,TX
LN-2024-02998,Retail,15yr Fixed,569590,2024-04-01,326,7.33,IL
LN-2024-02999,Direct,ARM 5/1,292033,2024-09-01,367,8.414,CA
LN-2024-03000,Retail,ARM 5/1,258059,2024-08-01,327,7.226,FL
LN-2024-03001,Correspondent,30yr Fixed,944255,2024-12-01,379,7.026,NY
LN-2024-03002,Direct,15yr Fixed,1017453,2024-11-01,275,6.848,NY
LN-2024-03003,Retail,ARM 5/1,932615,2024-12-01,275,7.718,IL
LN-2024-03004,Wholesale,ARM 5/1,604160,2024-06-01,253,7.249,AZ
LN-2024-03005,Retail,15yr Fixed,229484,2024-05-01,330,6.425,AZ
LN-2024-03006,Wholesale,ARM 5/1,1092392,2024-09-01,319,6.243,NY
LN-2024-03007,Correspondent,30yr Fixed,595084,2024-05-01,329,6.007,AZ
LN-2024-03008,Direct,30yr Fixed,798051,2024-08-01,324,6.319,NY
LN-2024-03009,Retail,15yr Fixed,782668,2024-03-01,363,7.008,NY
LN-2024-03010,Correspondent,ARM 5/1,805285,2024-08-01,281,7.339,FL
LN-2024-03011,Correspondent,30yr Fixed,711651,2024-12-01,289,6.957,AZ
LN-2024-03012,Wholesale,30yr Fixed,244400,2024-02-01,314,5.611,CA
LN-2024-03013,Retail,30yr Fixed,1113234,2024-04-01,257,7.791,AZ
LN-2024-03014,Retail,15yr Fixed,952029,2024-11-01,276,5.799,FL
LN-2024-03015,Wholesale,ARM 5/1,484126,2024-03-01,378,7.375,AZ
LN-2024-03016,Correspondent,15yr Fixed,211851,2024-05-01,379,7.072,FL
LN-2024-03017,Correspondent,ARM 5/1,240946,2024-08-01,284,7.628,FL
LN-2024-03018,Retail,ARM 5/1,219651,2024-01-01,277,7.52,CA
LN-2024-03019,Direct,ARM 5/1,588175,2024-12-01,290,8.027,IL
LN-2024-03020,Direct,ARM 5/1,151171,2024-11-01,315,7.43,TX
LN-2024-03021,Retail,30yr Fixed,821506,2024-07-01,264,8.313,IL
LN-2024-03022,Direct,30yr Fixed,812359,2024-12-01,363,5.783,NY
LN-2024-03023,Retail,ARM 5/1,393337,2024-07-01,307,5.726,NY
LN-2024-03024,Wholesale,ARM 5/1,636572,2024-03-01,363,7.006,TX
LN-2024-03025,Correspondent,30yr Fixed,248950,2024-11-01,260,5.713,FL
LN-2024-03026,Direct,ARM 5/1,740863,2024-09-01,278,6.224,CA
LN-2024-03027,Retail,15yr Fixed,468500,2024-09-01,365,5.581,FL
LN-2024-03028,Retail,30yr Fixed,659992,2024-11-01,334,7.725,AZ
LN-2024-03029,Retail,15yr Fixed,624291,2024-09-01,339,8.036,FL
LN-2024-03030,Direct,15yr Fixed,693511,2024-02-01,356,6.097,CA
LN-2024-03031,Wholesale,ARM 5/1,475077,2024-04-01,262,6.306,AZ
LN-2024-03032,Correspondent,15yr Fixed,1097694,2024-12-01,374,6.2,CA
LN-2024-03033,Correspondent,15yr Fixed,920230,2024-09-01,316,5.662,AZ
LN-2024-03034,Correspondent,ARM 5/1,1000082,2024-03-01,293,8.395,AZ
LN-2024-03035,Direct,30yr Fixed,844072,2024-08-01,279,5.616,NY
LN-2024-03036,Correspondent,15yr Fixed,320203,2024-04-01,331,6.091,TX
LN-2024-03037,Correspondent,ARM 5/1,224138,2024-03-01,271,5.957,AZ
LN-2024-03038,Wholesale,15yr Fixed,220138,2024-12-01,339,6.79,AZ
LN-2024-03039,Correspondent,15yr Fixed,425712,2024-05-01,275,5.62,NY
LN-2024-03040,Direct,ARM 5/1,663356,2024-12-01,310,6.635,CA
LN-2024-03041,Direct,15yr Fixed,1116045,2024-12-01,339,7.484,TX
LN-2024-03042,Direct,ARM 5/1,808123,2024-02-01,313,6.096,NY
LN-2024-03043,Correspondent,ARM 5/1,887395,2024-05-01,336,5.896,AZ
LN-2024-03044,Retail,30yr Fixed,1017085,2024-05-01,256,6.712,NY
LN-2024-03045,Correspondent,15yr Fixed,1156965,2024-02-01,339,6.449,CA
LN-2024-03046,Wholesale,15yr Fixed,774081,2024-01-01,275,7.99,CA
LN-2024-03047,Retail,ARM 5/1,624845,2024-02-01,374,7.39,NY
LN-2024-03048,Direct,ARM 5/1,560478,2024-10-01,379,8.431,NY
LN-2024-03049,Direct,ARM 5/1,966572,2024-02-01,378,7.394,TX
LN-2024-03050,Correspondent,ARM 5/1,924987,2024-08-01,283,8.107,CA
LN-2024-03051,Wholesale,30yr Fixed,222698,2024-03-01,302,8.008,FL
LN-2024-03052,Wholesale,15yr Fixed,715224,2024-05-01,354,8.38,IL
LN-2024-03053,Correspondent,ARM 5/1,946335,2024-03-01,353,6.72,AZ
LN-2024-03054,Wholesale,ARM 5/1,627789,2024-05-01,297,7.487,TX
LN-2024-03055,Retail,30yr Fixed,351890,2024-05-01,313,7.776,FL
LN-2024-03056,Retail,15yr Fixed,611940,2024-10-01,372,5.986,CA
LN-2024-03057,Retail,ARM 5/1,623948,2024-03-01,347,6.25,FL
LN-2024-03058,Correspondent,ARM 5/1,225642,2024-05-01,367,7.698,IL
LN-2024-03059,Retail,ARM 5/1,173162,2024-03-01,312,8.378,CA
LN-2024-03060,Direct,ARM 5/1,737071,2024-05-01,378,7.675,AZ
LN-2024-03061,Wholesale,30yr Fixed,1151586,2024-01-01,341,5.608,IL
LN-2024-03062,Direct,15yr Fixed,666278,2024-04-01,335,6.715,CA
LN-2024-03063,Wholesale,ARM 5/1,1102632,2024-11-01,285,6.394,TX
LN-2024-03064,Wholesale,ARM 5/1,905320,2024-06-01,324,7.777,IL
LN-2024-03065,Retail,30yr Fixed,891254,2024-07-01,321,6.814,NY
LN-2024-03066,Correspondent,ARM 5/1,698324,2024-02-01,309,7.875,NY
LN-2024-03067,Correspondent,ARM 5/1,549620,2024-06-01,311,6.359,AZ
LN-2024-03068,Correspondent,15yr Fixed,528780,2024-11-01,369,5.714,TX
LN-2024-03069,Retail,30yr Fixed,156093,2024-03-01,340,6.446,CA
LN-2024-03070,Direct,ARM 5/1,966076,2024-08-01,329,6.848,TX
LN-2024-03071,Wholesale,ARM 5/1,986572,2024-10-01,353,6.149,NY
LN-2024-03072,Wholesale,15yr Fixed,178588,2024-12-01,254,6.066,FL
LN-2024-03073,Direct,ARM 5/1,418817,2024-03-01,379,8.481,FL
LN-2024-03074,Correspondent,30yr Fixed,587469,2024-07-01,328,7.305,IL
LN-2024-03075,Correspondent,30yr Fixed,751356,2024-01-01,284,7.401,TX
LN-2024-03076,Retail,15yr Fixed,512842,2024-03-01,324,5.796,FL
LN-2024-03077,Retail,ARM 5/1,747014,2024-06-01,289,6.721,TX
LN-2024-03078,Direct,ARM 5/1,251401,2024-10-01,325,5.882,AZ
LN-2024-03079,Correspondent,ARM 5/1,634207,2024-11-01,250,6.679,TX
LN-2024-03080,Correspondent,30yr Fixed,274825,2024-07-01,299,5.639,NY
LN-2024-03081,Direct,15yr Fixed,997743,2024-10-01,326,7.884,FL
LN-2024-03082,Direct,ARM 5/1,855117,2024-04-01,337,6.865,CA
LN-2024-03083,Correspondent,30yr Fixed,618242,2024-12-01,315,6.83,IL
LN-2024-03084,Retail,ARM 5/1,895593,2024-03-01,379,6.113,TX
LN-2024-03085,Direct,15yr Fixed,362586,2024-04-01,355,6.824,TX
LN-2024-03086,Correspondent,ARM 5/1,605988,2024-05-01,312,6.406,FL
LN-2024-03087,Wholesale,30yr Fixed,675542,2024-08-01,275,5.719,AZ
LN-2024-03088,Correspondent,15yr Fixed,996022,2024-06-01,348,8.463,AZ
LN-2024-03089,Direct,ARM 5/1,666016,2024-09-01,376,7.019,IL
LN-2024-03090,Retail,ARM 5/1,614125,2024-09-01,259,7.525,NY
LN-2024-03091,Wholesale,30yr Fixed,1052012,2024-12-01,304,5.873,TX
LN-2024-03092,Correspondent,ARM 5/1,204059,2024-06-01,365,7.513,AZ
LN-2024-03093,Wholesale,30yr Fixed,1105621,2024-04-01,266,6.561,IL
LN-2024-03094,Wholesale,30yr Fixed,318381,2024-12-01,311,7.262,IL
LN-2024-03095,Retail,ARM 5/1,519997,2024-12-01,285,7.782,IL
LN-2024-03096,Retail,ARM 5/1,473719,2024-06-01,264,7.963,FL
LN-2024-03097,Correspondent,15yr Fixed,376858,2024-03-01,260,8.019,AZ
LN-2024-03098,Correspondent,30yr Fixed,618574,2024-08-01,272,7.468,CA
LN-2024-03099,Direct,ARM 5/1,1176027,2024-08-01,251,7.397,CA
LN-2024-03100,Correspondent,15yr Fixed,993055,2024-10-01,363,5.923,AZ
LN-2024-03101,Wholesale,15yr Fixed,1198793,2024-12-01,340,6.558,CA
LN-2024-03102,Wholesale,ARM 5/1,917116,2024-08-01,276,8.293,NY
LN-2024-03103,Wholesale,15yr Fixed,304171,2024-02-01,332,6.709,TX
LN-2024-03104,Retail,ARM 5/1,1094413,2024-07-01,358,7.45,FL
LN-2024-03105,Retail,ARM 5/1,838657,2024-09-01,349,6.261,TX
LN-2024-03106,Retail,ARM 5/1,1113264,2024-05-01,259,7.203,AZ
LN-2024-03107,Retail,15yr Fixed,826857,2024-10-01,259,7.437,NY
LN-2024-03108,Wholesale,15yr Fixed,689531,2024-06-01,360,7.707,NY
LN-2024-03109,Correspondent,ARM 5/1,419409,2024-06-01,257,7.174,AZ
LN-2024-03110,Wholesale,15yr Fixed,247275,2024-08-01,377,6.574,CA
LN-2024-03111,Correspondent,ARM 5/1,368789,2024-06-01,264,7.014,NY
LN-2024-03112,Correspondent,30yr Fixed,620553,2024-01-01,265,7.004,CA
LN-2024-03113,Correspondent,30yr Fixed,1082227,2024-02-01,281,6.27,NY
LN-2024-03114,Retail,ARM 5/1,879482,2024-02-01,282,7.296,AZ
LN-2024-03115,Correspondent,15yr Fixed,444821,2024-09-01,314,8.072,CA
LN-2024-03116,Direct,30yr Fixed,211140,2024-07-01,255,5.668,IL
LN-2024-03117,Wholesale,30yr Fixed,290089,2024-07-01,315,7.366,NY
LN-2024-03118,Correspondent,15yr Fixed,726623,2024-02-01,260,7.914,NY
LN-2024-03119,Retail,15yr Fixed,305422,2024-06-01,346,6.585,TX
LN-2024-03120,Retail,ARM 5/1,509266,2024-09-01,332,5.957,CA
LN-2024-03121,Direct,30yr Fixed,1190834,2024-11-01,366,6.157,IL
LN-2024-03122,Direct,30yr Fixed,841594,2024-09-01,317,7.884,IL
LN-2024-03123,Direct,15yr Fixed,963341,2024-09-01,295,8.084,NY
LN-2024-03124,Wholesale,30yr Fixed,975705,2024-01-01,338,6.912,NY
LN-2024-03125,Wholesale,15yr Fixed,851618,2024-09-01,270,7.869,CA
LN-2024-03126,Retail,15yr Fixed,445759,2024-04-01,319,5.514,FL
LN-2024-03127,Retail,15yr Fixed,837848,2024-06-01,363,8.491,NY
LN-2024-03128,Retail,ARM 5/1,1124423,2024-05-01,312,8.401,IL
LN-2024-03129,Direct,ARM 5/1,927320,2024-02-01,351,7.07,FL
LN-2024-03130,Wholesale,30yr Fixed,845857,2024-03-01,349,7.754,NY
LN-2024-03131,Direct,ARM 5/1,798087,2024-02-01,310,8.018,NY
LN-2024-03132,Correspondent,15yr Fixed,1120141,2024-04-01,274,7.647,CA
LN-2024-03133,Correspondent,30yr Fixed,1130543,2024-09-01,346,6.824,TX
LN-2024-03134,Wholesale,ARM 5/1,1065497,2024-12-01,253,6.067,IL
LN-2024-03135,Direct,15yr Fixed,1044670,2024-10-01,369,6.179,IL
LN-2024-03136,Wholesale,15yr Fixed,1174997,2024-08-01,327,5.936,IL
LN-2024-03137,Wholesale,ARM 5/1,792244,2024-09-01,299,6.722,TX
LN-2024-03138,Correspondent,ARM 5/1,845816,2024-07-01,351,6.121,IL
LN-2024-03139,Wholesale,30yr Fixed,1039106,2024-10-01,305,8.249,AZ
LN-2024-03140,Correspondent,15yr Fixed,1068695,2024-02-01,361,5.596,IL
LN-2024-03141,Wholesale,15yr Fixed,255294,2024-10-01,297,6.255,TX
LN-2024-03142,Correspondent,15yr Fixed,171849,2024-06-01,338,7.269,TX
LN-2024-03143,Wholesale,ARM 5/1,1016156,2024-11-01,273,7.217,IL
LN-2024-03144,Correspondent,ARM 5/1,473828,2024-12-01,250,5.543,TX
LN-2024-03145,Direct,30yr Fixed,302767,2024-05-01,361,7.96,IL
LN-2024-03146,Retail,ARM 5/1,642172,2024-06-01,339,7.092,IL
LN-2024-03147,Retail,15yr Fixed,878532,2024-11-01,366,6.228,AZ
LN-2024-03148,Direct,ARM 5/1,299383,2024-07-01,299,6.722,TX
LN-2024-03149,Wholesale,15yr Fixed,1020547,2024-08-01,358,6.31,TX
LN-2024-03150,Direct,15yr Fixed,225747,2024-09-01,370,8.453,FL
LN-2024-03151,Retail,15yr Fixed,1058891,2024-12-01,371,8.317,CA
LN-2024-03152,Correspondent,ARM 5/1,416070,2024-11-01,295,7.733,CA
LN-2024-03153,Wholesale,15yr Fixed,787713,2024-09-01,261,6.74,IL
LN-2024-03154,Direct,ARM 5/1,292294,2024-06-01,324,7.566,NY
LN-2024-03155,Correspondent,ARM 5/1,712907,2024-10-01,370,5.82,IL
LN-2024-03156,Wholesale,30yr Fixed,780487,2024-12-01,269,7.965,NY
LN-2024-03157,Wholesale,ARM 5/1,585293,2024-06-01,275,7.945,FL
LN-2024-03158,Wholesale,15yr Fixed,372839,2024-08-01,305,5.511,CA
LN-2024-03159,Retail,ARM 5/1,446988,2024-12-01,341,6.082,CA
LN-2024-03160,Wholesale,ARM 5/1,990471,2024-05-01,254,8.209,CA
LN-2024-03161,Retail,15yr Fixed,779565,2024-05-01,303,7.766,TX
LN-2024-03162,Retail,ARM 5/1,1129416,2024-02-01,305,8.313,IL
LN-2024-03163,Retail,ARM 5/1,327530,2024-05-01,373,7.06,IL
LN-2024-03164,Retail,ARM 5/1,632535,2024-08-01,370,6.608,CA
LN-2024-03165,Wholesale,15yr Fixed,624406,2024-03-01,256,7.495,IL
LN-2024-03166,Retail,15yr Fixed,1061408,2024-03-01,255,8.202,NY
LN-2024-03167,Correspondent,30yr Fixed,236058,2024-09-01,353,5.516,AZ
LN-2024-03168,Direct,30yr Fixed,788963,2024-06-01,252,6.663,FL
LN-2024-03169,Correspondent,ARM 5/1,342670,2024-02-01,278,6.045,NY
LN-2024-03170,Wholesale,30yr Fixed,651020,2024-04-01,303,6.747,NY
LN-2024-03171,Retail,30yr Fixed,457252,2024-05-01,266,5.849,CA
LN-2024-03172,Direct,30yr Fixed,375298,2024-10-01,344,5.917,CA
LN-2024-03173,Retail,30yr Fixed,836007,2024-06-01,315,6.622,NY
LN-2024-03174,Direct,30yr Fixed,557595,2024-05-01,275,6.698,IL
LN-2024-03175,Wholesale,ARM 5/1,976011,2024-11-01,260,5.876,FL
LN-2024-03176,Direct,15yr Fixed,292731,2024-06-01,377,5.864,TX
LN-2024-03177,Direct,15yr Fixed,311681,2024-12-01,300,8.145,AZ
LN-2024-03178,Direct,30yr Fixed,211487,2024-11-01,300,7.26,TX
LN-2024-03179,Correspondent,30yr Fixed,1033138,2024-02-01,269,6.201,FL
LN-2024-03180,Direct,ARM 5/1,580915,2024-10-01,323,8.385,TX
LN-2024-03181,Correspondent,30yr Fixed,443875,2024-07-01,272,8.367,AZ
LN-2024-03182,Correspondent,30yr Fixed,621485,2024-07-01,319,8.085,NY
LN-2024-03183,Retail,15yr Fixed,226882,2024-11-01,367,6.691,TX
LN-2024-03184,Correspondent,ARM 5/1,765276,2024-11-01,339,8.402,TX
LN-2024-03185,Correspondent,15yr Fixed,175657,2024-04-01,301,7.088,CA
LN-2024-03186,Direct,ARM 5/1,530117,2024-05-01,277,5.638,IL
LN-2024-03187,Correspondent,30yr Fixed,1142831,2024-07-01,329,5.574,AZ
LN-2024-03188,Correspondent,30yr Fixed,883903,2024-06-01,355,8.441,FL
LN-2024-03189,Wholesale,30yr Fixed,1156528,2024-11-01,320,6.595,AZ
LN-2024-03190,Retail,30yr Fixed,266689,2024-06-01,250,5.581,IL
LN-2024-03191,Retail,ARM 5/1,1070432,2024-08-01,288,5.947,IL
LN-2024-03192,Correspondent,30yr Fixed,1088882,2024-12-01,330,5.808,TX
LN-2024-03193,Correspondent,15yr Fixed,290126,2024-04-01,380,5.685,IL
LN-2024-03194,Wholesale,30yr Fixed,244628,2024-11-01,340,5.697,AZ
LN-2024-03195,Retail,15yr Fixed,424330,2024-08-01,275,7.92,IL
LN-2024-03196,Retail,30yr Fixed,1003647,2024-11-01,317,7.915,FL
LN-2024-03197,Correspondent,15yr Fixed,201654,2024-03-01,355,7.88,CA
LN-2024-03198,Direct,ARM 5/1,552539,2024-06-01,284,6.784,IL
LN-2024-03199,Wholesale,15yr Fixed,659366,2024-02-01,278,6.517,IL
LN-2024-03200,Direct,15yr Fixed,918385,2024-08-01,250,8.305,IL
LN-2024-03201,Wholesale,ARM 5/1,502555,2024-10-01,253,7.237,NY
LN-2024-03202,Correspondent,ARM 5/1,196502,2024-05-01,287,7.699,NY
LN-2024-03203,Retail,30yr Fixed,206905,2024-05-01,375,7.054,IL
LN-2024-03204,Wholesale,30yr Fixed,538980,2024-08-01,321,5.873,TX
LN-2024-03205,Retail,15yr Fixed,1017384,2024-09-01,334,7.171,FL
LN-2024-03206,Wholesale,15yr Fixed,1143293,2024-07-01,376,5.528,TX
LN-2024-03207,Direct,30yr Fixed,865739,2024-10-01,330,5.56,TX
LN-2024-03208,Retail,15yr Fixed,599841,2024-12-01,314,6.949,CA
LN-2024-03209,Wholesale,15yr Fixed,282716,2024-07-01,301,8.09,AZ
LN-2024-03210,Direct,30yr Fixed,554709,2024-05-01,336,6.771,IL
LN-2024-03211,Retail,ARM 5/1,902618,2024-12-01,304,5.548,TX
LN-2024-03212,Wholesale,ARM 5/1,442427,2024-11-01,280,8.063,AZ
LN-2024-03213,Wholesale,ARM 5/1,1095949,2024-01-01,267,6.212,AZ
LN-2024-03214,Retail,15yr Fixed,870131,2024-05-01,317,7.164,TX
LN-2024-03215,Direct,15yr Fixed,703072,2024-01-01,374,7.641,CA
LN-2024-03216,Retail,ARM 5/1,629776,2024-11-01,309,5.765,TX
LN-2024-03217,Wholesale,ARM 5/1,726257,2024-04-01,356,8.015,IL
LN-2024-03218,Direct,ARM 5/1,1198181,2024-06-01,371,8.409,CA
LN-2024-03219,Direct,15yr Fixed,733295,2024-02-01,269,8.345,TX
LN-2024-03220,Wholesale,30yr Fixed,212575,2024-06-01,373,5.966,CA
LN-2024-03221,Correspondent,30yr Fixed,780342,2024-05-01,369,7.838,IL
LN-2024-03222,Direct,ARM 5/1,474132,2024-01-01,253,5.602,FL
LN-2024-03223,Wholesale,ARM 5/1,980797,2024-07-01,253,8.063,FL
LN-2024-03224,Wholesale,15yr Fixed,1067323,2024-11-01,370,7.447,FL
LN-2024-03225,Correspondent,30yr Fixed,341665,2024-02-01,347,7.328,TX
LN-2024-03226,Correspondent,ARM 5/1,885548,2024-09-01,365,8.145,AZ
LN-2024-03227,Retail,30yr Fixed,221742,2024-11-01,271,6.102,NY
LN-2024-03228,Wholesale,15yr Fixed,584187,2024-02-01,351,7.599,IL
LN-2024-03229,Wholesale,ARM 5/1,1199291,2024-09-01,335,5.886,CA
LN-2024-03230,Retail,ARM 5/1,551903,2024-04-01,351,6.163,IL
LN-2024-03231,Wholesale,30yr Fixed,383889,2024-06-01,367,7.506,FL
LN-2024-03232,Retail,ARM 5/1,348898,2024-03-01,348,7.158,CA
LN-2024-03233,Direct,ARM 5/1,534830,2024-08-01,272,7.503,NY
LN-2024-03234,Correspondent,ARM 5/1,958924,2024-11-01,358,5.615,FL
LN-2024-03235,Wholesale,15yr Fixed,1153448,2024-04-01,313,5.797,TX
LN-2024-03236,Direct,15yr Fixed,1177251,2024-12-01,362,7.959,FL
LN-2024-03237,Correspondent,30yr Fixed,869845,2024-01-01,326,7.021,FL
LN-2024-03238,Direct,30yr Fixed,813559,2024-01-01,323,7.558,IL
LN-2024-03239,Retail,15yr Fixed,655801,2024-10-01,260,8.246,CA
LN-2024-03240,Correspondent,15yr Fixed,789267,2024-01-01,332,7.797,CA
LN-2024-03241,Retail,ARM 5/1,556525,2024-05-01,375,5.834,IL
LN-2024-03242,Wholesale,15yr Fixed,793287,2024-12-01,318,5.912,CA
LN-2024-03243,Wholesale,30yr Fixed,606160,2024-12-01,306,7.919,TX
LN-2024-03244,Retail,ARM 5/1,984090,2024-01-01,253,6.812,FL
LN-2024-03245,Direct,15yr Fixed,987471,2024-07-01,301,5.923,CA
LN-2024-03246,Retail,30yr Fixed,893094,2024-08-01,298,6.619,TX
LN-2024-03247,Direct,ARM 5/1,400626,2024-08-01,308,8.457,AZ
LN-2024-03248,Wholesale,30yr Fixed,857996,2024-06-01,366,7.549,NY
LN-2024-03249,Retail,ARM 5/1,668565,2024-08-01,331,6.162,TX
LN-2024-03250,Retail,30yr Fixed,288441,2024-11-01,273,6.244,IL
LN-2024-03251,Direct,ARM 5/1,271713,2024-01-01,306,7.24,FL
LN-2024-03252,Direct,ARM 5/1,1161684,2024-04-01,327,7.774,TX
LN-2024-03253,Direct,15yr Fixed,288777,2024-07-01,375,6.174,FL
LN-2024-03254,Direct,15yr Fixed,764045,2024-04-01,323,5.567,IL
LN-2024-03255,Wholesale,15yr Fixed,796437,2024-02-01,286,7.105,IL
LN-2024-03256,Wholesale,15yr Fixed,579932,2024-10-01,335,6.177,IL
LN-2024-03257,Wholesale,30yr Fixed,796707,2024-08-01,306,6.419,NY
LN-2024-03258,Correspondent,15yr Fixed,849563,2024-11-01,356,6.362,NY
LN-2024-03259,Retail,ARM 5/1,1101653,2024-01-01,254,6.853,TX
LN-2024-03260,Correspondent,15yr Fixed,435123,2024-05-01,379,6.637,NY
LN-2024-03261,Wholesale,ARM 5/1,258596,2024-04-01,286,7.801,NY
LN-2024-03262,Retail,ARM 5/1,1122311,2024-03-01,380,7.554,FL
LN-2024-03263,Wholesale,ARM 5/1,155387,2024-04-01,302,8.359,TX
LN-2024-03264,Retail,15yr Fixed,1027720,2024-01-01,380,6.954,NY
LN-2024-03265,Retail,ARM 5/1,286340,2024-03-01,298,5.754,AZ
LN-2024-03266,Wholesale,30yr Fixed,556765,2024-01-01,321,6.042,CA
LN-2024-03267,Direct,15yr Fixed,1187218,2024-11-01,370,8.348,FL
LN-2024-03268,Direct,15yr Fixed,1071986,2024-07-01,327,7.42,TX
LN-2024-03269,Wholesale,30yr Fixed,733231,2024-12-01,345,8.011,NY
LN-2024-03270,Direct,30yr Fixed,1025325,2024-06-01,345,6.65,CA
LN-2024-03271,Direct,30yr Fixed,440869,2024-11-01,346,6.209,NY
LN-2024-03272,Retail,30yr Fixed,1076090,2024-03-01,279,8.301,NY
LN-2024-03273,Wholesale,30yr Fixed,201250,2024-11-01,277,8.347,NY
LN-2024-03274,Direct,15yr Fixed,1134453,2024-12-01,334,7.819,IL
LN-2024-03275,Wholesale,15yr Fixed,280465,2024-10-01,292,6.658,FL
LN-2024-03276,Wholesale,15yr Fixed,476128,2024-11-01,322,7.644,IL
LN-2024-03277,Retail,30yr Fixed,681981,2024-09-01,278,8.317,TX
LN-2024-03278,Correspondent,15yr Fixed,971296,2024-09-01,306,6.372,IL
LN-2024-03279,Direct,ARM 5/1,641901,2024-07-01,357,8.387,IL
LN-2024-03280,Retail,15yr Fixed,549803,2024-02-01,372,8.393,CA
LN-2024-03281,Correspondent,15yr Fixed,549642,2024-02-01,272,7.084,NY
LN-2024-03282,Direct,30yr Fixed,1181477,2024-02-01,276,7.038,NY
LN-2024-03283,Wholesale,15yr Fixed,633622,2024-07-01,264,5.765,NY
LN-2024-03284,Retail,30yr Fixed,696590,2024-11-01,273,8.326,IL
LN-2024-03285,Retail,30yr Fixed,768101,2024-08-01,314,6.268,FL
LN-2024-03286,Wholesale,ARM 5/1,356730,2024-04-01,313,6.365,FL
LN-2024-03287,Direct,30yr Fixed,549269,2024-08-01,268,7.735,IL
LN-2024-03288,Retail,ARM 5/1,836855,2024-09-01,312,5.738,FL
LN-2024-03289,Direct,30yr Fixed,692442,2024-09-01,271,7.189,FL
LN-2024-03290,Correspondent,30yr Fixed,280581,2024-03-01,376,7.994,CA
LN-2024-03291,Retail,15yr Fixed,1157509,2024-06-01,335,5.874,TX
LN-2024-03292,Correspondent,30yr Fixed,754250,2024-11-01,326,6.48,IL
LN-2024-03293,Correspondent,15yr Fixed,729485,2024-02-01,257,6.006,NY
LN-2024-03294,Correspondent,15yr Fixed,505366,2024-08-01,341,8.216,AZ
LN-2024-03295,Direct,30yr Fixed,433900,2024-04-01,374,6.347,TX
LN-2024-03296,Wholesale,ARM 5/1,583750,2024-06-01,282,8.397,NY
LN-2024-03297,Correspondent,ARM 5/1,989043,2024-01-01,279,5.639,NY
LN-2024-03298,Direct,ARM 5/1,621625,2024-11-01,362,7.056,TX
LN-2024-03299,Retail,30yr Fixed,910495,2024-10-01,367,6.482,IL
LN-2024-03300,Direct,ARM 5/1,727166,2024-12-01,273,5.52,FL
LN-2024-03301,Correspondent,ARM 5/1,1032147,2024-11-01,344,6.645,CA
LN-2024-03302,Wholesale,15yr Fixed,254833,2024-06-01,354,6.804,NY
LN-2024-03303,Correspondent,30yr Fixed,1090257,2024-06-01,274,7.669,AZ
LN-2024-03304,Correspondent,ARM 5/1,420200,2024-08-01,329,5.846,AZ
LN-2024-03305,Wholesale,15yr Fixed,620471,2024-04-01,255,7.562,TX
LN-2024-03306,Wholesale,30yr Fixed,165423,2024-04-01,303,6.731,NY
LN-2024-03307,Retail,15yr Fixed,333053,2024-02-01,269,7.952,AZ
LN-2024-03308,Correspondent,15yr Fixed,1096006,2024-01-01,353,5.546,TX
LN-2024-03309,Direct,15yr Fixed,1056214,2024-05-01,262,7.926,NY
LN-2024-03310,Retail,ARM 5/1,209909,2024-12-01,275,7.069,NY
LN-2024-03311,Direct,ARM 5/1,661487,2024-12-01,285,7.546,NY
LN-2024-03312,Correspondent,ARM 5/1,446205,2024-04-01,337,8.416,AZ
LN-2024-03313,Correspondent,30yr Fixed,628186,2024-01-01,359,6.048,FL
LN-2024-03314,Wholesale,15yr Fixed,990038,2024-08-01,329,8.023,NY
LN-2024-03315,Direct,ARM 5/1,811630,2024-01-01,371,7.924,CA
LN-2024-03316,Retail,30yr Fixed,217776,2024-10-01,311,7.228,CA
LN-2024-03317,Direct,15yr Fixed,658832,2024-12-01,265,7.462,NY
LN-2024-03318,Direct,15yr Fixed,529814,2024-10-01,292,7.885,CA
LN-2024-03319,Correspondent,15yr Fixed,200024,2024-08-01,290,7.959,CA
LN-2024-03320,Correspondent,ARM 5/1,693452,2024-03-01,291,6.895,IL
LN-2024-03321,Direct,ARM 5/1,1016828,2024-09-01,376,7.173,IL
LN-2024-03322,Correspondent,15yr Fixed,1042790,2024-09-01,372,6.401,TX
LN-2024-03323,Wholesale,30yr Fixed,887132,2024-07-01,355,6.08,NY
LN-2024-03324,Direct,ARM 5/1,1089986,2024-07-01,255,6.778,IL
LN-2024-03325,Retail,ARM 5/1,1089773,2024-02-01,297,6.188,FL
LN-2024-03326,Retail,30yr Fixed,779867,2024-03-01,253,6.387,FL
LN-2024-03327,Retail,ARM 5/1,484186,2024-03-01,266,5.958,FL
LN-2024-03328,Wholesale,30yr Fixed,745520,2024-12-01,356,7.8,AZ
LN-2024-03329,Direct,30yr Fixed,542525,2024-10-01,324,6.722,TX
LN-2024-03330,Direct,30yr Fixed,319795,2024-11-01,340,5.935,IL
LN-2024-03331,Correspondent,15yr Fixed,1062892,2024-06-01,310,6.386,CA
LN-2024-03332,Retail,ARM 5/1,497356,2024-09-01,279,5.764,FL
LN-2024-03333,Direct,ARM 5/1,660837,2024-02-01,366,5.508,AZ
LN-2024-03334,Retail,15yr Fixed,981884,2024-01-01,361,8.002,CA
LN-2024-03335,Correspondent,ARM 5/1,582556,2024-04-01,356,7.69,IL
LN-2024-03336,Wholesale,15yr Fixed,259834,2024-11-01,317,7.902,CA
LN-2024-03337,Direct,15yr Fixed,318142,2024-09-01,340,5.799,CA
LN-2024-03338,Direct,15yr Fixed,173948,2024-07-01,291,5.795,FL
LN-2024-03339,Retail,ARM 5/1,1124131,2024-01-01,327,6.705,AZ
LN-2024-03340,Direct,ARM 5/1,411917,2024-03-01,321,8.096,FL
LN-2024-03341,Retail,30yr Fixed,941856,2024-05-01,342,7.718,NY
LN-2024-03342,Retail,ARM 5/1,745957,2024-12-01,365,7.144,TX
LN-2024-03343,Wholesale,15yr Fixed,296942,2024-05-01,317,5.884,NY
LN-2024-03344,Correspondent,15yr Fixed,854589,2024-12-01,330,8.244,NY
LN-2024-03345,Correspondent,ARM 5/1,1156435,2024-11-01,321,6.551,CA
LN-2024-03346,Correspondent,ARM 5/1,158895,2024-07-01,366,7.736,FL
LN-2024-03347,Retail,15yr Fixed,591022,2024-09-01,303,7.13,TX
LN-2024-03348,Correspondent,ARM 5/1,258734,2024-12-01,250,6.02,FL
LN-2024-03349,Correspondent,ARM 5/1,534577,2024-06-01,345,6.764,AZ
LN-2024-03350,Wholesale,30yr Fixed,939886,2024-04-01,286,6.34,TX
LN-2024-03351,Wholesale,15yr Fixed,454384,2024-11-01,324,8.438,TX
LN-2024-03352,Wholesale,30yr Fixed,831583,2024-11-01,288,7.381,IL
LN-2024-03353,Direct,15yr Fixed,796183,2024-06-01,354,6.002,TX
LN-2024-03354,Retail,30yr Fixed,518774,2024-06-01,367,5.722,FL
LN-2024-03355,Direct,ARM 5/1,806195,2024-01-01,349,7.07,IL
LN-2024-03356,Retail,30yr Fixed,1037219,2024-12-01,348,8.068,IL
LN-2024-03357,Correspondent,30yr Fixed,169759,2024-05-01,291,7.813,FL
LN-2024-03358,Direct,30yr Fixed,1169208,2024-05-01,322,7.832,CA
LN-2024-03359,Wholesale,15yr Fixed,1171642,2024-07-01,341,6.512,TX
LN-2024-03360,Wholesale,ARM 5/1,861221,2024-01-01,336,5.678,AZ
LN-2024-03361,Retail,ARM 5/1,922858,2024-12-01,295,7.278,CA
LN-2024-03362,Correspondent,30yr Fixed,371024,2024-12-01,331,6.874,TX
LN-2024-03363,Retail,ARM 5/1,336825,2024-02-01,293,6.127,CA
LN-2024-03364,Retail,ARM 5/1,792880,2024-08-01,375,6.967,AZ
LN-2024-03365,Retail,15yr Fixed,838727,2024-10-01,275,7.37,CA
LN-2024-03366,Retail,ARM 5/1,1161672,2024-11-01,329,6.901,CA
LN-2024-03367,Direct,30yr Fixed,792076,2024-09-01,261,8.48,AZ
LN-2024-03368,Correspondent,30yr Fixed,1124375,2024-09-01,320,7.74,FL
LN-2024-03369,Wholesale,30yr Fixed,975850,2024-10-01,375,5.558,CA
LN-2024-03370,Correspondent,30yr Fixed,1164555,2024-12-01,361,5.907,AZ
LN-2024-03371,Wholesale,15yr Fixed,555268,2024-12-01,355,8.454,FL
LN-2024-03372,Correspondent,30yr Fixed,151465,2024-09-01,251,6.984,TX
LN-2024-03373,Retail,15yr Fixed,961291,2024-09-01,334,5.767,CA
LN-2024-03374,Wholesale,15yr Fixed,358073,2024-02-01,357,5.952,IL
LN-2024-03375,Correspondent,30yr Fixed,159814,2024-05-01,264,8.129,NY
LN-2024-03376,Correspondent,30yr Fixed,373946,2024-12-01,322,8.073,TX
LN-2024-03377,Retail,30yr Fixed,849807,2024-12-01,354,7.853,AZ
LN-2024-03378,Retail,ARM 5/1,645080,2024-11-01,277,7.297,AZ
LN-2024-03379,Direct,ARM 5/1,708248,2024-06-01,336,5.887,IL
LN-2024-03380,Direct,15yr Fixed,744104,2024-08-01,269,6.57,AZ
LN-2024-03381,Wholesale,15yr Fixed,376624,2024-06-01,281,7.956,IL
LN-2024-03382,Retail,ARM 5/1,361442,2024-12-01,372,6.813,IL
LN-2024-03383,Wholesale,15yr Fixed,1193970,2024-07-01,256,7.713,NY
LN-2024-03384,Retail,30yr Fixed,792697,2024-10-01,343,5.678,FL
LN-2024-03385,Direct,ARM 5/1,563494,2024-09-01,258,7.276,IL
LN-2024-03386,Retail,30yr Fixed,378785,2024-07-01,357,8.098,TX
LN-2024-03387,Wholesale,30yr Fixed,550602,2024-05-01,346,8.186,AZ
LN-2024-03388,Retail,15yr Fixed,353162,2024-02-01,312,6.403,IL
LN-2024-03389,Wholesale,15yr Fixed,171157,2024-02-01,270,6.828,TX
LN-2024-03390,Correspondent,15yr Fixed,873972,2024-10-01,302,6.302,NY
LN-2024-03391,Retail,15yr Fixed,764829,2024-12-01,339,6.772,AZ
LN-2024-03392,Wholesale,30yr Fixed,764312,2024-09-01,322,7.253,NY
LN-2024-03393,Wholesale,15yr Fixed,1157433,2024-08-01,307,6.638,NY
LN-2024-03394,Retail,ARM 5/1,387114,2024-07-01,268,8.322,AZ
LN-2024-03395,Retail,ARM 5/1,388804,2024-08-01,376,5.525,NY
LN-2024-03396,Direct,15yr Fixed,775696,2024-02-01,327,5.925,NY
LN-2024-03397,Wholesale,30yr Fixed,1191095,2024-01-01,347,7.585,TX
LN-2024-03398,Retail,15yr Fixed,651408,2024-11-01,305,6.95,AZ
LN-2024-03399,Correspondent,15yr Fixed,1010760,2024-12-01,311,5.826,FL
LN-2024-03400,Retail,30yr Fixed,1118635,2024-09-01,304,8.022,FL
LN-2024-03401,Correspondent,ARM 5/1,531880,2024-05-01,286,8.375,IL
LN-2024-03402,Retail,30yr Fixed,595373,2024-12-01,296,6.379,IL
LN-2024-03403,Direct,30yr Fixed,645073,2024-08-01,303,7.847,AZ
LN-2024-03404,Retail,15yr Fixed,507791,2024-05-01,303,5.972,AZ
LN-2024-03405,Direct,ARM 5/1,704714,2024-03-01,273,6.459,TX
LN-2024-03406,Correspondent,ARM 5/1,404744,2024-08-01,354,7.391,NY
LN-2024-03407,Direct,15yr Fixed,856179,2024-02-01,287,6.291,IL
LN-2024-03408,Retail,ARM 5/1,391034,2024-02-01,317,7.992,TX
LN-2024-03409,Retail,30yr Fixed,855657,2024-07-01,312,6.653,FL
LN-2024-03410,Retail,ARM 5/1,1054340,2024-09-01,347,7.108,FL
LN-2024-03411,Retail,15yr Fixed,646081,2024-06-01,346,7.31,FL
LN-2024-03412,Direct,30yr Fixed,1063085,2024-03-01,302,5.861,AZ
LN-2024-03413,Retail,30yr Fixed,372535,2024-11-01,298,6.145,FL
LN-2024-03414,Retail,30yr Fixed,704045,2024-06-01,340,5.516,TX
LN-2024-03415,Correspondent,15yr Fixed,508867,2024-05-01,354,7.627,TX
LN-2024-03416,Correspondent,30yr Fixed,603014,2024-09-01,305,8.13,IL
LN-2024-03417,Retail,15yr Fixed,277075,2024-06-01,284,7.353,AZ
LN-2024-03418,Correspondent,30yr Fixed,195989,2024-11-01,302,7.437,TX
LN-2024-03419,Direct,ARM 5/1,832525,2024-01-01,354,6.114,TX
LN-2024-03420,Wholesale,15yr Fixed,830143,2024-09-01,341,7.714,NY
LN-2024-03421,Wholesale,15yr Fixed,272767,2024-09-01,262,5.877,FL
LN-2024-03422,Direct,30yr Fixed,544549,2024-11-01,256,8.252,AZ
LN-2024-03423,Direct,ARM 5/1,410253,2024-03-01,317,6.024,NY
LN-2024-03424,Direct,30yr Fixed,1089292,2024-02-01,317,8.275,TX
LN-2024-03425,Correspondent,15yr Fixed,478152,2024-07-01,377,7.231,NY
LN-2024-03426,Wholesale,15yr Fixed,373125,2024-09-01,290,6.914,AZ
LN-2024-03427,Correspondent,ARM 5/1,775187,2024-01-01,357,5.744,TX
LN-2024-03428,Wholesale,15yr Fixed,805336,2024-10-01,308,7.912,CA
LN-2024-03429,Wholesale,15yr Fixed,1157866,2024-09-01,346,6.594,CA
LN-2024-03430,Direct,15yr Fixed,877317,2024-03-01,276,6.26,CA
LN-2024-03431,Wholesale,15yr Fixed,152644,2024-12-01,367,5.783,NY
LN-2024-03432,Wholesale,ARM 5/1,909266,2024-09-01,350,7.663,AZ
LN-2024-03433,Direct,ARM 5/1,854320,2024-10-01,252,5.506,NY
LN-2024-03434,Retail,ARM 5/1,267471,2024-05-01,312,6.606,AZ
LN-2024-03435,Retail,15yr Fixed,1135103,2024-03-01,327,5.935,FL
LN-2024-03436,Retail,30yr Fixed,1064967,2024-03-01,252,7.731,IL
LN-2024-03437,Retail,15yr Fixed,628615,2024-03-01,286,7.62,NY
LN-2024-03438,Direct,ARM 5/1,229852,2024-04-01,255,6.409,TX
LN-2024-03439,Retail,30yr Fixed,1029849,2024-07-01,312,5.705,FL
LN-2024-03440,Direct,ARM 5/1,907283,2024-03-01,378,7.216,FL
LN-2024-03441,Correspondent,30yr Fixed,980395,2024-06-01,271,7.478,AZ
LN-2024-03442,Wholesale,30yr Fixed,864927,2024-02-01,268,6.276,FL
LN-2024-03443,Correspondent,15yr Fixed,365009,2024-11-01,371,7.538,CA
LN-2024-03444,Direct,ARM 5/1,854618,2024-02-01,294,6.145,NY
LN-2024-03445,Correspondent,ARM 5/1,195961,2024-06-01,284,6.308,NY
LN-2024-03446,Correspondent,15yr Fixed,257624,2024-03-01,255,8.406,TX
LN-2024-03447,Retail,ARM 5/1,837287,2024-07-01,304,8.421,FL
LN-2024-03448,Retail,ARM 5/1,1144361,2024-11-01,315,5.742,NY
LN-2024-03449,Retail,15yr Fixed,1127962,2024-10-01,255,5.563,CA
LN-2024-03450,Wholesale,30yr Fixed,571758,2024-07-01,263,5.963,TX
LN-2024-03451,Wholesale,30yr Fixed,1045652,2024-01-01,300,6.927,FL
LN-2024-03452,Retail,30yr Fixed,731440,2024-07-01,359,8.169,CA
LN-2024-03453,Direct,ARM 5/1,203950,2024-05-01,253,5.537,AZ
LN-2024-03454,Retail,ARM 5/1,1127433,2024-07-01,373,8.494,CA
LN-2024-03455,Retail,15yr Fixed,948037,2024-12-01,348,6.649,TX
LN-2024-03456,Retail,ARM 5/1,207403,2024-07-01,266,7.458,CA
LN-2024-03457,Direct,ARM 5/1,326100,2024-05-01,263,7.69,CA
LN-2024-03458,Direct,30yr Fixed,1086013,2024-04-01,276,5.648,IL
LN-2024-03459,Direct,15yr Fixed,557754,2024-09-01,335,5.823,FL
LN-2024-03460,Correspondent,ARM 5/1,273111,2024-09-01,376,8.341,CA
LN-2024-03461,Direct,15yr Fixed,787771,2024-02-01,323,5.914,NY
LN-2024-03462,Retail,ARM 5/1,545787,2024-07-01,256,5.886,FL
LN-2024-03463,Correspondent,30yr Fixed,755182,2024-10-01,306,7.61,TX
LN-2024-03464,Retail,15yr Fixed,1031529,2024-04-01,285,7.299,AZ
LN-2024-03465,Direct,15yr Fixed,209983,2024-10-01,278,6.942,CA
LN-2024-03466,Direct,15yr Fixed,776626,2024-10-01,317,7.626,TX
LN-2024-03467,Retail,15yr Fixed,491500,2024-08-01,294,7.351,FL
LN-2024-03468,Retail,30yr Fixed,269940,2024-03-01,275,6.505,FL
LN-2024-03469,Correspondent,ARM 5/1,506979,2024-02-01,365,7.688,IL
LN-2024-03470,Retail,ARM 5/1,174421,2024-05-01,325,6.136,NY
LN-2024-03471,Wholesale,ARM 5/1,325306,2024-06-01,348,7.494,AZ
LN-2024-03472,Direct,15yr Fixed,644960,2024-04-01,253,7.683,IL
LN-2024-03473,Wholesale,ARM 5/1,151206,2024-07-01,315,6.026,NY
LN-2024-03474,Wholesale,15yr Fixed,447943,2024-07-01,358,8.406,IL
LN-2024-03475,Retail,15yr Fixed,1182359,2024-07-01,309,6.334,TX
LN-2024-03476,Direct,30yr Fixed,154251,2024-06-01,289,6.774,FL
LN-2024-03477,Retail,15yr Fixed,686051,2024-03-01,373,7.288,TX
LN-2024-03478,Direct,30yr Fixed,1144230,2024-07-01,339,6.849,FL
LN-2024-03479,Wholesale,ARM 5/1,965425,2024-12-01,364,6.74,FL
LN-2024-03480,Retail,ARM 5/1,414505,2024-06-01,350,6.079,IL
LN-2024-03481,Wholesale,15yr Fixed,444063,2024-08-01,363,7.8,FL
LN-2024-03482,Direct,ARM 5/1,884043,2024-02-01,335,8.266,NY
LN-2024-03483,Direct,15yr Fixed,1164448,2024-03-01,304,6.878,FL
LN-2024-03484,Correspondent,30yr Fixed,163382,2024-08-01,317,8.464,FL
LN-2024-03485,Wholesale,30yr Fixed,456832,2024-10-01,374,7.376,CA
LN-2024-03486,Retail,15yr Fixed,380260,2024-08-01,253,7.789,CA
LN-2024-03487,Correspondent,ARM 5/1,495876,2024-04-01,378,5.748,CA
LN-2024-03488,Wholesale,ARM 5/1,504268,2024-06-01,345,7.882,FL
LN-2024-03489,Direct,ARM 5/1,185699,2024-10-01,369,7.856,IL
LN-2024-03490,Wholesale,15yr Fixed,187846,2024-12-01,337,5.704,TX
LN-2024-03491,Correspondent,15yr Fixed,1018436,2024-12-01,313,6.867,FL
LN-2024-03492,Wholesale,30yr Fixed,830016,2024-12-01,307,8.27,AZ
LN-2024-03493,Correspondent,ARM 5/1,659378,2024-07-01,283,6.853,NY
LN-2024-03494,Wholesale,ARM 5/1,1106408,2024-11-01,304,7.022,IL
LN-2024-03495,Retail,15yr Fixed,642627,2024-04-01,344,7.85,NY
LN-2024-03496,Direct,30yr Fixed,743969,2024-02-01,369,8.124,NY
LN-2024-03497,Wholesale,ARM 5/1,608083,2024-10-01,256,6.309,TX
LN-2024-03498,Retail,15yr Fixed,771482,2024-02-01,258,7.035,FL
LN-2024-03499,Correspondent,15yr Fixed,617176,2024-07-01,286,6.669,NY
LN-2024-03500,Retail,30yr Fixed,421570,2024-09-01,274,6.449,NY
LN-2024-03501,Direct,30yr Fixed,188195,2024-12-01,368,5.647,CA
LN-2024-03502,Correspondent,ARM 5/1,710909,2024-11-01,365,8.417,CA
LN-2024-03503,Retail,15yr Fixed,700111,2024-05-01,378,8.075,TX
LN-2024-03504,Correspondent,30yr Fixed,798079,2024-10-01,353,5.852,FL
LN-2024-03505,Retail,15yr Fixed,794245,2024-11-01,344,7.602,IL
LN-2024-03506,Wholesale,ARM 5/1,192566,2024-08-01,273,5.965,CA
LN-2024-03507,Retail,15yr Fixed,1138446,2024-05-01,299,7.495,TX
LN-2024-03508,Direct,ARM 5/1,990400,2024-03-01,295,7.627,IL
LN-2024-03509,Direct,15yr Fixed,372068,2024-08-01,367,7.306,CA
LN-2024-03510,Retail,15yr Fixed,374988,2024-08-01,340,6.513,CA
LN-2024-03511,Wholesale,15yr Fixed,763122,2024-11-01,305,5.772,NY
LN-2024-03512,Wholesale,ARM 5/1,493491,2024-07-01,376,6.995,NY
LN-2024-03513,Wholesale,30yr Fixed,412177,2024-05-01,262,6.327,CA
LN-2024-03514,Wholesale,ARM 5/1,853597,2024-01-01,379,8.155,AZ
LN-2024-03515,Wholesale,30yr Fixed,870181,2024-01-01,328,5.899,CA
LN-2024-03516,Correspondent,15yr Fixed,1048680,2024-11-01,262,6.469,NY
LN-2024-03517,Retail,15yr Fixed,891920,2024-08-01,311,6.365,IL
LN-2024-03518,Retail,30yr Fixed,1107532,2024-09-01,264,6.689,NY
LN-2024-03519,Direct,30yr Fixed,537084,2024-11-01,323,6.185,TX
LN-2024-03520,Direct,15yr Fixed,754089,2024-08-01,304,6.24,CA
LN-2024-03521,Wholesale,ARM 5/1,268835,2024-06-01,367,8.276,FL
LN-2024-03522,Direct,ARM 5/1,402898,2024-05-01,339,6.261,FL
LN-2024-03523,Wholesale,30yr Fixed,577627,2024-10-01,380,5.633,IL
LN-2024-03524,Direct,15yr Fixed,255401,2024-07-01,256,8.025,TX
LN-2024-03525,Correspondent,ARM 5/1,1129351,2024-05-01,252,6.831,FL
LN-2024-03526,Wholesale,ARM 5/1,1107479,2024-04-01,288,6.865,TX
LN-2024-03527,Retail,ARM 5/1,464115,2024-01-01,269,5.58,AZ
LN-2024-03528,Wholesale,30yr Fixed,363536,2024-01-01,318,7.951,CA
LN-2024-03529,Correspondent,15yr Fixed,227738,2024-07-01,283,6.474,CA
LN-2024-03530,Correspondent,15yr Fixed,1018412,2024-11-01,375,8.005,NY
LN-2024-03531,Correspondent,ARM 5/1,1174270,2024-08-01,345,6.465,NY
LN-2024-03532,Direct,ARM 5/1,351245,2024-12-01,261,8.112,AZ
LN-2024-03533,Wholesale,30yr Fixed,331054,2024-02-01,284,5.761,CA
LN-2024-03534,Retail,ARM 5/1,1049589,2024-09-01,337,5.827,IL
LN-2024-03535,Correspondent,30yr Fixed,340726,2024-07-01,259,6.901,NY
LN-2024-03536,Correspondent,ARM 5/1,668763,2024-05-01,263,6.996,CA
LN-2024-03537,Wholesale,15yr Fixed,354138,2024-11-01,336,8.273,FL
LN-2024-03538,Wholesale,ARM 5/1,635542,2024-11-01,372,7.78,FL
LN-2024-03539,Retail,ARM 5/1,710465,2024-11-01,374,5.867,FL
LN-2024-03540,Wholesale,30yr Fixed,1092763,2024-06-01,376,5.784,IL
LN-2024-03541,Correspondent,30yr Fixed,593379,2024-02-01,250,5.867,IL
LN-2024-03542,Direct,30yr Fixed,486859,2024-01-01,375,7.259,TX
LN-2024-03543,Direct,ARM 5/1,514378,2024-09-01,287,8.324,NY
LN-2024-03544,Retail,15yr Fixed,749321,2024-05-01,331,5.809,FL
LN-2024-03545,Wholesale,15yr Fixed,304103,2024-07-01,278,7.788,AZ
LN-2024-03546,Correspondent,ARM 5/1,972206,2024-03-01,283,6.03,NY
LN-2024-03547,Wholesale,ARM 5/1,678971,2024-12-01,322,6.221,AZ
LN-2024-03548,Retail,ARM 5/1,1093695,2024-03-01,375,8.153,CA
LN-2024-03549,Wholesale,ARM 5/1,205478,2024-03-01,309,7.437,CA
LN-2024-03550,Direct,30yr Fixed,513210,2024-03-01,331,6.702,TX
LN-2024-03551,Direct,30yr Fixed,843104,2024-02-01,313,7.336,IL
LN-2024-03552,Direct,30yr Fixed,828031,2024-10-01,370,8.378,TX
LN-2024-03553,Direct,15yr Fixed,852815,2024-11-01,317,7.036,NY
LN-2024-03554,Retail,30yr Fixed,1017745,2024-06-01,361,5.996,TX
LN-2024-03555,Correspondent,30yr Fixed,730015,2024-11-01,341,6.27,NY
LN-2024-03556,Wholesale,15yr Fixed,739696,2024-10-01,348,5.865,CA
LN-2024-03557,Retail,ARM 5/1,534549,2024-09-01,305,5.906,FL
LN-2024-03558,Correspondent,30yr Fixed,1090538,2024-03-01,367,7.964,IL
LN-2024-03559,Wholesale,15yr Fixed,887086,2024-08-01,327,7.073,FL
LN-2024-03560,Wholesale,30yr Fixed,988766,2024-03-01,333,8.498,FL
LN-2024-03561,Wholesale,ARM 5/1,628552,2024-09-01,346,7.984,NY
LN-2024-03562,Retail,30yr Fixed,412860,2024-03-01,341,6.057,IL
LN-2024-03563,Correspondent,15yr Fixed,483770,2024-03-01,358,6.351,TX
LN-2024-03564,Correspondent,15yr Fixed,157068,2024-06-01,292,8.168,NY
LN-2024-03565,Wholesale,ARM 5/1,817778,2024-04-01,272,6.021,IL
LN-2024-03566,Correspondent,15yr Fixed,532910,2024-06-01,353,6.418,FL
LN-2024-03567,Wholesale,ARM 5/1,1105702,2024-06-01,255,7.163,NY
LN-2024-03568,Direct,15yr Fixed,844072,2024-03-01,256,7.683,CA
LN-2024-03569,Correspondent,15yr Fixed,588726,2024-11-01,325,6.185,IL
LN-2024-03570,Retail,15yr Fixed,669231,2024-05-01,296,6.776,FL
LN-2024-03571,Correspondent,30yr Fixed,960637,2024-09-01,326,7.663,FL
LN-2024-03572,Direct,15yr Fixed,188426,2024-10-01,351,6.162,TX
LN-2024-03573,Direct,ARM 5/1,552209,2024-02-01,351,7.991,TX
LN-2024-03574,Direct,ARM 5/1,390308,2024-06-01,285,5.596,AZ
LN-2024-03575,Correspondent,ARM 5/1,1052217,2024-02-01,290,7.673,IL
LN-2024-03576,Direct,ARM 5/1,980606,2024-09-01,325,6.006,FL
LN-2024-03577,Correspondent,30yr Fixed,1176687,2024-01-01,265,8.12,AZ
LN-2024-03578,Retail,30yr Fixed,151321,2024-01-01,253,6.336,AZ
LN-2024-03579,Correspondent,ARM 5/1,969058,2024-09-01,271,6.538,CA
LN-2024-03580,Direct,15yr Fixed,1163386,2024-12-01,321,7.863,IL
LN-2024-03581,Retail,30yr Fixed,778573,2024-06-01,257,7.094,TX
LN-2024-03582,Direct,30yr Fixed,1132620,2024-04-01,252,6.348,IL
LN-2024-03583,Direct,15yr Fixed,572175,2024-12-01,307,7.955,NY
LN-2024-03584,Direct,ARM 5/1,544485,2024-05-01,338,8.276,CA
LN-2024-03585,Retail,30yr Fixed,663473,2024-09-01,285,7.354,TX
LN-2024-03586,Wholesale,ARM 5/1,951133,2024-05-01,338,7.007,NY
LN-2024-03587,Retail,30yr Fixed,682762,2024-04-01,350,7.173,FL
LN-2024-03588,Retail,30yr Fixed,267957,2024-05-01,286,6.102,FL
LN-2024-03589,Direct,15yr Fixed,373834,2024-10-01,303,8.131,IL
LN-2024-03590,Direct,ARM 5/1,213528,2024-01-01,352,7.086,TX
LN-2024-03591,Retail,ARM 5/1,612881,2024-09-01,255,6.69,TX
LN-2024-03592,Retail,30yr Fixed,418714,2024-05-01,287,8.175,NY
LN-2024-03593,Wholesale,ARM 5/1,618434,2024-08-01,371,8.171,CA
LN-2024-03594,Wholesale,15yr Fixed,568629,2024-06-01,251,7.739,CA
LN-2024-03595,Correspondent,30yr Fixed,789754,2024-06-01,282,8.496,FL
LN-2024-03596,Correspondent,30yr Fixed,1015729,2024-08-01,294,7.171,NY
LN-2024-03597,Direct,30yr Fixed,830975,2024-07-01,252,7.941,TX
LN-2024-03598,Wholesale,15yr Fixed,961030,2024-01-01,360,6.191,IL
LN-2024-03599,Correspondent,15yr Fixed,532218,2024-04-01,375,7.211,FL
LN-2024-03600,Correspondent,ARM 5/1,937254,2024-04-01,346,7.986,IL
LN-2024-03601,Correspondent,15yr Fixed,1040917,2024-09-01,261,6.361,TX
LN-2024-03602,Retail,15yr Fixed,223277,2024-01-01,354,7.585,IL
LN-2024-03603,Direct,15yr Fixed,163103,2024-04-01,316,7.243,FL
LN-2024-03604,Wholesale,30yr Fixed,508725,2024-11-01,338,6.604,AZ
LN-2024-03605,Retail,15yr Fixed,1197390,2024-05-01,371,7.685,NY
LN-2024-03606,Correspondent,ARM 5/1,1030619,2024-01-01,295,7.804,TX
LN-2024-03607,Wholesale,30yr Fixed,243679,2024-07-01,282,6.211,TX
LN-2024-03608,Correspondent,ARM 5/1,508848,2024-03-01,320,8.45,IL
LN-2024-03609,Correspondent,30yr Fixed,857096,2024-06-01,374,7.426,IL
LN-2024-03610,Correspondent,15yr Fixed,966620,2024-02-01,308,6.593,TX
LN-2024-03611,Retail,15yr Fixed,843373,2024-05-01,295,6.439,FL
LN-2024-03612,Correspondent,ARM 5/1,959409,2024-05-01,279,6.676,IL
LN-2024-03613,Retail,15yr Fixed,1147785,2024-01-01,361,7.538,AZ
LN-2024-03614,Direct,ARM 5/1,242566,2024-09-01,309,6.21,NY
LN-2024-03615,Retail,30yr Fixed,154848,2024-03-01,322,6.831,IL
LN-2024-03616,Correspondent,30yr Fixed,1175428,2024-05-01,312,6.478,TX
LN-2024-03617,Correspondent,ARM 5/1,276738,2024-06-01,348,6.265,FL
LN-2024-03618,Wholesale,30yr Fixed,904386,2024-08-01,312,8.465,TX
LN-2024-03619,Correspondent,ARM 5/1,645451,2024-11-01,364,6.747,FL
LN-2024-03620,Direct,15yr Fixed,904060,2024-09-01,266,5.741,TX
LN-2024-03621,Wholesale,30yr Fixed,921212,2024-01-01,353,7.026,AZ
LN-2024-03622,Wholesale,ARM 5/1,603524,2024-08-01,355,7.88,NY
LN-2024-03623,Direct,30yr Fixed,961162,2024-02-01,300,7.4,IL
LN-2024-03624,Wholesale,ARM 5/1,959748,2024-03-01,252,7.523,NY
LN-2024-03625,Retail,15yr Fixed,912611,2024-02-01,270,6.483,FL
LN-2024-03626,Wholesale,ARM 5/1,313138,2024-02-01,350,5.588,NY
LN-2024-03627,Retail,30yr Fixed,529085,2024-03-01,313,6.081,NY
LN-2024-03628,Correspondent,ARM 5/1,1134879,2024-12-01,340,7.979,IL
LN-2024-03629,Correspondent,30yr Fixed,1142586,2024-02-01,256,6.69,TX
LN-2024-03630,Correspondent,15yr Fixed,299772,2024-12-01,351,7.801,NY
LN-2024-03631,Correspondent,15yr Fixed,792559,2024-01-01,374,6.146,TX
LN-2024-03632,Retail,ARM 5/1,262190,2024-12-01,374,6.467,TX
LN-2024-03633,Wholesale,30yr Fixed,1077524,2024-07-01,368,6.569,NY
LN-2024-03634,Correspondent,15yr Fixed,1159721,2024-06-01,333,5.659,FL
LN-2024-03635,Wholesale,ARM 5/1,895179,2024-06-01,315,7.572,AZ
LN-2024-03636,Retail,ARM 5/1,394053,2024-07-01,353,6.851,TX
LN-2024-03637,Retail,30yr Fixed,334749,2024-08-01,368,6.527,NY
LN-2024-03638,Retail,ARM 5/1,586144,2024-04-01,363,6.526,NY
LN-2024-03639,Wholesale,30yr Fixed,255031,2024-07-01,255,6.48,FL
LN-2024-03640,Wholesale,30yr Fixed,544215,2024-11-01,303,6.877,TX
LN-2024-03641,Retail,30yr Fixed,615647,2024-06-01,272,7.367,NY
LN-2024-03642,Direct,30yr Fixed,882705,2024-06-01,285,6.816,NY
LN-2024-03643,Wholesale,30yr Fixed,340449,2024-05-01,293,6.463,IL
LN-2024-03644,Direct,ARM 5/1,1053933,2024-08-01,319,8.469,TX
LN-2024-03645,Direct,ARM 5/1,909369,2024-12-01,301,5.904,FL
LN-2024-03646,Correspondent,ARM 5/1,1005186,2024-07-01,281,6.698,NY
LN-2024-03647,Retail,ARM 5/1,1085758,2024-01-01,261,7.602,NY
LN-2024-03648,Retail,ARM 5/1,986319,2024-12-01,364,6.902,IL
LN-2024-03649,Retail,ARM 5/1,291316,2024-06-01,372,7.816,AZ
LN-2024-03650,Wholesale,30yr Fixed,770215,2024-10-01,251,6.577,TX
LN-2024-03651,Direct,ARM 5/1,1025996,2024-09-01,344,6.46,NY
LN-2024-03652,Direct,15yr Fixed,442071,2024-11-01,313,5.682,IL
LN-2024-03653,Wholesale,ARM 5/1,737208,2024-10-01,357,7.855,AZ
LN-2024-03654,Retail,30yr Fixed,475033,2024-07-01,313,6.411,TX
LN-2024-03655,Direct,15yr Fixed,1134194,2024-09-01,317,8.115,CA
LN-2024-03656,Wholesale,ARM 5/1,1035412,2024-08-01,328,7.869,NY
LN-2024-03657,Retail,ARM 5/1,1026398,2024-08-01,339,6.37,FL
LN-2024-03658,Retail,ARM 5/1,848018,2024-06-01,286,6.519,IL
LN-2024-03659,Retail,ARM 5/1,494277,2024-03-01,281,6.707,NY
LN-2024-03660,Wholesale,ARM 5/1,961583,2024-10-01,331,5.562,NY
LN-2024-03661,Direct,30yr Fixed,451102,2024-12-01,307,7.236,AZ
LN-2024-03662,Correspondent,ARM 5/1,388448,2024-10-01,312,7.08,TX
LN-2024-03663,Direct,30yr Fixed,456675,2024-10-01,311,8.421,IL
LN-2024-03664,Retail,15yr Fixed,172745,2024-01-01,310,7.41,CA
LN-2024-03665,Correspondent,30yr Fixed,824709,2024-01-01,259,7.442,CA
LN-2024-03666,Correspondent,30yr Fixed,535233,2024-05-01,323,6.947,CA
LN-2024-03667,Wholesale,15yr Fixed,703826,2024-07-01,326,6.76,TX
LN-2024-03668,Correspondent,ARM 5/1,240058,2024-12-01,338,6.447,AZ
LN-2024-03669,Wholesale,15yr Fixed,731009,2024-10-01,287,6.897,IL
LN-2024-03670,Direct,30yr Fixed,640177,2024-06-01,284,7.253,FL
LN-2024-03671,Correspondent,ARM 5/1,499202,2024-04-01,365,7.682,NY
LN-2024-03672,Retail,15yr Fixed,1016630,2024-05-01,319,7.92,AZ
LN-2024-03673,Direct,30yr Fixed,688449,2024-10-01,358,5.785,CA
LN-2024-03674,Wholesale,15yr Fixed,1177965,2024-08-01,328,7.057,IL
LN-2024-03675,Retail,30yr Fixed,609865,2024-05-01,374,8.439,AZ
LN-2024-03676,Direct,30yr Fixed,412756,2024-04-01,339,5.561,IL
LN-2024-03677,Wholesale,15yr Fixed,178937,2024-11-01,307,7.676,TX
LN-2024-03678,Direct,30yr Fixed,501873,2024-07-01,338,7.839,NY
LN-2024-03679,Wholesale,30yr Fixed,422897,2024-12-01,256,7.688,AZ
LN-2024-03680,Retail,30yr Fixed,753966,2024-05-01,369,7.448,TX
LN-2024-03681,Retail,15yr Fixed,511964,2024-07-01,272,6.155,FL
LN-2024-03682,Correspondent,15yr Fixed,155320,2024-08-01,308,6.916,FL
LN-2024-03683,Wholesale,30yr Fixed,454926,2024-05-01,360,5.985,AZ
LN-2024-03684,Wholesale,15yr Fixed,511358,2024-12-01,358,5.53,TX
LN-2024-03685,Retail,15yr Fixed,652496,2024-06-01,267,7.143,TX
LN-2024-03686,Retail,15yr Fixed,400970,2024-01-01,377,6.769,IL
LN-2024-03687,Wholesale,ARM 5/1,871368,2024-11-01,337,7.642,TX
LN-2024-03688,Retail,30yr Fixed,1053194,2024-07-01,342,7.115,TX
LN-2024-03689,Direct,15yr Fixed,457211,2024-06-01,362,6.945,CA
LN-2024-03690,Wholesale,15yr Fixed,839213,2024-02-01,356,8.104,CA
LN-2024-03691,Correspondent,30yr Fixed,808558,2024-01-01,370,7.832,NY
LN-2024-03692,Correspondent,15yr Fixed,734403,2024-09-01,312,7.435,IL
LN-2024-03693,Direct,15yr Fixed,1024130,2024-11-01,330,5.964,TX
LN-2024-03694,Direct,15yr Fixed,392485,2024-12-01,336,8.228,CA
LN-2024-03695,Retail,15yr Fixed,1069521,2024-10-01,282,6.981,CA
LN-2024-03696,Correspondent,15yr Fixed,370454,2024-04-01,292,8.039,CA
LN-2024-03697,Correspondent,30yr Fixed,530361,2024-07-01,285,7.896,IL
LN-2024-03698,Direct,ARM 5/1,933407,2024-05-01,261,7.49,CA
LN-2024-03699,Wholesale,30yr Fixed,812619,2024-08-01,316,5.755,FL
LN-2024-03700,Retail,ARM 5/1,1186451,2024-04-01,283,7.824,AZ
LN-2024-03701,Retail,30yr Fixed,340503,2024-12-01,340,8.194,TX
LN-2024-03702,Wholesale,30yr Fixed,653011,2024-12-01,321,6.269,IL
LN-2024-03703,Wholesale,30yr Fixed,1129246,2024-03-01,367,7.886,TX
LN-2024-03704,Retail,ARM 5/1,707739,2024-03-01,263,6.413,FL
LN-2024-03705,Correspondent,ARM 5/1,788342,2024-04-01,371,5.807,CA
LN-2024-03706,Direct,ARM 5/1,577697,2024-11-01,281,7.442,FL
LN-2024-03707,Retail,15yr Fixed,227757,2024-10-01,355,6.834,NY
LN-2024-03708,Direct,ARM 5/1,855359,2024-02-01,331,6.541,FL
LN-2024-03709,Direct,30yr Fixed,823231,2024-12-01,289,7.698,IL
LN-2024-03710,Wholesale,30yr Fixed,193059,2024-03-01,266,7.702,FL
LN-2024-03711,Wholesale,15yr Fixed,1088216,2024-03-01,304,7.309,TX
LN-2024-03712,Direct,ARM 5/1,1192733,2024-05-01,281,6.331,TX
LN-2024-03713,Direct,ARM 5/1,901709,2024-03-01,287,6.293,IL
LN-2024-03714,Retail,15yr Fixed,1173161,2024-07-01,255,6.979,AZ
LN-2024-03715,Direct,ARM 5/1,190761,2024-12-01,261,6.527,NY
LN-2024-03716,Retail,30yr Fixed,1016525,2024-05-01,300,5.743,IL
LN-2024-03717,Correspondent,15yr Fixed,1177600,2024-04-01,323,8.307,TX
LN-2024-03718,Retail,ARM 5/1,860697,2024-06-01,289,6.348,AZ
LN-2024-03719,Direct,30yr Fixed,732663,2024-09-01,263,5.781,NY
LN-2024-03720,Correspondent,ARM 5/1,1103434,2024-01-01,267,5.683,IL
LN-2024-03721,Correspondent,30yr Fixed,1021313,2024-12-01,328,6.159,IL
LN-2024-03722,Retail,ARM 5/1,261121,2024-09-01,270,7.873,NY
LN-2024-03723,Direct,ARM 5/1,698901,2024-07-01,331,7.493,TX
LN-2024-03724,Correspondent,30yr Fixed,712071,2024-07-01,278,5.901,NY
LN-2024-03725,Correspondent,15yr Fixed,690495,2024-12-01,313,6.207,FL
LN-2024-03726,Correspondent,ARM 5/1,905255,2024-05-01,298,8.293,AZ
LN-2024-03727,Wholesale,15yr Fixed,898578,2024-11-01,276,5.66,IL
LN-2024-03728,Wholesale,15yr Fixed,374553,2024-02-01,317,6.926,TX
LN-2024-03729,Correspondent,15yr Fixed,988629,2024-01-01,340,6.388,IL
LN-2024-03730,Wholesale,15yr Fixed,509438,2024-06-01,276,6.894,CA
LN-2024-03731,Correspondent,ARM 5/1,1009357,2024-08-01,315,7.003,FL
LN-2024-03732,Retail,15yr Fixed,750246,2024-12-01,328,8.31,AZ
LN-2024-03733,Retail,15yr Fixed,981140,2024-07-01,325,7.419,FL
LN-2024-03734,Retail,ARM 5/1,211910,2024-06-01,380,8.498,NY
LN-2024-03735,Wholesale,30yr Fixed,800092,2024-12-01,356,7.516,CA
LN-2024-03736,Correspondent,30yr Fixed,325587,2024-08-01,321,8.357,IL
LN-2024-03737,Wholesale,ARM 5/1,312273,2024-03-01,348,6.669,CA
LN-2024-03738,Correspondent,ARM 5/1,796795,2024-12-01,349,8.284,NY
LN-2024-03739,Correspondent,30yr Fixed,463552,2024-12-01,277,6.6,FL
LN-2024-03740,Retail,30yr Fixed,1060590,2024-03-01,370,5.857,IL
LN-2024-03741,Retail,30yr Fixed,186690,2024-12-01,351,5.641,FL
LN-2024-03742,Wholesale,30yr Fixed,320880,2024-06-01,265,6.87,NY
LN-2024-03743,Retail,30yr Fixed,809713,2024-07-01,289,6.204,IL
LN-2024-03744,Retail,ARM 5/1,689080,2024-10-01,287,7.994,TX
LN-2024-03745,Retail,ARM 5/1,176586,2024-05-01,297,6.763,TX
LN-2024-03746,Wholesale,ARM 5/1,1010948,2024-12-01,282,5.909,IL
LN-2024-03747,Direct,30yr Fixed,1138401,2024-02-01,334,8.254,NY
LN-2024-03748,Correspondent,30yr Fixed,594294,2024-12-01,260,5.63,TX
LN-2024-03749,Wholesale,30yr Fixed,189665,2024-09-01,313,8.267,NY
LN-2024-03750,Direct,30yr Fixed,1104455,2024-09-01,295,6.515,IL
LN-2024-03751,Correspondent,30yr Fixed,1160854,2024-12-01,375,6.305,CA
LN-2024-03752,Correspondent,ARM 5/1,1128687,2024-12-01,368,6.595,IL
LN-2024-03753,Direct,ARM 5/1,202690,2024-12-01,327,7.202,FL
LN-2024-03754,Wholesale,ARM 5/1,697894,2024-02-01,325,7.928,NY
LN-2024-03755,Retail,30yr Fixed,312122,2024-06-01,272,8.105,IL
LN-2024-03756,Wholesale,ARM 5/1,1031230,2024-05-01,296,6.952,TX
LN-2024-03757,Wholesale,ARM 5/1,972178,2024-04-01,341,7.377,NY
LN-2024-03758,Direct,15yr Fixed,1133421,2024-11-01,260,6.241,FL
LN-2024-03759,Wholesale,ARM 5/1,510721,2024-09-01,309,8.324,CA
LN-2024-03760,Direct,15yr Fixed,510177,2024-03-01,292,6.353,NY
LN-2024-03761,Retail,30yr Fixed,972711,2024-08-01,364,6.725,CA
LN-2024-03762,Direct,ARM 5/1,424606,2024-03-01,344,5.954,FL
LN-2024-03763,Wholesale,30yr Fixed,852679,2024-12-01,353,6.387,CA
LN-2024-03764,Correspondent,ARM 5/1,356595,2024-05-01,309,6.665,IL
LN-2024-03765,Retail,15yr Fixed,155779,2024-10-01,280,7.953,IL
LN-2024-03766,Direct,ARM 5/1,811694,2024-06-01,290,7.093,NY
LN-2024-03767,Retail,ARM 5/1,1132825,2024-05-01,306,5.5,FL
LN-2024-03768,Correspondent,ARM 5/1,340711,2024-03-01,290,6.663,FL
LN-2024-03769,Correspondent,ARM 5/1,1124694,2024-12-01,361,6.608,AZ
LN-2024-03770,Retail,ARM 5/1,931729,2024-04-01,380,8.146,CA
LN-2024-03771,Correspondent,30yr Fixed,668809,2024-08-01,281,7.695,TX
LN-2024-03772,Correspondent,15yr Fixed,1124840,2024-12-01,286,6.543,NY
LN-2024-03773,Wholesale,30yr Fixed,516255,2024-11-01,309,7.026,AZ
LN-2024-03774,Direct,15yr Fixed,1189627,2024-07-01,322,5.824,TX
LN-2024-03775,Correspondent,30yr Fixed,628493,2024-01-01,315,7.769,NY
LN-2024-03776,Direct,30yr Fixed,439657,2024-10-01,377,6.174,FL
LN-2024-03777,Wholesale,ARM 5/1,369609,2024-10-01,283,5.987,FL
LN-2024-03778,Retail,30yr Fixed,1158612,2024-11-01,270,8.031,FL
LN-2024-03779,Correspondent,30yr Fixed,939432,2024-11-01,311,7.538,FL
LN-2024-03780,Direct,15yr Fixed,725280,2024-09-01,360,8.1,CA
LN-2024-03781,Direct,30yr Fixed,320648,2024-07-01,255,8.199,NY
LN-2024-03782,Wholesale,ARM 5/1,1196859,2024-05-01,355,8.379,FL
LN-2024-03783,Retail,30yr Fixed,561090,2024-09-01,273,7.914,FL
LN-2024-03784,Direct,ARM 5/1,610116,2024-09-01,253,6.524,CA
LN-2024-03785,Retail,ARM 5/1,218233,2024-11-01,289,7.172,TX
LN-2024-03786,Retail,15yr Fixed,856428,2024-11-01,255,8.482,CA
LN-2024-03787,Wholesale,ARM 5/1,1091978,2024-01-01,257,7.295,TX
LN-2024-03788,Direct,15yr Fixed,936129,2024-10-01,261,7.154,AZ
LN-2024-03789,Wholesale,ARM 5/1,195860,2024-11-01,272,8.116,IL
LN-2024-03790,Retail,30yr Fixed,343158,2024-09-01,351,8.381,IL
LN-2024-03791,Direct,30yr Fixed,411197,2024-01-01,342,7.04,IL
LN-2024-03792,Retail,30yr Fixed,215971,2024-06-01,359,7.967,FL
LN-2024-03793,Correspondent,ARM 5/1,1015487,2024-02-01,251,6.232,IL
LN-2024-03794,Wholesale,30yr Fixed,244716,2024-07-01,363,6.409,NY
LN-2024-03795,Direct,15yr Fixed,1049415,2024-11-01,359,7.163,IL
LN-2024-03796,Retail,ARM 5/1,915670,2024-05-01,363,8.075,TX
LN-2024-03797,Wholesale,30yr Fixed,271436,2024-09-01,293,7.387,TX
LN-2024-03798,Wholesale,30yr Fixed,767487,2024-11-01,350,6.713,NY
LN-2024-03799,Retail,15yr Fixed,1096684,2024-05-01,329,7.721,NY
LN-2024-03800,Correspondent,15yr Fixed,1038891,2024-07-01,318,8.357,CA
LN-2024-03801,Correspondent,ARM 5/1,664191,2024-09-01,320,6.531,AZ
LN-2024-03802,Direct,30yr Fixed,187150,2024-05-01,297,6.373,NY
LN-2024-03803,Direct,ARM 5/1,166425,2024-05-01,341,7.684,NY
LN-2024-03804,Correspondent,15yr Fixed,1109493,2024-03-01,331,6.229,NY
LN-2024-03805,Wholesale,ARM 5/1,343014,2024-04-01,306,6.7,FL
LN-2024-03806,Direct,15yr Fixed,772657,2024-03-01,304,7.777,FL
LN-2024-03807,Correspondent,ARM 5/1,724472,2024-07-01,305,6.448,CA
LN-2024-03808,Retail,15yr Fixed,1159049,2024-06-01,300,7.174,NY
LN-2024-03809,Wholesale,ARM 5/1,800622,2024-01-01,322,8.274,AZ
LN-2024-03810,Direct,30yr Fixed,711508,2024-03-01,334,6.745,IL
LN-2024-03811,Correspondent,30yr Fixed,802378,2024-03-01,304,6.653,IL
LN-2024-03812,Correspondent,30yr Fixed,1017982,2024-03-01,336,6.171,CA
LN-2024-03813,Direct,15yr Fixed,216448,2024-01-01,274,5.989,FL
LN-2024-03814,Retail,15yr Fixed,902061,2024-04-01,328,6.83,FL
LN-2024-03815,Direct,30yr Fixed,352480,2024-03-01,308,6.342,NY
LN-2024-03816,Wholesale,30yr Fixed,185874,2024-10-01,319,7.688,AZ
LN-2024-03817,Wholesale,ARM 5/1,915319,2024-07-01,288,7.354,NY
LN-2024-03818,Wholesale,15yr Fixed,281616,2024-04-01,258,6.447,IL
LN-2024-03819,Retail,30yr Fixed,1058999,2024-04-01,257,8.095,NY
LN-2024-03820,Retail,15yr Fixed,583267,2024-01-01,271,5.849,CA
LN-2024-03821,Wholesale,15yr Fixed,480048,2024-02-01,293,6.701,TX
LN-2024-03822,Wholesale,30yr Fixed,964734,2024-09-01,375,8.29,TX
LN-2024-03823,Correspondent,ARM 5/1,337701,2024-09-01,332,7.102,TX
LN-2024-03824,Retail,ARM 5/1,1148008,2024-09-01,349,8.467,CA
LN-2024-03825,Correspondent,15yr Fixed,1062554,2024-07-01,271,6.613,IL
LN-2024-03826,Direct,15yr Fixed,862224,2024-12-01,255,6.596,IL
LN-2024-03827,Retail,30yr Fixed,201670,2024-10-01,260,5.9,TX
LN-2024-03828,Retail,30yr Fixed,651240,2024-08-01,331,5.956,IL
LN-2024-03829,Wholesale,15yr Fixed,432852,2024-08-01,261,8.007,IL
LN-2024-03830,Retail,15yr Fixed,305279,2024-08-01,317,7.569,NY
LN-2024-03831,Retail,30yr Fixed,545660,2024-07-01,336,7.717,TX
LN-2024-03832,Retail,15yr Fixed,933209,2024-05-01,297,8.422,FL
LN-2024-03833,Wholesale,15yr Fixed,406917,2024-04-01,286,7.643,NY
LN-2024-03834,Correspondent,30yr Fixed,952613,2024-08-01,294,8.299,NY
LN-2024-03835,Wholesale,30yr Fixed,315817,2024-11-01,273,7.233,CA
LN-2024-03836,Wholesale,30yr Fixed,171764,2024-01-01,263,6.258,FL
LN-2024-03837,Correspondent,30yr Fixed,624044,2024-10-01,250,6.139,NY
LN-2024-03838,Wholesale,15yr Fixed,560911,2024-05-01,261,8.26,CA
LN-2024-03839,Correspondent,30yr Fixed,1036256,2024-07-01,325,7.952,CA
LN-2024-03840,Retail,15yr Fixed,387719,2024-07-01,293,5.804,TX
LN-2024-03841,Correspondent,ARM 5/1,713104,2024-12-01,327,5.52,TX
LN-2024-03842,Correspondent,15yr Fixed,1121539,2024-11-01,269,7.334,CA
LN-2024-03843,Correspondent,15yr Fixed,991585,2024-03-01,291,6.131,NY
LN-2024-03844,Direct,15yr Fixed,150055,2024-09-01,351,6.463,FL
LN-2024-03845,Correspondent,15yr Fixed,587543,2024-05-01,325,6.0,IL
LN-2024-03846,Retail,15yr Fixed,742514,2024-01-01,274,6.059,CA
LN-2024-03847,Wholesale,ARM 5/1,1102300,2024-03-01,343,5.795,IL
LN-2024-03848,Wholesale,30yr Fixed,928319,2024-06-01,269,8.239,CA
LN-2024-03849,Correspondent,30yr Fixed,695880,2024-09-01,257,8.441,IL
LN-2024-03850,Direct,ARM 5/1,829994,2024-10-01,319,6.68,FL
LN-2024-03851,Direct,ARM 5/1,498389,2024-09-01,367,5.762,NY
LN-2024-03852,Retail,30yr Fixed,861760,2024-11-01,380,5.912,NY
LN-2024-03853,Correspondent,30yr Fixed,591236,2024-02-01,258,7.755,IL
LN-2024-03854,Retail,30yr Fixed,625236,2024-03-01,360,7.705,CA
LN-2024-03855,Retail,30yr Fixed,846492,2024-05-01,303,6.592,NY
LN-2024-03856,Retail,30yr Fixed,654863,2024-07-01,298,7.24,TX
LN-2024-03857,Retail,15yr Fixed,439274,2024-04-01,317,7.1,FL
LN-2024-03858,Retail,30yr Fixed,983190,2024-06-01,355,7.06,FL
LN-2024-03859,Wholesale,15yr Fixed,186439,2024-02-01,322,6.819,AZ
LN-2024-03860,Wholesale,15yr Fixed,406610,2024-08-01,375,8.264,CA
LN-2024-03861,Retail,15yr Fixed,1084425,2024-08-01,375,6.626,AZ
LN-2024-03862,Correspondent,30yr Fixed,325850,2024-05-01,308,6.818,TX
LN-2024-03863,Wholesale,30yr Fixed,947419,2024-07-01,313,7.513,NY
LN-2024-03864,Retail,30yr Fixed,836185,2024-12-01,267,6.73,FL
LN-2024-03865,Wholesale,ARM 5/1,886869,2024-05-01,357,7.282,IL
LN-2024-03866,Retail,ARM 5/1,1136109,2024-09-01,371,7.932,IL
LN-2024-03867,Direct,ARM 5/1,247856,2024-10-01,269,6.831,TX
LN-2024-03868,Direct,15yr Fixed,227715,2024-07-01,257,6.249,CA
LN-2024-03869,Correspondent,15yr Fixed,564381,2024-11-01,379,6.788,FL
LN-2024-03870,Correspondent,30yr Fixed,304030,2024-07-01,343,8.106,AZ
LN-2024-03871,Correspondent,ARM 5/1,871587,2024-03-01,274,6.374,FL
LN-2024-03872,Wholesale,15yr Fixed,613502,2024-08-01,340,5.714,IL
LN-2024-03873,Wholesale,ARM 5/1,865357,2024-04-01,373,7.323,FL
LN-2024-03874,Retail,15yr Fixed,1016847,2024-09-01,366,6.189,IL
LN-2024-03875,Wholesale,15yr Fixed,1023514,2024-02-01,270,7.381,CA
LN-2024-03876,Wholesale,30yr Fixed,582331,2024-12-01,359,7.65,NY
LN-2024-03877,Wholesale,30yr Fixed,170129,2024-08-01,371,8.469,TX
LN-2024-03878,Wholesale,15yr Fixed,901810,2024-02-01,314,7.792,FL
LN-2024-03879,Wholesale,15yr Fixed,515330,2024-04-01,250,8.147,NY
LN-2024-03880,Retail,30yr Fixed,925700,2024-07-01,254,8.431,CA
LN-2024-03881,Retail,30yr Fixed,955383,2024-11-01,269,6.541,CA
LN-2024-03882,Direct,30yr Fixed,1142388,2024-04-01,301,7.4,IL
LN-2024-03883,Retail,30yr Fixed,753935,2024-09-01,341,5.815,NY
LN-2024-03884,Direct,30yr Fixed,446808,2024-03-01,321,7.32,TX
LN-2024-03885,Direct,ARM 5/1,1081068,2024-12-01,319,6.649,FL
LN-2024-03886,Wholesale,ARM 5/1,568711,2024-03-01,356,7.479,AZ
LN-2024-03887,Correspondent,ARM 5/1,202853,2024-07-01,291,8.088,NY
LN-2024-03888,Retail,15yr Fixed,362731,2024-09-01,348,5.814,AZ
LN-2024-03889,Direct,30yr Fixed,1014196,2024-01-01,359,7.933,IL
LN-2024-03890,Retail,ARM 5/1,1037431,2024-10-01,360,7.291,TX
LN-2024-03891,Wholesale,15yr Fixed,638862,2024-01-01,275,6.426,IL
LN-2024-03892,Retail,15yr Fixed,489058,2024-02-01,252,7.4,NY
LN-2024-03893,Retail,30yr Fixed,854907,2024-05-01,339,5.768,NY
LN-2024-03894,Retail,15yr Fixed,807770,2024-01-01,344,7.821,NY
LN-2024-03895,Correspondent,15yr Fixed,721526,2024-02-01,340,6.757,FL
LN-2024-03896,Correspondent,ARM 5/1,543672,2024-05-01,349,7.885,AZ
LN-2024-03897,Retail,ARM 5/1,712605,2024-07-01,271,7.142,NY
LN-2024-03898,Direct,15yr Fixed,710922,2024-01-01,347,6.23,IL
LN-2024-03899,Wholesale,30yr Fixed,686021,2024-05-01,337,8.158,AZ
LN-2024-03900,Wholesale,ARM 5/1,840037,2024-11-01,366,7.491,CA
LN-2024-03901,Correspondent,15yr Fixed,862065,2024-10-01,291,5.61,IL
LN-2024-03902,Retail,30yr Fixed,295794,2024-12-01,316,7.193,AZ
LN-2024-03903,Direct,30yr Fixed,573113,2024-11-01,346,8.043,NY
LN-2024-03904,Retail,30yr Fixed,977712,2024-10-01,309,8.38,TX
LN-2024-03905,Correspondent,30yr Fixed,474075,2024-11-01,305,6.171,TX
LN-2024-03906,Wholesale,ARM 5/1,597674,2024-08-01,348,5.875,TX
LN-2024-03907,Retail,15yr Fixed,816895,2024-09-01,328,6.135,TX
LN-2024-03908,Correspondent,ARM 5/1,296262,2024-09-01,252,6.224,NY
LN-2024-03909,Direct,15yr Fixed,835122,2024-11-01,269,7.849,TX
LN-2024-03910,Retail,15yr Fixed,724290,2024-09-01,273,8.234,AZ
LN-2024-03911,Direct,ARM 5/1,246990,2024-01-01,365,7.904,FL
LN-2024-03912,Correspondent,ARM 5/1,833971,2024-08-01,274,6.427,CA
LN-2024-03913,Retail,ARM 5/1,373998,2024-07-01,317,6.914,TX
LN-2024-03914,Correspondent,30yr Fixed,908600,2024-04-01,321,6.996,FL
LN-2024-03915,Direct,ARM 5/1,177901,2024-01-01,317,7.719,TX
LN-2024-03916,Correspondent,15yr Fixed,991665,2024-10-01,340,6.217,IL
LN-2024-03917,Direct,ARM 5/1,429025,2024-08-01,259,8.305,NY
LN-2024-03918,Correspondent,15yr Fixed,590524,2024-02-01,318,7.655,TX
LN-2024-03919,Retail,15yr Fixed,364843,2024-10-01,352,6.17,FL
LN-2024-03920,Direct,ARM 5/1,296539,2024-02-01,353,7.052,CA
LN-2024-03921,Direct,15yr Fixed,581555,2024-10-01,344,7.354,AZ
LN-2024-03922,Direct,ARM 5/1,550348,2024-04-01,324,8.373,IL
LN-2024-03923,Retail,30yr Fixed,411604,2024-11-01,262,5.803,IL
LN-2024-03924,Direct,ARM 5/1,882203,2024-01-01,331,5.653,FL
LN-2024-03925,Direct,30yr Fixed,1127884,2024-09-01,325,7.399,FL
LN-2024-03926,Wholesale,30yr Fixed,469665,2024-07-01,276,8.289,FL
LN-2024-03927,Correspondent,15yr Fixed,660926,2024-01-01,299,6.488,IL
LN-2024-03928,Retail,15yr Fixed,796743,2024-11-01,311,7.874,NY
LN-2024-03929,Correspondent,ARM 5/1,281112,2024-08-01,299,6.485,NY
LN-2024-03930,Wholesale,30yr Fixed,332129,2024-11-01,305,6.296,AZ
LN-2024-03931,Direct,15yr Fixed,664618,2024-01-01,311,5.534,IL
LN-2024-03932,Wholesale,ARM 5/1,737935,2024-05-01,355,5.549,AZ
LN-2024-03933,Wholesale,15yr Fixed,412414,2024-04-01,271,8.121,CA
LN-2024-03934,Retail,15yr Fixed,737174,2024-05-01,359,6.304,CA
LN-2024-03935,Direct,15yr Fixed,339418,2024-04-01,312,8.046,IL
LN-2024-03936,Retail,15yr Fixed,1023265,2024-01-01,265,6.879,NY
LN-2024-03937,Wholesale,30yr Fixed,1150153,2024-07-01,329,6.426,FL
LN-2024-03938,Wholesale,30yr Fixed,832804,2024-12-01,344,6.549,NY
LN-2024-03939,Wholesale,30yr Fixed,846503,2024-02-01,370,7.219,AZ
LN-2024-03940,Correspondent,30yr Fixed,982891,2024-08-01,302,8.389,IL
LN-2024-03941,Wholesale,15yr Fixed,1131474,2024-09-01,315,7.533,TX
LN-2024-03942,Retail,ARM 5/1,558163,2024-02-01,304,8.243,CA
LN-2024-03943,Retail,30yr Fixed,1171752,2024-09-01,368,5.927,TX
LN-2024-03944,Retail,15yr Fixed,1097315,2024-10-01,321,7.749,TX
LN-2024-03945,Correspondent,30yr Fixed,853722,2024-10-01,359,8.055,NY
LN-2024-03946,Wholesale,30yr Fixed,570136,2024-01-01,369,6.99,FL
LN-2024-03947,Wholesale,15yr Fixed,202270,2024-06-01,309,6.031,IL
LN-2024-03948,Correspondent,ARM 5/1,449749,2024-10-01,269,8.157,CA
LN-2024-03949,Direct,30yr Fixed,624721,2024-03-01,299,7.213,NY
LN-2024-03950,Correspondent,30yr Fixed,817916,2024-01-01,366,6.476,NY
LN-2024-03951,Wholesale,ARM 5/1,803799,2024-08-01,318,7.587,TX
LN-2024-03952,Wholesale,30yr Fixed,307671,2024-09-01,350,7.208,FL
LN-2024-03953,Wholesale,ARM 5/1,1016117,2024-05-01,358,6.883,IL
LN-2024-03954,Retail,30yr Fixed,300398,2024-01-01,318,8.424,NY
LN-2024-03955,Retail,ARM 5/1,499486,2024-05-01,361,5.689,AZ
LN-2024-03956,Retail,ARM 5/1,1112898,2024-12-01,376,7.485,AZ
LN-2024-03957,Wholesale,30yr Fixed,980371,2024-03-01,332,7.989,CA
LN-2024-03958,Retail,ARM 5/1,1149082,2024-04-01,365,5.929,NY
LN-2024-03959,Correspondent,ARM 5/1,1129437,2024-09-01,350,5.703,TX
LN-2024-03960,Retail,15yr Fixed,618067,2024-03-01,264,7.655,NY
LN-2024-03961,Direct,15yr Fixed,828191,2024-01-01,264,5.859,FL
LN-2024-03962,Correspondent,30yr Fixed,367831,2024-08-01,290,6.261,CA
LN-2024-03963,Retail,30yr Fixed,824876,2024-06-01,275,5.832,FL
LN-2024-03964,Retail,15yr Fixed,375983,2024-04-01,326,5.817,IL
LN-2024-03965,Correspondent,ARM 5/1,311605,2024-04-01,273,5.558,NY
LN-2024-03966,Retail,30yr Fixed,766190,2024-01-01,277,8.236,CA
LN-2024-03967,Direct,15yr Fixed,626338,2024-10-01,377,8.39,TX
LN-2024-03968,Direct,15yr Fixed,151620,2024-09-01,305,6.779,AZ
LN-2024-03969,Wholesale,15yr Fixed,604389,2024-03-01,353,6.444,IL
LN-2024-03970,Retail,30yr Fixed,824124,2024-12-01,287,6.284,NY
LN-2024-03971,Retail,30yr Fixed,638012,2024-06-01,278,6.275,IL
LN-2024-03972,Retail,30yr Fixed,366639,2024-07-01,312,5.727,NY
LN-2024-03973,Direct,ARM 5/1,680078,2024-12-01,265,6.457,TX
LN-2024-03974,Wholesale,30yr Fixed,1184092,2024-03-01,319,6.376,CA
LN-2024-03975,Direct,15yr Fixed,1026550,2024-02-01,262,6.024,NY
LN-2024-03976,Correspondent,30yr Fixed,504407,2024-11-01,262,7.218,IL
LN-2024-03977,Wholesale,15yr Fixed,290012,2024-07-01,250,7.247,TX
LN-2024-03978,Retail,30yr Fixed,324369,2024-01-01,330,7.041,NY
LN-2024-03979,Wholesale,15yr Fixed,849007,2024-03-01,263,7.469,CA
LN-2024-03980,Direct,30yr Fixed,1078692,2024-01-01,294,6.421,IL
LN-2024-03981,Wholesale,30yr Fixed,163299,2024-10-01,259,6.631,TX
LN-2024-03982,Wholesale,ARM 5/1,192556,2024-12-01,271,7.809,AZ
LN-2024-03983,Wholesale,15yr Fixed,569167,2024-02-01,304,6.155,FL
LN-2024-03984,Retail,ARM 5/1,194762,2024-01-01,320,6.853,CA
LN-2024-03985,Direct,ARM 5/1,372493,2024-08-01,344,5.654,CA
LN-2024-03986,Correspondent,30yr Fixed,1126522,2024-07-01,270,8.127,AZ
LN-2024-03987,Direct,15yr Fixed,588639,2024-02-01,261,5.507,TX
LN-2024-03988,Correspondent,ARM 5/1,813402,2024-12-01,335,6.813,IL
LN-2024-03989,Retail,30yr Fixed,798050,2024-06-01,358,5.84,FL
LN-2024-03990,Direct,15yr Fixed,288202,2024-02-01,271,8.108,TX
LN-2024-03991,Correspondent,15yr Fixed,484451,2024-01-01,373,6.59,CA
LN-2024-03992,Correspondent,ARM 5/1,726579,2024-02-01,290,5.795,AZ
LN-2024-03993,Wholesale,ARM 5/1,621373,2024-04-01,307,7.472,AZ
LN-2024-03994,Correspondent,ARM 5/1,442805,2024-06-01,375,8.215,IL
LN-2024-03995,Correspondent,ARM 5/1,470959,2024-12-01,359,8.088,AZ
LN-2024-03996,Correspondent,15yr Fixed,430963,2024-01-01,267,5.998,FL
LN-2024-03997,Direct,ARM 5/1,616913,2024-11-01,276,7.888,FL
LN-2024-03998,Retail,30yr Fixed,1019637,2024-02-01,300,8.037,AZ
LN-2024-03999,Retail,15yr Fixed,324754,2024-06-01,279,7.952,IL
LN-2024-04000,Direct,ARM 5/1,213755,2024-08-01,351,7.144,TX
LN-2024-04001,Direct,15yr Fixed,829851,2024-09-01,276,6.875,CA
LN-2024-04002,Correspondent,15yr Fixed,440680,2024-07-01,264,6.888,IL
LN-2024-04003,Correspondent,30yr Fixed,299830,2024-08-01,324,7.408,AZ
LN-2024-04004,Wholesale,15yr Fixed,259296,2024-07-01,278,7.336,TX
LN-2024-04005,Correspondent,15yr Fixed,693228,2024-02-01,331,7.63,FL
LN-2024-04006,Retail,30yr Fixed,163245,2024-04-01,271,8.122,FL
LN-2024-04007,Direct,30yr Fixed,1063471,2024-04-01,262,6.502,FL
LN-2024-04008,Retail,ARM 5/1,510627,2024-11-01,379,7.263,TX
LN-2024-04009,Correspondent,30yr Fixed,969378,2024-12-01,261,8.066,NY
LN-2024-04010,Wholesale,ARM 5/1,1188148,2024-06-01,369,7.892,TX
LN-2024-04011,Retail,30yr Fixed,410270,2024-05-01,337,6.532,AZ
LN-2024-04012,Wholesale,30yr Fixed,415846,2024-04-01,378,7.683,AZ
LN-2024-04013,Wholesale,30yr Fixed,393074,2024-02-01,343,7.48,AZ
LN-2024-04014,Wholesale,30yr Fixed,228975,2024-07-01,363,8.025,NY
LN-2024-04015,Correspondent,30yr Fixed,979024,2024-04-01,370,5.812,AZ
LN-2024-04016,Correspondent,30yr Fixed,1056474,2024-02-01,296,6.423,TX
LN-2024-04017,Direct,30yr Fixed,524572,2024-09-01,379,6.87,FL
LN-2024-04018,Wholesale,30yr Fixed,1182032,2024-05-01,289,6.662,IL
LN-2024-04019,Wholesale,30yr Fixed,556521,2024-07-01,253,7.687,FL
LN-2024-04020,Wholesale,15yr Fixed,676709,2024-05-01,374,7.627,IL
LN-2024-04021,Correspondent,30yr Fixed,389587,2024-05-01,318,6.566,FL
LN-2024-04022,Direct,ARM 5/1,174920,2024-01-01,258,5.815,FL
LN-2024-04023,Wholesale,ARM 5/1,614243,2024-02-01,347,6.32,TX
LN-2024-04024,Wholesale,30yr Fixed,1133900,2024-07-01,257,7.916,FL
LN-2024-04025,Direct,30yr Fixed,418144,2024-07-01,286,7.533,IL
LN-2024-04026,Wholesale,15yr Fixed,402191,2024-03-01,367,7.045,NY
LN-2024-04027,Wholesale,15yr Fixed,1037738,2024-11-01,258,7.904,FL
LN-2024-04028,Retail,15yr Fixed,603558,2024-07-01,319,6.158,CA
LN-2024-04029,Wholesale,ARM 5/1,1030304,2024-09-01,321,7.843,TX
LN-2024-04030,Direct,30yr Fixed,333088,2024-10-01,286,6.507,FL
LN-2024-04031,Correspondent,ARM 5/1,306544,2024-04-01,317,6.941,AZ
LN-2024-04032,Retail,ARM 5/1,695534,2024-03-01,339,5.817,IL
LN-2024-04033,Retail,30yr Fixed,1096663,2024-08-01,366,8.123,AZ
LN-2024-04034,Correspondent,30yr Fixed,889149,2024-08-01,305,7.097,TX
LN-2024-04035,Direct,ARM 5/1,767774,2024-02-01,331,8.11,FL
LN-2024-04036,Direct,15yr Fixed,594253,2024-04-01,255,7.731,TX
LN-2024-04037,Wholesale,ARM 5/1,882039,2024-10-01,279,6.555,FL
LN-2024-04038,Wholesale,15yr Fixed,1138477,2024-03-01,312,7.72,NY
LN-2024-04039,Direct,ARM 5/1,302607,2024-02-01,293,8.254,CA
LN-2024-04040,Correspondent,ARM 5/1,997739,2024-08-01,371,8.093,TX
LN-2024-04041,Retail,15yr Fixed,428792,2024-04-01,277,7.093,CA
LN-2024-04042,Correspondent,15yr Fixed,811269,2024-06-01,342,7.122,AZ
LN-2024-04043,Direct,30yr Fixed,563525,2024-03-01,350,6.063,TX
LN-2024-04044,Wholesale,30yr Fixed,365010,2024-10-01,300,7.752,TX
LN-2024-04045,Correspondent,30yr Fixed,487608,2024-06-01,254,7.429,CA
LN-2024-04046,Retail,ARM 5/1,1154286,2024-03-01,377,6.28,CA
LN-2024-04047,Retail,30yr Fixed,186311,2024-06-01,293,6.027,NY
LN-2024-04048,Direct,15yr Fixed,460246,2024-10-01,307,7.797,CA
LN-2024-04049,Direct,30yr Fixed,299571,2024-09-01,262,7.759,NY
LN-2024-04050,Correspondent,30yr Fixed,951856,2024-12-01,269,5.991,TX
LN-2024-04051,Direct,15yr Fixed,702991,2024-02-01,273,5.613,NY
LN-2024-04052,Wholesale,30yr Fixed,1000597,2024-09-01,285,6.892,TX
LN-2024-04053,Direct,15yr Fixed,829504,2024-11-01,331,8.119,TX
LN-2024-04054,Wholesale,ARM 5/1,965035,2024-09-01,294,6.305,NY
LN-2024-04055,Correspondent,15yr Fixed,1045057,2024-06-01,257,8.462,FL
LN-2024-04056,Correspondent,30yr Fixed,352693,2024-01-01,255,8.286,FL
LN-2024-04057,Correspondent,ARM 5/1,589348,2024-09-01,257,6.08,TX
LN-2024-04058,Wholesale,30yr Fixed,1133456,2024-01-01,323,6.958,CA
LN-2024-04059,Correspondent,15yr Fixed,1136548,2024-02-01,314,5.896,CA
LN-2024-04060,Direct,ARM 5/1,168663,2024-03-01,312,6.63,FL
LN-2024-04061,Wholesale,ARM 5/1,362533,2024-08-01,336,7.678,AZ
LN-2024-04062,Correspondent,30yr Fixed,168156,2024-11-01,259,6.107,IL
LN-2024-04063,Correspondent,15yr Fixed,164741,2024-06-01,258,7.885,FL
LN-2024-04064,Retail,15yr Fixed,696825,2024-12-01,317,6.526,NY
LN-2024-04065,Direct,30yr Fixed,391166,2024-10-01,301,6.232,AZ
LN-2024-04066,Correspondent,15yr Fixed,808696,2024-05-01,326,7.021,TX
LN-2024-04067,Correspondent,ARM 5/1,553834,2024-07-01,377,6.505,CA
LN-2024-04068,Direct,15yr Fixed,877368,2024-12-01,286,5.821,FL
LN-2024-04069,Correspondent,ARM 5/1,1007677,2024-05-01,288,7.503,TX
LN-2024-04070,Retail,30yr Fixed,491902,2024-02-01,295,5.967,NY
LN-2024-04071,Retail,15yr Fixed,808204,2024-08-01,316,6.291,CA
LN-2024-04072,Retail,ARM 5/1,1088570,2024-07-01,324,6.664,NY
LN-2024-04073,Correspondent,30yr Fixed,158890,2024-12-01,268,5.602,NY
LN-2024-04074,Retail,15yr Fixed,731437,2024-09-01,316,7.216,IL
LN-2024-04075,Wholesale,ARM 5/1,854278,2024-10-01,343,6.27,AZ
LN-2024-04076,Correspondent,15yr Fixed,973440,2024-08-01,270,6.298,TX
LN-2024-04077,Direct,ARM 5/1,760891,2024-06-01,319,6.928,TX
LN-2024-04078,Direct,30yr Fixed,598860,2024-03-01,311,8.289,FL
LN-2024-04079,Retail,15yr Fixed,1028586,2024-07-01,361,7.55,AZ
LN-2024-04080,Wholesale,15yr Fixed,196470,2024-04-01,277,6.406,FL
LN-2024-04081,Direct,ARM 5/1,1154637,2024-07-01,275,8.2,TX
LN-2024-04082,Correspondent,15yr Fixed,291618,2024-02-01,324,7.61,AZ
LN-2024-04083,Correspondent,ARM 5/1,1034710,2024-11-01,319,6.824,AZ
LN-2024-04084,Correspondent,15yr Fixed,710182,2024-01-01,270,6.285,FL
LN-2024-04085,Retail,30yr Fixed,782328,2024-11-01,274,6.631,CA
LN-2024-04086,Retail,30yr Fixed,416268,2024-11-01,339,7.679,NY
LN-2024-04087,Wholesale,ARM 5/1,1096810,2024-07-01,379,6.814,IL
LN-2024-04088,Wholesale,30yr Fixed,1033288,2024-07-01,253,7.371,TX
LN-2024-04089,Correspondent,ARM 5/1,236763,2024-11-01,290,7.831,AZ
LN-2024-04090,Correspondent,30yr Fixed,653887,2024-08-01,280,8.391,AZ
LN-2024-04091,Retail,ARM 5/1,549089,2024-10-01,269,6.449,CA
LN-2024-04092,Retail,ARM 5/1,369995,2024-04-01,343,6.211,CA
LN-2024-04093,Correspondent,ARM 5/1,359553,2024-09-01,342,7.127,FL
LN-2024-04094,Correspondent,15yr Fixed,614053,2024-07-01,350,6.569,NY
LN-2024-04095,Wholesale,ARM 5/1,193521,2024-02-01,335,7.955,CA
LN-2024-04096,Wholesale,30yr Fixed,1176703,2024-10-01,313,7.291,AZ
LN-2024-04097,Direct,15yr Fixed,556744,2024-01-01,259,6.241,CA
LN-2024-04098,Wholesale,30yr Fixed,417262,2024-03-01,262,6.293,FL
LN-2024-04099,Retail,30yr Fixed,282029,2024-02-01,315,7.899,AZ
LN-2024-04100,Wholesale,30yr Fixed,809105,2024-06-01,340,5.857,AZ
LN-2024-04101,Retail,30yr Fixed,432801,2024-04-01,347,7.571,AZ
LN-2024-04102,Wholesale,30yr Fixed,1166580,2024-02-01,315,6.685,AZ
LN-2024-04103,Retail,15yr Fixed,1030111,2024-05-01,287,5.687,NY
LN-2024-04104,Correspondent,15yr Fixed,256876,2024-11-01,344,6.483,IL
LN-2024-04105,Retail,ARM 5/1,673428,2024-04-01,299,5.785,AZ
LN-2024-04106,Direct,ARM 5/1,961987,2024-04-01,253,5.563,NY
LN-2024-04107,Wholesale,30yr Fixed,531762,2024-11-01,292,7.714,NY
LN-2024-04108,Correspondent,ARM 5/1,809856,2024-09-01,254,7.006,AZ
LN-2024-04109,Retail,30yr Fixed,369712,2024-10-01,262,5.667,IL
LN-2024-04110,Wholesale,ARM 5/1,858131,2024-05-01,284,6.384,FL
LN-2024-04111,Correspondent,ARM 5/1,803268,2024-02-01,264,6.579,AZ
LN-2024-04112,Correspondent,ARM 5/1,883448,2024-03-01,318,7.356,AZ
LN-2024-04113,Wholesale,15yr Fixed,986051,2024-11-01,347,6.713,AZ
LN-2024-04114,Correspondent,15yr Fixed,360464,2024-12-01,322,8.318,IL
LN-2024-04115,Direct,15yr Fixed,725066,2024-05-01,380,7.695,IL
LN-2024-04116,Correspondent,30yr Fixed,1163871,2024-09-01,288,6.059,FL
LN-2024-04117,Wholesale,30yr Fixed,1195188,2024-01-01,374,6.245,NY
LN-2024-04118,Wholesale,ARM 5/1,802049,2024-01-01,292,6.337,NY
LN-2024-04119,Correspondent,15yr Fixed,174451,2024-02-01,316,6.845,AZ
LN-2024-04120,Correspondent,15yr Fixed,347289,2024-09-01,306,8.087,IL
LN-2024-04121,Direct,ARM 5/1,376804,2024-02-01,349,7.002,IL
LN-2024-04122,Correspondent,ARM 5/1,152321,2024-09-01,347,8.264,AZ
LN-2024-04123,Wholesale,15yr Fixed,540905,2024-04-01,271,7.29,NY
LN-2024-04124,Retail,ARM 5/1,601467,2024-06-01,353,7.39,IL
LN-2024-04125,Direct,ARM 5/1,973496,2024-05-01,303,6.036,IL
LN-2024-04126,Retail,ARM 5/1,416660,2024-06-01,354,6.71,IL
LN-2024-04127,Retail,30yr Fixed,587276,2024-04-01,258,7.956,AZ
LN-2024-04128,Direct,30yr Fixed,237047,2024-01-01,348,6.717,CA
LN-2024-04129,Correspondent,ARM 5/1,1095021,2024-09-01,310,8.302,FL
LN-2024-04130,Retail,ARM 5/1,1158458,2024-01-01,283,5.533,IL
LN-2024-04131,Correspondent,30yr Fixed,998210,2024-02-01,305,7.128,AZ
LN-2024-04132,Correspondent,ARM 5/1,996686,2024-06-01,289,6.743,IL
LN-2024-04133,Retail,15yr Fixed,539304,2024-03-01,352,7.048,IL
LN-2024-04134,Wholesale,ARM 5/1,1181019,2024-02-01,332,7.526,TX
LN-2024-04135,Wholesale,30yr Fixed,962078,2024-08-01,303,7.526,AZ
LN-2024-04136,Wholesale,15yr Fixed,1050370,2024-02-01,258,6.849,AZ
LN-2024-04137,Retail,15yr Fixed,743351,2024-06-01,339,6.255,CA
LN-2024-04138,Correspondent,15yr Fixed,251337,2024-05-01,287,6.444,NY
LN-2024-04139,Correspondent,ARM 5/1,1115681,2024-04-01,296,5.593,CA
LN-2024-04140,Direct,ARM 5/1,1004554,2024-11-01,298,5.798,TX
LN-2024-04141,Correspondent,15yr Fixed,970586,2024-10-01,343,7.312,FL
LN-2024-04142,Direct,15yr Fixed,150289,2024-02-01,360,6.485,CA
LN-2024-04143,Correspondent,ARM 5/1,1081511,2024-09-01,332,8.472,CA
LN-2024-04144,Direct,ARM 5/1,924165,2024-07-01,266,5.69,AZ
LN-2024-04145,Direct,30yr Fixed,792539,2024-03-01,344,7.692,FL
LN-2024-04146,Wholesale,30yr Fixed,546079,2024-03-01,370,5.71,NY
LN-2024-04147,Direct,ARM 5/1,240577,2024-07-01,370,6.494,NY
LN-2024-04148,Wholesale,30yr Fixed,436386,2024-08-01,272,6.613,CA
LN-2024-04149,Wholesale,ARM 5/1,654559,2024-09-01,255,7.612,IL
LN-2024-04150,Correspondent,ARM 5/1,1112204,2024-09-01,281,7.343,AZ
LN-2024-04151,Wholesale,30yr Fixed,1167979,2024-02-01,326,7.75,FL
LN-2024-04152,Direct,ARM 5/1,660264,2024-03-01,329,5.522,FL
LN-2024-04153,Correspondent,15yr Fixed,937514,2024-10-01,252,7.062,CA
LN-2024-04154,Direct,30yr Fixed,653155,2024-06-01,339,7.795,FL
LN-2024-04155,Retail,15yr Fixed,998487,2024-06-01,367,5.941,CA
LN-2024-04156,Wholesale,30yr Fixed,415931,2024-02-01,275,7.726,AZ
LN-2024-04157,Direct,30yr Fixed,885206,2024-12-01,258,6.526,NY
LN-2024-04158,Direct,ARM 5/1,797205,2024-06-01,339,7.573,NY
LN-2024-04159,Wholesale,ARM 5/1,301750,2024-06-01,291,6.045,FL
LN-2024-04160,Wholesale,ARM 5/1,922817,2024-10-01,271,6.59,IL
LN-2024-04161,Retail,ARM 5/1,261831,2024-05-01,355,8.289,TX
LN-2024-04162,Retail,15yr Fixed,536799,2024-03-01,378,7.426,AZ
LN-2024-04163,Correspondent,ARM 5/1,1020191,2024-10-01,359,5.904,FL
LN-2024-04164,Retail,ARM 5/1,849853,2024-07-01,295,6.888,TX
LN-2024-04165,Correspondent,15yr Fixed,176068,2024-06-01,363,7.674,AZ
LN-2024-04166,Correspondent,15yr Fixed,699478,2024-05-01,283,7.012,IL
LN-2024-04167,Retail,30yr Fixed,817306,2024-03-01,251,6.293,NY
LN-2024-04168,Correspondent,15yr Fixed,616764,2024-09-01,315,6.288,AZ
LN-2024-04169,Wholesale,ARM 5/1,366043,2024-01-01,356,6.357,FL
LN-2024-04170,Correspondent,30yr Fixed,463990,2024-02-01,338,6.969,CA
LN-2024-04171,Correspondent,15yr Fixed,322444,2024-05-01,354,6.32,TX
LN-2024-04172,Correspondent,15yr Fixed,875518,2024-07-01,288,8.239,NY
LN-2024-04173,Correspondent,30yr Fixed,588366,2024-05-01,250,7.206,IL
LN-2024-04174,Correspondent,30yr Fixed,189463,2024-03-01,250,7.589,AZ
LN-2024-04175,Retail,ARM 5/1,665028,2024-12-01,266,7.762,NY
LN-2024-04176,Retail,30yr Fixed,699901,2024-04-01,325,7.19,AZ
LN-2024-04177,Direct,15yr Fixed,879913,2024-03-01,294,7.904,NY
LN-2024-04178,Retail,ARM 5/1,318576,2024-09-01,253,7.242,IL
LN-2024-04179,Retail,ARM 5/1,1058305,2024-10-01,337,7.526,FL
LN-2024-04180,Wholesale,15yr Fixed,661383,2024-03-01,295,5.685,TX
LN-2024-04181,Wholesale,ARM 5/1,506706,2024-05-01,362,8.33,FL
LN-2024-04182,Wholesale,ARM 5/1,511946,2024-11-01,366,5.994,IL
LN-2024-04183,Direct,15yr Fixed,1168436,2024-04-01,322,5.796,AZ
LN-2024-04184,Correspondent,30yr Fixed,296408,2024-04-01,289,7.144,NY
LN-2024-04185,Correspondent,ARM 5/1,664710,2024-09-01,316,7.718,FL
LN-2024-04186,Correspondent,ARM 5/1,604789,2024-10-01,366,6.263,CA
LN-2024-04187,Correspondent,30yr Fixed,731807,2024-06-01,256,7.853,CA
LN-2024-04188,Direct,15yr Fixed,516115,2024-12-01,266,7.674,CA
LN-2024-04189,Wholesale,15yr Fixed,1071088,2024-07-01,343,6.393,AZ
LN-2024-04190,Direct,15yr Fixed,935035,2024-08-01,363,8.296,AZ
LN-2024-04191,Correspondent,15yr Fixed,869644,2024-07-01,304,5.981,TX
LN-2024-04192,Correspondent,30yr Fixed,559451,2024-01-01,379,7.899,NY
LN-2024-04193,Correspondent,30yr Fixed,1167361,2024-01-01,280,6.79,TX
LN-2024-04194,Direct,30yr Fixed,181667,2024-01-01,250,7.471,FL
LN-2024-04195,Direct,ARM 5/1,554636,2024-03-01,351,6.35,AZ
LN-2024-04196,Direct,ARM 5/1,171577,2024-11-01,322,6.629,NY
LN-2024-04197,Wholesale,30yr Fixed,796908,2024-10-01,332,6.82,IL
LN-2024-04198,Wholesale,ARM 5/1,542434,2024-08-01,274,8.487,TX
LN-2024-04199,Wholesale,ARM 5/1,303738,2024-12-01,260,6.374,CA
LN-2024-04200,Retail,ARM 5/1,943297,2024-08-01,309,8.349,TX
LN-2024-04201,Retail,ARM 5/1,643453,2024-04-01,347,7.881,TX
LN-2024-04202,Correspondent,30yr Fixed,983071,2024-05-01,253,6.464,FL
LN-2024-04203,Direct,30yr Fixed,846590,2024-12-01,293,5.827,NY
LN-2024-04204,Wholesale,15yr Fixed,703646,2024-07-01,275,7.322,AZ
LN-2024-04205,Wholesale,15yr Fixed,253657,2024-07-01,283,6.542,FL
LN-2024-04206,Retail,ARM 5/1,606557,2024-03-01,274,8.441,NY
LN-2024-04207,Wholesale,15yr Fixed,1126624,2024-04-01,315,7.091,TX
LN-2024-04208,Direct,ARM 5/1,493766,2024-10-01,262,7.756,FL
LN-2024-04209,Correspondent,15yr Fixed,331606,2024-04-01,316,5.702,TX
LN-2024-04210,Wholesale,30yr Fixed,387610,2024-05-01,378,8.191,AZ
LN-2024-04211,Correspondent,30yr Fixed,488828,2024-06-01,276,5.659,CA
LN-2024-04212,Correspondent,ARM 5/1,402102,2024-12-01,332,7.292,FL
LN-2024-04213,Correspondent,15yr Fixed,516965,2024-01-01,274,7.067,CA
LN-2024-04214,Retail,15yr Fixed,1169171,2024-12-01,335,5.911,IL
LN-2024-04215,Wholesale,ARM 5/1,661140,2024-02-01,258,6.755,IL
LN-2024-04216,Retail,ARM 5/1,352724,2024-10-01,263,6.455,CA
LN-2024-04217,Retail,15yr Fixed,214942,2024-09-01,369,8.049,NY
LN-2024-04218,Direct,ARM 5/1,274330,2024-11-01,298,6.516,TX
LN-2024-04219,Wholesale,ARM 5/1,983163,2024-05-01,306,6.086,IL
LN-2024-04220,Correspondent,15yr Fixed,332455,2024-11-01,366,7.357,NY
LN-2024-04221,Wholesale,15yr Fixed,899614,2024-12-01,303,7.44,FL
LN-2024-04222,Retail,15yr Fixed,180295,2024-12-01,316,5.889,AZ
LN-2024-04223,Correspondent,30yr Fixed,1119409,2024-10-01,307,5.789,IL
LN-2024-04224,Retail,15yr Fixed,416090,2024-07-01,287,5.545,CA
LN-2024-04225,Wholesale,ARM 5/1,181647,2024-04-01,375,5.544,FL
LN-2024-04226,Direct,15yr Fixed,885500,2024-12-01,325,7.997,NY
LN-2024-04227,Retail,30yr Fixed,624466,2024-11-01,358,6.641,IL
LN-2024-04228,Retail,15yr Fixed,773657,2024-04-01,333,6.848,NY
LN-2024-04229,Direct,30yr Fixed,508233,2024-09-01,351,7.293,AZ
LN-2024-04230,Correspondent,ARM 5/1,898887,2024-03-01,311,6.041,NY
LN-2024-04231,Direct,15yr Fixed,1010753,2024-01-01,343,7.978,TX
LN-2024-04232,Retail,15yr Fixed,286343,2024-09-01,348,7.179,NY
LN-2024-04233,Direct,ARM 5/1,1029121,2024-01-01,326,7.172,NY
LN-2024-04234,Direct,15yr Fixed,544683,2024-03-01,328,8.279,FL
LN-2024-04235,Wholesale,ARM 5/1,795745,2024-07-01,345,8.003,IL
LN-2024-04236,Retail,ARM 5/1,602743,2024-04-01,310,6.103,FL
LN-2024-04237,Wholesale,15yr Fixed,587020,2024-11-01,284,7.144,IL
LN-2024-04238,Retail,15yr Fixed,647372,2024-08-01,302,8.445,FL
LN-2024-04239,Direct,ARM 5/1,1084704,2024-09-01,329,8.299,AZ
LN-2024-04240,Retail,ARM 5/1,297727,2024-06-01,367,6.053,IL
LN-2024-04241,Correspondent,30yr Fixed,980771,2024-02-01,319,7.86,FL
LN-2024-04242,Wholesale,ARM 5/1,751556,2024-06-01,319,7.929,TX
LN-2024-04243,Retail,15yr Fixed,945784,2024-11-01,299,5.718,IL
LN-2024-04244,Wholesale,15yr Fixed,478482,2024-01-01,286,8.487,AZ
LN-2024-04245,Correspondent,30yr Fixed,974022,2024-03-01,298,8.307,CA
LN-2024-04246,Retail,30yr Fixed,768502,2024-11-01,321,6.21,FL
LN-2024-04247,Direct,15yr Fixed,1141024,2024-11-01,287,7.285,IL
LN-2024-04248,Direct,15yr Fixed,649317,2024-04-01,270,7.848,CA
LN-2024-04249,Retail,ARM 5/1,711260,2024-11-01,314,7.081,NY
LN-2024-04250,Correspondent,ARM 5/1,530649,2024-04-01,345,6.1,AZ
LN-2024-04251,Wholesale,15yr Fixed,497912,2024-01-01,266,8.377,IL
LN-2024-04252,Retail,30yr Fixed,1142411,2024-01-01,332,7.682,AZ
LN-2024-04253,Retail,ARM 5/1,1014058,2024-02-01,263,6.72,CA
LN-2024-04254,Retail,15yr Fixed,764102,2024-05-01,368,6.878,IL
LN-2024-04255,Direct,ARM 5/1,814582,2024-07-01,257,7.746,NY
LN-2024-04256,Correspondent,15yr Fixed,742118,2024-02-01,288,8.404,NY
LN-2024-04257,Direct,ARM 5/1,658000,2024-04-01,304,6.33,TX
LN-2024-04258,Direct,ARM 5/1,744122,2024-08-01,361,6.008,TX
LN-2024-04259,Retail,15yr Fixed,348267,2024-05-01,280,7.523,NY
LN-2024-04260,Retail,30yr Fixed,750392,2024-02-01,342,5.825,AZ
LN-2024-04261,Retail,30yr Fixed,453361,2024-11-01,309,5.535,IL
LN-2024-04262,Retail,15yr Fixed,403606,2024-04-01,373,8.417,IL
LN-2024-04263,Retail,30yr Fixed,891933,2024-01-01,264,6.925,NY
LN-2024-04264,Wholesale,15yr Fixed,491958,2024-03-01,371,7.495,TX
LN-2024-04265,Direct,15yr Fixed,803336,2024-10-01,350,7.441,IL
LN-2024-04266,Correspondent,ARM 5/1,484478,2024-05-01,298,8.247,AZ
LN-2024-04267,Retail,30yr Fixed,643735,2024-08-01,378,7.79,FL
LN-2024-04268,Correspondent,ARM 5/1,380733,2024-11-01,254,7.062,TX
LN-2024-04269,Correspondent,15yr Fixed,553436,2024-10-01,351,5.904,AZ
LN-2024-04270,Correspondent,30yr Fixed,316179,2024-01-01,346,6.568,NY
LN-2024-04271,Correspondent,30yr Fixed,1148019,2024-04-01,302,8.168,FL
LN-2024-04272,Direct,ARM 5/1,179304,2024-01-01,341,7.583,IL
LN-2024-04273,Wholesale,30yr Fixed,245274,2024-12-01,380,6.884,NY
LN-2024-04274,Direct,30yr Fixed,1086881,2024-05-01,277,7.117,TX
LN-2024-04275,Wholesale,15yr Fixed,1166238,2024-12-01,274,6.562,TX
LN-2024-04276,Retail,ARM 5/1,537427,2024-12-01,377,6.548,NY
LN-2024-04277,Correspondent,ARM 5/1,677227,2024-08-01,346,6.674,FL
LN-2024-04278,Direct,15yr Fixed,1010143,2024-04-01,292,7.408,IL
LN-2024-04279,Correspondent,ARM 5/1,277066,2024-07-01,374,5.615,AZ
LN-2024-04280,Retail,ARM 5/1,989758,2024-10-01,358,6.982,FL
LN-2024-04281,Wholesale,ARM 5/1,428507,2024-02-01,375,6.124,AZ
LN-2024-04282,Wholesale,15yr Fixed,378088,2024-09-01,379,8.103,NY
LN-2024-04283,Wholesale,15yr Fixed,382215,2024-01-01,360,6.721,TX
LN-2024-04284,Wholesale,15yr Fixed,352716,2024-12-01,310,5.995,TX
LN-2024-04285,Retail,30yr Fixed,238416,2024-10-01,268,5.748,NY
LN-2024-04286,Wholesale,30yr Fixed,1071237,2024-08-01,343,7.224,TX
LN-2024-04287,Wholesale,30yr Fixed,715108,2024-11-01,307,6.015,TX
LN-2024-04288,Wholesale,15yr Fixed,394059,2024-12-01,251,8.195,IL
LN-2024-04289,Direct,ARM 5/1,553947,2024-11-01,250,7.544,FL
LN-2024-04290,Correspondent,ARM 5/1,369432,2024-12-01,301,8.49,AZ
LN-2024-04291,Wholesale,30yr Fixed,612127,2024-09-01,303,6.263,AZ
LN-2024-04292,Correspondent,15yr Fixed,871192,2024-01-01,255,5.665,IL
LN-2024-04293,Correspondent,15yr Fixed,712174,2024-04-01,297,7.856,AZ
LN-2024-04294,Retail,ARM 5/1,512229,2024-12-01,275,8.247,TX
LN-2024-04295,Direct,ARM 5/1,450846,2024-08-01,318,5.912,CA
LN-2024-04296,Direct,30yr Fixed,451085,2024-08-01,341,7.314,TX
LN-2024-04297,Correspondent,15yr Fixed,1022537,2024-03-01,264,6.699,TX
LN-2024-04298,Wholesale,15yr Fixed,374226,2024-03-01,294,6.779,NY
LN-2024-04299,Wholesale,ARM 5/1,905748,2024-12-01,268,5.819,NY
LN-2024-04300,Retail,ARM 5/1,645620,2024-12-01,294,5.903,CA
LN-2024-04301,Wholesale,ARM 5/1,583448,2024-06-01,283,7.06,NY
LN-2024-04302,Correspondent,30yr Fixed,531262,2024-12-01,313,5.944,TX
LN-2024-04303,Correspondent,15yr Fixed,596462,2024-09-01,291,7.311,CA
LN-2024-04304,Wholesale,30yr Fixed,704905,2024-08-01,333,7.416,TX
LN-2024-04305,Retail,ARM 5/1,445776,2024-09-01,347,8.5,FL
LN-2024-04306,Wholesale,15yr Fixed,689407,2024-08-01,258,6.646,TX
LN-2024-04307,Retail,ARM 5/1,1028698,2024-08-01,357,6.141,FL
LN-2024-04308,Direct,30yr Fixed,530738,2024-06-01,369,7.152,AZ
LN-2024-04309,Correspondent,15yr Fixed,944267,2024-04-01,322,7.177,AZ
LN-2024-04310,Correspondent,ARM 5/1,272924,2024-02-01,349,6.689,AZ
LN-2024-04311,Retail,15yr Fixed,1132940,2024-05-01,337,5.837,FL
LN-2024-04312,Wholesale,ARM 5/1,209910,2024-03-01,254,8.044,NY
LN-2024-04313,Retail,30yr Fixed,854530,2024-12-01,270,5.954,FL
LN-2024-04314,Direct,ARM 5/1,978893,2024-12-01,340,6.568,FL
LN-2024-04315,Direct,ARM 5/1,350726,2024-09-01,323,8.117,AZ
LN-2024-04316,Wholesale,15yr Fixed,1048654,2024-11-01,335,8.128,TX
LN-2024-04317,Retail,ARM 5/1,854181,2024-11-01,300,7.597,TX
LN-2024-04318,Retail,15yr Fixed,987213,2024-08-01,252,6.74,IL
LN-2024-04319,Direct,30yr Fixed,611138,2024-06-01,271,5.791,CA
LN-2024-04320,Direct,ARM 5/1,363461,2024-03-01,285,7.003,NY
LN-2024-04321,Correspondent,ARM 5/1,632384,2024-12-01,297,6.438,NY
LN-2024-04322,Direct,30yr Fixed,1054125,2024-05-01,330,7.505,FL
LN-2024-04323,Retail,30yr Fixed,620878,2024-04-01,287,5.809,FL
LN-2024-04324,Correspondent,15yr Fixed,967993,2024-05-01,351,8.256,CA
LN-2024-04325,Retail,ARM 5/1,319549,2024-04-01,328,7.974,FL
LN-2024-04326,Wholesale,15yr Fixed,1095951,2024-01-01,376,7.652,FL
LN-2024-04327,Retail,30yr Fixed,884638,2024-07-01,287,5.769,FL
LN-2024-04328,Direct,15yr Fixed,987420,2024-12-01,345,7.615,CA
LN-2024-04329,Wholesale,30yr Fixed,1130880,2024-05-01,290,6.224,NY
LN-2024-04330,Wholesale,15yr Fixed,795681,2024-08-01,373,7.17,TX
LN-2024-04331,Correspondent,30yr Fixed,1199332,2024-11-01,250,5.746,CA
LN-2024-04332,Direct,ARM 5/1,569039,2024-08-01,282,8.026,TX
LN-2024-04333,Correspondent,15yr Fixed,907944,2024-03-01,275,6.208,AZ
LN-2024-04334,Retail,ARM 5/1,161526,2024-03-01,354,7.047,FL
LN-2024-04335,Wholesale,15yr Fixed,607515,2024-07-01,344,8.363,AZ
LN-2024-04336,Correspondent,ARM 5/1,284334,2024-02-01,270,7.525,IL
LN-2024-04337,Direct,ARM 5/1,676036,2024-11-01,340,6.798,TX
LN-2024-04338,Direct,ARM 5/1,1158729,2024-06-01,359,7.651,AZ
LN-2024-04339,Retail,ARM 5/1,581124,2024-06-01,307,6.136,IL
LN-2024-04340,Wholesale,30yr Fixed,646923,2024-07-01,313,8.157,AZ
LN-2024-04341,Direct,ARM 5/1,163727,2024-04-01,359,7.493,TX
LN-2024-04342,Wholesale,15yr Fixed,501584,2024-10-01,284,8.389,TX
LN-2024-04343,Correspondent,15yr Fixed,522171,2024-08-01,359,7.493,AZ
LN-2024-04344,Direct,ARM 5/1,530739,2024-07-01,334,7.709,IL
LN-2024-04345,Wholesale,ARM 5/1,1141761,2024-12-01,333,7.798,NY
LN-2024-04346,Wholesale,ARM 5/1,487002,2024-06-01,272,7.936,FL
LN-2024-04347,Correspondent,ARM 5/1,199336,2024-01-01,363,6.34,IL
LN-2024-04348,Direct,30yr Fixed,199166,2024-03-01,253,7.359,AZ
LN-2024-04349,Correspondent,15yr Fixed,268136,2024-09-01,327,8.35,AZ
LN-2024-04350,Direct,30yr Fixed,555791,2024-02-01,260,7.68,FL
LN-2024-04351,Retail,ARM 5/1,878111,2024-06-01,312,7.47,CA
LN-2024-04352,Wholesale,30yr Fixed,227120,2024-04-01,265,7.146,CA
LN-2024-04353,Correspondent,30yr Fixed,576500,2024-10-01,310,5.981,CA
LN-2024-04354,Correspondent,30yr Fixed,558294,2024-08-01,259,7.546,AZ
LN-2024-04355,Wholesale,30yr Fixed,695929,2024-08-01,324,7.716,CA
LN-2024-04356,Direct,15yr Fixed,716368,2024-08-01,361,6.828,AZ
LN-2024-04357,Direct,15yr Fixed,981070,2024-01-01,291,5.601,FL
LN-2024-04358,Direct,ARM 5/1,1044723,2024-06-01,296,7.847,FL
LN-2024-04359,Retail,ARM 5/1,1165725,2024-11-01,363,6.718,AZ
LN-2024-04360,Direct,30yr Fixed,190911,2024-03-01,262,5.651,CA
LN-2024-04361,Wholesale,ARM 5/1,464622,2024-03-01,279,6.639,IL
LN-2024-04362,Retail,15yr Fixed,552920,2024-10-01,290,6.988,TX
LN-2024-04363,Wholesale,30yr Fixed,214858,2024-09-01,300,7.79,IL
LN-2024-04364,Retail,15yr Fixed,844205,2024-02-01,262,7.57,AZ
LN-2024-04365,Direct,15yr Fixed,588702,2024-04-01,346,7.537,NY
LN-2024-04366,Retail,30yr Fixed,935522,2024-12-01,265,7.689,TX
LN-2024-04367,Retail,ARM 5/1,809682,2024-05-01,266,7.593,NY
LN-2024-04368,Correspondent,30yr Fixed,416587,2024-02-01,334,6.515,CA
LN-2024-04369,Direct,ARM 5/1,759754,2024-04-01,359,6.862,CA
LN-2024-04370,Wholesale,30yr Fixed,766629,2024-08-01,250,5.588,IL
LN-2024-04371,Direct,30yr Fixed,989028,2024-10-01,371,6.798,NY
LN-2024-04372,Direct,30yr Fixed,256060,2024-03-01,311,8.042,IL
LN-2024-04373,Retail,30yr Fixed,1031112,2024-01-01,297,8.441,FL
LN-2024-04374,Direct,15yr Fixed,546212,2024-01-01,338,7.624,NY
LN-2024-04375,Direct,ARM 5/1,491379,2024-10-01,313,6.02,TX
LN-2024-04376,Retail,15yr Fixed,973917,2024-09-01,304,8.113,AZ
LN-2024-04377,Retail,15yr Fixed,582642,2024-07-01,372,6.464,AZ
LN-2024-04378,Direct,ARM 5/1,538663,2024-01-01,348,6.242,IL
LN-2024-04379,Retail,15yr Fixed,816838,2024-05-01,341,6.464,NY
LN-2024-04380,Wholesale,30yr Fixed,882139,2024-11-01,331,6.057,IL
LN-2024-04381,Correspondent,ARM 5/1,160623,2024-04-01,285,8.439,CA
LN-2024-04382,Wholesale,30yr Fixed,355725,2024-03-01,359,7.377,FL
LN-2024-04383,Direct,ARM 5/1,484658,2024-10-01,329,7.794,CA
LN-2024-04384,Correspondent,15yr Fixed,457264,2024-04-01,285,6.882,AZ
LN-2024-04385,Retail,15yr Fixed,397594,2024-03-01,291,5.815,TX
LN-2024-04386,Direct,15yr Fixed,243744,2024-08-01,269,7.107,IL
LN-2024-04387,Correspondent,15yr Fixed,512976,2024-09-01,320,8.419,TX
LN-2024-04388,Wholesale,30yr Fixed,871674,2024-09-01,345,7.923,NY
LN-2024-04389,Correspondent,15yr Fixed,545588,2024-02-01,267,6.495,CA
LN-2024-04390,Direct,15yr Fixed,708126,2024-04-01,295,6.005,TX
LN-2024-04391,Wholesale,15yr Fixed,564135,2024-02-01,318,7.241,NY
LN-2024-04392,Direct,ARM 5/1,661253,2024-01-01,304,7.883,CA
LN-2024-04393,Correspondent,15yr Fixed,274410,2024-12-01,362,6.387,TX
LN-2024-04394,Direct,15yr Fixed,167373,2024-05-01,276,6.462,CA
LN-2024-04395,Wholesale,ARM 5/1,167970,2024-08-01,352,5.939,CA
LN-2024-04396,Correspondent,ARM 5/1,252939,2024-10-01,372,7.98,IL
LN-2024-04397,Direct,30yr Fixed,229093,2024-09-01,310,7.017,IL
LN-2024-04398,Wholesale,ARM 5/1,278895,2024-11-01,267,5.928,IL
LN-2024-04399,Direct,30yr Fixed,770473,2024-08-01,362,7.124,IL
LN-2024-04400,Wholesale,ARM 5/1,581238,2024-06-01,333,6.005,IL
LN-2024-04401,Direct,ARM 5/1,606513,2024-09-01,349,5.571,NY
LN-2024-04402,Retail,30yr Fixed,967983,2024-01-01,355,7.79,IL
LN-2024-04403,Wholesale,30yr Fixed,1124649,2024-08-01,372,5.805,CA
LN-2024-04404,Retail,ARM 5/1,582111,2024-10-01,348,6.725,IL
LN-2024-04405,Correspondent,15yr Fixed,818059,2024-08-01,348,6.64,IL
LN-2024-04406,Wholesale,15yr Fixed,902056,2024-12-01,349,8.496,NY
LN-2024-04407,Correspondent,30yr Fixed,492710,2024-10-01,296,7.746,CA
LN-2024-04408,Retail,ARM 5/1,1135037,2024-08-01,292,7.345,CA
LN-2024-04409,Retail,30yr Fixed,575653,2024-03-01,301,7.492,TX
LN-2024-04410,Retail,ARM 5/1,548407,2024-10-01,315,8.169,NY
LN-2024-04411,Correspondent,15yr Fixed,828597,2024-04-01,333,7.102,TX
LN-2024-04412,Direct,30yr Fixed,861328,2024-10-01,278,7.627,NY
LN-2024-04413,Correspondent,15yr Fixed,608533,2024-02-01,373,6.011,CA
LN-2024-04414,Correspondent,30yr Fixed,244778,2024-10-01,355,7.651,FL
LN-2024-04415,Wholesale,ARM 5/1,253633,2024-06-01,349,5.59,IL
LN-2024-04416,Wholesale,15yr Fixed,1006682,2024-02-01,368,7.564,TX
LN-2024-04417,Correspondent,30yr Fixed,992002,2024-02-01,321,5.692,FL
LN-2024-04418,Correspondent,30yr Fixed,580202,2024-06-01,361,7.733,IL
LN-2024-04419,Retail,30yr Fixed,1190473,2024-10-01,332,6.896,AZ
LN-2024-04420,Wholesale,30yr Fixed,766774,2024-10-01,333,7.176,IL
LN-2024-04421,Retail,30yr Fixed,467733,2024-01-01,336,6.405,IL
LN-2024-04422,Retail,30yr Fixed,651273,2024-02-01,258,7.096,IL
LN-2024-04423,Correspondent,30yr Fixed,415486,2024-03-01,258,6.877,AZ
LN-2024-04424,Correspondent,15yr Fixed,473180,2024-03-01,288,6.516,FL
LN-2024-04425,Wholesale,ARM 5/1,263329,2024-01-01,334,7.166,IL
LN-2024-04426,Direct,ARM 5/1,299039,2024-04-01,371,6.872,FL
LN-2024-04427,Retail,15yr Fixed,624781,2024-03-01,345,5.684,AZ
LN-2024-04428,Correspondent,15yr Fixed,963692,2024-06-01,362,6.889,IL
LN-2024-04429,Retail,ARM 5/1,229512,2024-04-01,300,8.347,AZ
LN-2024-04430,Correspondent,30yr Fixed,1056783,2024-10-01,351,7.732,CA
LN-2024-04431,Retail,15yr Fixed,930626,2024-11-01,302,6.269,IL
LN-2024-04432,Retail,ARM 5/1,556699,2024-06-01,362,6.259,IL
LN-2024-04433,Wholesale,30yr Fixed,596622,2024-07-01,266,6.702,TX
LN-2024-04434,Direct,15yr Fixed,1162881,2024-05-01,364,5.505,NY
LN-2024-04435,Direct,30yr Fixed,186521,2024-01-01,273,7.728,NY
LN-2024-04436,Retail,30yr Fixed,771755,2024-02-01,270,8.215,AZ
LN-2024-04437,Retail,15yr Fixed,1022501,2024-09-01,339,6.492,TX
LN-2024-04438,Direct,30yr Fixed,303358,2024-11-01,268,6.469,CA
LN-2024-04439,Retail,15yr Fixed,1112625,2024-11-01,274,6.338,CA
LN-2024-04440,Direct,30yr Fixed,711963,2024-05-01,274,7.774,TX
LN-2024-04441,Direct,ARM 5/1,441357,2024-04-01,302,5.68,TX
LN-2024-04442,Direct,30yr Fixed,536877,2024-03-01,368,7.88,AZ
LN-2024-04443,Wholesale,30yr Fixed,1167600,2024-03-01,292,7.027,NY
LN-2024-04444,Direct,30yr Fixed,854339,2024-04-01,314,7.158,AZ
LN-2024-04445,Correspondent,30yr Fixed,677947,2024-05-01,280,5.646,AZ
LN-2024-04446,Retail,15yr Fixed,1035433,2024-08-01,310,8.419,AZ
LN-2024-04447,Correspondent,ARM 5/1,368114,2024-05-01,348,7.972,IL
LN-2024-04448,Retail,ARM 5/1,612344,2024-08-01,297,7.271,TX
LN-2024-04449,Wholesale,ARM 5/1,538527,2024-08-01,373,7.466,CA
LN-2024-04450,Retail,30yr Fixed,905491,2024-01-01,297,8.16,IL
LN-2024-04451,Wholesale,15yr Fixed,254085,2024-11-01,255,6.551,CA
LN-2024-04452,Correspondent,15yr Fixed,898513,2024-08-01,271,5.825,TX
LN-2024-04453,Retail,ARM 5/1,857713,2024-12-01,337,8.282,TX
LN-2024-04454,Retail,15yr Fixed,1060021,2024-10-01,343,7.789,CA
LN-2024-04455,Direct,30yr Fixed,693905,2024-03-01,329,8.288,FL
LN-2024-04456,Wholesale,15yr Fixed,667452,2024-06-01,350,6.165,CA
LN-2024-04457,Direct,30yr Fixed,1068241,2024-02-01,354,6.641,IL
LN-2024-04458,Direct,15yr Fixed,592356,2024-01-01,286,6.292,TX
LN-2024-04459,Correspondent,30yr Fixed,869913,2024-07-01,353,7.837,FL
LN-2024-04460,Wholesale,15yr Fixed,357736,2024-03-01,303,7.956,NY
LN-2024-04461,Wholesale,ARM 5/1,445045,2024-09-01,279,7.177,TX
LN-2024-04462,Correspondent,ARM 5/1,285616,2024-08-01,322,8.165,CA
LN-2024-04463,Correspondent,30yr Fixed,845511,2024-05-01,367,5.663,FL
LN-2024-04464,Retail,ARM 5/1,951077,2024-11-01,346,5.978,TX
LN-2024-04465,Direct,15yr Fixed,1099215,2024-03-01,353,6.388,NY
LN-2024-04466,Retail,30yr Fixed,1150756,2024-05-01,349,6.885,TX
LN-2024-04467,Retail,ARM 5/1,802764,2024-05-01,335,7.483,TX
LN-2024-04468,Direct,30yr Fixed,534032,2024-12-01,315,7.865,FL
LN-2024-04469,Retail,ARM 5/1,426851,2024-12-01,345,7.089,AZ
LN-2024-04470,Correspondent,15yr Fixed,481505,2024-04-01,338,6.168,FL
LN-2024-04471,Direct,30yr Fixed,953285,2024-02-01,305,8.477,FL
LN-2024-04472,Wholesale,15yr Fixed,1133836,2024-01-01,280,5.982,IL
LN-2024-04473,Direct,15yr Fixed,1176068,2024-01-01,376,7.22,AZ
LN-2024-04474,Wholesale,ARM 5/1,251514,2024-08-01,270,7.869,FL
LN-2024-04475,Wholesale,15yr Fixed,955704,2024-10-01,313,5.979,CA
LN-2024-04476,Direct,30yr Fixed,975418,2024-10-01,283,6.541,TX
LN-2024-04477,Retail,15yr Fixed,662958,2024-08-01,343,7.094,TX
LN-2024-04478,Wholesale,ARM 5/1,513149,2024-09-01,367,7.351,FL
LN-2024-04479,Direct,30yr Fixed,362056,2024-09-01,374,8.224,NY
LN-2024-04480,Correspondent,30yr Fixed,887898,2024-09-01,296,7.168,AZ
LN-2024-04481,Wholesale,15yr Fixed,438287,2024-08-01,291,7.102,FL
LN-2024-04482,Direct,15yr Fixed,792224,2024-06-01,271,6.053,IL
LN-2024-04483,Direct,ARM 5/1,988798,2024-02-01,372,6.011,AZ
LN-2024-04484,Direct,ARM 5/1,944938,2024-10-01,347,6.037,TX
LN-2024-04485,Direct,30yr Fixed,513146,2024-05-01,321,8.357,TX
LN-2024-04486,Retail,15yr Fixed,720778,2024-09-01,333,6.948,AZ
LN-2024-04487,Direct,15yr Fixed,851653,2024-09-01,357,7.398,AZ
LN-2024-04488,Correspondent,15yr Fixed,277059,2024-12-01,251,7.513,AZ
LN-2024-04489,Wholesale,15yr Fixed,286293,2024-07-01,332,6.911,TX
LN-2024-04490,Retail,ARM 5/1,909656,2024-07-01,298,5.987,TX
LN-2024-04491,Retail,ARM 5/1,284683,2024-10-01,340,7.311,AZ
LN-2024-04492,Retail,30yr Fixed,866744,2024-04-01,284,6.231,IL
LN-2024-04493,Wholesale,15yr Fixed,185915,2024-09-01,254,6.428,AZ
LN-2024-04494,Retail,ARM 5/1,245711,2024-01-01,253,7.566,IL
LN-2024-04495,Wholesale,30yr Fixed,826911,2024-02-01,363,6.792,FL
LN-2024-04496,Correspondent,15yr Fixed,903199,2024-11-01,303,6.291,NY
LN-2024-04497,Direct,30yr Fixed,577508,2024-06-01,266,5.623,AZ
LN-2024-04498,Direct,15yr Fixed,622121,2024-05-01,305,6.159,NY
LN-2024-04499,Retail,30yr Fixed,970492,2024-09-01,361,7.403,IL
LN-2024-04500,Direct,ARM 5/1,646463,2024-07-01,334,7.171,NY
LN-2024-04501,Correspondent,15yr Fixed,969809,2024-12-01,362,6.466,NY
LN-2024-04502,Retail,15yr Fixed,572386,2024-07-01,370,8.179,FL
LN-2024-04503,Direct,15yr Fixed,1179606,2024-02-01,340,6.191,IL
LN-2024-04504,Retail,30yr Fixed,221533,2024-03-01,305,6.575,FL
LN-2024-04505,Wholesale,ARM 5/1,233959,2024-03-01,305,8.37,FL
LN-2024-04506,Retail,ARM 5/1,1036010,2024-01-01,263,7.143,TX
LN-2024-04507,Correspondent,15yr Fixed,570207,2024-01-01,258,7.691,NY
LN-2024-04508,Retail,ARM 5/1,645373,2024-10-01,262,6.085,TX
LN-2024-04509,Wholesale,30yr Fixed,337893,2024-08-01,369,7.329,TX
LN-2024-04510,Wholesale,ARM 5/1,853796,2024-02-01,265,7.536,TX
LN-2024-04511,Correspondent,15yr Fixed,627914,2024-11-01,260,5.636,TX
LN-2024-04512,Correspondent,ARM 5/1,468515,2024-07-01,329,7.474,AZ
LN-2024-04513,Retail,15yr Fixed,552119,2024-07-01,307,8.247,FL
LN-2024-04514,Direct,ARM 5/1,942603,2024-10-01,365,5.672,IL
LN-2024-04515,Retail,15yr Fixed,256139,2024-08-01,273,6.346,NY
LN-2024-04516,Correspondent,30yr Fixed,967411,2024-12-01,291,8.255,AZ
LN-2024-04517,Correspondent,ARM 5/1,1148442,2024-08-01,343,5.53,FL
LN-2024-04518,Wholesale,ARM 5/1,224304,2024-06-01,276,5.765,AZ
LN-2024-04519,Retail,30yr Fixed,896622,2024-02-01,361,7.65,TX
LN-2024-04520,Direct,ARM 5/1,628579,2024-04-01,302,7.46,NY
LN-2024-04521,Retail,15yr Fixed,715203,2024-09-01,323,8.122,IL
LN-2024-04522,Wholesale,ARM 5/1,340993,2024-04-01,285,7.248,TX
LN-2024-04523,Correspondent,ARM 5/1,793728,2024-09-01,365,7.097,AZ
LN-2024-04524,Direct,15yr Fixed,282234,2024-04-01,374,5.775,CA
LN-2024-04525,Direct,30yr Fixed,318761,2024-10-01,255,7.931,NY
LN-2024-04526,Retail,15yr Fixed,1060174,2024-03-01,279,7.486,NY
LN-2024-04527,Wholesale,ARM 5/1,416213,2024-12-01,380,5.807,FL
LN-2024-04528,Retail,15yr Fixed,483444,2024-04-01,252,7.407,NY
LN-2024-04529,Retail,ARM 5/1,207229,2024-07-01,333,5.872,NY
LN-2024-04530,Retail,30yr Fixed,843684,2024-10-01,282,6.007,NY
LN-2024-04531,Wholesale,15yr Fixed,426995,2024-11-01,266,5.789,IL
LN-2024-04532,Correspondent,15yr Fixed,755999,2024-10-01,287,8.361,NY
LN-2024-04533,Retail,30yr Fixed,539198,2024-07-01,355,7.264,NY
LN-2024-04534,Direct,15yr Fixed,563339,2024-11-01,294,5.684,IL
LN-2024-04535,Direct,30yr Fixed,905667,2024-10-01,252,5.969,IL
LN-2024-04536,Retail,30yr Fixed,289108,2024-01-01,301,6.314,NY
LN-2024-04537,Retail,30yr Fixed,210281,2024-10-01,314,6.347,IL
LN-2024-04538,Wholesale,15yr Fixed,481432,2024-03-01,354,6.586,IL
LN-2024-04539,Correspondent,15yr Fixed,680483,2024-05-01,349,6.483,TX
LN-2024-04540,Retail,ARM 5/1,355487,2024-05-01,308,6.943,AZ
LN-2024-04541,Direct,15yr Fixed,1037997,2024-07-01,312,6.004,IL
LN-2024-04542,Correspondent,30yr Fixed,699571,2024-07-01,349,6.946,FL
LN-2024-04543,Correspondent,ARM 5/1,207088,2024-10-01,324,6.139,TX
LN-2024-04544,Correspondent,ARM 5/1,917402,2024-06-01,303,6.62,NY
LN-2024-04545,Direct,ARM 5/1,804986,2024-09-01,321,5.669,TX
LN-2024-04546,Retail,ARM 5/1,634830,2024-11-01,326,5.89,NY
LN-2024-04547,Wholesale,ARM 5/1,797125,2024-12-01,347,7.536,CA
LN-2024-04548,Retail,15yr Fixed,418456,2024-05-01,364,8.139,IL
LN-2024-04549,Wholesale,30yr Fixed,729544,2024-01-01,253,5.955,FL
LN-2024-04550,Wholesale,ARM 5/1,1148915,2024-07-01,316,5.628,IL
LN-2024-04551,Correspondent,ARM 5/1,995681,2024-10-01,338,5.964,CA
LN-2024-04552,Retail,15yr Fixed,1006867,2024-08-01,310,6.915,FL
LN-2024-04553,Wholesale,15yr Fixed,955643,2024-01-01,264,5.653,TX
LN-2024-04554,Wholesale,15yr Fixed,365905,2024-11-01,270,8.171,FL
LN-2024-04555,Correspondent,30yr Fixed,1151735,2024-07-01,307,6.495,CA
LN-2024-04556,Wholesale,15yr Fixed,912458,2024-05-01,267,5.987,TX
LN-2024-04557,Direct,ARM 5/1,318586,2024-12-01,317,6.358,FL
LN-2024-04558,Wholesale,30yr Fixed,1018646,2024-06-01,359,8.079,FL
LN-2024-04559,Retail,ARM 5/1,806468,2024-03-01,334,6.965,NY
LN-2024-04560,Correspondent,ARM 5/1,728595,2024-08-01,279,8.152,NY
LN-2024-04561,Retail,ARM 5/1,1077913,2024-10-01,379,6.607,NY
LN-2024-04562,Correspondent,ARM 5/1,649338,2024-02-01,272,6.241,AZ
LN-2024-04563,Wholesale,ARM 5/1,813717,2024-08-01,310,6.946,CA
LN-2024-04564,Direct,30yr Fixed,419007,2024-05-01,283,8.196,IL
LN-2024-04565,Retail,30yr Fixed,446183,2024-08-01,353,5.594,TX
LN-2024-04566,Wholesale,ARM 5/1,1176508,2024-05-01,377,6.336,FL
LN-2024-04567,Retail,30yr Fixed,275537,2024-05-01,291,8.363,NY
LN-2024-04568,Wholesale,30yr Fixed,409843,2024-02-01,277,7.688,CA
LN-2024-04569,Wholesale,15yr Fixed,566075,2024-04-01,374,5.912,FL
LN-2024-04570,Wholesale,15yr Fixed,383303,2024-01-01,340,6.616,TX
LN-2024-04571,Retail,30yr Fixed,1186756,2024-10-01,296,8.117,TX
LN-2024-04572,Correspondent,ARM 5/1,917574,2024-04-01,340,6.742,CA
LN-2024-04573,Correspondent,ARM 5/1,768797,2024-12-01,281,6.439,NY
LN-2024-04574,Direct,30yr Fixed,154776,2024-04-01,270,8.215,IL
LN-2024-04575,Direct,ARM 5/1,856072,2024-03-01,341,6.851,IL
LN-2024-04576,Correspondent,30yr Fixed,348233,2024-12-01,254,7.907,NY
LN-2024-04577,Correspondent,15yr Fixed,666916,2024-03-01,321,7.545,FL
LN-2024-04578,Correspondent,ARM 5/1,570947,2024-06-01,355,7.843,FL
LN-2024-04579,Wholesale,30yr Fixed,234571,2024-06-01,322,6.084,AZ
LN-2024-04580,Correspondent,15yr Fixed,177924,2024-12-01,314,8.169,NY
LN-2024-04581,Correspondent,ARM 5/1,927176,2024-11-01,320,6.843,FL
LN-2024-04582,Correspondent,ARM 5/1,271088,2024-12-01,344,6.655,AZ
LN-2024-04583,Retail,ARM 5/1,988765,2024-06-01,299,6.204,IL
LN-2024-04584,Retail,ARM 5/1,829098,2024-07-01,256,8.352,NY
LN-2024-04585,Correspondent,15yr Fixed,1112242,2024-11-01,369,5.542,IL
LN-2024-04586,Correspondent,ARM 5/1,551602,2024-03-01,298,7.531,IL
LN-2024-04587,Direct,15yr Fixed,1083063,2024-01-01,263,8.351,IL
LN-2024-04588,Direct,ARM 5/1,925849,2024-06-01,286,7.905,FL
LN-2024-04589,Wholesale,15yr Fixed,1052933,2024-03-01,326,5.932,AZ
LN-2024-04590,Correspondent,30yr Fixed,404043,2024-07-01,303,6.63,IL
LN-2024-04591,Retail,30yr Fixed,462719,2024-01-01,377,5.714,TX
LN-2024-04592,Correspondent,30yr Fixed,1139763,2024-06-01,308,6.985,IL
LN-2024-04593,Direct,ARM 5/1,639887,2024-03-01,374,7.488,TX
LN-2024-04594,Wholesale,30yr Fixed,506738,2024-03-01,362,7.665,TX
LN-2024-04595,Retail,ARM 5/1,1123249,2024-10-01,374,6.292,IL
LN-2024-04596,Wholesale,15yr Fixed,559305,2024-12-01,362,7.186,NY
LN-2024-04597,Correspondent,ARM 5/1,701089,2024-01-01,314,8.057,NY
LN-2024-04598,Retail,ARM 5/1,164357,2024-02-01,372,6.02,IL
LN-2024-04599,Correspondent,ARM 5/1,943965,2024-07-01,268,7.871,FL
LN-2024-04600,Retail,ARM 5/1,653917,2024-07-01,279,6.945,FL
LN-2024-04601,Retail,15yr Fixed,980810,2024-12-01,365,7.97,NY
LN-2024-04602,Direct,30yr Fixed,476860,2024-07-01,350,7.492,CA
LN-2024-04603,Direct,15yr Fixed,686792,2024-04-01,250,6.562,TX
LN-2024-04604,Retail,ARM 5/1,925056,2024-12-01,306,7.578,TX
LN-2024-04605,Direct,30yr Fixed,201918,2024-10-01,368,7.938,NY
LN-2024-04606,Wholesale,15yr Fixed,498179,2024-10-01,270,7.709,NY
LN-2024-04607,Wholesale,15yr Fixed,1073265,2024-11-01,255,7.723,TX
LN-2024-04608,Correspondent,15yr Fixed,1126842,2024-04-01,368,7.054,AZ
LN-2024-04609,Retail,15yr Fixed,1173421,2024-11-01,375,8.202,IL
LN-2024-04610,Retail,ARM 5/1,175137,2024-06-01,353,6.613,NY
LN-2024-04611,Correspondent,30yr Fixed,1166897,2024-10-01,310,6.83,AZ
LN-2024-04612,Retail,15yr Fixed,231921,2024-07-01,257,8.393,IL
LN-2024-04613,Direct,ARM 5/1,258399,2024-01-01,368,6.444,FL
LN-2024-04614,Wholesale,15yr Fixed,461241,2024-04-01,369,8.031,TX
LN-2024-04615,Retail,30yr Fixed,504561,2024-02-01,367,7.472,TX
LN-2024-04616,Wholesale,ARM 5/1,1191418,2024-01-01,297,5.742,CA
LN-2024-04617,Correspondent,ARM 5/1,318784,2024-07-01,367,7.948,TX
LN-2024-04618,Direct,ARM 5/1,787680,2024-04-01,319,6.131,IL
LN-2024-04619,Retail,30yr Fixed,300448,2024-11-01,358,8.22,CA
LN-2024-04620,Retail,ARM 5/1,823359,2024-02-01,255,6.481,TX
LN-2024-04621,Wholesale,30yr Fixed,421748,2024-12-01,365,7.324,FL
LN-2024-04622,Correspondent,15yr Fixed,532466,2024-08-01,326,6.369,AZ
LN-2024-04623,Direct,30yr Fixed,329649,2024-02-01,300,5.727,FL
LN-2024-04624,Direct,15yr Fixed,699916,2024-06-01,323,7.642,NY
LN-2024-04625,Retail,30yr Fixed,1069948,2024-04-01,352,5.521,NY
LN-2024-04626,Direct,ARM 5/1,643957,2024-07-01,333,8.25,AZ
LN-2024-04627,Wholesale,30yr Fixed,181567,2024-03-01,380,8.212,FL
LN-2024-04628,Wholesale,ARM 5/1,158807,2024-09-01,370,6.012,AZ
LN-2024-04629,Retail,ARM 5/1,1073344,2024-03-01,317,5.912,TX
LN-2024-04630,Direct,ARM 5/1,365576,2024-03-01,252,6.53,FL
LN-2024-04631,Wholesale,ARM 5/1,752338,2024-10-01,351,7.678,FL
LN-2024-04632,Retail,ARM 5/1,1109623,2024-11-01,366,6.929,TX
LN-2024-04633,Retail,ARM 5/1,194467,2024-11-01,351,7.121,AZ
LN-2024-04634,Direct,30yr Fixed,865073,2024-03-01,371,7.098,FL
LN-2024-04635,Direct,ARM 5/1,445030,2024-09-01,315,8.078,IL
LN-2024-04636,Direct,ARM 5/1,781072,2024-11-01,380,5.845,IL
LN-2024-04637,Direct,ARM 5/1,912197,2024-04-01,270,8.42,NY
LN-2024-04638,Wholesale,30yr Fixed,953673,2024-11-01,359,8.32,FL
LN-2024-04639,Direct,15yr Fixed,941469,2024-07-01,352,7.399,NY
LN-2024-04640,Correspondent,15yr Fixed,813506,2024-06-01,364,8.303,AZ
LN-2024-04641,Wholesale,30yr Fixed,664176,2024-11-01,298,6.659,TX
LN-2024-04642,Wholesale,ARM 5/1,269078,2024-04-01,284,6.62,TX
LN-2024-04643,Retail,15yr Fixed,430982,2024-05-01,370,6.773,TX
LN-2024-04644,Correspondent,30yr Fixed,812727,2024-03-01,327,5.515,FL
LN-2024-04645,Retail,30yr Fixed,236338,2024-08-01,299,8.042,AZ
LN-2024-04646,Wholesale,15yr Fixed,1088359,2024-11-01,360,6.825,CA
LN-2024-04647,Wholesale,ARM 5/1,1141252,2024-04-01,332,5.952,CA
LN-2024-04648,Correspondent,15yr Fixed,465248,2024-04-01,366,7.762,IL
LN-2024-04649,Wholesale,15yr Fixed,511152,2024-05-01,299,5.932,CA
LN-2024-04650,Retail,ARM 5/1,681060,2024-09-01,291,6.801,IL
LN-2024-04651,Correspondent,15yr Fixed,458484,2024-05-01,370,5.571,FL
LN-2024-04652,Correspondent,15yr Fixed,232287,2024-01-01,261,6.785,FL
LN-2024-04653,Retail,30yr Fixed,379603,2024-11-01,337,6.019,CA
LN-2024-04654,Correspondent,15yr Fixed,521408,2024-10-01,356,5.543,NY
LN-2024-04655,Direct,30yr Fixed,831307,2024-10-01,280,8.253,NY
LN-2024-04656,Wholesale,30yr Fixed,1138847,2024-02-01,360,8.263,IL
LN-2024-04657,Retail,ARM 5/1,935689,2024-01-01,378,5.971,CA
LN-2024-04658,Direct,30yr Fixed,517007,2024-01-01,251,6.16,TX
LN-2024-04659,Correspondent,ARM 5/1,934465,2024-05-01,316,6.797,AZ
LN-2024-04660,Wholesale,ARM 5/1,324531,2024-02-01,331,7.379,IL
LN-2024-04661,Retail,15yr Fixed,469358,2024-10-01,263,7.932,FL
LN-2024-04662,Retail,ARM 5/1,377383,2024-03-01,254,6.842,CA
LN-2024-04663,Correspondent,ARM 5/1,703119,2024-01-01,343,8.047,TX
LN-2024-04664,Retail,30yr Fixed,595568,2024-06-01,291,6.398,AZ
LN-2024-04665,Wholesale,15yr Fixed,324392,2024-01-01,325,7.749,AZ
LN-2024-04666,Correspondent,ARM 5/1,917645,2024-04-01,344,7.15,AZ
LN-2024-04667,Retail,15yr Fixed,1183902,2024-10-01,334,8.083,TX
LN-2024-04668,Correspondent,ARM 5/1,934140,2024-02-01,323,5.957,TX
LN-2024-04669,Correspondent,30yr Fixed,837379,2024-11-01,316,7.529,TX
LN-2024-04670,Wholesale,ARM 5/1,708830,2024-08-01,320,7.162,NY
LN-2024-04671,Retail,30yr Fixed,402117,2024-02-01,329,7.429,TX
LN-2024-04672,Correspondent,30yr Fixed,946518,2024-01-01,259,5.704,IL
LN-2024-04673,Wholesale,15yr Fixed,289601,2024-10-01,373,7.671,TX
LN-2024-04674,Wholesale,ARM 5/1,835098,2024-03-01,346,7.62,TX
LN-2024-04675,Correspondent,15yr Fixed,314021,2024-05-01,262,7.766,CA
LN-2024-04676,Correspondent,30yr Fixed,799154,2024-06-01,372,5.572,FL
LN-2024-04677,Direct,ARM 5/1,655481,2024-05-01,357,6.418,FL
LN-2024-04678,Wholesale,ARM 5/1,1141761,2024-05-01,372,6.391,AZ
LN-2024-04679,Retail,15yr Fixed,255675,2024-01-01,255,6.661,TX
LN-2024-04680,Wholesale,15yr Fixed,986887,2024-06-01,316,7.532,FL
LN-2024-04681,Correspondent,30yr Fixed,1125159,2024-09-01,310,7.827,NY
LN-2024-04682,Wholesale,30yr Fixed,501947,2024-02-01,276,7.554,TX
LN-2024-04683,Retail,30yr Fixed,1083545,2024-07-01,365,5.727,IL
LN-2024-04684,Wholesale,ARM 5/1,889291,2024-11-01,263,8.062,FL
LN-2024-04685,Correspondent,ARM 5/1,1087140,2024-12-01,342,7.578,CA
LN-2024-04686,Correspondent,30yr Fixed,721310,2024-04-01,353,7.708,FL
LN-2024-04687,Retail,ARM 5/1,1162812,2024-05-01,267,8.083,AZ
LN-2024-04688,Correspondent,ARM 5/1,556568,2024-04-01,304,7.633,FL
LN-2024-04689,Wholesale,30yr Fixed,890748,2024-07-01,312,8.459,IL
LN-2024-04690,Direct,15yr Fixed,167269,2024-09-01,370,8.127,CA
LN-2024-04691,Correspondent,ARM 5/1,875012,2024-11-01,355,8.276,CA
LN-2024-04692,Correspondent,ARM 5/1,268153,2024-05-01,377,8.012,TX
LN-2024-04693,Wholesale,30yr Fixed,1142716,2024-04-01,269,7.76,TX
LN-2024-04694,Correspondent,ARM 5/1,219697,2024-12-01,296,6.571,AZ
LN-2024-04695,Direct,ARM 5/1,471277,2024-03-01,323,6.601,IL
LN-2024-04696,Wholesale,15yr Fixed,939287,2024-08-01,318,7.442,CA
LN-2024-04697,Correspondent,15yr Fixed,518353,2024-02-01,342,5.925,TX
LN-2024-04698,Retail,15yr Fixed,745572,2024-01-01,345,6.053,IL
LN-2024-04699,Retail,15yr Fixed,814676,2024-09-01,344,5.578,FL
LN-2024-04700,Correspondent,30yr Fixed,1197614,2024-03-01,377,6.406,CA
LN-2024-04701,Wholesale,30yr Fixed,727355,2024-01-01,324,8.251,NY
LN-2024-04702,Correspondent,ARM 5/1,687249,2024-12-01,306,6.286,NY
LN-2024-04703,Correspondent,30yr Fixed,493278,2024-09-01,361,7.828,TX
LN-2024-04704,Correspondent,15yr Fixed,484891,2024-03-01,360,5.541,FL
LN-2024-04705,Direct,15yr Fixed,439267,2024-06-01,378,8.181,FL
LN-2024-04706,Correspondent,ARM 5/1,327009,2024-06-01,250,7.709,NY
LN-2024-04707,Direct,15yr Fixed,1151349,2024-11-01,349,7.342,FL
LN-2024-04708,Retail,30yr Fixed,235766,2024-11-01,351,7.642,FL
LN-2024-04709,Direct,30yr Fixed,778187,2024-09-01,263,5.724,IL
LN-2024-04710,Wholesale,15yr Fixed,703360,2024-04-01,252,7.605,IL
LN-2024-04711,Direct,ARM 5/1,655666,2024-04-01,365,8.3,CA
LN-2024-04712,Retail,ARM 5/1,386219,2024-11-01,356,7.84,IL
LN-2024-04713,Direct,30yr Fixed,996714,2024-09-01,366,6.976,TX
LN-2024-04714,Wholesale,15yr Fixed,1025423,2024-04-01,376,8.242,TX
LN-2024-04715,Retail,30yr Fixed,336585,2024-02-01,276,6.617,CA
LN-2024-04716,Wholesale,15yr Fixed,491553,2024-06-01,355,7.227,TX
LN-2024-04717,Correspondent,30yr Fixed,637875,2024-07-01,370,5.619,CA
LN-2024-04718,Retail,ARM 5/1,189328,2024-07-01,357,6.047,CA
LN-2024-04719,Retail,ARM 5/1,904526,2024-11-01,268,6.435,NY
LN-2024-04720,Retail,30yr Fixed,295238,2024-02-01,321,6.295,FL
LN-2024-04721,Correspondent,ARM 5/1,1027119,2024-04-01,339,6.453,TX
LN-2024-04722,Correspondent,ARM 5/1,784607,2024-03-01,306,6.861,TX
LN-2024-04723,Wholesale,15yr Fixed,355866,2024-08-01,291,8.2,FL
LN-2024-04724,Correspondent,15yr Fixed,401921,2024-01-01,283,5.75,AZ
LN-2024-04725,Direct,30yr Fixed,977615,2024-09-01,362,7.272,TX
LN-2024-04726,Wholesale,15yr Fixed,475840,2024-11-01,285,7.623,FL
LN-2024-04727,Retail,ARM 5/1,320596,2024-11-01,298,7.464,TX
LN-2024-04728,Wholesale,30yr Fixed,852659,2024-03-01,339,7.763,CA
LN-2024-04729,Correspondent,ARM 5/1,446946,2024-11-01,355,7.282,NY
LN-2024-04730,Wholesale,ARM 5/1,641022,2024-06-01,294,6.947,AZ
LN-2024-04731,Correspondent,15yr Fixed,913406,2024-09-01,355,5.58,IL
LN-2024-04732,Direct,15yr Fixed,1110793,2024-04-01,317,6.598,FL
LN-2024-04733,Direct,30yr Fixed,360838,2024-07-01,259,7.438,IL
LN-2024-04734,Direct,15yr Fixed,1139613,2024-10-01,288,7.378,AZ
LN-2024-04735,Wholesale,15yr Fixed,419915,2024-04-01,357,6.859,AZ
LN-2024-04736,Retail,15yr Fixed,533868,2024-10-01,318,6.886,FL
LN-2024-04737,Direct,15yr Fixed,349017,2024-03-01,343,7.897,AZ
LN-2024-04738,Direct,30yr Fixed,403846,2024-06-01,315,5.847,FL
LN-2024-04739,Wholesale,15yr Fixed,438105,2024-07-01,282,5.51,CA
LN-2024-04740,Direct,30yr Fixed,162341,2024-03-01,358,7.892,IL
LN-2024-04741,Wholesale,30yr Fixed,1075809,2024-10-01,354,7.121,IL
LN-2024-04742,Direct,30yr Fixed,303717,2024-08-01,283,6.99,CA
LN-2024-04743,Correspondent,ARM 5/1,666583,2024-07-01,318,6.896,IL
LN-2024-04744,Retail,30yr Fixed,588921,2024-04-01,327,8.231,CA
LN-2024-04745,Retail,ARM 5/1,1097851,2024-07-01,255,8.132,AZ
LN-2024-04746,Direct,15yr Fixed,347107,2024-01-01,273,5.96,IL
LN-2024-04747,Wholesale,15yr Fixed,1079562,2024-04-01,357,6.464,NY
LN-2024-04748,Retail,15yr Fixed,867631,2024-05-01,278,6.537,IL
LN-2024-04749,Correspondent,15yr Fixed,714167,2024-04-01,328,6.77,NY
LN-2024-04750,Wholesale,30yr Fixed,734393,2024-05-01,379,7.325,IL
LN-2024-04751,Direct,30yr Fixed,961756,2024-01-01,267,5.549,AZ
LN-2024-04752,Correspondent,15yr Fixed,420539,2024-07-01,311,8.367,TX
LN-2024-04753,Retail,30yr Fixed,1102444,2024-01-01,268,6.982,NY
LN-2024-04754,Retail,ARM 5/1,825009,2024-06-01,261,7.816,FL
LN-2024-04755,Wholesale,15yr Fixed,700000,2024-03-01,356,7.33,CA
LN-2024-04756,Wholesale,30yr Fixed,935151,2024-07-01,353,5.781,CA
LN-2024-04757,Retail,30yr Fixed,1196153,2024-08-01,376,8.374,IL
LN-2024-04758,Direct,30yr Fixed,545999,2024-10-01,262,6.026,AZ
LN-2024-04759,Wholesale,15yr Fixed,760746,2024-02-01,377,6.421,TX
LN-2024-04760,Wholesale,ARM 5/1,809569,2024-09-01,369,7.171,AZ
LN-2024-04761,Correspondent,ARM 5/1,1129602,2024-05-01,328,6.825,NY
LN-2024-04762,Direct,15yr Fixed,166827,2024-12-01,317,6.374,FL
LN-2024-04763,Retail,ARM 5/1,401963,2024-06-01,307,8.01,IL
LN-2024-04764,Wholesale,30yr Fixed,1031232,2024-02-01,277,7.556,NY
LN-2024-04765,Retail,15yr Fixed,456777,2024-10-01,337,7.891,IL
LN-2024-04766,Retail,15yr Fixed,827584,2024-08-01,355,6.304,FL
LN-2024-04767,Direct,30yr Fixed,516093,2024-01-01,296,7.498,CA
LN-2024-04768,Correspondent,ARM 5/1,1097176,2024-07-01,271,7.943,FL
LN-2024-04769,Correspondent,15yr Fixed,265586,2024-05-01,348,5.77,NY
LN-2024-04770,Retail,15yr Fixed,381843,2024-08-01,360,5.554,TX
LN-2024-04771,Wholesale,15yr Fixed,257562,2024-08-01,333,8.09,AZ
LN-2024-04772,Direct,ARM 5/1,180413,2024-12-01,296,6.585,NY
LN-2024-04773,Direct,15yr Fixed,910092,2024-08-01,296,7.188,IL
LN-2024-04774,Direct,15yr Fixed,813220,2024-12-01,255,7.347,TX
LN-2024-04775,Direct,30yr Fixed,430737,2024-06-01,343,7.765,FL
LN-2024-04776,Correspondent,15yr Fixed,399702,2024-03-01,336,8.104,NY
LN-2024-04777,Retail,15yr Fixed,1061554,2024-09-01,373,5.557,AZ
LN-2024-04778,Correspondent,15yr Fixed,567238,2024-10-01,362,6.494,TX
LN-2024-04779,Correspondent,30yr Fixed,486999,2024-01-01,371,6.283,IL
LN-2024-04780,Direct,ARM 5/1,713050,2024-01-01,332,8.24,AZ
LN-2024-04781,Correspondent,15yr Fixed,786720,2024-09-01,338,5.841,TX
LN-2024-04782,Correspondent,15yr Fixed,1105990,2024-10-01,370,7.159,FL
LN-2024-04783,Correspondent,15yr Fixed,659982,2024-08-01,363,7.623,FL
LN-2024-04784,Retail,15yr Fixed,402842,2024-11-01,260,6.626,NY
LN-2024-04785,Correspondent,15yr Fixed,463046,2024-07-01,266,6.003,NY
LN-2024-04786,Wholesale,ARM 5/1,792558,2024-07-01,297,8.266,FL
LN-2024-04787,Wholesale,15yr Fixed,162078,2024-11-01,311,6.465,IL
LN-2024-04788,Correspondent,30yr Fixed,1170876,2024-03-01,371,6.331,CA
LN-2024-04789,Correspondent,30yr Fixed,895965,2024-06-01,310,6.689,FL
LN-2024-04790,Wholesale,30yr Fixed,297274,2024-04-01,362,7.565,FL
LN-2024-04791,Retail,ARM 5/1,1147126,2024-02-01,271,7.914,AZ
LN-2024-04792,Retail,ARM 5/1,163440,2024-01-01,371,5.68,TX
LN-2024-04793,Retail,30yr Fixed,243148,2024-10-01,271,6.827,IL
LN-2024-04794,Retail,15yr Fixed,224898,2024-07-01,298,6.604,TX
LN-2024-04795,Correspondent,ARM 5/1,1068288,2024-06-01,379,5.833,NY
LN-2024-04796,Retail,15yr Fixed,356496,2024-04-01,332,6.848,TX
LN-2024-04797,Direct,ARM 5/1,783998,2024-07-01,278,6.113,AZ
LN-2024-04798,Retail,30yr Fixed,772334,2024-02-01,265,6.094,AZ
LN-2024-04799,Direct,ARM 5/1,712281,2024-09-01,345,8.201,NY
LN-2024-04800,Wholesale,15yr Fixed,190366,2024-09-01,349,6.253,TX
LN-2024-04801,Correspondent,ARM 5/1,629953,2024-10-01,274,6.785,FL
LN-2024-04802,Wholesale,30yr Fixed,651180,2024-10-01,366,7.545,AZ
LN-2024-04803,Retail,ARM 5/1,1182738,2024-04-01,353,8.292,FL
LN-2024-04804,Retail,30yr Fixed,502949,2024-05-01,318,8.334,IL
LN-2024-04805,Direct,ARM 5/1,962159,2024-01-01,300,6.745,IL
LN-2024-04806,Correspondent,15yr Fixed,741598,2024-09-01,335,7.016,NY
LN-2024-04807,Wholesale,30yr Fixed,435190,2024-07-01,301,6.361,AZ
LN-2024-04808,Correspondent,30yr Fixed,730920,2024-11-01,259,7.641,NY
LN-2024-04809,Correspondent,30yr Fixed,565953,2024-08-01,373,6.741,NY
LN-2024-04810,Retail,ARM 5/1,786303,2024-10-01,375,7.988,TX
LN-2024-04811,Correspondent,15yr Fixed,303472,2024-01-01,345,7.187,CA
LN-2024-04812,Retail,15yr Fixed,275017,2024-06-01,311,5.721,IL
LN-2024-04813,Correspondent,ARM 5/1,644444,2024-09-01,282,8.001,CA
LN-2024-04814,Correspondent,15yr Fixed,749143,2024-01-01,314,6.138,NY
LN-2024-04815,Correspondent,15yr Fixed,603934,2024-05-01,332,5.902,CA
LN-2024-04816,Direct,15yr Fixed,904860,2024-09-01,302,6.146,CA
LN-2024-04817,Retail,15yr Fixed,510770,2024-10-01,261,7.228,IL
LN-2024-04818,Correspondent,15yr Fixed,850377,2024-05-01,341,6.231,CA
LN-2024-04819,Wholesale,ARM 5/1,248596,2024-08-01,298,7.969,TX
LN-2024-04820,Correspondent,30yr Fixed,1090045,2024-01-01,280,8.274,NY
LN-2024-04821,Retail,30yr Fixed,729145,2024-06-01,374,5.58,AZ
LN-2024-04822,Correspondent,15yr Fixed,1120016,2024-01-01,350,7.833,TX
LN-2024-04823,Correspondent,30yr Fixed,445059,2024-04-01,253,6.517,IL
LN-2024-04824,Retail,30yr Fixed,881765,2024-01-01,292,6.557,TX
LN-2024-04825,Wholesale,ARM 5/1,288853,2024-06-01,254,7.348,AZ
LN-2024-04826,Wholesale,30yr Fixed,605304,2024-09-01,317,5.636,AZ
LN-2024-04827,Direct,15yr Fixed,691983,2024-05-01,335,6.172,IL
LN-2024-04828,Direct,15yr Fixed,927145,2024-01-01,341,7.864,IL
LN-2024-04829,Wholesale,ARM 5/1,475037,2024-10-01,319,8.123,TX
LN-2024-04830,Retail,30yr Fixed,1013179,2024-06-01,287,7.981,NY
LN-2024-04831,Wholesale,30yr Fixed,919988,2024-05-01,364,8.433,CA
LN-2024-04832,Wholesale,15yr Fixed,1044351,2024-07-01,309,6.309,FL
LN-2024-04833,Wholesale,30yr Fixed,174988,2024-03-01,273,7.415,CA
LN-2024-04834,Wholesale,15yr Fixed,900913,2024-04-01,368,7.073,FL
LN-2024-04835,Correspondent,30yr Fixed,898280,2024-09-01,275,7.221,NY
LN-2024-04836,Wholesale,30yr Fixed,475390,2024-03-01,263,7.842,CA
LN-2024-04837,Wholesale,15yr Fixed,450752,2024-09-01,318,7.647,NY
LN-2024-04838,Retail,ARM 5/1,719402,2024-08-01,332,8.077,FL
LN-2024-04839,Correspondent,15yr Fixed,1179421,2024-08-01,273,7.104,IL
LN-2024-04840,Wholesale,ARM 5/1,209874,2024-05-01,289,8.338,IL
LN-2024-04841,Retail,15yr Fixed,186580,2024-03-01,290,5.92,NY
LN-2024-04842,Correspondent,15yr Fixed,990287,2024-12-01,332,7.855,TX
LN-2024-04843,Wholesale,15yr Fixed,1119958,2024-01-01,319,7.344,FL
LN-2024-04844,Retail,15yr Fixed,658080,2024-07-01,375,6.0,FL
LN-2024-04845,Correspondent,15yr Fixed,866520,2024-07-01,290,6.32,FL
LN-2024-04846,Direct,30yr Fixed,1056012,2024-10-01,282,7.172,CA
LN-2024-04847,Correspondent,ARM 5/1,295089,2024-06-01,283,6.368,NY
LN-2024-04848,Direct,15yr Fixed,907203,2024-12-01,271,7.766,FL
LN-2024-04849,Wholesale,15yr Fixed,439609,2024-09-01,257,7.382,NY
LN-2024-04850,Correspondent,30yr Fixed,578818,2024-06-01,327,5.722,NY
LN-2024-04851,Retail,ARM 5/1,542137,2024-07-01,338,7.17,AZ
LN-2024-04852,Direct,ARM 5/1,1053098,2024-03-01,263,7.577,CA
LN-2024-04853,Retail,30yr Fixed,339900,2024-07-01,315,7.308,IL
LN-2024-04854,Direct,15yr Fixed,1058231,2024-04-01,354,8.258,NY
LN-2024-04855,Wholesale,30yr Fixed,751825,2024-04-01,298,5.533,AZ
LN-2024-04856,Direct,15yr Fixed,938057,2024-01-01,292,8.061,IL
LN-2024-04857,Wholesale,15yr Fixed,989897,2024-02-01,377,6.742,TX
LN-2024-04858,Correspondent,15yr Fixed,584506,2024-05-01,260,5.624,NY
LN-2024-04859,Retail,30yr Fixed,321766,2024-12-01,357,7.77,IL
LN-2024-04860,Direct,ARM 5/1,1158479,2024-01-01,283,7.971,CA
LN-2024-04861,Retail,ARM 5/1,768865,2024-11-01,374,8.436,FL
LN-2024-04862,Direct,15yr Fixed,594788,2024-02-01,325,7.895,AZ
LN-2024-04863,Wholesale,30yr Fixed,837900,2024-07-01,321,7.326,FL
LN-2024-04864,Direct,30yr Fixed,527641,2024-06-01,348,7.037,IL
LN-2024-04865,Retail,15yr Fixed,998601,2024-11-01,357,5.998,CA
LN-2024-04866,Retail,ARM 5/1,1140022,2024-09-01,369,7.617,FL
LN-2024-04867,Correspondent,15yr Fixed,1116162,2024-08-01,298,7.302,FL
LN-2024-04868,Wholesale,15yr Fixed,372974,2024-03-01,262,6.237,AZ
LN-2024-04869,Correspondent,ARM 5/1,383123,2024-10-01,305,7.855,IL
LN-2024-04870,Wholesale,ARM 5/1,1063273,2024-09-01,333,6.377,CA
LN-2024-04871,Correspondent,30yr Fixed,1156500,2024-09-01,377,8.462,AZ
LN-2024-04872,Retail,15yr Fixed,638275,2024-04-01,273,6.149,CA
LN-2024-04873,Direct,15yr Fixed,548197,2024-04-01,377,7.92,FL
LN-2024-04874,Correspondent,ARM 5/1,285705,2024-04-01,376,7.308,NY
LN-2024-04875,Direct,30yr Fixed,211377,2024-01-01,287,6.007,CA
LN-2024-04876,Correspondent,ARM 5/1,1098983,2024-08-01,350,5.954,FL
LN-2024-04877,Wholesale,30yr Fixed,900734,2024-06-01,322,7.197,AZ
LN-2024-04878,Direct,15yr Fixed,1086537,2024-10-01,316,8.306,CA
LN-2024-04879,Direct,ARM 5/1,558007,2024-10-01,316,5.823,NY
LN-2024-04880,Retail,ARM 5/1,1151829,2024-08-01,372,5.76,IL
LN-2024-04881,Retail,30yr Fixed,994240,2024-05-01,255,6.992,TX
LN-2024-04882,Retail,15yr Fixed,836234,2024-05-01,281,8.086,CA
LN-2024-04883,Retail,30yr Fixed,1145663,2024-05-01,343,5.745,NY
LN-2024-04884,Direct,ARM 5/1,864878,2024-02-01,288,6.183,FL
LN-2024-04885,Direct,15yr Fixed,728543,2024-01-01,342,8.329,AZ
LN-2024-04886,Correspondent,15yr Fixed,191342,2024-11-01,261,6.286,FL
LN-2024-04887,Wholesale,ARM 5/1,494784,2024-11-01,308,5.778,IL
LN-2024-04888,Wholesale,ARM 5/1,814285,2024-01-01,370,8.057,TX
LN-2024-04889,Direct,ARM 5/1,1067294,2024-03-01,348,7.539,FL
LN-2024-04890,Retail,15yr Fixed,782814,2024-10-01,302,7.195,CA
LN-2024-04891,Retail,30yr Fixed,217008,2024-04-01,318,5.962,TX
LN-2024-04892,Correspondent,30yr Fixed,910137,2024-05-01,269,7.775,IL
LN-2024-04893,Wholesale,15yr Fixed,980616,2024-04-01,356,6.487,NY
LN-2024-04894,Wholesale,30yr Fixed,981828,2024-02-01,258,8.476,IL
LN-2024-04895,Direct,30yr Fixed,960883,2024-05-01,373,7.077,CA
LN-2024-04896,Direct,ARM 5/1,678151,2024-05-01,341,8.064,IL
LN-2024-04897,Direct,ARM 5/1,192578,2024-03-01,251,6.834,CA
LN-2024-04898,Correspondent,30yr Fixed,942678,2024-02-01,266,8.119,TX
LN-2024-04899,Wholesale,15yr Fixed,409515,2024-08-01,255,7.805,CA
LN-2024-04900,Retail,30yr Fixed,300983,2024-12-01,317,8.487,NY
LN-2024-04901,Direct,15yr Fixed,701039,2024-09-01,312,7.065,TX
LN-2024-04902,Retail,15yr Fixed,521316,2024-05-01,309,7.278,CA
LN-2024-04903,Direct,30yr Fixed,223327,2024-06-01,322,7.524,AZ
LN-2024-04904,Correspondent,ARM 5/1,632200,2024-09-01,370,6.229,AZ
LN-2024-04905,Retail,30yr Fixed,413629,2024-10-01,348,6.956,CA
LN-2024-04906,Direct,30yr Fixed,1137833,2024-08-01,331,6.262,TX
LN-2024-04907,Wholesale,ARM 5/1,360308,2024-08-01,378,6.957,CA
LN-2024-04908,Direct,15yr Fixed,627222,2024-04-01,320,6.091,IL
LN-2024-04909,Direct,15yr Fixed,619196,2024-11-01,319,5.999,AZ
LN-2024-04910,Direct,15yr Fixed,931879,2024-07-01,280,7.359,NY
LN-2024-04911,Retail,ARM 5/1,1001969,2024-05-01,368,7.712,AZ
LN-2024-04912,Correspondent,30yr Fixed,713030,2024-03-01,270,7.027,AZ
LN-2024-04913,Direct,ARM 5/1,1098508,2024-08-01,260,6.895,TX
LN-2024-04914,Direct,15yr Fixed,420886,2024-09-01,361,7.68,NY
LN-2024-04915,Wholesale,ARM 5/1,848364,2024-04-01,292,6.907,NY
LN-2024-04916,Retail,15yr Fixed,192277,2024-08-01,352,7.338,NY
LN-2024-04917,Direct,ARM 5/1,213981,2024-05-01,279,6.612,NY
LN-2024-04918,Retail,15yr Fixed,906040,2024-08-01,330,6.644,TX
LN-2024-04919,Correspondent,30yr Fixed,227870,2024-11-01,351,5.548,FL
LN-2024-04920,Correspondent,ARM 5/1,1153683,2024-03-01,320,8.122,CA
LN-2024-04921,Direct,15yr Fixed,940120,2024-06-01,292,5.606,TX
LN-2024-04922,Direct,30yr Fixed,314055,2024-03-01,311,7.815,CA
LN-2024-04923,Retail,15yr Fixed,673957,2024-04-01,260,5.939,NY
LN-2024-04924,Wholesale,ARM 5/1,890477,2024-02-01,321,6.492,TX
LN-2024-04925,Retail,30yr Fixed,1153670,2024-10-01,328,6.285,CA
LN-2024-04926,Correspondent,ARM 5/1,603621,2024-05-01,296,5.614,NY
LN-2024-04927,Wholesale,30yr Fixed,323730,2024-04-01,270,7.286,TX
LN-2024-04928,Wholesale,ARM 5/1,456021,2024-07-01,307,6.588,AZ
LN-2024-04929,Wholesale,ARM 5/1,1156983,2024-07-01,289,8.428,IL
LN-2024-04930,Correspondent,15yr Fixed,802405,2024-07-01,310,7.964,IL
LN-2024-04931,Retail,30yr Fixed,337262,2024-10-01,257,5.897,IL
LN-2024-04932,Direct,ARM 5/1,790505,2024-05-01,349,8.116,FL
LN-2024-04933,Wholesale,30yr Fixed,922697,2024-11-01,323,7.797,CA
LN-2024-04934,Direct,30yr Fixed,803828,2024-02-01,270,6.389,AZ
LN-2024-04935,Retail,30yr Fixed,805404,2024-07-01,333,5.619,TX
LN-2024-04936,Correspondent,30yr Fixed,927825,2024-02-01,357,5.9,FL
LN-2024-04937,Correspondent,30yr Fixed,619054,2024-07-01,291,7.717,FL
LN-2024-04938,Retail,30yr Fixed,296310,2024-04-01,264,7.753,IL
LN-2024-04939,Wholesale,ARM 5/1,735419,2024-04-01,272,7.416,TX
LN-2024-04940,Retail,30yr Fixed,440812,2024-08-01,311,7.004,AZ
LN-2024-04941,Wholesale,ARM 5/1,487982,2024-10-01,256,8.006,AZ
LN-2024-04942,Correspondent,ARM 5/1,364282,2024-10-01,303,7.327,IL
LN-2024-04943,Wholesale,ARM 5/1,1090717,2024-07-01,361,6.375,IL
LN-2024-04944,Direct,30yr Fixed,1093800,2024-01-01,271,7.698,FL
LN-2024-04945,Retail,30yr Fixed,661955,2024-09-01,333,6.74,NY
LN-2024-04946,Wholesale,ARM 5/1,613613,2024-10-01,273,7.697,CA
LN-2024-04947,Correspondent,ARM 5/1,1117662,2024-01-01,266,8.381,NY
LN-2024-04948,Correspondent,30yr Fixed,1098016,2024-04-01,327,7.237,FL
LN-2024-04949,Retail,ARM 5/1,998947,2024-04-01,333,7.145,TX
LN-2024-04950,Wholesale,30yr Fixed,879205,2024-10-01,335,6.342,AZ
LN-2024-04951,Direct,15yr Fixed,1066498,2024-10-01,332,5.903,CA
LN-2024-04952,Wholesale,30yr Fixed,1181297,2024-07-01,375,7.963,IL
LN-2024-04953,Retail,ARM 5/1,794609,2024-12-01,333,5.743,FL
LN-2024-04954,Wholesale,15yr Fixed,1133626,2024-02-01,345,7.031,IL
LN-2024-04955,Wholesale,ARM 5/1,401260,2024-03-01,318,5.677,CA
LN-2024-04956,Wholesale,30yr Fixed,680401,2024-05-01,251,6.414,AZ
LN-2024-04957,Retail,30yr Fixed,546710,2024-10-01,304,8.175,NY
LN-2024-04958,Correspondent,ARM 5/1,878410,2024-06-01,254,7.647,CA
LN-2024-04959,Wholesale,ARM 5/1,1067284,2024-06-01,259,7.068,AZ
LN-2024-04960,Correspondent,30yr Fixed,1053884,2024-05-01,356,7.143,CA
LN-2024-04961,Direct,15yr Fixed,188443,2024-01-01,280,8.064,NY
LN-2024-04962,Retail,15yr Fixed,674095,2024-09-01,271,7.692,TX
LN-2024-04963,Correspondent,15yr Fixed,834219,2024-04-01,271,8.49,NY
LN-2024-04964,Wholesale,30yr Fixed,604732,2024-03-01,270,7.649,NY
LN-2024-04965,Direct,15yr Fixed,545592,2024-02-01,353,7.408,FL
LN-2024-04966,Retail,ARM 5/1,862818,2024-04-01,347,7.786,TX
LN-2024-04967,Retail,30yr Fixed,183391,2024-05-01,314,6.648,FL
LN-2024-04968,Wholesale,ARM 5/1,534274,2024-02-01,317,7.776,IL
LN-2024-04969,Retail,15yr Fixed,815734,2024-04-01,367,7.211,TX
LN-2024-04970,Wholesale,15yr Fixed,456224,2024-12-01,316,6.878,NY
LN-2024-04971,Retail,30yr Fixed,630280,2024-01-01,356,6.796,NY
LN-2024-04972,Direct,30yr Fixed,623296,2024-12-01,287,7.24,AZ
LN-2024-04973,Retail,30yr Fixed,1045097,2024-10-01,271,6.768,TX
LN-2024-04974,Direct,15yr Fixed,497308,2024-09-01,299,6.083,CA
LN-2024-04975,Retail,30yr Fixed,243273,2024-08-01,340,6.354,AZ
LN-2024-04976,Correspondent,30yr Fixed,1132679,2024-08-01,360,6.937,IL
LN-2024-04977,Correspondent,30yr Fixed,514653,2024-05-01,275,7.827,AZ
LN-2024-04978,Direct,15yr Fixed,643980,2024-08-01,281,6.913,TX
LN-2024-04979,Direct,30yr Fixed,357596,2024-05-01,354,5.847,NY
LN-2024-04980,Direct,30yr Fixed,506850,2024-01-01,368,5.522,IL
LN-2024-04981,Direct,ARM 5/1,1091132,2024-10-01,319,7.465,AZ
LN-2024-04982,Direct,30yr Fixed,492156,2024-05-01,321,7.425,CA
LN-2024-04983,Correspondent,30yr Fixed,528714,2024-02-01,287,6.193,CA
LN-2024-04984,Wholesale,ARM 5/1,933534,2024-05-01,284,8.43,TX
LN-2024-04985,Retail,15yr Fixed,592460,2024-06-01,302,5.796,FL
LN-2024-04986,Correspondent,15yr Fixed,404941,2024-10-01,251,5.657,FL
LN-2024-04987,Correspondent,30yr Fixed,798020,2024-04-01,346,6.043,CA
LN-2024-04988,Retail,ARM 5/1,1180432,2024-02-01,309,7.156,TX
LN-2024-04989,Direct,15yr Fixed,1039163,2024-07-01,280,6.911,AZ
LN-2024-04990,Direct,15yr Fixed,1162057,2024-01-01,365,5.829,CA
LN-2024-04991,Retail,30yr Fixed,545449,2024-05-01,253,6.412,CA
LN-2024-04992,Retail,30yr Fixed,983712,2024-05-01,326,6.85,NY
LN-2024-04993,Correspondent,30yr Fixed,156349,2024-06-01,354,5.767,TX
LN-2024-04994,Wholesale,30yr Fixed,826941,2024-05-01,346,6.705,TX
LN-2024-04995,Wholesale,15yr Fixed,1187023,2024-11-01,363,6.152,AZ
LN-2024-04996,Wholesale,30yr Fixed,910082,2024-07-01,254,5.995,TX
LN-2024-04997,Wholesale,30yr Fixed,795239,2024-03-01,319,7.414,CA
LN-2024-04998,Correspondent,15yr Fixed,405454,2024-03-01,353,7.816,FL
LN-2024-04999,Direct,ARM 5/1,786605,2024-08-01,297,7.755,TX
LN-2024-05000,Retail,ARM 5/1,983847,2024-10-01,375,8.111,NY
LN-2024-05001,Correspondent,30yr Fixed,763942,2024-07-01,327,7.164,FL
LN-2024-05002,Retail,30yr Fixed,956638,2024-06-01,270,8.452,NY
LN-2024-05003,Direct,30yr Fixed,906071,2024-10-01,352,6.8,IL
LN-2024-05004,Retail,30yr Fixed,506599,2024-10-01,365,7.852,AZ
LN-2024-05005,Wholesale,ARM 5/1,787098,2024-05-01,286,7.997,AZ
LN-2024-05006,Direct,30yr Fixed,669623,2024-10-01,338,6.058,CA
LN-2024-05007,Wholesale,15yr Fixed,223846,2024-07-01,290,5.632,CA
LN-2024-05008,Correspondent,15yr Fixed,519528,2024-03-01,379,7.072,AZ
LN-2024-05009,Wholesale,30yr Fixed,251818,2024-12-01,289,6.332,IL
LN-2024-05010,Retail,30yr Fixed,246411,2024-11-01,365,5.517,FL
LN-2024-05011,Retail,ARM 5/1,1153640,2024-05-01,318,8.182,FL
LN-2024-05012,Direct,ARM 5/1,926715,2024-11-01,266,6.235,NY
LN-2024-05013,Correspondent,15yr Fixed,381697,2024-04-01,286,5.545,FL
LN-2024-05014,Direct,30yr Fixed,401885,2024-05-01,284,8.15,NY
LN-2024-05015,Retail,30yr Fixed,341805,2024-04-01,303,5.657,FL
LN-2024-05016,Wholesale,30yr Fixed,266344,2024-04-01,361,5.689,AZ
LN-2024-05017,Direct,15yr Fixed,882380,2024-03-01,298,7.892,TX
LN-2024-05018,Direct,15yr Fixed,1109161,2024-11-01,289,5.71,IL
LN-2024-05019,Retail,30yr Fixed,437541,2024-07-01,335,5.835,IL
LN-2024-05020,Wholesale,15yr Fixed,1178259,2024-06-01,278,7.292,NY
LN-2024-05021,Direct,30yr Fixed,601169,2024-04-01,285,8.348,NY
LN-2024-05022,Direct,30yr Fixed,232939,2024-08-01,269,7.894,AZ
LN-2024-05023,Retail,15yr Fixed,1094318,2024-03-01,254,7.566,IL
LN-2024-05024,Retail,30yr Fixed,900235,2024-09-01,313,7.116,TX
LN-2024-05025,Direct,ARM 5/1,809710,2024-04-01,298,6.991,FL
LN-2024-05026,Direct,15yr Fixed,314214,2024-07-01,263,8.202,TX
LN-2024-05027,Correspondent,ARM 5/1,357050,2024-08-01,304,5.658,IL
LN-2024-05028,Direct,30yr Fixed,172103,2024-09-01,313,5.914,NY
LN-2024-05029,Retail,ARM 5/1,779269,2024-10-01,256,8.232,CA
LN-2024-05030,Correspondent,15yr Fixed,824367,2024-01-01,372,7.956,AZ
LN-2024-05031,Direct,15yr Fixed,683743,2024-02-01,278,7.786,TX
LN-2024-05032,Correspondent,15yr Fixed,386500,2024-09-01,301,6.68,FL
LN-2024-05033,Correspondent,15yr Fixed,392463,2024-10-01,271,7.548,NY
LN-2024-05034,Direct,15yr Fixed,879017,2024-05-01,326,5.864,FL
LN-2024-05035,Retail,ARM 5/1,349389,2024-04-01,322,7.898,FL
LN-2024-05036,Wholesale,ARM 5/1,232604,2024-12-01,297,8.003,FL
LN-2024-05037,Wholesale,15yr Fixed,199037,2024-08-01,358,7.069,AZ
LN-2024-05038,Retail,15yr Fixed,897361,2024-08-01,261,8.391,AZ
LN-2024-05039,Retail,ARM 5/1,325736,2024-09-01,307,7.285,AZ
LN-2024-05040,Retail,15yr Fixed,319726,2024-11-01,337,7.935,FL
LN-2024-05041,Correspondent,ARM 5/1,256407,2024-09-01,373,6.948,TX
LN-2024-05042,Direct,30yr Fixed,739868,2024-11-01,372,7.213,CA
LN-2024-05043,Retail,ARM 5/1,1025097,2024-10-01,315,6.895,NY
LN-2024-05044,Retail,ARM 5/1,570746,2024-12-01,345,6.917,FL
LN-2024-05045,Correspondent,15yr Fixed,197630,2024-12-01,263,7.794,TX
LN-2024-05046,Direct,ARM 5/1,796578,2024-07-01,324,5.665,AZ
LN-2024-05047,Correspondent,15yr Fixed,778203,2024-05-01,307,7.006,NY
LN-2024-05048,Retail,15yr Fixed,494215,2024-10-01,302,5.662,TX
LN-2024-05049,Retail,15yr Fixed,373502,2024-12-01,294,7.747,NY
LN-2024-05050,Correspondent,ARM 5/1,529362,2024-06-01,334,6.413,TX
LN-2024-05051,Retail,15yr Fixed,840262,2024-06-01,379,5.671,NY
LN-2024-05052,Retail,30yr Fixed,284791,2024-10-01,356,6.31,TX
LN-2024-05053,Direct,ARM 5/1,844822,2024-02-01,268,7.326,NY
LN-2024-05054,Correspondent,ARM 5/1,571904,2024-11-01,303,8.214,NY
LN-2024-05055,Wholesale,ARM 5/1,1048305,2024-02-01,266,8.062,NY
LN-2024-05056,Correspondent,30yr Fixed,539204,2024-01-01,338,6.207,NY
LN-2024-05057,Direct,15yr Fixed,783687,2024-02-01,362,7.448,FL
LN-2024-05058,Wholesale,30yr Fixed,376058,2024-11-01,264,6.213,FL
LN-2024-05059,Correspondent,15yr Fixed,250764,2024-08-01,309,8.059,NY
LN-2024-05060,Wholesale,30yr Fixed,1193031,2024-10-01,267,7.565,TX
LN-2024-05061,Wholesale,15yr Fixed,322386,2024-10-01,250,5.753,NY
LN-2024-05062,Correspondent,15yr Fixed,209513,2024-02-01,340,6.652,TX
LN-2024-05063,Correspondent,15yr Fixed,461312,2024-09-01,264,6.695,NY
LN-2024-05064,Retail,15yr Fixed,353803,2024-11-01,305,8.117,TX
LN-2024-05065,Wholesale,ARM 5/1,731120,2024-10-01,362,7.046,NY
LN-2024-05066,Direct,ARM 5/1,637839,2024-11-01,323,7.202,NY
LN-2024-05067,Retail,30yr Fixed,347832,2024-04-01,340,8.148,AZ
LN-2024-05068,Direct,30yr Fixed,1001120,2024-01-01,262,6.971,FL
LN-2024-05069,Wholesale,ARM 5/1,441244,2024-03-01,364,8.015,NY
LN-2024-05070,Retail,15yr Fixed,930089,2024-08-01,335,6.38,IL
LN-2024-05071,Correspondent,15yr Fixed,743548,2024-02-01,366,6.108,IL
LN-2024-05072,Correspondent,30yr Fixed,350013,2024-08-01,366,7.752,NY
LN-2024-05073,Direct,15yr Fixed,225948,2024-02-01,307,6.634,CA
LN-2024-05074,Direct,ARM 5/1,1157621,2024-03-01,314,7.218,IL
LN-2024-05075,Wholesale,ARM 5/1,404877,2024-08-01,338,7.711,AZ
LN-2024-05076,Direct,ARM 5/1,188782,2024-06-01,359,6.995,IL
LN-2024-05077,Direct,30yr Fixed,1015141,2024-05-01,330,6.663,CA
LN-2024-05078,Correspondent,ARM 5/1,1164666,2024-01-01,376,6.058,AZ
LN-2024-05079,Direct,15yr Fixed,1150924,2024-12-01,315,7.011,FL
LN-2024-05080,Correspondent,30yr Fixed,714263,2024-01-01,323,8.009,NY
LN-2024-05081,Wholesale,ARM 5/1,489136,2024-05-01,311,7.776,CA
LN-2024-05082,Direct,ARM 5/1,884906,2024-02-01,339,6.339,FL
LN-2024-05083,Retail,ARM 5/1,324905,2024-10-01,370,7.056,CA
LN-2024-05084,Retail,15yr Fixed,295514,2024-11-01,367,5.972,AZ
LN-2024-05085,Correspondent,15yr Fixed,1041176,2024-03-01,371,8.462,NY
LN-2024-05086,Correspondent,ARM 5/1,758056,2024-09-01,361,6.617,NY
LN-2024-05087,Wholesale,30yr Fixed,425263,2024-10-01,287,5.567,CA
LN-2024-05088,Correspondent,30yr Fixed,269914,2024-03-01,253,6.693,FL
LN-2024-05089,Wholesale,15yr Fixed,439193,2024-12-01,377,6.956,IL
LN-2024-05090,Direct,ARM 5/1,964337,2024-06-01,325,7.461,AZ
LN-2024-05091,Direct,ARM 5/1,1066568,2024-11-01,321,6.198,NY
LN-2024-05092,Correspondent,15yr Fixed,473224,2024-10-01,258,6.847,IL
LN-2024-05093,Direct,30yr Fixed,924776,2024-01-01,267,7.257,TX
LN-2024-05094,Direct,30yr Fixed,1003391,2024-01-01,318,7.435,TX
LN-2024-05095,Retail,ARM 5/1,1000291,2024-07-01,354,7.072,IL
LN-2024-05096,Retail,30yr Fixed,329389,2024-08-01,340,7.687,IL
LN-2024-05097,Wholesale,ARM 5/1,509361,2024-08-01,369,6.441,FL
LN-2024-05098,Retail,30yr Fixed,1075020,2024-07-01,375,5.959,FL
LN-2024-05099,Correspondent,30yr Fixed,552538,2024-07-01,379,7.367,AZ
LN-2024-05100,Correspondent,ARM 5/1,774517,2024-05-01,317,6.203,TX
LN-2024-05101,Direct,30yr Fixed,410902,2024-03-01,267,7.596,CA
LN-2024-05102,Direct,30yr Fixed,638570,2024-10-01,279,5.553,IL
LN-2024-05103,Direct,15yr Fixed,854643,2024-02-01,334,7.26,IL
LN-2024-05104,Retail,15yr Fixed,809498,2024-06-01,285,8.195,FL
LN-2024-05105,Retail,15yr Fixed,1122066,2024-12-01,356,8.249,NY
LN-2024-05106,Correspondent,ARM 5/1,363615,2024-01-01,328,6.772,CA
LN-2024-05107,Direct,ARM 5/1,761113,2024-05-01,318,7.188,FL
LN-2024-05108,Retail,15yr Fixed,557617,2024-02-01,344,6.802,FL
LN-2024-05109,Correspondent,30yr Fixed,931723,2024-06-01,304,7.809,TX
LN-2024-05110,Wholesale,ARM 5/1,615946,2024-08-01,331,6.482,IL
LN-2024-05111,Wholesale,ARM 5/1,205550,2024-09-01,260,6.335,CA
LN-2024-05112,Wholesale,30yr Fixed,1154847,2024-01-01,364,5.794,IL
LN-2024-05113,Retail,15yr Fixed,711556,2024-11-01,343,7.01,NY
LN-2024-05114,Direct,ARM 5/1,442270,2024-04-01,294,7.344,TX
LN-2024-05115,Retail,ARM 5/1,172039,2024-09-01,283,8.141,IL
LN-2024-05116,Direct,ARM 5/1,231400,2024-10-01,296,6.724,CA
LN-2024-05117,Wholesale,15yr Fixed,475844,2024-08-01,255,7.012,IL
LN-2024-05118,Retail,15yr Fixed,1043239,2024-01-01,375,6.338,TX
LN-2024-05119,Correspondent,15yr Fixed,946706,2024-08-01,258,7.739,TX
LN-2024-05120,Retail,ARM 5/1,1174203,2024-10-01,275,6.565,IL
LN-2024-05121,Retail,15yr Fixed,503818,2024-11-01,272,6.787,FL
LN-2024-05122,Retail,ARM 5/1,742005,2024-08-01,253,8.085,IL
LN-2024-05123,Retail,15yr Fixed,405859,2024-09-01,365,5.938,AZ
LN-2024-05124,Direct,15yr Fixed,669598,2024-09-01,278,5.723,CA
LN-2024-05125,Correspondent,ARM 5/1,269673,2024-09-01,323,7.922,NY
LN-2024-05126,Wholesale,15yr Fixed,1172476,2024-04-01,299,6.296,NY
LN-2024-05127,Direct,30yr Fixed,871900,2024-09-01,358,5.954,FL
LN-2024-05128,Retail,ARM 5/1,234756,2024-06-01,265,5.72,TX
LN-2024-05129,Wholesale,30yr Fixed,1046798,2024-06-01,363,7.042,TX
LN-2024-05130,Wholesale,15yr Fixed,1132611,2024-09-01,280,5.758,CA
LN-2024-05131,Direct,ARM 5/1,707054,2024-11-01,319,7.885,CA
LN-2024-05132,Direct,30yr Fixed,1139880,2024-07-01,359,8.342,IL
LN-2024-05133,Correspondent,30yr Fixed,805290,2024-04-01,275,7.726,AZ
LN-2024-05134,Wholesale,ARM 5/1,553192,2024-06-01,283,5.9,NY
LN-2024-05135,Retail,ARM 5/1,994418,2024-09-01,318,7.114,IL
LN-2024-05136,Retail,15yr Fixed,755716,2024-10-01,255,8.007,FL
LN-2024-05137,Retail,15yr Fixed,1067559,2024-08-01,321,8.316,IL
LN-2024-05138,Correspondent,15yr Fixed,1191977,2024-06-01,291,7.466,CA
LN-2024-05139,Direct,ARM 5/1,648719,2024-12-01,379,8.057,AZ
LN-2024-05140,Direct,30yr Fixed,591467,2024-07-01,351,5.658,IL
LN-2024-05141,Correspondent,ARM 5/1,332265,2024-07-01,289,6.723,CA
LN-2024-05142,Direct,15yr Fixed,1046304,2024-10-01,334,5.841,CA
LN-2024-05143,Retail,15yr Fixed,359476,2024-11-01,271,6.937,TX
LN-2024-05144,Retail,30yr Fixed,336833,2024-07-01,253,6.203,NY
LN-2024-05145,Direct,ARM 5/1,339379,2024-10-01,354,7.97,NY
LN-2024-05146,Correspondent,30yr Fixed,1040219,2024-12-01,325,6.345,TX
LN-2024-05147,Retail,30yr Fixed,232244,2024-03-01,328,7.981,FL
LN-2024-05148,Direct,15yr Fixed,625235,2024-11-01,300,6.003,CA
LN-2024-05149,Wholesale,30yr Fixed,1008554,2024-12-01,260,8.373,FL
LN-2024-05150,Wholesale,15yr Fixed,206144,2024-03-01,318,7.689,CA
LN-2024-05151,Correspondent,ARM 5/1,583808,2024-01-01,323,8.091,NY
LN-2024-05152,Wholesale,15yr Fixed,1096212,2024-01-01,363,6.199,FL
LN-2024-05153,Retail,15yr Fixed,402260,2024-11-01,345,6.327,AZ
LN-2024-05154,Correspondent,ARM 5/1,448090,2024-03-01,338,6.822,FL
LN-2024-05155,Wholesale,ARM 5/1,425477,2024-11-01,260,5.703,CA
LN-2024-05156,Wholesale,15yr Fixed,534885,2024-06-01,363,7.97,IL
LN-2024-05157,Wholesale,ARM 5/1,587328,2024-02-01,253,8.091,AZ
LN-2024-05158,Correspondent,30yr Fixed,741948,2024-11-01,335,6.755,IL
LN-2024-05159,Wholesale,15yr Fixed,321355,2024-03-01,335,7.945,FL
LN-2024-05160,Direct,30yr Fixed,560491,2024-04-01,312,6.838,CA
LN-2024-05161,Retail,15yr Fixed,808349,2024-12-01,379,8.154,NY
LN-2024-05162,Retail,ARM 5/1,710442,2024-11-01,380,6.052,NY
LN-2024-05163,Retail,ARM 5/1,272923,2024-08-01,356,7.472,IL
LN-2024-05164,Wholesale,15yr Fixed,1021409,2024-12-01,325,7.132,TX
LN-2024-05165,Correspondent,ARM 5/1,463435,2024-07-01,313,5.916,CA
LN-2024-05166,Wholesale,15yr Fixed,251871,2024-04-01,286,7.24,TX
LN-2024-05167,Retail,15yr Fixed,624615,2024-12-01,283,7.343,CA
LN-2024-05168,Direct,ARM 5/1,951603,2024-12-01,328,5.569,TX
LN-2024-05169,Wholesale,15yr Fixed,161414,2024-06-01,274,6.487,CA
LN-2024-05170,Correspondent,ARM 5/1,209495,2024-10-01,368,5.628,AZ
LN-2024-05171,Wholesale,15yr Fixed,157917,2024-11-01,293,6.938,CA
LN-2024-05172,Wholesale,15yr Fixed,631613,2024-07-01,336,7.54,TX
LN-2024-05173,Wholesale,15yr Fixed,173647,2024-07-01,329,6.728,AZ
LN-2024-05174,Wholesale,30yr Fixed,1142747,2024-09-01,341,8.076,CA
LN-2024-05175,Direct,15yr Fixed,722257,2024-09-01,255,5.998,CA
LN-2024-05176,Correspondent,30yr Fixed,227798,2024-10-01,276,8.08,FL
LN-2024-05177,Retail,ARM 5/1,818209,2024-08-01,316,5.787,IL
LN-2024-05178,Wholesale,30yr Fixed,326805,2024-12-01,293,6.827,TX
LN-2024-05179,Correspondent,15yr Fixed,987793,2024-04-01,354,6.246,NY
LN-2024-05180,Retail,30yr Fixed,1090481,2024-11-01,253,6.756,FL
LN-2024-05181,Retail,ARM 5/1,964388,2024-06-01,342,7.538,AZ
LN-2024-05182,Direct,15yr Fixed,984909,2024-01-01,348,7.306,CA
LN-2024-05183,Retail,30yr Fixed,285641,2024-12-01,370,7.931,CA
LN-2024-05184,Correspondent,30yr Fixed,645622,2024-05-01,275,5.999,TX
LN-2024-05185,Retail,15yr Fixed,886653,2024-05-01,379,7.314,CA
LN-2024-05186,Correspondent,15yr Fixed,219909,2024-03-01,356,6.539,AZ
LN-2024-05187,Wholesale,ARM 5/1,379708,2024-12-01,337,7.476,AZ
LN-2024-05188,Wholesale,15yr Fixed,413228,2024-02-01,367,6.547,TX
LN-2024-05189,Wholesale,15yr Fixed,564953,2024-10-01,355,8.409,AZ
LN-2024-05190,Wholesale,ARM 5/1,840678,2024-03-01,258,6.519,NY
LN-2024-05191,Correspondent,ARM 5/1,371724,2024-01-01,284,5.768,FL
LN-2024-05192,Correspondent,ARM 5/1,599956,2024-03-01,353,6.29,NY
LN-2024-05193,Wholesale,30yr Fixed,912788,2024-10-01,262,7.309,AZ
LN-2024-05194,Wholesale,30yr Fixed,318569,2024-06-01,299,5.952,NY
LN-2024-05195,Correspondent,30yr Fixed,371330,2024-01-01,284,8.006,NY
LN-2024-05196,Correspondent,30yr Fixed,1112581,2024-09-01,272,6.439,CA
LN-2024-05197,Wholesale,15yr Fixed,285335,2024-03-01,283,5.877,AZ
LN-2024-05198,Wholesale,ARM 5/1,767875,2024-09-01,278,7.166,IL
LN-2024-05199,Retail,ARM 5/1,758416,2024-05-01,376,5.615,TX
LN-2024-05200,Direct,30yr Fixed,884618,2024-12-01,269,8.44,CA
LN-2024-05201,Direct,ARM 5/1,407886,2024-09-01,364,8.237,TX
LN-2024-05202,Correspondent,15yr Fixed,725372,2024-12-01,294,7.532,IL
LN-2024-05203,Direct,ARM 5/1,575211,2024-11-01,275,6.193,CA
LN-2024-05204,Correspondent,ARM 5/1,196965,2024-11-01,323,5.741,CA
LN-2024-05205,Direct,15yr Fixed,592221,2024-09-01,378,6.704,AZ
LN-2024-05206,Correspondent,ARM 5/1,718773,2024-01-01,261,7.995,NY
LN-2024-05207,Direct,ARM 5/1,161162,2024-02-01,377,6.709,CA
LN-2024-05208,Retail,30yr Fixed,378089,2024-08-01,356,8.398,NY
LN-2024-05209,Correspondent,30yr Fixed,455312,2024-04-01,314,8.244,NY
LN-2024-05210,Correspondent,15yr Fixed,520738,2024-03-01,265,6.873,TX
LN-2024-05211,Wholesale,ARM 5/1,423706,2024-05-01,351,7.777,CA
LN-2024-05212,Correspondent,ARM 5/1,217302,2024-01-01,307,6.947,AZ
LN-2024-05213,Correspondent,30yr Fixed,441302,2024-12-01,310,8.401,TX
LN-2024-05214,Direct,15yr Fixed,320799,2024-08-01,316,6.872,NY
LN-2024-05215,Correspondent,30yr Fixed,806974,2024-04-01,366,7.086,TX
LN-2024-05216,Retail,30yr Fixed,374763,2024-01-01,290,7.43,NY
LN-2024-05217,Retail,ARM 5/1,1187364,2024-07-01,339,7.59,TX
LN-2024-05218,Correspondent,30yr Fixed,510829,2024-03-01,357,5.597,TX
LN-2024-05219,Retail,ARM 5/1,1096217,2024-02-01,307,6.649,AZ
LN-2024-05220,Correspondent,ARM 5/1,1187922,2024-01-01,295,5.717,NY
LN-2024-05221,Correspondent,15yr Fixed,966705,2024-08-01,282,5.844,NY
LN-2024-05222,Wholesale,ARM 5/1,1172780,2024-10-01,255,7.38,AZ
LN-2024-05223,Retail,ARM 5/1,808357,2024-11-01,284,7.082,AZ
LN-2024-05224,Wholesale,15yr Fixed,1116157,2024-12-01,360,5.561,IL
LN-2024-05225,Retail,ARM 5/1,1156853,2024-05-01,278,5.662,AZ
LN-2024-05226,Retail,ARM 5/1,609125,2024-09-01,324,7.162,IL
LN-2024-05227,Wholesale,15yr Fixed,354521,2024-06-01,335,7.015,CA
LN-2024-05228,Retail,ARM 5/1,1031176,2024-07-01,266,8.107,FL
LN-2024-05229,Wholesale,30yr Fixed,456096,2024-12-01,295,6.6,CA
LN-2024-05230,Direct,ARM 5/1,554911,2024-06-01,279,6.474,TX
LN-2024-05231,Retail,ARM 5/1,277101,2024-09-01,357,6.557,FL
LN-2024-05232,Retail,30yr Fixed,473113,2024-10-01,283,5.604,AZ
LN-2024-05233,Correspondent,ARM 5/1,510704,2024-12-01,310,5.547,NY
LN-2024-05234,Correspondent,15yr Fixed,484391,2024-05-01,284,6.087,AZ
LN-2024-05235,Direct,ARM 5/1,939268,2024-07-01,277,7.063,IL
LN-2024-05236,Direct,ARM 5/1,330676,2024-08-01,258,6.667,TX
LN-2024-05237,Correspondent,ARM 5/1,445582,2024-12-01,327,7.845,IL
LN-2024-05238,Retail,30yr Fixed,996892,2024-11-01,314,5.588,FL
LN-2024-05239,Wholesale,30yr Fixed,953050,2024-11-01,339,8.01,IL
LN-2024-05240,Retail,30yr Fixed,435499,2024-10-01,316,5.648,AZ
LN-2024-05241,Direct,ARM 5/1,1002472,2024-04-01,369,6.197,TX
LN-2024-05242,Direct,ARM 5/1,455769,2024-08-01,334,8.304,AZ
LN-2024-05243,Wholesale,30yr Fixed,469029,2024-06-01,287,8.191,NY
LN-2024-05244,Retail,15yr Fixed,332073,2024-05-01,279,5.534,TX
LN-2024-05245,Wholesale,15yr Fixed,279669,2024-05-01,318,6.928,FL
LN-2024-05246,Direct,15yr Fixed,710657,2024-08-01,312,6.162,IL
LN-2024-05247,Correspondent,ARM 5/1,578062,2024-06-01,347,8.461,TX
LN-2024-05248,Retail,15yr Fixed,937254,2024-01-01,299,6.491,FL
LN-2024-05249,Retail,30yr Fixed,913645,2024-12-01,302,6.825,NY
LN-2024-05250,Correspondent,ARM 5/1,547948,2024-02-01,372,7.338,AZ
LN-2024-05251,Correspondent,30yr Fixed,1134923,2024-06-01,282,5.925,CA
LN-2024-05252,Retail,15yr Fixed,920426,2024-07-01,341,7.163,FL
LN-2024-05253,Retail,30yr Fixed,933239,2024-10-01,375,5.765,NY
LN-2024-05254,Direct,15yr Fixed,993744,2024-11-01,291,6.889,FL
LN-2024-05255,Correspondent,30yr Fixed,660012,2024-09-01,272,6.976,AZ
LN-2024-05256,Retail,ARM 5/1,495372,2024-04-01,286,6.977,FL
LN-2024-05257,Wholesale,ARM 5/1,964693,2024-01-01,313,5.868,IL
LN-2024-05258,Retail,15yr Fixed,497602,2024-09-01,251,5.651,AZ
LN-2024-05259,Wholesale,30yr Fixed,992094,2024-10-01,360,6.942,AZ
LN-2024-05260,Wholesale,30yr Fixed,801640,2024-02-01,281,5.957,NY
LN-2024-05261,Direct,15yr Fixed,364616,2024-05-01,378,7.714,IL
LN-2024-05262,Correspondent,15yr Fixed,1183094,2024-12-01,307,6.584,CA
LN-2024-05263,Retail,ARM 5/1,231935,2024-12-01,312,8.092,TX
LN-2024-05264,Direct,15yr Fixed,625006,2024-03-01,251,6.777,IL
LN-2024-05265,Retail,30yr Fixed,922512,2024-05-01,291,5.573,NY
LN-2024-05266,Wholesale,30yr Fixed,645968,2024-03-01,369,6.696,TX
LN-2024-05267,Correspondent,15yr Fixed,957239,2024-07-01,346,7.615,CA
LN-2024-05268,Direct,ARM 5/1,995745,2024-10-01,322,6.989,IL
LN-2024-05269,Direct,ARM 5/1,998456,2024-01-01,315,5.906,IL
LN-2024-05270,Retail,15yr Fixed,276647,2024-08-01,280,8.29,NY
LN-2024-05271,Correspondent,ARM 5/1,632302,2024-07-01,263,7.918,CA
LN-2024-05272,Wholesale,30yr Fixed,968983,2024-11-01,363,8.458,TX
LN-2024-05273,Retail,15yr Fixed,577804,2024-07-01,374,8.469,AZ
LN-2024-05274,Retail,15yr Fixed,598966,2024-01-01,369,5.821,CA
LN-2024-05275,Wholesale,ARM 5/1,896812,2024-07-01,284,7.453,AZ
LN-2024-05276,Retail,15yr Fixed,817960,2024-01-01,338,6.437,CA
LN-2024-05277,Direct,30yr Fixed,736183,2024-11-01,297,6.167,NY
LN-2024-05278,Correspondent,ARM 5/1,181209,2024-09-01,351,6.049,AZ
LN-2024-05279,Wholesale,ARM 5/1,733574,2024-02-01,288,8.289,IL
LN-2024-05280,Wholesale,ARM 5/1,763384,2024-06-01,366,7.274,CA
LN-2024-05281,Correspondent,30yr Fixed,763731,2024-03-01,291,8.348,CA
LN-2024-05282,Direct,ARM 5/1,1156335,2024-12-01,325,6.526,IL
LN-2024-05283,Retail,ARM 5/1,1101650,2024-11-01,308,5.967,TX
LN-2024-05284,Wholesale,15yr Fixed,262434,2024-06-01,302,6.422,NY
LN-2024-05285,Wholesale,30yr Fixed,190550,2024-06-01,289,7.27,AZ
LN-2024-05286,Direct,ARM 5/1,354969,2024-07-01,343,7.672,NY
LN-2024-05287,Wholesale,30yr Fixed,220924,2024-07-01,282,8.439,TX
LN-2024-05288,Correspondent,30yr Fixed,419201,2024-05-01,323,6.215,AZ
LN-2024-05289,Direct,15yr Fixed,1175493,2024-01-01,309,5.67,NY
LN-2024-05290,Wholesale,ARM 5/1,385135,2024-04-01,278,7.5,IL
LN-2024-05291,Wholesale,30yr Fixed,614786,2024-05-01,284,6.941,TX
LN-2024-05292,Wholesale,30yr Fixed,1068261,2024-05-01,372,5.848,AZ
LN-2024-05293,Retail,ARM 5/1,303861,2024-09-01,346,7.62,FL
LN-2024-05294,Direct,30yr Fixed,565274,2024-10-01,309,7.375,FL
LN-2024-05295,Correspondent,ARM 5/1,437326,2024-06-01,347,5.59,AZ
LN-2024-05296,Retail,15yr Fixed,1061476,2024-04-01,255,7.807,TX
LN-2024-05297,Retail,15yr Fixed,1117448,2024-07-01,309,5.586,AZ
LN-2024-05298,Wholesale,ARM 5/1,583447,2024-02-01,328,6.233,NY
LN-2024-05299,Wholesale,30yr Fixed,553361,2024-02-01,251,6.742,CA
LN-2024-05300,Retail,15yr Fixed,941051,2024-01-01,361,6.87,TX
LN-2024-05301,Direct,ARM 5/1,612605,2024-01-01,304,6.071,AZ
LN-2024-05302,Wholesale,15yr Fixed,1172841,2024-12-01,364,5.74,IL
LN-2024-05303,Wholesale,30yr Fixed,304343,2024-04-01,321,7.257,AZ
LN-2024-05304,Retail,30yr Fixed,803303,2024-01-01,291,6.592,IL
LN-2024-05305,Correspondent,30yr Fixed,989858,2024-12-01,340,8.188,CA
LN-2024-05306,Wholesale,15yr Fixed,446004,2024-11-01,260,8.133,FL
LN-2024-05307,Wholesale,15yr Fixed,264260,2024-04-01,340,7.685,TX
LN-2024-05308,Wholesale,30yr Fixed,342539,2024-07-01,347,8.22,FL
LN-2024-05309,Wholesale,15yr Fixed,996680,2024-11-01,313,6.765,CA
LN-2024-05310,Correspondent,15yr Fixed,577879,2024-10-01,285,6.582,FL
LN-2024-05311,Retail,15yr Fixed,313870,2024-09-01,294,8.014,AZ
LN-2024-05312,Correspondent,ARM 5/1,528992,2024-06-01,332,7.815,FL
LN-2024-05313,Correspondent,30yr Fixed,326109,2024-07-01,299,5.61,FL
LN-2024-05314,Direct,ARM 5/1,683326,2024-01-01,353,6.135,FL
LN-2024-05315,Retail,ARM 5/1,504528,2024-06-01,303,7.23,TX
LN-2024-05316,Correspondent,ARM 5/1,1128254,2024-06-01,257,8.297,NY
LN-2024-05317,Wholesale,30yr Fixed,768444,2024-07-01,314,8.054,NY
LN-2024-05318,Direct,ARM 5/1,741768,2024-11-01,353,7.369,CA
LN-2024-05319,Wholesale,ARM 5/1,1168941,2024-07-01,336,6.657,IL
LN-2024-05320,Direct,30yr Fixed,921357,2024-11-01,256,6.334,IL
LN-2024-05321,Direct,ARM 5/1,602346,2024-09-01,321,7.865,IL
LN-2024-05322,Correspondent,30yr Fixed,408435,2024-03-01,258,8.323,TX
LN-2024-05323,Correspondent,ARM 5/1,364518,2024-11-01,321,7.213,IL
LN-2024-05324,Correspondent,30yr Fixed,1048482,2024-07-01,325,7.914,TX
LN-2024-05325,Retail,15yr Fixed,366229,2024-03-01,255,6.725,CA
LN-2024-05326,Direct,15yr Fixed,633613,2024-04-01,300,6.978,FL
LN-2024-05327,Retail,30yr Fixed,494595,2024-08-01,295,7.443,IL
LN-2024-05328,Correspondent,15yr Fixed,267430,2024-09-01,310,7.559,CA
LN-2024-05329,Retail,30yr Fixed,721093,2024-11-01,319,5.828,AZ
LN-2024-05330,Correspondent,30yr Fixed,437322,2024-05-01,327,5.622,CA
LN-2024-05331,Direct,ARM 5/1,561515,2024-06-01,273,8.338,IL
LN-2024-05332,Correspondent,15yr Fixed,352433,2024-04-01,265,5.769,IL
LN-2024-05333,Wholesale,30yr Fixed,701547,2024-06-01,344,7.301,AZ
LN-2024-05334,Retail,ARM 5/1,1184504,2024-06-01,311,6.137,TX
LN-2024-05335,Wholesale,30yr Fixed,1137658,2024-09-01,331,7.241,CA
LN-2024-05336,Correspondent,ARM 5/1,993899,2024-03-01,359,6.733,TX
LN-2024-05337,Correspondent,30yr Fixed,888047,2024-03-01,307,5.724,TX
LN-2024-05338,Wholesale,ARM 5/1,208571,2024-04-01,332,5.719,NY
LN-2024-05339,Retail,30yr Fixed,502445,2024-06-01,281,5.655,FL
LN-2024-05340,Retail,ARM 5/1,1037543,2024-10-01,378,7.366,TX
LN-2024-05341,Correspondent,30yr Fixed,190143,2024-12-01,277,7.374,FL
LN-2024-05342,Direct,ARM 5/1,593218,2024-04-01,314,7.564,CA
LN-2024-05343,Direct,15yr Fixed,745615,2024-01-01,337,8.111,NY
LN-2024-05344,Correspondent,15yr Fixed,763764,2024-12-01,372,7.016,AZ
LN-2024-05345,Correspondent,15yr Fixed,817505,2024-04-01,299,6.943,TX
LN-2024-05346,Wholesale,ARM 5/1,1146056,2024-07-01,292,5.626,AZ
LN-2024-05347,Direct,ARM 5/1,917570,2024-09-01,299,6.966,IL
LN-2024-05348,Correspondent,30yr Fixed,859512,2024-01-01,338,6.342,AZ
LN-2024-05349,Correspondent,30yr Fixed,1115387,2024-04-01,320,6.783,FL
LN-2024-05350,Retail,ARM 5/1,431072,2024-02-01,319,6.404,FL
LN-2024-05351,Wholesale,15yr Fixed,557989,2024-03-01,360,6.908,TX
LN-2024-05352,Correspondent,30yr Fixed,843792,2024-05-01,299,7.349,TX
LN-2024-05353,Retail,30yr Fixed,727206,2024-08-01,336,8.224,CA
LN-2024-05354,Retail,15yr Fixed,1171767,2024-06-01,267,6.051,TX
LN-2024-05355,Wholesale,ARM 5/1,1115351,2024-12-01,292,5.503,FL
LN-2024-05356,Correspondent,ARM 5/1,238591,2024-10-01,294,6.689,FL
LN-2024-05357,Retail,30yr Fixed,1019385,2024-05-01,302,6.105,CA
LN-2024-05358,Direct,ARM 5/1,427995,2024-08-01,258,7.518,CA
LN-2024-05359,Correspondent,15yr Fixed,294550,2024-11-01,347,6.329,AZ
LN-2024-05360,Wholesale,ARM 5/1,772222,2024-12-01,372,7.287,CA
LN-2024-05361,Retail,ARM 5/1,602801,2024-04-01,379,8.086,AZ
LN-2024-05362,Direct,15yr Fixed,457977,2024-06-01,334,6.009,IL
LN-2024-05363,Retail,15yr Fixed,576937,2024-05-01,268,7.485,NY
LN-2024-05364,Wholesale,30yr Fixed,783088,2024-09-01,302,8.351,CA
LN-2024-05365,Retail,30yr Fixed,540717,2024-03-01,344,6.292,TX
LN-2024-05366,Wholesale,ARM 5/1,978178,2024-11-01,303,5.699,IL
LN-2024-05367,Correspondent,15yr Fixed,961337,2024-10-01,370,7.762,TX
LN-2024-05368,Retail,15yr Fixed,188553,2024-12-01,310,8.12,TX
LN-2024-05369,Direct,ARM 5/1,650834,2024-01-01,302,6.995,NY
LN-2024-05370,Correspondent,15yr Fixed,1047572,2024-08-01,376,6.844,FL
LN-2024-05371,Retail,30yr Fixed,1008251,2024-04-01,309,7.2,AZ
LN-2024-05372,Wholesale,30yr Fixed,992847,2024-02-01,311,5.574,CA
LN-2024-05373,Retail,ARM 5/1,591748,2024-06-01,343,6.881,TX
LN-2024-05374,Retail,ARM 5/1,1194957,2024-06-01,262,6.847,TX
LN-2024-05375,Correspondent,ARM 5/1,342687,2024-07-01,376,6.949,FL
LN-2024-05376,Direct,ARM 5/1,419381,2024-12-01,327,5.941,CA
LN-2024-05377,Correspondent,ARM 5/1,953506,2024-04-01,371,7.328,IL
LN-2024-05378,Correspondent,ARM 5/1,916277,2024-08-01,358,6.256,AZ
LN-2024-05379,Retail,30yr Fixed,676733,2024-02-01,271,6.241,FL
LN-2024-05380,Direct,ARM 5/1,451937,2024-07-01,315,7.144,CA
LN-2024-05381,Wholesale,15yr Fixed,854520,2024-09-01,314,8.184,CA
LN-2024-05382,Correspondent,30yr Fixed,617629,2024-06-01,313,6.515,IL
LN-2024-05383,Correspondent,ARM 5/1,764664,2024-04-01,354,6.713,IL
LN-2024-05384,Retail,15yr Fixed,682774,2024-06-01,359,6.536,FL
LN-2024-05385,Wholesale,30yr Fixed,830872,2024-02-01,321,7.897,CA
LN-2024-05386,Correspondent,30yr Fixed,1041223,2024-02-01,329,5.955,IL
LN-2024-05387,Retail,ARM 5/1,282918,2024-08-01,299,7.259,CA
LN-2024-05388,Correspondent,30yr Fixed,899870,2024-11-01,312,5.905,TX
LN-2024-05389,Retail,30yr Fixed,1087999,2024-08-01,269,7.449,FL
LN-2024-05390,Retail,ARM 5/1,548992,2024-04-01,343,6.299,IL
LN-2024-05391,Retail,ARM 5/1,301900,2024-06-01,261,8.363,NY
LN-2024-05392,Correspondent,ARM 5/1,200431,2024-04-01,337,6.875,TX
LN-2024-05393,Direct,30yr Fixed,216357,2024-07-01,293,7.442,IL
LN-2024-05394,Direct,30yr Fixed,843660,2024-05-01,286,7.877,TX
LN-2024-05395,Retail,ARM 5/1,459101,2024-09-01,277,7.394,IL
LN-2024-05396,Retail,15yr Fixed,881645,2024-12-01,364,7.789,TX
LN-2024-05397,Retail,15yr Fixed,756450,2024-01-01,259,7.92,IL
LN-2024-05398,Wholesale,ARM 5/1,1008563,2024-05-01,302,5.65,TX
LN-2024-05399,Retail,ARM 5/1,485327,2024-07-01,360,8.361,IL
LN-2024-05400,Direct,15yr Fixed,1082568,2024-01-01,258,5.59,AZ
LN-2024-05401,Correspondent,15yr Fixed,252459,2024-02-01,288,5.64,IL
LN-2024-05402,Wholesale,15yr Fixed,410616,2024-06-01,357,6.129,FL
LN-2024-05403,Direct,15yr Fixed,589621,2024-04-01,375,7.887,IL
LN-2024-05404,Retail,ARM 5/1,736894,2024-11-01,355,7.9,IL
LN-2024-05405,Retail,15yr Fixed,948551,2024-11-01,302,6.732,TX
LN-2024-05406,Correspondent,15yr Fixed,1036436,2024-01-01,328,7.083,AZ
LN-2024-05407,Retail,15yr Fixed,919065,2024-07-01,263,6.9,CA
LN-2024-05408,Correspondent,30yr Fixed,1002725,2024-10-01,295,6.084,AZ
LN-2024-05409,Retail,ARM 5/1,844204,2024-02-01,357,7.016,IL
LN-2024-05410,Correspondent,30yr Fixed,211428,2024-04-01,267,5.849,NY
LN-2024-05411,Retail,15yr Fixed,703474,2024-03-01,357,7.436,AZ
LN-2024-05412,Correspondent,15yr Fixed,1069489,2024-06-01,250,5.632,TX
LN-2024-05413,Correspondent,30yr Fixed,1106399,2024-06-01,380,8.472,CA
LN-2024-05414,Direct,ARM 5/1,862567,2024-03-01,379,7.261,FL
LN-2024-05415,Correspondent,30yr Fixed,687273,2024-11-01,326,6.009,NY
LN-2024-05416,Correspondent,30yr Fixed,894360,2024-10-01,271,8.215,NY
LN-2024-05417,Correspondent,30yr Fixed,655789,2024-05-01,326,7.382,CA
LN-2024-05418,Retail,ARM 5/1,627358,2024-10-01,377,6.655,TX
LN-2024-05419,Correspondent,30yr Fixed,167173,2024-05-01,270,6.7,NY
LN-2024-05420,Direct,ARM 5/1,300024,2024-07-01,342,5.723,TX
LN-2024-05421,Correspondent,15yr Fixed,1190497,2024-12-01,272,7.649,CA
LN-2024-05422,Correspondent,15yr Fixed,173210,2024-10-01,347,6.853,CA
LN-2024-05423,Retail,30yr Fixed,535256,2024-09-01,341,8.344,AZ
LN-2024-05424,Wholesale,30yr Fixed,1042972,2024-06-01,357,8.339,FL
LN-2024-05425,Direct,15yr Fixed,586529,2024-03-01,283,6.764,IL
LN-2024-05426,Wholesale,15yr Fixed,728700,2024-05-01,343,6.659,AZ
LN-2024-05427,Correspondent,30yr Fixed,545105,2024-06-01,377,6.523,TX
LN-2024-05428,Retail,ARM 5/1,1020582,2024-08-01,360,7.864,CA
LN-2024-05429,Wholesale,ARM 5/1,350718,2024-07-01,260,8.342,TX
LN-2024-05430,Correspondent,ARM 5/1,875200,2024-02-01,267,6.242,FL
LN-2024-05431,Wholesale,30yr Fixed,182207,2024-04-01,375,7.21,FL
LN-2024-05432,Direct,15yr Fixed,777188,2024-08-01,250,5.682,IL
LN-2024-05433,Direct,30yr Fixed,236470,2024-01-01,355,7.189,CA
LN-2024-05434,Retail,15yr Fixed,726788,2024-01-01,355,6.719,IL
LN-2024-05435,Retail,30yr Fixed,501298,2024-02-01,372,5.741,NY
LN-2024-05436,Direct,ARM 5/1,381505,2024-10-01,378,6.672,AZ
LN-2024-05437,Direct,15yr Fixed,235551,2024-05-01,355,6.467,AZ
LN-2024-05438,Correspondent,15yr Fixed,655635,2024-05-01,268,6.087,NY
LN-2024-05439,Wholesale,ARM 5/1,1045067,2024-06-01,314,7.917,NY
LN-2024-05440,Correspondent,30yr Fixed,437788,2024-05-01,299,8.118,FL
LN-2024-05441,Wholesale,30yr Fixed,285665,2024-09-01,298,5.585,NY
LN-2024-05442,Retail,ARM 5/1,343879,2024-06-01,367,6.198,FL
LN-2024-05443,Correspondent,30yr Fixed,352476,2024-06-01,313,6.957,NY
LN-2024-05444,Direct,15yr Fixed,1046493,2024-06-01,378,7.894,TX
LN-2024-05445,Wholesale,ARM 5/1,375548,2024-02-01,330,7.98,TX
LN-2024-05446,Wholesale,30yr Fixed,527603,2024-08-01,250,6.541,FL
LN-2024-05447,Wholesale,30yr Fixed,749545,2024-12-01,326,8.45,IL
LN-2024-05448,Correspondent,15yr Fixed,340315,2024-12-01,265,8.192,NY
LN-2024-05449,Wholesale,ARM 5/1,259661,2024-04-01,299,7.74,CA
LN-2024-05450,Retail,15yr Fixed,949847,2024-06-01,350,6.719,CA
LN-2024-05451,Wholesale,ARM 5/1,566322,2024-10-01,323,6.394,AZ
LN-2024-05452,Wholesale,15yr Fixed,191265,2024-08-01,250,6.796,FL
LN-2024-05453,Correspondent,ARM 5/1,795875,2024-10-01,284,6.118,AZ
LN-2024-05454,Correspondent,ARM 5/1,619804,2024-02-01,312,6.391,NY
LN-2024-05455,Wholesale,15yr Fixed,275639,2024-11-01,355,6.263,AZ
LN-2024-05456,Wholesale,ARM 5/1,741157,2024-08-01,369,5.556,NY
LN-2024-05457,Retail,30yr Fixed,819052,2024-09-01,370,7.853,IL
LN-2024-05458,Retail,15yr Fixed,296352,2024-10-01,349,6.696,IL
LN-2024-05459,Wholesale,15yr Fixed,502565,2024-04-01,258,7.321,CA
LN-2024-05460,Correspondent,15yr Fixed,1028685,2024-08-01,301,8.158,IL
LN-2024-05461,Retail,30yr Fixed,1017330,2024-09-01,314,6.901,AZ
LN-2024-05462,Direct,30yr Fixed,699059,2024-06-01,326,6.551,NY
LN-2024-05463,Direct,15yr Fixed,1192017,2024-01-01,262,6.707,IL
LN-2024-05464,Wholesale,15yr Fixed,194446,2024-01-01,339,6.103,TX
LN-2024-05465,Correspondent,30yr Fixed,1127422,2024-07-01,288,5.58,FL
LN-2024-05466,Wholesale,30yr Fixed,553025,2024-04-01,341,7.273,TX
LN-2024-05467,Retail,15yr Fixed,951727,2024-12-01,366,7.085,AZ
LN-2024-05468,Retail,15yr Fixed,268492,2024-10-01,345,8.357,TX
LN-2024-05469,Correspondent,30yr Fixed,598506,2024-01-01,364,8.031,FL
LN-2024-05470,Retail,ARM 5/1,1013892,2024-02-01,367,6.604,NY
LN-2024-05471,Direct,30yr Fixed,480730,2024-08-01,353,6.919,IL
LN-2024-05472,Direct,15yr Fixed,351249,2024-12-01,271,6.78,CA
LN-2024-05473,Wholesale,30yr Fixed,710980,2024-09-01,274,5.546,TX
LN-2024-05474,Direct,15yr Fixed,1137326,2024-12-01,309,6.794,NY
LN-2024-05475,Correspondent,30yr Fixed,1102377,2024-09-01,309,6.297,TX
LN-2024-05476,Correspondent,ARM 5/1,352345,2024-02-01,292,6.592,CA
LN-2024-05477,Correspondent,ARM 5/1,318333,2024-08-01,321,6.939,IL
LN-2024-05478,Correspondent,15yr Fixed,911910,2024-07-01,250,8.15,TX
LN-2024-05479,Direct,30yr Fixed,434192,2024-02-01,369,7.729,IL
LN-2024-05480,Correspondent,30yr Fixed,1091029,2024-06-01,353,7.144,TX
LN-2024-05481,Retail,ARM 5/1,678644,2024-02-01,319,7.603,IL
LN-2024-05482,Direct,15yr Fixed,151046,2024-03-01,308,7.09,AZ
LN-2024-05483,Correspondent,15yr Fixed,677624,2024-11-01,363,7.338,IL
LN-2024-05484,Correspondent,ARM 5/1,852835,2024-02-01,275,7.241,AZ
LN-2024-05485,Correspondent,ARM 5/1,200868,2024-05-01,330,7.377,AZ
LN-2024-05486,Wholesale,30yr Fixed,198216,2024-08-01,304,7.39,NY
LN-2024-05487,Retail,15yr Fixed,1090513,2024-12-01,294,7.264,CA
LN-2024-05488,Retail,30yr Fixed,661284,2024-05-01,325,8.445,CA
LN-2024-05489,Wholesale,15yr Fixed,391067,2024-06-01,275,5.85,NY
LN-2024-05490,Retail,15yr Fixed,349322,2024-03-01,337,5.811,TX
LN-2024-05491,Wholesale,30yr Fixed,517162,2024-11-01,337,8.082,NY
LN-2024-05492,Correspondent,ARM 5/1,1004336,2024-07-01,307,6.84,IL
LN-2024-05493,Correspondent,15yr Fixed,971716,2024-12-01,356,7.374,AZ
LN-2024-05494,Retail,ARM 5/1,859605,2024-01-01,319,6.82,TX
LN-2024-05495,Retail,ARM 5/1,377858,2024-09-01,259,6.252,CA
LN-2024-05496,Correspondent,15yr Fixed,196339,2024-10-01,348,8.443,AZ
LN-2024-05497,Wholesale,30yr Fixed,1082090,2024-11-01,280,7.362,AZ
LN-2024-05498,Direct,ARM 5/1,352366,2024-08-01,327,5.508,NY
LN-2024-05499,Wholesale,ARM 5/1,1096259,2024-03-01,299,6.417,CA
LN-2024-05500,Direct,30yr Fixed,893866,2024-03-01,280,7.45,AZ
LN-2024-05501,Retail,ARM 5/1,665450,2024-11-01,257,7.164,AZ
LN-2024-05502,Retail,15yr Fixed,721355,2024-01-01,272,5.62,FL
LN-2024-05503,Direct,ARM 5/1,736711,2024-04-01,307,5.878,TX
LN-2024-05504,Correspondent,ARM 5/1,333470,2024-03-01,316,6.812,TX
LN-2024-05505,Correspondent,ARM 5/1,864140,2024-09-01,363,5.728,IL
LN-2024-05506,Wholesale,30yr Fixed,199906,2024-06-01,373,6.307,FL
LN-2024-05507,Wholesale,15yr Fixed,849389,2024-03-01,267,7.799,CA
LN-2024-05508,Correspondent,15yr Fixed,756863,2024-06-01,339,7.241,IL
LN-2024-05509,Direct,15yr Fixed,170939,2024-07-01,296,5.726,FL
LN-2024-05510,Direct,30yr Fixed,992066,2024-11-01,337,6.763,IL
LN-2024-05511,Retail,15yr Fixed,259948,2024-04-01,266,5.742,NY
LN-2024-05512,Direct,ARM 5/1,461451,2024-06-01,252,6.606,FL
LN-2024-05513,Retail,15yr Fixed,1115682,2024-07-01,256,6.37,TX
LN-2024-05514,Direct,15yr Fixed,1161267,2024-10-01,344,8.256,NY
LN-2024-05515,Direct,ARM 5/1,460160,2024-05-01,370,8.101,FL
LN-2024-05516,Retail,15yr Fixed,330300,2024-01-01,303,5.622,CA
LN-2024-05517,Retail,15yr Fixed,662792,2024-02-01,353,6.796,NY
LN-2024-05518,Correspondent,15yr Fixed,225661,2024-06-01,320,7.914,NY
LN-2024-05519,Correspondent,15yr Fixed,577045,2024-06-01,260,7.587,IL
LN-2024-05520,Direct,15yr Fixed,240894,2024-12-01,377,6.177,AZ
LN-2024-05521,Correspondent,30yr Fixed,769211,2024-12-01,250,7.753,NY
LN-2024-05522,Wholesale,30yr Fixed,457493,2024-06-01,363,7.144,AZ
LN-2024-05523,Direct,15yr Fixed,989859,2024-04-01,260,6.26,CA
LN-2024-05524,Correspondent,30yr Fixed,409096,2024-01-01,318,7.366,AZ
LN-2024-05525,Wholesale,15yr Fixed,656902,2024-08-01,328,6.87,IL
LN-2024-05526,Direct,30yr Fixed,276268,2024-05-01,291,5.542,NY
LN-2024-05527,Wholesale,30yr Fixed,841338,2024-01-01,254,6.376,CA
LN-2024-05528,Retail,15yr Fixed,216465,2024-01-01,260,8.037,NY
LN-2024-05529,Retail,ARM 5/1,1107340,2024-11-01,378,8.443,CA
LN-2024-05530,Direct,30yr Fixed,746829,2024-02-01,274,6.411,FL
LN-2024-05531,Correspondent,ARM 5/1,1137394,2024-05-01,348,7.013,CA
LN-2024-05532,Retail,30yr Fixed,898032,2024-03-01,295,6.433,FL
LN-2024-05533,Wholesale,15yr Fixed,784251,2024-12-01,319,5.608,AZ
LN-2024-05534,Correspondent,30yr Fixed,686678,2024-10-01,274,6.142,FL
LN-2024-05535,Retail,ARM 5/1,563250,2024-06-01,369,8.337,IL
LN-2024-05536,Wholesale,15yr Fixed,618284,2024-06-01,292,6.822,FL
LN-2024-05537,Correspondent,30yr Fixed,695534,2024-12-01,321,6.18,FL
LN-2024-05538,Wholesale,ARM 5/1,1017787,2024-06-01,318,5.731,TX
LN-2024-05539,Wholesale,ARM 5/1,1065706,2024-10-01,299,7.858,CA
LN-2024-05540,Wholesale,15yr Fixed,501635,2024-06-01,360,5.741,TX
LN-2024-05541,Correspondent,15yr Fixed,768003,2024-07-01,357,8.053,NY
LN-2024-05542,Correspondent,ARM 5/1,753533,2024-02-01,250,5.756,TX
LN-2024-05543,Wholesale,ARM 5/1,607376,2024-02-01,345,6.719,CA
LN-2024-05544,Wholesale,ARM 5/1,820926,2024-04-01,274,8.387,AZ
LN-2024-05545,Wholesale,15yr Fixed,461385,2024-01-01,265,8.2,TX
LN-2024-05546,Correspondent,ARM 5/1,281813,2024-05-01,305,6.148,CA
LN-2024-05547,Wholesale,15yr Fixed,857483,2024-03-01,254,6.405,AZ
LN-2024-05548,Correspondent,ARM 5/1,777063,2024-03-01,304,6.28,CA
LN-2024-05549,Correspondent,30yr Fixed,292333,2024-11-01,256,6.979,TX
LN-2024-05550,Correspondent,ARM 5/1,170451,2024-09-01,369,5.995,NY
LN-2024-05551,Wholesale,ARM 5/1,1140246,2024-09-01,323,5.929,IL
LN-2024-05552,Correspondent,15yr Fixed,401299,2024-07-01,338,7.069,IL
LN-2024-05553,Retail,30yr Fixed,926858,2024-07-01,354,8.03,IL
LN-2024-05554,Correspondent,30yr Fixed,687629,2024-06-01,348,6.889,IL
LN-2024-05555,Retail,ARM 5/1,1161603,2024-08-01,271,7.034,TX
LN-2024-05556,Direct,ARM 5/1,283873,2024-10-01,336,6.898,AZ
LN-2024-05557,Direct,15yr Fixed,921452,2024-09-01,250,7.893,CA
LN-2024-05558,Wholesale,ARM 5/1,325650,2024-08-01,282,6.962,CA
LN-2024-05559,Direct,15yr Fixed,949027,2024-03-01,302,6.998,IL
LN-2024-05560,Direct,30yr Fixed,1138505,2024-12-01,358,7.849,AZ
LN-2024-05561,Retail,ARM 5/1,1023501,2024-09-01,318,7.313,NY
LN-2024-05562,Direct,30yr Fixed,713567,2024-07-01,251,6.126,FL
LN-2024-05563,Direct,30yr Fixed,309625,2024-08-01,378,6.978,IL
LN-2024-05564,Correspondent,30yr Fixed,811323,2024-07-01,371,8.374,FL
LN-2024-05565,Wholesale,ARM 5/1,1103490,2024-03-01,281,7.673,CA
LN-2024-05566,Wholesale,ARM 5/1,234035,2024-04-01,306,8.061,CA
LN-2024-05567,Direct,ARM 5/1,1003427,2024-07-01,250,7.831,CA
LN-2024-05568,Retail,ARM 5/1,530788,2024-04-01,275,5.894,AZ
LN-2024-05569,Correspondent,15yr Fixed,624160,2024-09-01,296,8.329,IL
LN-2024-05570,Wholesale,15yr Fixed,1185775,2024-12-01,333,6.369,CA
LN-2024-05571,Correspondent,ARM 5/1,686853,2024-06-01,349,6.831,AZ
LN-2024-05572,Correspondent,15yr Fixed,679040,2024-06-01,378,7.376,NY
LN-2024-05573,Wholesale,30yr Fixed,445195,2024-06-01,369,6.242,NY
LN-2024-05574,Retail,30yr Fixed,162147,2024-12-01,370,8.066,AZ
LN-2024-05575,Correspondent,30yr Fixed,888037,2024-05-01,377,6.82,AZ
LN-2024-05576,Direct,ARM 5/1,1060033,2024-08-01,340,5.959,IL
LN-2024-05577,Direct,15yr Fixed,919496,2024-12-01,255,7.345,AZ
LN-2024-05578,Wholesale,15yr Fixed,356303,2024-11-01,284,5.782,FL
LN-2024-05579,Wholesale,ARM 5/1,190728,2024-05-01,317,6.0,FL
LN-2024-05580,Correspondent,ARM 5/1,470739,2024-03-01,297,6.119,TX
LN-2024-05581,Correspondent,30yr Fixed,1063525,2024-12-01,367,7.176,TX
LN-2024-05582,Direct,30yr Fixed,515596,2024-09-01,358,8.437,CA
LN-2024-05583,Correspondent,15yr Fixed,578868,2024-12-01,341,7.007,IL
LN-2024-05584,Direct,30yr Fixed,1186362,2024-09-01,261,6.551,AZ
LN-2024-05585,Retail,15yr Fixed,545983,2024-12-01,258,6.608,IL
LN-2024-05586,Direct,ARM 5/1,894181,2024-04-01,258,6.442,NY
LN-2024-05587,Retail,30yr Fixed,629584,2024-11-01,270,5.509,AZ
LN-2024-05588,Retail,ARM 5/1,189059,2024-01-01,353,7.292,AZ
LN-2024-05589,Correspondent,15yr Fixed,331826,2024-05-01,362,6.319,AZ
LN-2024-05590,Correspondent,ARM 5/1,495911,2024-11-01,378,6.455,TX
LN-2024-05591,Correspondent,ARM 5/1,1175627,2024-03-01,302,6.351,AZ
LN-2024-05592,Retail,30yr Fixed,174405,2024-02-01,360,6.35,NY
LN-2024-05593,Direct,30yr Fixed,285619,2024-07-01,256,6.496,AZ
LN-2024-05594,Retail,15yr Fixed,616503,2024-02-01,316,7.415,IL
LN-2024-05595,Retail,ARM 5/1,487066,2024-08-01,322,7.632,CA
LN-2024-05596,Correspondent,15yr Fixed,928085,2024-06-01,374,7.678,FL
LN-2024-05597,Direct,30yr Fixed,206354,2024-04-01,336,7.556,TX
LN-2024-05598,Wholesale,ARM 5/1,354401,2024-05-01,300,5.657,NY
LN-2024-05599,Wholesale,30yr Fixed,798450,2024-04-01,311,8.291,FL
LN-2024-05600,Correspondent,ARM 5/1,722113,2024-07-01,326,6.397,CA
LN-2024-05601,Direct,ARM 5/1,643861,2024-01-01,307,7.376,AZ
LN-2024-05602,Retail,15yr Fixed,1133383,2024-12-01,298,7.805,FL
LN-2024-05603,Direct,30yr Fixed,781621,2024-02-01,267,6.572,FL
LN-2024-05604,Correspondent,30yr Fixed,239715,2024-07-01,364,6.706,NY
LN-2024-05605,Direct,ARM 5/1,295636,2024-04-01,320,8.245,CA
LN-2024-05606,Correspondent,30yr Fixed,1054022,2024-02-01,263,6.808,CA
LN-2024-05607,Wholesale,ARM 5/1,673724,2024-01-01,280,7.007,FL
LN-2024-05608,Retail,30yr Fixed,967316,2024-01-01,333,8.22,CA
LN-2024-05609,Retail,ARM 5/1,207157,2024-12-01,280,8.082,FL
LN-2024-05610,Correspondent,ARM 5/1,449736,2024-01-01,379,6.232,IL
LN-2024-05611,Correspondent,15yr Fixed,600271,2024-10-01,335,5.969,CA
LN-2024-05612,Wholesale,ARM 5/1,1152745,2024-11-01,253,8.031,AZ
LN-2024-05613,Retail,15yr Fixed,350027,2024-09-01,361,7.126,NY
LN-2024-05614,Direct,15yr Fixed,948837,2024-01-01,307,5.59,AZ
LN-2024-05615,Wholesale,15yr Fixed,242116,2024-10-01,327,5.827,IL
LN-2024-05616,Direct,30yr Fixed,821729,2024-01-01,345,7.917,AZ
LN-2024-05617,Retail,15yr Fixed,953835,2024-09-01,294,6.894,FL
LN-2024-05618,Correspondent,ARM 5/1,1035892,2024-10-01,307,5.892,IL
LN-2024-05619,Correspondent,30yr Fixed,1073992,2024-10-01,316,6.297,FL
LN-2024-05620,Wholesale,ARM 5/1,1089987,2024-12-01,303,5.645,AZ
LN-2024-05621,Retail,30yr Fixed,1131745,2024-08-01,375,7.283,CA
LN-2024-05622,Retail,ARM 5/1,331326,2024-03-01,339,6.451,IL
LN-2024-05623,Retail,30yr Fixed,322365,2024-11-01,250,7.702,IL
LN-2024-05624,Retail,15yr Fixed,199071,2024-09-01,326,7.949,CA
LN-2024-05625,Retail,ARM 5/1,1020375,2024-04-01,273,6.902,CA
LN-2024-05626,Wholesale,15yr Fixed,1045992,2024-06-01,281,5.553,FL
LN-2024-05627,Retail,30yr Fixed,1166543,2024-03-01,319,8.265,CA
LN-2024-05628,Wholesale,30yr Fixed,869109,2024-08-01,277,7.644,CA
LN-2024-05629,Retail,15yr Fixed,530921,2024-05-01,258,6.433,AZ
LN-2024-05630,Retail,15yr Fixed,513910,2024-01-01,284,8.487,IL
LN-2024-05631,Direct,30yr Fixed,783624,2024-03-01,366,7.072,TX
LN-2024-05632,Correspondent,15yr Fixed,373053,2024-06-01,365,6.686,NY
LN-2024-05633,Correspondent,30yr Fixed,279068,2024-12-01,326,7.63,IL
LN-2024-05634,Retail,30yr Fixed,655691,2024-03-01,353,6.439,NY
LN-2024-05635,Retail,15yr Fixed,1033423,2024-11-01,329,7.242,CA
LN-2024-05636,Direct,30yr Fixed,1082314,2024-03-01,318,6.175,IL
LN-2024-05637,Correspondent,ARM 5/1,307055,2024-09-01,291,6.282,IL
LN-2024-05638,Retail,15yr Fixed,675652,2024-05-01,322,8.469,IL
LN-2024-05639,Retail,ARM 5/1,1069739,2024-11-01,268,7.183,IL
LN-2024-05640,Correspondent,15yr Fixed,266074,2024-11-01,296,8.3,IL
LN-2024-05641,Wholesale,ARM 5/1,597679,2024-05-01,325,5.655,FL
LN-2024-05642,Wholesale,15yr Fixed,295895,2024-10-01,298,5.935,NY
LN-2024-05643,Direct,30yr Fixed,344229,2024-11-01,380,7.124,IL
LN-2024-05644,Correspondent,15yr Fixed,809003,2024-04-01,366,7.897,TX
LN-2024-05645,Correspondent,15yr Fixed,615471,2024-09-01,371,7.495,IL
LN-2024-05646,Direct,ARM 5/1,243600,2024-09-01,275,8.069,AZ
LN-2024-05647,Correspondent,ARM 5/1,508761,2024-10-01,309,6.567,IL
LN-2024-05648,Correspondent,ARM 5/1,563392,2024-04-01,334,6.447,AZ
LN-2024-05649,Direct,ARM 5/1,170070,2024-06-01,280,6.192,TX
LN-2024-05650,Wholesale,30yr Fixed,348065,2024-07-01,261,5.592,NY
LN-2024-05651,Retail,ARM 5/1,468455,2024-02-01,349,5.944,NY
LN-2024-05652,Direct,15yr Fixed,838774,2024-04-01,264,5.559,FL
LN-2024-05653,Retail,ARM 5/1,625566,2024-06-01,282,6.863,IL
LN-2024-05654,Correspondent,15yr Fixed,879591,2024-08-01,339,8.402,FL
LN-2024-05655,Direct,15yr Fixed,913457,2024-02-01,366,7.131,NY
LN-2024-05656,Retail,ARM 5/1,717244,2024-02-01,319,7.239,NY
LN-2024-05657,Wholesale,ARM 5/1,519675,2024-08-01,273,5.913,TX
LN-2024-05658,Retail,15yr Fixed,439694,2024-09-01,267,5.953,IL
LN-2024-05659,Direct,30yr Fixed,839766,2024-08-01,265,5.907,IL
LN-2024-05660,Direct,ARM 5/1,1184605,2024-06-01,326,6.741,FL
LN-2024-05661,Wholesale,15yr Fixed,1078107,2024-11-01,328,8.156,CA
LN-2024-05662,Correspondent,30yr Fixed,1145040,2024-07-01,317,5.811,AZ
LN-2024-05663,Retail,ARM 5/1,640963,2024-06-01,285,6.735,CA
LN-2024-05664,Retail,ARM 5/1,1081052,2024-02-01,261,8.399,FL
LN-2024-05665,Correspondent,30yr Fixed,379196,2024-07-01,283,7.158,TX
LN-2024-05666,Wholesale,30yr Fixed,317930,2024-05-01,321,5.893,IL
LN-2024-05667,Correspondent,30yr Fixed,200600,2024-01-01,308,7.952,IL
LN-2024-05668,Direct,15yr Fixed,526377,2024-12-01,307,5.691,NY
LN-2024-05669,Correspondent,30yr Fixed,1056023,2024-04-01,355,8.128,AZ
LN-2024-05670,Correspondent,30yr Fixed,514573,2024-04-01,378,5.736,TX
LN-2024-05671,Direct,30yr Fixed,248601,2024-03-01,295,8.164,TX
LN-2024-05672,Retail,15yr Fixed,1096785,2024-11-01,310,8.008,CA
LN-2024-05673,Correspondent,ARM 5/1,943502,2024-01-01,311,6.816,NY
LN-2024-05674,Retail,30yr Fixed,734983,2024-10-01,283,7.905,CA
LN-2024-05675,Correspondent,ARM 5/1,953771,2024-12-01,292,7.08,TX
LN-2024-05676,Retail,15yr Fixed,668408,2024-02-01,359,5.527,IL
LN-2024-05677,Direct,15yr Fixed,621936,2024-11-01,309,7.323,CA
LN-2024-05678,Wholesale,30yr Fixed,196208,2024-09-01,339,6.925,FL
LN-2024-05679,Correspondent,ARM 5/1,846505,2024-03-01,321,7.378,IL
LN-2024-05680,Retail,30yr Fixed,477679,2024-08-01,341,5.509,NY
LN-2024-05681,Wholesale,ARM 5/1,747688,2024-02-01,321,6.165,FL
LN-2024-05682,Correspondent,ARM 5/1,1107380,2024-09-01,361,7.445,NY
LN-2024-05683,Correspondent,15yr Fixed,818630,2024-07-01,304,5.511,NY
LN-2024-05684,Retail,ARM 5/1,1003928,2024-12-01,369,5.711,AZ
LN-2024-05685,Retail,30yr Fixed,566136,2024-05-01,268,6.349,NY
LN-2024-05686,Direct,30yr Fixed,718589,2024-11-01,314,5.747,TX
LN-2024-05687,Direct,ARM 5/1,770875,2024-06-01,272,7.88,FL
LN-2024-05688,Wholesale,30yr Fixed,501283,2024-07-01,292,8.212,CA
LN-2024-05689,Retail,30yr Fixed,419979,2024-11-01,277,7.814,FL
LN-2024-05690,Retail,ARM 5/1,873762,2024-09-01,379,5.779,NY
LN-2024-05691,Correspondent,15yr Fixed,589429,2024-12-01,336,6.097,CA
LN-2024-05692,Correspondent,15yr Fixed,1001856,2024-04-01,338,5.955,FL
LN-2024-05693,Wholesale,ARM 5/1,1012451,2024-01-01,350,6.723,FL
LN-2024-05694,Retail,ARM 5/1,713982,2024-03-01,371,8.09,FL
LN-2024-05695,Retail,30yr Fixed,624431,2024-01-01,324,5.673,NY
LN-2024-05696,Retail,ARM 5/1,503381,2024-07-01,285,8.349,IL
LN-2024-05697,Direct,ARM 5/1,758856,2024-07-01,360,7.011,TX
LN-2024-05698,Correspondent,30yr Fixed,202968,2024-02-01,264,8.042,NY
LN-2024-05699,Direct,30yr Fixed,942541,2024-03-01,369,6.843,NY
LN-2024-05700,Retail,15yr Fixed,411907,2024-06-01,311,7.356,FL
LN-2024-05701,Retail,15yr Fixed,489350,2024-09-01,325,5.555,CA
LN-2024-05702,Retail,30yr Fixed,439263,2024-01-01,334,8.494,IL
LN-2024-05703,Wholesale,15yr Fixed,686940,2024-09-01,261,8.191,NY
LN-2024-05704,Wholesale,30yr Fixed,665650,2024-06-01,262,6.695,CA
LN-2024-05705,Correspondent,30yr Fixed,923828,2024-06-01,283,5.724,CA
LN-2024-05706,Wholesale,ARM 5/1,1032265,2024-12-01,333,6.503,NY
LN-2024-05707,Wholesale,ARM 5/1,774141,2024-05-01,288,5.632,TX
LN-2024-05708,Correspondent,30yr Fixed,681415,2024-12-01,330,8.339,CA
LN-2024-05709,Retail,15yr Fixed,430572,2024-11-01,257,7.458,AZ
LN-2024-05710,Wholesale,15yr Fixed,671693,2024-04-01,367,6.802,TX
LN-2024-05711,Direct,30yr Fixed,512034,2024-08-01,365,7.539,FL
LN-2024-05712,Wholesale,15yr Fixed,248158,2024-10-01,268,8.308,FL
LN-2024-05713,Direct,30yr Fixed,945751,2024-10-01,288,6.055,NY
LN-2024-05714,Wholesale,ARM 5/1,622483,2024-04-01,376,8.213,NY
LN-2024-05715,Direct,ARM 5/1,738195,2024-08-01,329,7.826,IL
LN-2024-05716,Retail,ARM 5/1,991328,2024-07-01,274,5.627,AZ
LN-2024-05717,Wholesale,ARM 5/1,937524,2024-06-01,323,5.707,FL
LN-2024-05718,Wholesale,ARM 5/1,277133,2024-02-01,257,7.322,TX
LN-2024-05719,Correspondent,30yr Fixed,1188698,2024-10-01,251,7.495,CA
LN-2024-05720,Retail,15yr Fixed,239127,2024-10-01,349,7.649,CA
LN-2024-05721,Correspondent,15yr Fixed,300257,2024-12-01,339,6.122,IL
LN-2024-05722,Direct,15yr Fixed,522205,2024-10-01,366,5.811,IL
LN-2024-05723,Correspondent,30yr Fixed,745665,2024-12-01,328,8.412,AZ
LN-2024-05724,Correspondent,ARM 5/1,158417,2024-11-01,286,8.424,CA
LN-2024-05725,Correspondent,15yr Fixed,568059,2024-07-01,277,7.489,IL
LN-2024-05726,Correspondent,30yr Fixed,826106,2024-02-01,250,6.624,AZ
LN-2024-05727,Correspondent,15yr Fixed,1155642,2024-04-01,267,6.71,IL
LN-2024-05728,Direct,30yr Fixed,262083,2024-05-01,253,6.778,CA
LN-2024-05729,Retail,15yr Fixed,1075093,2024-02-01,298,6.086,FL
LN-2024-05730,Direct,30yr Fixed,762353,2024-10-01,269,7.71,AZ
LN-2024-05731,Wholesale,15yr Fixed,1045700,2024-08-01,318,8.066,NY
LN-2024-05732,Wholesale,ARM 5/1,639866,2024-06-01,302,7.218,TX
LN-2024-05733,Wholesale,ARM 5/1,706335,2024-03-01,340,6.313,IL
LN-2024-05734,Wholesale,ARM 5/1,301481,2024-03-01,297,5.988,TX
LN-2024-05735,Retail,15yr Fixed,1117574,2024-10-01,294,8.497,TX
LN-2024-05736,Correspondent,30yr Fixed,727874,2024-07-01,262,8.488,NY
LN-2024-05737,Correspondent,30yr Fixed,865393,2024-01-01,330,5.557,IL
LN-2024-05738,Wholesale,30yr Fixed,767354,2024-02-01,285,7.689,TX
LN-2024-05739,Retail,15yr Fixed,371894,2024-12-01,259,5.971,FL
LN-2024-05740,Direct,ARM 5/1,621997,2024-05-01,269,6.663,FL
LN-2024-05741,Correspondent,15yr Fixed,927183,2024-09-01,296,6.956,AZ
LN-2024-05742,Direct,15yr Fixed,1106082,2024-09-01,302,7.431,AZ
LN-2024-05743,Correspondent,30yr Fixed,438843,2024-05-01,354,6.18,AZ
LN-2024-05744,Correspondent,30yr Fixed,186593,2024-04-01,363,6.932,TX
LN-2024-05745,Retail,15yr Fixed,800282,2024-03-01,307,6.717,FL
LN-2024-05746,Correspondent,15yr Fixed,387109,2024-05-01,358,8.094,IL
LN-2024-05747,Retail,ARM 5/1,1012222,2024-06-01,364,5.932,NY
LN-2024-05748,Retail,ARM 5/1,721040,2024-07-01,338,6.282,CA
LN-2024-05749,Wholesale,30yr Fixed,1164920,2024-07-01,300,8.419,CA
LN-2024-05750,Wholesale,15yr Fixed,690754,2024-12-01,252,7.052,NY
LN-2024-05751,Correspondent,15yr Fixed,646163,2024-01-01,331,6.589,CA
LN-2024-05752,Wholesale,30yr Fixed,744765,2024-07-01,253,7.283,FL
LN-2024-05753,Retail,15yr Fixed,268845,2024-03-01,361,6.377,NY
LN-2024-05754,Wholesale,15yr Fixed,1087293,2024-02-01,296,6.801,NY
LN-2024-05755,Wholesale,15yr Fixed,496139,2024-01-01,271,6.135,AZ
LN-2024-05756,Wholesale,ARM 5/1,211954,2024-04-01,283,6.997,CA
LN-2024-05757,Correspondent,30yr Fixed,831428,2024-05-01,340,7.399,NY
LN-2024-05758,Direct,30yr Fixed,970689,2024-12-01,284,7.947,FL
LN-2024-05759,Correspondent,30yr Fixed,608498,2024-06-01,320,6.059,TX
LN-2024-05760,Wholesale,ARM 5/1,476227,2024-11-01,281,6.277,NY
LN-2024-05761,Direct,ARM 5/1,201143,2024-03-01,294,5.701,AZ
LN-2024-05762,Correspondent,30yr Fixed,927684,2024-05-01,276,6.139,NY
LN-2024-05763,Direct,ARM 5/1,505414,2024-09-01,354,6.893,NY
LN-2024-05764,Wholesale,ARM 5/1,310738,2024-12-01,364,6.661,TX
LN-2024-05765,Correspondent,ARM 5/1,428522,2024-10-01,370,5.705,CA
LN-2024-05766,Correspondent,15yr Fixed,168334,2024-06-01,267,7.248,CA
LN-2024-05767,Retail,ARM 5/1,1198831,2024-10-01,325,7.955,AZ
LN-2024-05768,Direct,ARM 5/1,879489,2024-09-01,255,7.916,CA
LN-2024-05769,Direct,15yr Fixed,358372,2024-05-01,347,8.333,CA
LN-2024-05770,Wholesale,15yr Fixed,783942,2024-10-01,293,8.183,AZ
LN-2024-05771,Correspondent,30yr Fixed,183490,2024-01-01,269,8.148,IL
LN-2024-05772,Retail,ARM 5/1,1011380,2024-06-01,273,7.588,IL
LN-2024-05773,Direct,ARM 5/1,383789,2024-11-01,298,5.948,TX
LN-2024-05774,Correspondent,15yr Fixed,427539,2024-10-01,279,6.331,NY
LN-2024-05775,Wholesale,ARM 5/1,941290,2024-06-01,367,6.653,CA
LN-2024-05776,Wholesale,15yr Fixed,363452,2024-04-01,356,6.611,CA
LN-2024-05777,Retail,ARM 5/1,352436,2024-11-01,341,7.548,AZ
LN-2024-05778,Correspondent,ARM 5/1,846927,2024-12-01,344,8.332,FL
LN-2024-05779,Wholesale,15yr Fixed,293681,2024-02-01,309,8.322,AZ
LN-2024-05780,Correspondent,30yr Fixed,958435,2024-09-01,340,7.391,FL
LN-2024-05781,Correspondent,ARM 5/1,644718,2024-12-01,258,7.17,IL
LN-2024-05782,Retail,ARM 5/1,439021,2024-08-01,346,7.318,IL
LN-2024-05783,Retail,ARM 5/1,978444,2024-04-01,292,7.544,AZ
LN-2024-05784,Correspondent,30yr Fixed,680691,2024-01-01,287,8.017,FL
LN-2024-05785,Direct,15yr Fixed,1113127,2024-03-01,310,7.574,CA
LN-2024-05786,Wholesale,30yr Fixed,838853,2024-08-01,356,6.353,AZ
LN-2024-05787,Wholesale,ARM 5/1,471565,2024-04-01,363,7.028,CA
LN-2024-05788,Direct,ARM 5/1,438937,2024-03-01,335,6.941,IL
LN-2024-05789,Wholesale,30yr Fixed,216137,2024-11-01,310,7.736,AZ
LN-2024-05790,Retail,30yr Fixed,691060,2024-08-01,340,6.479,CA
LN-2024-05791,Retail,15yr Fixed,295067,2024-12-01,377,7.966,NY
LN-2024-05792,Correspondent,15yr Fixed,1094466,2024-04-01,357,6.787,NY
LN-2024-05793,Direct,ARM 5/1,381915,2024-10-01,254,7.603,TX
LN-2024-05794,Wholesale,ARM 5/1,316353,2024-04-01,316,7.043,IL
LN-2024-05795,Direct,30yr Fixed,945195,2024-02-01,252,7.782,NY
LN-2024-05796,Correspondent,ARM 5/1,500933,2024-08-01,267,7.15,FL
LN-2024-05797,Direct,15yr Fixed,1045774,2024-04-01,315,7.075,CA
LN-2024-05798,Wholesale,30yr Fixed,331654,2024-11-01,303,6.15,CA
LN-2024-05799,Wholesale,ARM 5/1,651405,2024-10-01,309,8.259,CA
LN-2024-05800,Retail,30yr Fixed,472415,2024-05-01,291,8.081,TX
LN-2024-05801,Wholesale,30yr Fixed,370612,2024-04-01,361,6.656,NY
LN-2024-05802,Direct,30yr Fixed,334400,2024-01-01,322,8.297,IL
LN-2024-05803,Wholesale,30yr Fixed,254394,2024-08-01,296,6.95,AZ
LN-2024-05804,Retail,15yr Fixed,254680,2024-05-01,302,8.114,IL
LN-2024-05805,Correspondent,15yr Fixed,1146917,2024-07-01,371,7.603,TX
LN-2024-05806,Correspondent,15yr Fixed,942964,2024-10-01,258,7.296,CA
LN-2024-05807,Direct,30yr Fixed,173663,2024-09-01,300,8.185,FL
LN-2024-05808,Correspondent,ARM 5/1,1194265,2024-12-01,333,7.979,NY
LN-2024-05809,Correspondent,ARM 5/1,253091,2024-10-01,369,6.502,NY
LN-2024-05810,Retail,ARM 5/1,1190027,2024-04-01,270,7.445,TX
LN-2024-05811,Retail,ARM 5/1,227568,2024-11-01,265,6.85,AZ
LN-2024-05812,Wholesale,30yr Fixed,261518,2024-11-01,284,7.37,IL
LN-2024-05813,Direct,30yr Fixed,574833,2024-12-01,380,5.906,IL
LN-2024-05814,Wholesale,30yr Fixed,335439,2024-09-01,256,8.413,IL
LN-2024-05815,Retail,30yr Fixed,731240,2024-02-01,266,8.487,TX
LN-2024-05816,Correspondent,15yr Fixed,538121,2024-09-01,296,6.123,NY
LN-2024-05817,Wholesale,ARM 5/1,188357,2024-12-01,286,6.8,FL
LN-2024-05818,Correspondent,30yr Fixed,462571,2024-01-01,365,6.314,CA
LN-2024-05819,Retail,15yr Fixed,336584,2024-07-01,265,5.958,NY
LN-2024-05820,Wholesale,ARM 5/1,450173,2024-06-01,340,8.269,IL
LN-2024-05821,Retail,30yr Fixed,347879,2024-05-01,317,8.068,TX
LN-2024-05822,Wholesale,30yr Fixed,973419,2024-09-01,267,8.177,AZ
LN-2024-05823,Direct,15yr Fixed,377174,2024-11-01,353,6.318,TX
LN-2024-05824,Correspondent,30yr Fixed,150489,2024-04-01,265,8.395,CA
LN-2024-05825,Correspondent,30yr Fixed,1147157,2024-12-01,365,6.925,FL
LN-2024-05826,Retail,15yr Fixed,767750,2024-06-01,314,6.302,CA
LN-2024-05827,Wholesale,15yr Fixed,794663,2024-06-01,305,8.039,CA
LN-2024-05828,Wholesale,30yr Fixed,168195,2024-05-01,271,6.989,IL
LN-2024-05829,Wholesale,30yr Fixed,926634,2024-06-01,355,7.526,CA
LN-2024-05830,Correspondent,ARM 5/1,908344,2024-01-01,336,5.512,TX
LN-2024-05831,Retail,15yr Fixed,864579,2024-11-01,289,7.597,FL
LN-2024-05832,Correspondent,ARM 5/1,327073,2024-02-01,380,8.297,AZ
LN-2024-05833,Wholesale,ARM 5/1,669279,2024-04-01,365,6.136,NY
LN-2024-05834,Wholesale,30yr Fixed,1096842,2024-08-01,361,7.819,NY
LN-2024-05835,Direct,15yr Fixed,1110463,2024-02-01,296,6.053,IL
LN-2024-05836,Correspondent,15yr Fixed,576904,2024-02-01,299,8.04,AZ
LN-2024-05837,Direct,15yr Fixed,654985,2024-01-01,326,7.763,FL
LN-2024-05838,Direct,15yr Fixed,280013,2024-06-01,339,6.071,AZ
LN-2024-05839,Direct,ARM 5/1,818561,2024-04-01,307,8.069,AZ
LN-2024-05840,Retail,ARM 5/1,1007183,2024-12-01,262,8.199,CA
LN-2024-05841,Wholesale,30yr Fixed,1035913,2024-06-01,290,6.692,NY
LN-2024-05842,Retail,30yr Fixed,705588,2024-03-01,286,8.139,AZ
LN-2024-05843,Direct,30yr Fixed,367131,2024-01-01,348,5.781,IL
LN-2024-05844,Direct,15yr Fixed,996269,2024-10-01,260,6.591,FL
LN-2024-05845,Retail,30yr Fixed,330640,2024-04-01,263,8.112,CA
LN-2024-05846,Correspondent,30yr Fixed,226968,2024-01-01,347,5.743,CA
LN-2024-05847,Direct,ARM 5/1,690442,2024-11-01,260,7.543,IL
LN-2024-05848,Correspondent,15yr Fixed,660682,2024-05-01,309,5.915,AZ
LN-2024-05849,Wholesale,30yr Fixed,1125260,2024-04-01,344,7.741,FL
LN-2024-05850,Wholesale,15yr Fixed,1181493,2024-11-01,333,7.803,IL
LN-2024-05851,Retail,15yr Fixed,680126,2024-09-01,254,7.571,IL
LN-2024-05852,Direct,30yr Fixed,905945,2024-06-01,293,8.187,CA
LN-2024-05853,Direct,15yr Fixed,168107,2024-02-01,307,5.637,AZ
LN-2024-05854,Direct,ARM 5/1,636692,2024-11-01,332,7.396,CA
LN-2024-05855,Retail,30yr Fixed,184941,2024-03-01,323,6.337,FL
LN-2024-05856,Wholesale,ARM 5/1,377913,2024-01-01,361,7.352,AZ
LN-2024-05857,Wholesale,15yr Fixed,1017900,2024-12-01,306,7.995,CA
LN-2024-05858,Retail,15yr Fixed,305837,2024-09-01,315,5.61,NY
LN-2024-05859,Correspondent,30yr Fixed,875731,2024-03-01,293,7.896,NY
LN-2024-05860,Direct,30yr Fixed,460115,2024-07-01,265,6.846,CA
LN-2024-05861,Direct,30yr Fixed,943100,2024-06-01,265,6.444,FL
LN-2024-05862,Retail,30yr Fixed,693813,2024-10-01,320,5.661,FL
LN-2024-05863,Correspondent,ARM 5/1,758318,2024-08-01,340,7.728,NY
LN-2024-05864,Direct,30yr Fixed,1006301,2024-05-01,355,7.944,AZ
LN-2024-05865,Correspondent,30yr Fixed,904989,2024-12-01,264,5.905,TX
LN-2024-05866,Correspondent,ARM 5/1,389349,2024-11-01,264,5.669,NY
LN-2024-05867,Retail,ARM 5/1,844974,2024-06-01,316,8.098,CA
LN-2024-05868,Retail,30yr Fixed,316247,2024-07-01,344,8.309,FL
LN-2024-05869,Direct,30yr Fixed,744927,2024-12-01,361,6.836,FL
LN-2024-05870,Retail,30yr Fixed,1075945,2024-12-01,359,6.859,FL
LN-2024-05871,Retail,30yr Fixed,201745,2024-02-01,352,7.87,TX
LN-2024-05872,Retail,15yr Fixed,609348,2024-09-01,293,8.007,CA
LN-2024-05873,Direct,15yr Fixed,654194,2024-09-01,368,8.091,TX
LN-2024-05874,Wholesale,30yr Fixed,978802,2024-03-01,300,6.211,CA
LN-2024-05875,Retail,30yr Fixed,539843,2024-09-01,309,6.348,IL
LN-2024-05876,Wholesale,ARM 5/1,623709,2024-11-01,323,7.055,CA
LN-2024-05877,Correspondent,15yr Fixed,349202,2024-06-01,362,6.233,FL
LN-2024-05878,Retail,15yr Fixed,1160403,2024-03-01,265,6.978,FL
LN-2024-05879,Retail,15yr Fixed,639099,2024-12-01,316,8.176,TX
LN-2024-05880,Wholesale,ARM 5/1,236164,2024-01-01,353,8.159,TX
LN-2024-05881,Wholesale,ARM 5/1,1115121,2024-10-01,378,8.113,NY
LN-2024-05882,Retail,15yr Fixed,1066103,2024-06-01,331,8.184,NY
LN-2024-05883,Wholesale,15yr Fixed,637836,2024-09-01,279,5.925,IL
LN-2024-05884,Correspondent,30yr Fixed,455105,2024-07-01,341,5.867,IL
LN-2024-05885,Wholesale,15yr Fixed,1032231,2024-11-01,335,7.594,AZ
LN-2024-05886,Retail,30yr Fixed,442408,2024-09-01,357,6.945,TX
LN-2024-05887,Wholesale,15yr Fixed,221824,2024-07-01,263,7.535,NY
LN-2024-05888,Direct,15yr Fixed,402903,2024-07-01,271,7.599,TX
LN-2024-05889,Correspondent,30yr Fixed,1133033,2024-06-01,256,7.347,FL
LN-2024-05890,Wholesale,ARM 5/1,610678,2024-05-01,305,7.472,NY
LN-2024-05891,Wholesale,30yr Fixed,593368,2024-05-01,369,7.445,FL
LN-2024-05892,Retail,30yr Fixed,210114,2024-07-01,277,8.128,CA
LN-2024-05893,Correspondent,15yr Fixed,258102,2024-03-01,325,7.822,TX
LN-2024-05894,Wholesale,30yr Fixed,207684,2024-06-01,323,6.993,NY
LN-2024-05895,Correspondent,30yr Fixed,576445,2024-10-01,322,7.933,FL
LN-2024-05896,Direct,15yr Fixed,219479,2024-05-01,332,5.837,FL
LN-2024-05897,Direct,15yr Fixed,1154372,2024-02-01,351,7.799,TX
LN-2024-05898,Retail,15yr Fixed,565419,2024-01-01,296,5.725,IL
LN-2024-05899,Direct,30yr Fixed,837334,2024-05-01,296,8.394,TX
LN-2024-05900,Wholesale,30yr Fixed,1015275,2024-11-01,359,7.387,CA
LN-2024-05901,Retail,30yr Fixed,1055467,2024-11-01,356,7.721,AZ
LN-2024-05902,Retail,30yr Fixed,344088,2024-03-01,364,7.524,IL
LN-2024-05903,Correspondent,ARM 5/1,820098,2024-10-01,283,7.051,NY
LN-2024-05904,Wholesale,15yr Fixed,1190477,2024-11-01,260,7.984,FL
LN-2024-05905,Retail,15yr Fixed,727230,2024-11-01,276,8.284,FL
LN-2024-05906,Direct,30yr Fixed,289886,2024-12-01,333,6.298,NY
LN-2024-05907,Retail,15yr Fixed,732791,2024-04-01,358,6.469,NY
LN-2024-05908,Correspondent,ARM 5/1,954676,2024-01-01,253,7.434,TX
LN-2024-05909,Retail,ARM 5/1,656277,2024-04-01,268,6.261,AZ
LN-2024-05910,Correspondent,30yr Fixed,928472,2024-01-01,272,8.347,NY
LN-2024-05911,Direct,30yr Fixed,303536,2024-09-01,325,5.541,NY
LN-2024-05912,Wholesale,ARM 5/1,408364,2024-06-01,307,6.607,IL
LN-2024-05913,Wholesale,30yr Fixed,718163,2024-08-01,328,5.545,IL
LN-2024-05914,Retail,15yr Fixed,603710,2024-01-01,361,8.156,IL
LN-2024-05915,Correspondent,30yr Fixed,753808,2024-10-01,286,5.87,FL
LN-2024-05916,Wholesale,30yr Fixed,703865,2024-03-01,327,5.919,NY
LN-2024-05917,Correspondent,15yr Fixed,1174267,2024-02-01,288,7.881,NY
LN-2024-05918,Direct,30yr Fixed,1025144,2024-10-01,334,6.101,NY
LN-2024-05919,Correspondent,30yr Fixed,958832,2024-03-01,284,5.546,IL
LN-2024-05920,Correspondent,ARM 5/1,310247,2024-03-01,255,7.737,CA
LN-2024-05921,Retail,ARM 5/1,196843,2024-09-01,301,5.793,TX
LN-2024-05922,Correspondent,30yr Fixed,1142572,2024-01-01,373,6.156,FL
LN-2024-05923,Retail,30yr Fixed,173272,2024-08-01,282,7.277,FL
LN-2024-05924,Retail,ARM 5/1,867939,2024-08-01,329,7.599,FL
LN-2024-05925,Retail,ARM 5/1,1002813,2024-07-01,270,8.378,AZ
LN-2024-05926,Retail,15yr Fixed,455539,2024-04-01,289,6.174,IL
LN-2024-05927,Retail,30yr Fixed,325063,2024-08-01,278,7.884,IL
LN-2024-05928,Correspondent,30yr Fixed,617017,2024-11-01,350,7.903,FL
LN-2024-05929,Direct,ARM 5/1,1008115,2024-08-01,289,6.047,CA
LN-2024-05930,Wholesale,ARM 5/1,440197,2024-12-01,339,7.348,NY
LN-2024-05931,Direct,ARM 5/1,815111,2024-03-01,369,7.398,AZ
LN-2024-05932,Wholesale,15yr Fixed,876389,2024-10-01,322,6.968,TX
LN-2024-05933,Correspondent,15yr Fixed,293971,2024-12-01,349,6.05,AZ
LN-2024-05934,Wholesale,30yr Fixed,877863,2024-08-01,367,6.763,CA
LN-2024-05935,Wholesale,15yr Fixed,620716,2024-07-01,271,7.12,FL
LN-2024-05936,Retail,15yr Fixed,458189,2024-12-01,261,6.616,AZ
LN-2024-05937,Correspondent,15yr Fixed,867659,2024-02-01,329,6.594,CA
LN-2024-05938,Direct,30yr Fixed,394159,2024-07-01,252,8.345,FL
LN-2024-05939,Direct,30yr Fixed,321012,2024-07-01,252,6.257,IL
LN-2024-05940,Wholesale,15yr Fixed,852892,2024-02-01,272,6.547,AZ
LN-2024-05941,Wholesale,15yr Fixed,887585,2024-10-01,327,6.908,FL
LN-2024-05942,Direct,30yr Fixed,1065939,2024-03-01,310,8.435,CA
LN-2024-05943,Correspondent,30yr Fixed,563497,2024-04-01,321,5.879,TX
LN-2024-05944,Retail,30yr Fixed,1162007,2024-11-01,282,8.076,TX
LN-2024-05945,Correspondent,30yr Fixed,602668,2024-03-01,284,5.925,AZ
LN-2024-05946,Correspondent,ARM 5/1,276591,2024-12-01,367,7.082,CA
LN-2024-05947,Retail,15yr Fixed,456280,2024-05-01,332,6.223,FL
LN-2024-05948,Retail,30yr Fixed,691018,2024-02-01,320,5.939,FL
LN-2024-05949,Retail,30yr Fixed,957941,2024-05-01,262,7.817,IL
LN-2024-05950,Retail,ARM 5/1,1161865,2024-08-01,329,6.698,AZ
LN-2024-05951,Direct,30yr Fixed,665791,2024-05-01,271,6.827,TX
LN-2024-05952,Direct,30yr Fixed,416882,2024-08-01,349,7.887,IL
LN-2024-05953,Direct,ARM 5/1,654351,2024-04-01,292,7.008,CA
LN-2024-05954,Retail,15yr Fixed,425596,2024-01-01,318,6.545,IL
LN-2024-05955,Wholesale,15yr Fixed,216286,2024-04-01,342,6.184,IL
LN-2024-05956,Wholesale,ARM 5/1,1095337,2024-03-01,377,7.816,CA
LN-2024-05957,Direct,15yr Fixed,817365,2024-06-01,329,6.811,CA
LN-2024-05958,Direct,ARM 5/1,211534,2024-06-01,258,5.77,AZ
LN-2024-05959,Wholesale,ARM 5/1,857675,2024-06-01,278,6.245,FL
LN-2024-05960,Wholesale,30yr Fixed,891002,2024-03-01,263,6.201,NY
LN-2024-05961,Retail,15yr Fixed,468713,2024-10-01,274,5.983,CA
LN-2024-05962,Correspondent,ARM 5/1,489746,2024-11-01,253,5.984,TX
LN-2024-05963,Correspondent,ARM 5/1,218342,2024-12-01,310,7.933,TX
LN-2024-05964,Retail,30yr Fixed,288817,2024-03-01,304,7.777,CA
LN-2024-05965,Wholesale,15yr Fixed,344905,2024-09-01,296,7.734,NY
LN-2024-05966,Correspondent,ARM 5/1,764599,2024-08-01,294,7.11,CA
LN-2024-05967,Direct,30yr Fixed,205221,2024-06-01,300,7.586,NY
LN-2024-05968,Correspondent,ARM 5/1,313561,2024-08-01,271,6.188,AZ
LN-2024-05969,Direct,30yr Fixed,352048,2024-11-01,265,6.525,FL
LN-2024-05970,Correspondent,ARM 5/1,953906,2024-09-01,332,6.24,AZ
LN-2024-05971,Wholesale,30yr Fixed,291547,2024-06-01,304,7.974,NY
LN-2024-05972,Wholesale,15yr Fixed,1023763,2024-06-01,318,6.902,CA
LN-2024-05973,Retail,15yr Fixed,314577,2024-04-01,258,6.097,TX
LN-2024-05974,Direct,30yr Fixed,684862,2024-07-01,365,7.92,FL
LN-2024-05975,Retail,ARM 5/1,304699,2024-10-01,276,8.346,CA
LN-2024-05976,Correspondent,30yr Fixed,1159351,2024-12-01,380,6.038,AZ
LN-2024-05977,Retail,15yr Fixed,592099,2024-10-01,363,6.345,TX
LN-2024-05978,Wholesale,30yr Fixed,289278,2024-04-01,263,8.096,TX
LN-2024-05979,Wholesale,15yr Fixed,493064,2024-12-01,253,6.197,FL
LN-2024-05980,Wholesale,ARM 5/1,774811,2024-11-01,373,6.051,CA
LN-2024-05981,Direct,ARM 5/1,596103,2024-12-01,308,7.724,IL
LN-2024-05982,Direct,ARM 5/1,756207,2024-04-01,351,6.142,AZ
LN-2024-05983,Direct,15yr Fixed,833477,2024-11-01,337,6.088,CA
LN-2024-05984,Wholesale,15yr Fixed,237859,2024-11-01,302,7.763,IL
LN-2024-05985,Direct,ARM 5/1,537221,2024-09-01,270,7.627,CA
LN-2024-05986,Wholesale,30yr Fixed,984890,2024-09-01,297,7.58,CA
LN-2024-05987,Wholesale,30yr Fixed,795595,2024-08-01,273,8.164,FL
LN-2024-05988,Correspondent,ARM 5/1,569814,2024-01-01,319,6.673,IL
LN-2024-05989,Retail,15yr Fixed,1018249,2024-05-01,367,7.164,NY
LN-2024-05990,Retail,ARM 5/1,822527,2024-12-01,362,5.96,FL
LN-2024-05991,Retail,15yr Fixed,350490,2024-08-01,314,5.611,FL
LN-2024-05992,Direct,30yr Fixed,545805,2024-09-01,341,6.108,TX
LN-2024-05993,Retail,15yr Fixed,607309,2024-10-01,250,7.381,CA
LN-2024-05994,Correspondent,30yr Fixed,294930,2024-03-01,369,5.708,IL
LN-2024-05995,Direct,15yr Fixed,383776,2024-06-01,361,5.55,AZ
LN-2024-05996,Wholesale,ARM 5/1,459973,2024-05-01,323,5.903,NY
LN-2024-05997,Wholesale,15yr Fixed,660081,2024-09-01,300,5.846,IL
LN-2024-05998,Direct,15yr Fixed,439891,2024-08-01,335,6.768,AZ
LN-2024-05999,Correspondent,30yr Fixed,272657,2024-09-01,278,7.139,AZ
LN-2024-06000,Correspondent,15yr Fixed,1189473,2024-08-01,345,6.909,NY
LN-2024-06001,Wholesale,15yr Fixed,303929,2024-02-01,354,6.882,AZ
LN-2024-06002,Direct,30yr Fixed,355807,2024-05-01,335,6.112,IL
LN-2024-06003,Direct,ARM 5/1,549622,2024-10-01,323,7.906,TX
LN-2024-06004,Retail,15yr Fixed,990181,2024-06-01,310,5.667,CA
LN-2024-06005,Correspondent,15yr Fixed,172427,2024-03-01,251,6.458,TX
LN-2024-06006,Retail,30yr Fixed,956749,2024-07-01,334,8.287,AZ
LN-2024-06007,Correspondent,ARM 5/1,401270,2024-08-01,331,7.267,TX
LN-2024-06008,Wholesale,30yr Fixed,461359,2024-02-01,365,6.72,CA
LN-2024-06009,Direct,ARM 5/1,301734,2024-05-01,279,6.525,IL
LN-2024-06010,Retail,ARM 5/1,175282,2024-08-01,259,6.445,AZ
LN-2024-06011,Wholesale,30yr Fixed,267024,2024-01-01,322,6.959,TX
LN-2024-06012,Direct,30yr Fixed,1111586,2024-10-01,315,6.777,AZ
LN-2024-06013,Correspondent,15yr Fixed,584464,2024-06-01,367,8.297,AZ
LN-2024-06014,Retail,15yr Fixed,914162,2024-04-01,331,7.887,CA
LN-2024-06015,Correspondent,30yr Fixed,812906,2024-11-01,352,7.565,TX
LN-2024-06016,Wholesale,ARM 5/1,405119,2024-01-01,307,7.218,NY
LN-2024-06017,Retail,30yr Fixed,589720,2024-06-01,256,8.091,NY
LN-2024-06018,Correspondent,ARM 5/1,1195626,2024-09-01,289,8.492,FL
LN-2024-06019,Correspondent,ARM 5/1,668818,2024-10-01,268,7.82,TX
LN-2024-06020,Correspondent,15yr Fixed,427094,2024-11-01,289,7.821,AZ
LN-2024-06021,Direct,30yr Fixed,721945,2024-12-01,325,7.575,TX
LN-2024-06022,Correspondent,ARM 5/1,510551,2024-02-01,288,7.362,TX
LN-2024-06023,Direct,ARM 5/1,1124141,2024-12-01,256,6.413,NY
LN-2024-06024,Retail,ARM 5/1,237296,2024-02-01,265,7.261,FL
LN-2024-06025,Retail,30yr Fixed,966067,2024-10-01,255,7.217,AZ
LN-2024-06026,Direct,30yr Fixed,1090752,2024-11-01,300,6.611,CA
LN-2024-06027,Retail,ARM 5/1,884765,2024-10-01,305,7.969,FL
LN-2024-06028,Direct,15yr Fixed,899541,2024-03-01,281,7.355,CA
LN-2024-06029,Wholesale,30yr Fixed,343913,2024-09-01,369,8.486,CA
LN-2024-06030,Wholesale,ARM 5/1,865714,2024-04-01,269,6.528,FL
LN-2024-06031,Direct,15yr Fixed,297750,2024-03-01,250,6.955,TX
LN-2024-06032,Correspondent,ARM 5/1,489060,2024-09-01,298,6.866,IL
LN-2024-06033,Direct,15yr Fixed,790612,2024-12-01,373,7.401,AZ
LN-2024-06034,Correspondent,ARM 5/1,658802,2024-11-01,293,8.142,NY
LN-2024-06035,Correspondent,30yr Fixed,474142,2024-12-01,368,5.929,TX
LN-2024-06036,Retail,15yr Fixed,802441,2024-02-01,349,7.404,IL
LN-2024-06037,Correspondent,ARM 5/1,329944,2024-11-01,259,8.318,FL
LN-2024-06038,Wholesale,ARM 5/1,261461,2024-10-01,362,6.869,FL
LN-2024-06039,Retail,15yr Fixed,471803,2024-09-01,344,7.101,AZ
LN-2024-06040,Retail,30yr Fixed,258618,2024-01-01,309,7.334,NY
LN-2024-06041,Direct,15yr Fixed,600797,2024-10-01,379,8.315,TX
LN-2024-06042,Wholesale,30yr Fixed,209849,2024-02-01,275,6.475,NY
LN-2024-06043,Direct,30yr Fixed,1045808,2024-04-01,352,7.086,NY
LN-2024-06044,Wholesale,15yr Fixed,844036,2024-12-01,271,5.917,AZ
LN-2024-06045,Retail,15yr Fixed,730638,2024-10-01,261,6.828,FL
LN-2024-06046,Wholesale,30yr Fixed,549647,2024-01-01,325,6.5,NY
LN-2024-06047,Wholesale,30yr Fixed,340805,2024-12-01,251,8.188,NY
LN-2024-06048,Wholesale,30yr Fixed,1196106,2024-11-01,282,7.589,CA
LN-2024-06049,Correspondent,15yr Fixed,1146676,2024-02-01,366,7.229,CA
LN-2024-06050,Wholesale,ARM 5/1,1130983,2024-11-01,331,7.259,FL
LN-2024-06051,Direct,30yr Fixed,306473,2024-04-01,350,5.55,CA
LN-2024-06052,Direct,15yr Fixed,309052,2024-07-01,375,7.419,AZ
LN-2024-06053,Wholesale,15yr Fixed,336270,2024-07-01,367,8.253,CA
LN-2024-06054,Retail,30yr Fixed,928537,2024-06-01,342,7.491,AZ
LN-2024-06055,Correspondent,15yr Fixed,317894,2024-02-01,311,8.289,IL
LN-2024-06056,Wholesale,ARM 5/1,529516,2024-09-01,271,6.849,NY
LN-2024-06057,Direct,15yr Fixed,869423,2024-04-01,302,7.538,FL
LN-2024-06058,Direct,30yr Fixed,1143256,2024-01-01,254,6.849,AZ
LN-2024-06059,Correspondent,15yr Fixed,748736,2024-05-01,281,8.157,IL
LN-2024-06060,Direct,ARM 5/1,216438,2024-10-01,255,6.533,CA
LN-2024-06061,Wholesale,ARM 5/1,353730,2024-09-01,366,7.328,AZ
LN-2024-06062,Direct,ARM 5/1,296792,2024-09-01,275,7.579,CA
LN-2024-06063,Correspondent,15yr Fixed,942063,2024-01-01,319,7.917,CA
LN-2024-06064,Wholesale,ARM 5/1,155067,2024-12-01,276,6.214,IL
LN-2024-06065,Retail,15yr Fixed,176292,2024-04-01,330,8.326,NY
LN-2024-06066,Wholesale,ARM 5/1,753713,2024-08-01,285,8.181,TX
LN-2024-06067,Correspondent,15yr Fixed,1150701,2024-02-01,340,7.794,CA
LN-2024-06068,Direct,ARM 5/1,755191,2024-07-01,340,7.976,CA
LN-2024-06069,Correspondent,ARM 5/1,1013767,2024-02-01,319,8.278,IL
LN-2024-06070,Correspondent,15yr Fixed,871298,2024-07-01,261,5.664,CA
LN-2024-06071,Retail,30yr Fixed,950275,2024-03-01,281,5.53,TX
LN-2024-06072,Correspondent,30yr Fixed,401311,2024-04-01,364,8.419,IL
LN-2024-06073,Correspondent,ARM 5/1,664028,2024-10-01,274,5.766,NY
LN-2024-06074,Direct,15yr Fixed,259781,2024-05-01,297,5.615,FL
LN-2024-06075,Wholesale,30yr Fixed,198983,2024-03-01,288,7.221,NY
LN-2024-06076,Direct,30yr Fixed,1056049,2024-02-01,303,7.515,CA
LN-2024-06077,Direct,ARM 5/1,779630,2024-08-01,271,8.114,IL
LN-2024-06078,Retail,ARM 5/1,421582,2024-10-01,321,6.363,AZ
LN-2024-06079,Retail,15yr Fixed,257783,2024-06-01,373,7.097,IL
LN-2024-06080,Wholesale,15yr Fixed,296285,2024-09-01,343,5.742,CA
LN-2024-06081,Direct,ARM 5/1,662344,2024-12-01,274,7.663,CA
LN-2024-06082,Wholesale,ARM 5/1,521891,2024-07-01,351,6.589,TX
LN-2024-06083,Retail,30yr Fixed,603646,2024-11-01,268,8.278,AZ
LN-2024-06084,Correspondent,15yr Fixed,1047950,2024-01-01,310,5.998,NY
LN-2024-06085,Correspondent,15yr Fixed,1039032,2024-08-01,335,6.65,IL
LN-2024-06086,Wholesale,30yr Fixed,1016162,2024-05-01,256,7.604,NY
LN-2024-06087,Direct,ARM 5/1,779264,2024-11-01,310,7.228,IL
LN-2024-06088,Direct,15yr Fixed,1046829,2024-02-01,312,7.52,CA
LN-2024-06089,Correspondent,15yr Fixed,437253,2024-06-01,305,7.231,IL
LN-2024-06090,Retail,ARM 5/1,610717,2024-02-01,269,6.637,IL
LN-2024-06091,Direct,ARM 5/1,922543,2024-07-01,263,6.803,IL
LN-2024-06092,Correspondent,15yr Fixed,1013457,2024-12-01,300,5.599,FL
LN-2024-06093,Wholesale,30yr Fixed,994816,2024-09-01,277,6.235,TX
LN-2024-06094,Direct,15yr Fixed,699955,2024-09-01,298,6.312,CA
LN-2024-06095,Wholesale,30yr Fixed,617861,2024-11-01,291,7.916,CA
LN-2024-06096,Wholesale,15yr Fixed,296265,2024-09-01,255,8.067,AZ
LN-2024-06097,Direct,15yr Fixed,793184,2024-04-01,369,8.047,AZ
LN-2024-06098,Correspondent,30yr Fixed,231238,2024-01-01,337,7.933,NY
LN-2024-06099,Correspondent,15yr Fixed,721579,2024-02-01,272,6.626,NY
LN-2024-06100,Direct,ARM 5/1,474622,2024-02-01,360,8.007,AZ
LN-2024-06101,Wholesale,15yr Fixed,711235,2024-08-01,266,6.226,TX
LN-2024-06102,Correspondent,15yr Fixed,834304,2024-12-01,357,8.004,FL
LN-2024-06103,Correspondent,30yr Fixed,989771,2024-12-01,339,6.258,FL
LN-2024-06104,Correspondent,ARM 5/1,351661,2024-12-01,316,6.53,CA
LN-2024-06105,Direct,30yr Fixed,686415,2024-04-01,255,7.203,TX
LN-2024-06106,Retail,15yr Fixed,224554,2024-05-01,321,6.622,TX
LN-2024-06107,Retail,30yr Fixed,314076,2024-03-01,288,8.354,CA
LN-2024-06108,Wholesale,ARM 5/1,599688,2024-10-01,253,8.332,AZ
LN-2024-06109,Wholesale,15yr Fixed,603261,2024-04-01,366,6.108,TX
LN-2024-06110,Wholesale,15yr Fixed,532493,2024-06-01,293,5.651,TX
LN-2024-06111,Wholesale,30yr Fixed,377220,2024-04-01,315,5.897,IL
LN-2024-06112,Direct,15yr Fixed,477177,2024-04-01,262,7.323,IL
LN-2024-06113,Wholesale,30yr Fixed,266043,2024-12-01,332,6.432,CA
LN-2024-06114,Correspondent,30yr Fixed,703544,2024-02-01,289,6.956,CA
LN-2024-06115,Wholesale,ARM 5/1,661733,2024-06-01,310,7.312,FL
LN-2024-06116,Wholesale,15yr Fixed,448316,2024-10-01,327,8.403,AZ
LN-2024-06117,Retail,30yr Fixed,1016942,2024-12-01,351,7.913,CA
LN-2024-06118,Direct,15yr Fixed,438394,2024-08-01,306,6.362,AZ
LN-2024-06119,Wholesale,30yr Fixed,1016603,2024-07-01,257,6.986,NY
LN-2024-06120,Direct,ARM 5/1,1008602,2024-06-01,258,5.697,CA
LN-2024-06121,Direct,15yr Fixed,512375,2024-09-01,302,8.434,TX
LN-2024-06122,Direct,ARM 5/1,752724,2024-09-01,291,7.323,AZ
LN-2024-06123,Direct,ARM 5/1,1192928,2024-11-01,296,7.243,TX
LN-2024-06124,Correspondent,15yr Fixed,668195,2024-01-01,368,7.403,FL
LN-2024-06125,Correspondent,30yr Fixed,894556,2024-03-01,322,7.926,TX
LN-2024-06126,Correspondent,ARM 5/1,422360,2024-07-01,257,8.226,FL
LN-2024-06127,Correspondent,15yr Fixed,1080349,2024-03-01,283,6.471,NY
LN-2024-06128,Correspondent,15yr Fixed,927522,2024-11-01,366,5.712,FL
LN-2024-06129,Correspondent,ARM 5/1,989601,2024-10-01,365,7.217,NY
LN-2024-06130,Correspondent,30yr Fixed,996523,2024-12-01,322,7.959,NY
LN-2024-06131,Retail,ARM 5/1,888289,2024-04-01,334,5.653,AZ
LN-2024-06132,Direct,30yr Fixed,522996,2024-04-01,285,7.491,TX
LN-2024-06133,Direct,15yr Fixed,716056,2024-07-01,363,7.015,NY
LN-2024-06134,Retail,ARM 5/1,310551,2024-07-01,260,7.009,AZ
LN-2024-06135,Retail,30yr Fixed,469571,2024-06-01,297,6.468,IL
LN-2024-06136,Retail,ARM 5/1,237190,2024-09-01,377,5.765,IL
LN-2024-06137,Direct,ARM 5/1,518172,2024-04-01,342,5.965,IL
LN-2024-06138,Retail,ARM 5/1,611010,2024-08-01,323,7.056,AZ
LN-2024-06139,Wholesale,ARM 5/1,859206,2024-02-01,336,5.599,TX
LN-2024-06140,Retail,15yr Fixed,658580,2024-07-01,375,6.886,FL
LN-2024-06141,Wholesale,15yr Fixed,589434,2024-07-01,355,8.323,AZ
LN-2024-06142,Direct,ARM 5/1,992235,2024-06-01,365,6.98,IL
LN-2024-06143,Wholesale,15yr Fixed,794280,2024-05-01,369,6.387,FL
LN-2024-06144,Direct,ARM 5/1,1084921,2024-02-01,329,7.672,FL
LN-2024-06145,Retail,ARM 5/1,363896,2024-01-01,292,6.796,IL
LN-2024-06146,Wholesale,ARM 5/1,702867,2024-05-01,367,6.122,NY
LN-2024-06147,Correspondent,ARM 5/1,256944,2024-08-01,326,5.581,AZ
LN-2024-06148,Correspondent,30yr Fixed,1101614,2024-08-01,301,5.715,TX
LN-2024-06149,Retail,30yr Fixed,706320,2024-02-01,300,5.979,AZ
LN-2024-06150,Correspondent,ARM 5/1,419174,2024-06-01,352,7.526,TX
LN-2024-06151,Direct,ARM 5/1,564810,2024-05-01,251,8.107,AZ
LN-2024-06152,Correspondent,30yr Fixed,808866,2024-01-01,256,6.659,CA
LN-2024-06153,Correspondent,15yr Fixed,495214,2024-09-01,368,7.928,CA
LN-2024-06154,Retail,30yr Fixed,1026784,2024-07-01,317,6.265,IL
LN-2024-06155,Correspondent,ARM 5/1,398884,2024-04-01,309,7.73,IL
LN-2024-06156,Correspondent,15yr Fixed,534515,2024-02-01,341,8.393,TX
LN-2024-06157,Correspondent,15yr Fixed,188029,2024-02-01,277,7.5,CA
LN-2024-06158,Wholesale,ARM 5/1,651378,2024-07-01,368,6.006,FL
LN-2024-06159,Retail,15yr Fixed,497583,2024-02-01,286,7.277,TX
LN-2024-06160,Direct,15yr Fixed,1123581,2024-07-01,281,8.093,AZ
LN-2024-06161,Correspondent,ARM 5/1,733336,2024-07-01,308,7.597,NY
LN-2024-06162,Correspondent,15yr Fixed,867383,2024-09-01,252,6.347,IL
LN-2024-06163,Direct,30yr Fixed,349630,2024-02-01,320,5.697,NY
LN-2024-06164,Wholesale,15yr Fixed,868802,2024-09-01,378,7.773,FL
LN-2024-06165,Wholesale,30yr Fixed,448021,2024-03-01,276,6.215,TX
LN-2024-06166,Correspondent,30yr Fixed,792995,2024-11-01,296,5.854,CA
LN-2024-06167,Retail,15yr Fixed,797412,2024-02-01,265,5.924,AZ
LN-2024-06168,Correspondent,ARM 5/1,872252,2024-06-01,314,6.534,IL
LN-2024-06169,Retail,ARM 5/1,844548,2024-11-01,374,5.88,TX
LN-2024-06170,Retail,ARM 5/1,950018,2024-12-01,326,7.35,NY
LN-2024-06171,Retail,30yr Fixed,865468,2024-05-01,324,6.887,IL
LN-2024-06172,Direct,ARM 5/1,989147,2024-07-01,354,6.94,AZ
LN-2024-06173,Retail,30yr Fixed,890286,2024-09-01,252,8.322,AZ
LN-2024-06174,Correspondent,30yr Fixed,777883,2024-09-01,327,8.439,IL
LN-2024-06175,Direct,30yr Fixed,854189,2024-09-01,360,5.669,CA
LN-2024-06176,Retail,ARM 5/1,844724,2024-04-01,322,7.561,CA
LN-2024-06177,Direct,ARM 5/1,1109257,2024-04-01,380,6.498,NY
LN-2024-06178,Correspondent,30yr Fixed,1060802,2024-11-01,272,5.685,NY
LN-2024-06179,Correspondent,30yr Fixed,1061360,2024-10-01,265,7.791,NY
LN-2024-06180,Direct,ARM 5/1,1135157,2024-02-01,284,6.513,CA
LN-2024-06181,Wholesale,15yr Fixed,1070605,2024-07-01,301,6.903,TX
LN-2024-06182,Correspondent,15yr Fixed,703884,2024-11-01,311,7.518,FL
LN-2024-06183,Direct,ARM 5/1,189455,2024-04-01,254,5.608,CA
LN-2024-06184,Wholesale,ARM 5/1,157188,2024-11-01,307,7.705,FL
LN-2024-06185,Retail,ARM 5/1,476261,2024-05-01,359,7.141,CA
LN-2024-06186,Correspondent,30yr Fixed,1102223,2024-12-01,332,8.372,FL
LN-2024-06187,Retail,30yr Fixed,443684,2024-04-01,352,8.126,CA
LN-2024-06188,Wholesale,ARM 5/1,554030,2024-06-01,314,7.286,NY
LN-2024-06189,Retail,ARM 5/1,843089,2024-10-01,342,7.627,CA
LN-2024-06190,Correspondent,30yr Fixed,372872,2024-08-01,369,6.138,AZ
LN-2024-06191,Wholesale,30yr Fixed,335896,2024-06-01,267,5.913,AZ
LN-2024-06192,Wholesale,30yr Fixed,965237,2024-12-01,362,6.731,CA
LN-2024-06193,Wholesale,15yr Fixed,946676,2024-11-01,349,5.951,NY
LN-2024-06194,Retail,15yr Fixed,186260,2024-05-01,256,7.133,AZ
LN-2024-06195,Retail,30yr Fixed,1120425,2024-06-01,296,6.422,CA
LN-2024-06196,Retail,30yr Fixed,240740,2024-07-01,342,7.847,CA
LN-2024-06197,Wholesale,30yr Fixed,1054622,2024-05-01,353,7.169,AZ
LN-2024-06198,Wholesale,ARM 5/1,580472,2024-11-01,353,8.489,AZ
LN-2024-06199,Retail,ARM 5/1,569251,2024-11-01,321,7.735,AZ
LN-2024-06200,Direct,30yr Fixed,402482,2024-10-01,363,6.948,CA
LN-2024-06201,Retail,30yr Fixed,877219,2024-08-01,259,7.085,AZ
LN-2024-06202,Correspondent,ARM 5/1,1119539,2024-12-01,326,7.294,NY
LN-2024-06203,Wholesale,ARM 5/1,529882,2024-03-01,261,8.167,IL
LN-2024-06204,Direct,15yr Fixed,590925,2024-01-01,360,5.875,CA
LN-2024-06205,Correspondent,30yr Fixed,483364,2024-12-01,251,6.138,IL
LN-2024-06206,Retail,15yr Fixed,324219,2024-05-01,361,8.371,CA
LN-2024-06207,Wholesale,15yr Fixed,850555,2024-09-01,303,5.862,TX
LN-2024-06208,Direct,15yr Fixed,645030,2024-11-01,316,5.516,AZ
LN-2024-06209,Retail,ARM 5/1,635396,2024-10-01,269,7.877,TX
LN-2024-06210,Retail,ARM 5/1,595761,2024-05-01,311,5.938,FL
LN-2024-06211,Wholesale,ARM 5/1,1090842,2024-04-01,351,8.322,IL
LN-2024-06212,Wholesale,ARM 5/1,374269,2024-12-01,339,6.069,IL
LN-2024-06213,Wholesale,15yr Fixed,595494,2024-08-01,275,7.279,AZ
LN-2024-06214,Direct,ARM 5/1,905748,2024-07-01,354,6.167,CA
LN-2024-06215,Wholesale,ARM 5/1,793036,2024-03-01,268,6.136,NY
LN-2024-06216,Wholesale,30yr Fixed,410120,2024-12-01,309,6.123,FL
LN-2024-06217,Retail,15yr Fixed,937410,2024-05-01,337,7.194,NY
LN-2024-06218,Wholesale,15yr Fixed,763126,2024-05-01,279,5.502,IL
LN-2024-06219,Direct,15yr Fixed,1132321,2024-02-01,294,8.096,FL
LN-2024-06220,Wholesale,30yr Fixed,224323,2024-11-01,287,8.337,CA
LN-2024-06221,Retail,30yr Fixed,544624,2024-06-01,321,7.379,TX
LN-2024-06222,Direct,30yr Fixed,498436,2024-04-01,295,5.843,AZ
LN-2024-06223,Retail,ARM 5/1,1102478,2024-08-01,286,5.925,NY
LN-2024-06224,Direct,15yr Fixed,699853,2024-01-01,271,7.813,TX
LN-2024-06225,Correspondent,30yr Fixed,621690,2024-12-01,367,5.844,NY
LN-2024-06226,Correspondent,ARM 5/1,825895,2024-05-01,288,8.31,CA
LN-2024-06227,Wholesale,30yr Fixed,1084203,2024-01-01,341,8.474,NY
LN-2024-06228,Direct,15yr Fixed,797380,2024-05-01,320,6.243,TX
LN-2024-06229,Wholesale,ARM 5/1,375751,2024-12-01,347,6.43,NY
LN-2024-06230,Retail,30yr Fixed,650211,2024-11-01,260,5.621,AZ
LN-2024-06231,Retail,30yr Fixed,1174190,2024-02-01,274,7.166,FL
LN-2024-06232,Wholesale,30yr Fixed,404121,2024-12-01,333,5.601,TX
LN-2024-06233,Retail,15yr Fixed,1187302,2024-08-01,276,6.243,FL
LN-2024-06234,Retail,30yr Fixed,456221,2024-02-01,364,8.186,AZ
LN-2024-06235,Wholesale,15yr Fixed,523051,2024-11-01,286,8.151,TX
LN-2024-06236,Retail,ARM 5/1,296437,2024-09-01,341,5.856,CA
LN-2024-06237,Direct,15yr Fixed,174556,2024-01-01,365,5.714,CA
LN-2024-06238,Wholesale,ARM 5/1,704102,2024-08-01,292,6.194,TX
LN-2024-06239,Wholesale,ARM 5/1,635395,2024-05-01,287,7.061,NY
LN-2024-06240,Correspondent,15yr Fixed,653637,2024-09-01,363,6.402,TX
LN-2024-06241,Direct,ARM 5/1,204337,2024-02-01,297,7.145,AZ
LN-2024-06242,Retail,30yr Fixed,850019,2024-07-01,330,7.156,AZ
LN-2024-06243,Wholesale,ARM 5/1,425439,2024-09-01,258,8.388,NY
LN-2024-06244,Wholesale,30yr Fixed,473519,2024-10-01,315,5.713,AZ
LN-2024-06245,Wholesale,30yr Fixed,311210,2024-10-01,346,6.584,IL
LN-2024-06246,Retail,15yr Fixed,993121,2024-09-01,274,6.301,CA
LN-2024-06247,Wholesale,ARM 5/1,281979,2024-08-01,374,7.485,NY
LN-2024-06248,Correspondent,ARM 5/1,536301,2024-12-01,339,6.365,NY
LN-2024-06249,Retail,30yr Fixed,963553,2024-09-01,318,8.126,CA
LN-2024-06250,Wholesale,ARM 5/1,269993,2024-06-01,330,7.893,TX
LN-2024-06251,Correspondent,15yr Fixed,452876,2024-01-01,365,6.037,CA
LN-2024-06252,Wholesale,30yr Fixed,1066924,2024-05-01,260,6.015,TX
LN-2024-06253,Wholesale,15yr Fixed,974730,2024-08-01,266,8.357,TX
LN-2024-06254,Retail,30yr Fixed,1002002,2024-02-01,315,6.896,AZ
LN-2024-06255,Direct,15yr Fixed,779499,2024-04-01,363,7.478,TX
LN-2024-06256,Retail,15yr Fixed,1010170,2024-05-01,315,5.653,NY
LN-2024-06257,Wholesale,15yr Fixed,864887,2024-05-01,380,6.428,TX
LN-2024-06258,Wholesale,30yr Fixed,261052,2024-08-01,261,5.924,NY
LN-2024-06259,Retail,30yr Fixed,194923,2024-10-01,341,6.861,TX
LN-2024-06260,Retail,ARM 5/1,853549,2024-05-01,361,7.931,TX
LN-2024-06261,Correspondent,30yr Fixed,311544,2024-03-01,304,8.465,CA
LN-2024-06262,Wholesale,30yr Fixed,640597,2024-07-01,262,7.303,FL
LN-2024-06263,Direct,30yr Fixed,805887,2024-09-01,295,8.031,TX
LN-2024-06264,Correspondent,ARM 5/1,1141738,2024-06-01,283,6.561,CA
LN-2024-06265,Retail,15yr Fixed,730454,2024-04-01,265,5.745,IL
LN-2024-06266,Wholesale,15yr Fixed,735525,2024-04-01,294,5.786,FL
LN-2024-06267,Direct,30yr Fixed,1064237,2024-07-01,351,6.965,AZ
LN-2024-06268,Retail,15yr Fixed,1080031,2024-02-01,327,6.275,AZ
LN-2024-06269,Correspondent,30yr Fixed,817987,2024-12-01,262,8.459,NY
LN-2024-06270,Wholesale,ARM 5/1,966149,2024-03-01,274,8.383,AZ
LN-2024-06271,Wholesale,15yr Fixed,880176,2024-09-01,289,7.318,TX
LN-2024-06272,Correspondent,15yr Fixed,1160763,2024-10-01,297,7.46,TX
LN-2024-06273,Direct,15yr Fixed,1060468,2024-07-01,292,6.789,IL
LN-2024-06274,Correspondent,15yr Fixed,374343,2024-12-01,322,7.667,TX
LN-2024-06275,Wholesale,30yr Fixed,244997,2024-07-01,309,6.495,AZ
LN-2024-06276,Correspondent,30yr Fixed,350063,2024-04-01,286,6.745,TX
LN-2024-06277,Direct,15yr Fixed,685355,2024-03-01,294,8.197,AZ
LN-2024-06278,Wholesale,15yr Fixed,649118,2024-04-01,370,7.323,CA
LN-2024-06279,Wholesale,15yr Fixed,938976,2024-12-01,374,6.356,NY
LN-2024-06280,Direct,15yr Fixed,747120,2024-02-01,329,6.335,CA
LN-2024-06281,Direct,ARM 5/1,221224,2024-10-01,268,6.357,FL
LN-2024-06282,Wholesale,15yr Fixed,873226,2024-02-01,279,8.414,TX
LN-2024-06283,Direct,30yr Fixed,831932,2024-06-01,323,6.038,AZ
LN-2024-06284,Retail,15yr Fixed,505383,2024-04-01,291,8.307,IL
LN-2024-06285,Direct,ARM 5/1,589459,2024-09-01,260,7.385,FL
LN-2024-06286,Correspondent,30yr Fixed,954155,2024-06-01,261,6.6,TX
LN-2024-06287,Correspondent,15yr Fixed,1192492,2024-01-01,323,6.87,IL
LN-2024-06288,Wholesale,30yr Fixed,197519,2024-09-01,266,5.575,CA
LN-2024-06289,Wholesale,ARM 5/1,338186,2024-10-01,277,7.091,TX
LN-2024-06290,Correspondent,ARM 5/1,886240,2024-06-01,346,7.39,FL
LN-2024-06291,Correspondent,15yr Fixed,750342,2024-06-01,351,6.246,TX
LN-2024-06292,Direct,15yr Fixed,259780,2024-09-01,285,7.631,AZ
LN-2024-06293,Direct,15yr Fixed,985265,2024-12-01,344,7.737,IL
LN-2024-06294,Correspondent,ARM 5/1,1112835,2024-08-01,345,8.094,TX
LN-2024-06295,Correspondent,15yr Fixed,619103,2024-05-01,265,6.426,CA
LN-2024-06296,Direct,30yr Fixed,870423,2024-12-01,258,7.782,FL
LN-2024-06297,Retail,ARM 5/1,554537,2024-08-01,340,6.952,NY
LN-2024-06298,Correspondent,30yr Fixed,1069324,2024-04-01,290,6.425,TX
LN-2024-06299,Direct,ARM 5/1,1078179,2024-09-01,318,6.156,FL
LN-2024-06300,Correspondent,ARM 5/1,1012253,2024-01-01,358,5.859,AZ
LN-2024-06301,Retail,30yr Fixed,1014347,2024-10-01,300,6.261,NY
LN-2024-06302,Correspondent,30yr Fixed,475425,2024-04-01,366,7.025,FL
LN-2024-06303,Direct,ARM 5/1,427352,2024-03-01,349,6.125,NY
LN-2024-06304,Retail,30yr Fixed,293151,2024-05-01,333,6.011,IL
LN-2024-06305,Correspondent,15yr Fixed,820438,2024-02-01,374,7.226,CA
LN-2024-06306,Wholesale,15yr Fixed,172173,2024-08-01,287,5.674,CA
LN-2024-06307,Correspondent,ARM 5/1,154498,2024-02-01,337,7.863,CA
LN-2024-06308,Direct,ARM 5/1,1038522,2024-10-01,351,7.952,AZ
LN-2024-06309,Correspondent,15yr Fixed,780247,2024-11-01,288,7.9,FL
LN-2024-06310,Correspondent,15yr Fixed,152898,2024-09-01,300,7.041,IL
LN-2024-06311,Wholesale,15yr Fixed,1191610,2024-06-01,262,7.212,AZ
LN-2024-06312,Direct,ARM 5/1,899165,2024-11-01,367,7.36,FL
LN-2024-06313,Correspondent,15yr Fixed,1029151,2024-11-01,344,7.379,CA
LN-2024-06314,Retail,30yr Fixed,871262,2024-07-01,348,8.393,TX
LN-2024-06315,Retail,15yr Fixed,778597,2024-09-01,322,5.743,AZ
LN-2024-06316,Retail,30yr Fixed,215646,2024-03-01,254,5.805,AZ
LN-2024-06317,Retail,30yr Fixed,501282,2024-03-01,347,6.379,AZ
LN-2024-06318,Retail,30yr Fixed,860541,2024-04-01,264,5.501,FL
LN-2024-06319,Retail,ARM 5/1,458404,2024-09-01,332,7.186,NY
LN-2024-06320,Direct,15yr Fixed,922784,2024-08-01,298,6.89,NY
LN-2024-06321,Retail,30yr Fixed,1081121,2024-02-01,363,6.662,CA
LN-2024-06322,Correspondent,ARM 5/1,301667,2024-08-01,288,6.503,TX
LN-2024-06323,Wholesale,ARM 5/1,311673,2024-05-01,358,6.052,NY
LN-2024-06324,Direct,15yr Fixed,243060,2024-04-01,366,7.132,NY
LN-2024-06325,Correspondent,15yr Fixed,1090212,2024-08-01,379,5.986,AZ
LN-2024-06326,Direct,30yr Fixed,563478,2024-10-01,358,7.145,IL
LN-2024-06327,Retail,30yr Fixed,794038,2024-07-01,374,6.658,AZ
LN-2024-06328,Direct,ARM 5/1,905070,2024-09-01,342,6.55,TX
LN-2024-06329,Wholesale,15yr Fixed,743875,2024-01-01,283,6.593,AZ
LN-2024-06330,Retail,ARM 5/1,926900,2024-08-01,258,7.146,NY
LN-2024-06331,Direct,ARM 5/1,601072,2024-07-01,300,8.091,IL
LN-2024-06332,Correspondent,30yr Fixed,1006908,2024-01-01,379,6.842,NY
LN-2024-06333,Correspondent,15yr Fixed,828211,2024-09-01,250,7.793,TX
LN-2024-06334,Retail,30yr Fixed,490995,2024-09-01,372,6.001,NY
LN-2024-06335,Wholesale,15yr Fixed,386470,2024-02-01,298,6.938,CA
LN-2024-06336,Retail,15yr Fixed,152455,2024-11-01,342,5.567,IL
LN-2024-06337,Retail,30yr Fixed,900850,2024-03-01,377,7.329,FL
LN-2024-06338,Correspondent,30yr Fixed,1112537,2024-06-01,366,6.154,AZ
LN-2024-06339,Correspondent,15yr Fixed,778443,2024-06-01,347,5.621,FL
LN-2024-06340,Direct,30yr Fixed,297074,2024-09-01,290,7.74,IL
LN-2024-06341,Correspondent,15yr Fixed,334054,2024-01-01,300,8.101,FL
LN-2024-06342,Retail,30yr Fixed,605964,2024-01-01,340,6.26,CA
LN-2024-06343,Direct,30yr Fixed,299040,2024-07-01,289,5.796,AZ
LN-2024-06344,Wholesale,15yr Fixed,576993,2024-03-01,306,6.389,TX
LN-2024-06345,Correspondent,ARM 5/1,1063255,2024-03-01,289,6.224,AZ
LN-2024-06346,Correspondent,ARM 5/1,584680,2024-04-01,373,6.303,FL
LN-2024-06347,Correspondent,15yr Fixed,328809,2024-09-01,360,8.429,IL
LN-2024-06348,Direct,ARM 5/1,1019319,2024-08-01,303,7.298,FL
LN-2024-06349,Wholesale,15yr Fixed,692956,2024-10-01,314,6.727,CA
LN-2024-06350,Correspondent,15yr Fixed,736686,2024-08-01,254,5.584,NY
LN-2024-06351,Direct,15yr Fixed,876010,2024-04-01,367,7.97,CA
LN-2024-06352,Correspondent,30yr Fixed,200486,2024-09-01,311,5.915,FL
LN-2024-06353,Correspondent,ARM 5/1,468280,2024-10-01,276,6.818,IL
LN-2024-06354,Direct,30yr Fixed,419162,2024-06-01,281,6.944,CA
LN-2024-06355,Wholesale,30yr Fixed,529683,2024-01-01,297,5.843,IL
LN-2024-06356,Wholesale,15yr Fixed,793988,2024-08-01,342,7.981,TX
LN-2024-06357,Retail,15yr Fixed,1153512,2024-12-01,366,6.381,CA
LN-2024-06358,Correspondent,ARM 5/1,867652,2024-09-01,251,5.718,TX
LN-2024-06359,Correspondent,15yr Fixed,1028372,2024-04-01,291,6.226,CA
LN-2024-06360,Retail,ARM 5/1,1021999,2024-11-01,251,6.43,NY
LN-2024-06361,Correspondent,ARM 5/1,340516,2024-10-01,307,7.416,FL
LN-2024-06362,Wholesale,15yr Fixed,384869,2024-02-01,276,8.051,FL
LN-2024-06363,Correspondent,30yr Fixed,620561,2024-02-01,301,6.391,CA
LN-2024-06364,Wholesale,ARM 5/1,1113365,2024-09-01,260,6.432,TX
LN-2024-06365,Direct,15yr Fixed,216088,2024-12-01,359,6.02,AZ
LN-2024-06366,Direct,15yr Fixed,1110096,2024-01-01,303,6.669,CA
LN-2024-06367,Retail,ARM 5/1,635593,2024-04-01,367,6.896,TX
LN-2024-06368,Wholesale,30yr Fixed,591840,2024-01-01,359,5.812,CA
LN-2024-06369,Wholesale,ARM 5/1,1191673,2024-02-01,373,6.694,FL
LN-2024-06370,Wholesale,30yr Fixed,620696,2024-01-01,330,6.085,IL
LN-2024-06371,Wholesale,ARM 5/1,178766,2024-12-01,316,7.573,NY
LN-2024-06372,Direct,30yr Fixed,858171,2024-03-01,300,7.351,CA
LN-2024-06373,Wholesale,15yr Fixed,787156,2024-09-01,318,5.687,AZ
LN-2024-06374,Direct,ARM 5/1,876009,2024-07-01,346,7.07,TX
LN-2024-06375,Wholesale,ARM 5/1,164479,2024-04-01,342,8.46,NY
LN-2024-06376,Direct,ARM 5/1,1121974,2024-12-01,369,8.074,IL
LN-2024-06377,Correspondent,ARM 5/1,233610,2024-03-01,325,7.855,CA
LN-2024-06378,Retail,15yr Fixed,1036956,2024-08-01,292,7.584,NY
LN-2024-06379,Retail,30yr Fixed,1186602,2024-03-01,317,7.316,TX
LN-2024-06380,Direct,15yr Fixed,272424,2024-06-01,367,8.393,IL
LN-2024-06381,Direct,ARM 5/1,286208,2024-03-01,279,6.721,FL
LN-2024-06382,Wholesale,ARM 5/1,888144,2024-02-01,255,6.091,IL
LN-2024-06383,Direct,30yr Fixed,217356,2024-08-01,278,5.518,TX
LN-2024-06384,Retail,30yr Fixed,930373,2024-04-01,250,5.822,FL
LN-2024-06385,Correspondent,ARM 5/1,347030,2024-02-01,320,8.096,FL
LN-2024-06386,Correspondent,30yr Fixed,1163782,2024-07-01,340,7.149,FL
LN-2024-06387,Wholesale,30yr Fixed,527484,2024-05-01,360,6.825,TX
LN-2024-06388,Retail,30yr Fixed,261870,2024-08-01,372,8.34,TX
LN-2024-06389,Correspondent,ARM 5/1,997767,2024-07-01,256,7.465,TX
LN-2024-06390,Direct,30yr Fixed,383325,2024-10-01,253,6.668,AZ
LN-2024-06391,Wholesale,30yr Fixed,1196983,2024-07-01,317,6.376,CA
LN-2024-06392,Direct,ARM 5/1,1051725,2024-06-01,264,6.906,FL
LN-2024-06393,Retail,30yr Fixed,413728,2024-01-01,285,8.092,CA
LN-2024-06394,Direct,ARM 5/1,237398,2024-10-01,274,5.863,IL
LN-2024-06395,Wholesale,15yr Fixed,1102308,2024-10-01,343,6.391,NY
LN-2024-06396,Retail,30yr Fixed,1051295,2024-11-01,260,6.368,AZ
LN-2024-06397,Wholesale,ARM 5/1,538507,2024-12-01,331,8.116,NY
LN-2024-06398,Direct,30yr Fixed,925791,2024-02-01,267,7.97,NY
LN-2024-06399,Retail,30yr Fixed,1161248,2024-06-01,346,8.169,FL
LN-2024-06400,Retail,ARM 5/1,550505,2024-10-01,280,7.265,TX
LN-2024-06401,Correspondent,ARM 5/1,606249,2024-03-01,286,6.727,TX
LN-2024-06402,Direct,ARM 5/1,813600,2024-09-01,343,5.72,CA
LN-2024-06403,Wholesale,ARM 5/1,603595,2024-10-01,284,6.504,FL
LN-2024-06404,Direct,15yr Fixed,768902,2024-06-01,285,6.376,IL
LN-2024-06405,Retail,30yr Fixed,426272,2024-11-01,254,7.932,NY
LN-2024-06406,Correspondent,ARM 5/1,173653,2024-09-01,319,8.422,CA
LN-2024-06407,Correspondent,15yr Fixed,464475,2024-12-01,325,6.029,FL
LN-2024-06408,Retail,ARM 5/1,878405,2024-02-01,322,6.833,FL
LN-2024-06409,Retail,30yr Fixed,289912,2024-04-01,311,7.883,IL
LN-2024-06410,Retail,15yr Fixed,404943,2024-12-01,271,6.973,AZ
LN-2024-06411,Direct,15yr Fixed,351557,2024-02-01,353,6.674,AZ
LN-2024-06412,Retail,ARM 5/1,861149,2024-12-01,286,7.886,CA
LN-2024-06413,Direct,30yr Fixed,430191,2024-02-01,337,7.966,AZ
LN-2024-06414,Retail,15yr Fixed,374386,2024-10-01,269,6.432,TX
LN-2024-06415,Correspondent,15yr Fixed,789002,2024-02-01,304,8.192,CA
LN-2024-06416,Direct,30yr Fixed,1066948,2024-02-01,277,6.523,FL
LN-2024-06417,Wholesale,30yr Fixed,860826,2024-05-01,286,7.03,TX
LN-2024-06418,Correspondent,15yr Fixed,1131421,2024-04-01,368,7.301,TX
LN-2024-06419,Direct,ARM 5/1,860530,2024-09-01,300,7.912,FL
LN-2024-06420,Wholesale,30yr Fixed,172053,2024-06-01,319,8.388,FL
LN-2024-06421,Wholesale,ARM 5/1,993412,2024-05-01,283,7.442,AZ
LN-2024-06422,Correspondent,30yr Fixed,401237,2024-12-01,331,5.63,NY
LN-2024-06423,Correspondent,15yr Fixed,359896,2024-08-01,350,5.86,TX
LN-2024-06424,Retail,ARM 5/1,1180889,2024-09-01,291,5.742,IL
LN-2024-06425,Retail,15yr Fixed,867160,2024-09-01,371,7.303,AZ
LN-2024-06426,Direct,30yr Fixed,486582,2024-12-01,281,5.982,CA
LN-2024-06427,Correspondent,ARM 5/1,1139415,2024-08-01,368,7.705,AZ
LN-2024-06428,Retail,ARM 5/1,395499,2024-05-01,357,5.507,AZ
LN-2024-06429,Direct,ARM 5/1,764940,2024-02-01,267,6.364,TX
LN-2024-06430,Retail,30yr Fixed,732890,2024-11-01,302,5.577,AZ
LN-2024-06431,Retail,30yr Fixed,343041,2024-05-01,347,6.819,CA
LN-2024-06432,Retail,30yr Fixed,629424,2024-09-01,267,6.298,CA
LN-2024-06433,Wholesale,ARM 5/1,536381,2024-05-01,321,7.333,AZ
LN-2024-06434,Wholesale,15yr Fixed,1091450,2024-01-01,337,8.012,AZ
LN-2024-06435,Correspondent,ARM 5/1,654704,2024-08-01,360,6.022,CA
LN-2024-06436,Wholesale,15yr Fixed,852328,2024-02-01,266,6.797,FL
LN-2024-06437,Direct,30yr Fixed,1109993,2024-02-01,282,7.09,FL
LN-2024-06438,Wholesale,ARM 5/1,485611,2024-12-01,307,7.315,TX
LN-2024-06439,Correspondent,ARM 5/1,471069,2024-02-01,295,6.497,CA
LN-2024-06440,Retail,ARM 5/1,253025,2024-05-01,318,8.062,TX
LN-2024-06441,Correspondent,15yr Fixed,884760,2024-05-01,254,7.404,CA
LN-2024-06442,Direct,30yr Fixed,1158266,2024-11-01,269,6.801,AZ
LN-2024-06443,Correspondent,30yr Fixed,739753,2024-09-01,278,6.404,CA
LN-2024-06444,Retail,30yr Fixed,1051295,2024-06-01,376,7.891,TX
LN-2024-06445,Wholesale,30yr Fixed,954586,2024-04-01,354,7.901,IL
LN-2024-06446,Retail,30yr Fixed,702016,2024-04-01,276,8.366,AZ
LN-2024-06447,Direct,30yr Fixed,299903,2024-09-01,251,7.825,FL
LN-2024-06448,Correspondent,15yr Fixed,1165327,2024-12-01,326,7.557,CA
LN-2024-06449,Correspondent,30yr Fixed,328083,2024-09-01,361,6.596,IL
LN-2024-06450,Wholesale,ARM 5/1,775796,2024-12-01,368,7.329,AZ
LN-2024-06451,Wholesale,30yr Fixed,300834,2024-08-01,369,6.281,IL
LN-2024-06452,Direct,15yr Fixed,593291,2024-05-01,312,6.431,NY
LN-2024-06453,Direct,30yr Fixed,572676,2024-07-01,250,6.559,IL
LN-2024-06454,Retail,ARM 5/1,425958,2024-11-01,334,8.458,CA
LN-2024-06455,Correspondent,30yr Fixed,751413,2024-12-01,341,6.261,IL
LN-2024-06456,Wholesale,15yr Fixed,446836,2024-06-01,271,5.571,NY
LN-2024-06457,Correspondent,15yr Fixed,1004655,2024-09-01,284,5.989,NY
LN-2024-06458,Direct,30yr Fixed,780185,2024-05-01,373,6.273,FL
LN-2024-06459,Retail,15yr Fixed,303601,2024-07-01,291,6.956,TX
LN-2024-06460,Retail,30yr Fixed,1185585,2024-04-01,361,6.35,IL
LN-2024-06461,Retail,15yr Fixed,1155340,2024-09-01,332,5.961,AZ
LN-2024-06462,Direct,15yr Fixed,1147223,2024-04-01,361,7.264,TX
LN-2024-06463,Retail,ARM 5/1,698088,2024-07-01,334,6.29,FL
LN-2024-06464,Correspondent,15yr Fixed,1106201,2024-06-01,285,6.135,IL
LN-2024-06465,Correspondent,ARM 5/1,506996,2024-02-01,329,6.631,IL
LN-2024-06466,Direct,30yr Fixed,479668,2024-09-01,372,7.055,IL
LN-2024-06467,Wholesale,30yr Fixed,1133619,2024-12-01,303,7.271,NY
LN-2024-06468,Direct,ARM 5/1,383945,2024-10-01,347,7.026,NY
LN-2024-06469,Correspondent,ARM 5/1,732350,2024-09-01,270,5.559,TX
LN-2024-06470,Wholesale,30yr Fixed,1035798,2024-12-01,354,5.546,FL
LN-2024-06471,Direct,ARM 5/1,585009,2024-12-01,293,7.068,CA
LN-2024-06472,Correspondent,ARM 5/1,996741,2024-01-01,318,6.127,TX
LN-2024-06473,Wholesale,15yr Fixed,262873,2024-02-01,327,7.388,TX
LN-2024-06474,Direct,ARM 5/1,805451,2024-07-01,278,5.878,IL
LN-2024-06475,Retail,30yr Fixed,1118857,2024-08-01,257,5.991,IL
LN-2024-06476,Wholesale,ARM 5/1,824685,2024-07-01,255,6.202,AZ
LN-2024-06477,Correspondent,15yr Fixed,412113,2024-02-01,313,6.56,TX
LN-2024-06478,Direct,15yr Fixed,540738,2024-09-01,372,6.812,TX
LN-2024-06479,Direct,15yr Fixed,314461,2024-04-01,328,8.068,FL
LN-2024-06480,Correspondent,30yr Fixed,956989,2024-09-01,319,7.492,IL
LN-2024-06481,Correspondent,15yr Fixed,656982,2024-11-01,270,8.208,IL
LN-2024-06482,Direct,ARM 5/1,470902,2024-10-01,271,8.1,FL
LN-2024-06483,Retail,30yr Fixed,597735,2024-10-01,343,6.579,NY
LN-2024-06484,Retail,ARM 5/1,422590,2024-01-01,288,6.099,AZ
LN-2024-06485,Retail,30yr Fixed,327289,2024-02-01,361,6.975,TX
LN-2024-06486,Retail,15yr Fixed,621470,2024-07-01,372,5.706,CA
LN-2024-06487,Direct,ARM 5/1,826485,2024-09-01,377,6.024,AZ
LN-2024-06488,Wholesale,15yr Fixed,257456,2024-06-01,287,7.475,FL
LN-2024-06489,Correspondent,ARM 5/1,406127,2024-03-01,296,7.992,TX
LN-2024-06490,Wholesale,30yr Fixed,447895,2024-04-01,361,7.23,CA
LN-2024-06491,Wholesale,30yr Fixed,429498,2024-07-01,287,5.882,CA
LN-2024-06492,Wholesale,ARM 5/1,185856,2024-09-01,282,6.853,AZ
LN-2024-06493,Wholesale,15yr Fixed,752505,2024-03-01,298,7.703,AZ
LN-2024-06494,Direct,30yr Fixed,506180,2024-07-01,251,7.641,FL
LN-2024-06495,Wholesale,ARM 5/1,570991,2024-02-01,268,8.015,AZ
LN-2024-06496,Direct,15yr Fixed,742743,2024-06-01,275,6.129,IL
LN-2024-06497,Wholesale,15yr Fixed,944184,2024-08-01,257,8.411,FL
LN-2024-06498,Correspondent,30yr Fixed,206305,2024-05-01,299,7.804,TX
LN-2024-06499,Retail,15yr Fixed,1032847,2024-04-01,330,8.122,AZ
LN-2024-06500,Wholesale,30yr Fixed,1071845,2024-06-01,373,6.712,IL
LN-2024-06501,Correspondent,30yr Fixed,362033,2024-05-01,354,8.095,AZ
LN-2024-06502,Wholesale,ARM 5/1,428186,2024-09-01,294,7.471,NY
LN-2024-06503,Wholesale,15yr Fixed,639693,2024-11-01,380,6.472,TX
LN-2024-06504,Wholesale,15yr Fixed,969198,2024-04-01,292,6.325,CA
LN-2024-06505,Direct,15yr Fixed,615097,2024-11-01,264,5.539,AZ
LN-2024-06506,Wholesale,30yr Fixed,154445,2024-02-01,291,6.18,NY
LN-2024-06507,Retail,30yr Fixed,763848,2024-03-01,328,6.113,CA
LN-2024-06508,Direct,15yr Fixed,430994,2024-10-01,380,5.544,FL
LN-2024-06509,Retail,15yr Fixed,1058476,2024-03-01,353,7.121,TX
LN-2024-06510,Wholesale,30yr Fixed,601098,2024-10-01,261,7.73,CA
LN-2024-06511,Retail,ARM 5/1,969070,2024-08-01,256,6.995,NY
LN-2024-06512,Direct,15yr Fixed,717632,2024-03-01,278,5.893,IL
LN-2024-06513,Retail,ARM 5/1,1006817,2024-03-01,299,6.684,NY
LN-2024-06514,Wholesale,30yr Fixed,626670,2024-12-01,325,8.314,IL
LN-2024-06515,Wholesale,30yr Fixed,889570,2024-06-01,312,6.264,FL
LN-2024-06516,Direct,15yr Fixed,1188571,2024-08-01,293,6.352,NY
LN-2024-06517,Correspondent,30yr Fixed,1113663,2024-01-01,252,7.158,CA
LN-2024-06518,Wholesale,30yr Fixed,214731,2024-03-01,289,7.558,TX
LN-2024-06519,Correspondent,30yr Fixed,406368,2024-02-01,373,5.726,NY
LN-2024-06520,Wholesale,15yr Fixed,233127,2024-06-01,325,8.111,AZ
LN-2024-06521,Wholesale,30yr Fixed,1123567,2024-10-01,251,6.413,NY
LN-2024-06522,Retail,30yr Fixed,178483,2024-10-01,280,7.174,TX
LN-2024-06523,Direct,30yr Fixed,525864,2024-05-01,344,8.113,TX
LN-2024-06524,Wholesale,15yr Fixed,332444,2024-10-01,354,8.246,AZ
LN-2024-06525,Retail,30yr Fixed,259416,2024-08-01,271,7.3,CA
LN-2024-06526,Correspondent,15yr Fixed,194422,2024-07-01,292,5.514,TX
LN-2024-06527,Correspondent,ARM 5/1,567373,2024-10-01,317,6.966,IL
LN-2024-06528,Correspondent,30yr Fixed,657670,2024-09-01,264,5.714,CA
LN-2024-06529,Direct,15yr Fixed,484208,2024-04-01,301,7.611,IL
LN-2024-06530,Retail,15yr Fixed,626883,2024-11-01,379,6.551,CA
LN-2024-06531,Direct,15yr Fixed,604843,2024-10-01,366,7.303,AZ
LN-2024-06532,Direct,30yr Fixed,189569,2024-05-01,372,7.987,CA
LN-2024-06533,Retail,ARM 5/1,667420,2024-11-01,372,7.131,AZ
LN-2024-06534,Wholesale,30yr Fixed,938570,2024-03-01,253,7.638,FL
LN-2024-06535,Retail,30yr Fixed,1015730,2024-11-01,306,7.497,IL
LN-2024-06536,Correspondent,30yr Fixed,252332,2024-05-01,293,7.36,NY
LN-2024-06537,Direct,15yr Fixed,508367,2024-03-01,258,6.063,TX
LN-2024-06538,Wholesale,15yr Fixed,537930,2024-01-01,319,6.078,IL
LN-2024-06539,Direct,ARM 5/1,872076,2024-05-01,298,6.679,CA
LN-2024-06540,Correspondent,ARM 5/1,896594,2024-12-01,364,6.111,IL
LN-2024-06541,Wholesale,30yr Fixed,774494,2024-12-01,293,6.945,CA
LN-2024-06542,Wholesale,ARM 5/1,931863,2024-01-01,299,6.423,AZ
LN-2024-06543,Direct,30yr Fixed,592428,2024-07-01,290,7.373,FL
LN-2024-06544,Direct,ARM 5/1,805552,2024-12-01,368,6.87,CA
LN-2024-06545,Correspondent,15yr Fixed,1142011,2024-11-01,267,6.978,AZ
LN-2024-06546,Correspondent,15yr Fixed,178103,2024-05-01,298,7.413,TX
LN-2024-06547,Retail,ARM 5/1,871443,2024-09-01,286,5.745,TX
LN-2024-06548,Direct,30yr Fixed,615123,2024-10-01,278,6.386,AZ
LN-2024-06549,Wholesale,15yr Fixed,558139,2024-08-01,263,7.509,CA
LN-2024-06550,Direct,30yr Fixed,609486,2024-12-01,271,7.162,NY
LN-2024-06551,Retail,ARM 5/1,424165,2024-10-01,316,7.86,FL
LN-2024-06552,Direct,15yr Fixed,907319,2024-12-01,270,6.536,FL
LN-2024-06553,Wholesale,15yr Fixed,777756,2024-06-01,307,6.881,AZ
LN-2024-06554,Wholesale,30yr Fixed,162296,2024-09-01,268,6.216,CA
LN-2024-06555,Retail,ARM 5/1,233483,2024-12-01,312,7.907,NY
LN-2024-06556,Retail,30yr Fixed,419880,2024-08-01,330,6.324,AZ
LN-2024-06557,Wholesale,ARM 5/1,1031963,2024-10-01,257,7.309,CA
LN-2024-06558,Correspondent,ARM 5/1,618653,2024-05-01,373,6.415,TX
LN-2024-06559,Wholesale,30yr Fixed,640667,2024-02-01,265,7.79,IL
LN-2024-06560,Direct,ARM 5/1,399604,2024-06-01,304,5.998,NY
LN-2024-06561,Correspondent,30yr Fixed,911621,2024-09-01,282,5.566,AZ
LN-2024-06562,Wholesale,ARM 5/1,712900,2024-03-01,255,5.809,FL
LN-2024-06563,Wholesale,30yr Fixed,685701,2024-08-01,344,6.379,FL
LN-2024-06564,Direct,30yr Fixed,581802,2024-05-01,368,5.785,CA
LN-2024-06565,Direct,30yr Fixed,350496,2024-12-01,274,6.442,AZ
LN-2024-06566,Direct,30yr Fixed,1013351,2024-08-01,287,6.373,IL
LN-2024-06567,Correspondent,ARM 5/1,1132975,2024-05-01,374,6.62,FL
LN-2024-06568,Wholesale,30yr Fixed,319464,2024-07-01,269,7.603,AZ
LN-2024-06569,Wholesale,30yr Fixed,282288,2024-12-01,358,7.445,CA
LN-2024-06570,Direct,30yr Fixed,1150509,2024-06-01,328,5.63,TX
LN-2024-06571,Retail,ARM 5/1,925684,2024-05-01,370,8.348,TX
LN-2024-06572,Correspondent,30yr Fixed,213750,2024-04-01,267,7.134,NY
LN-2024-06573,Wholesale,ARM 5/1,685972,2024-12-01,362,8.244,TX
LN-2024-06574,Direct,30yr Fixed,1138947,2024-08-01,316,6.76,CA
LN-2024-06575,Wholesale,30yr Fixed,944685,2024-10-01,330,7.878,IL
LN-2024-06576,Direct,ARM 5/1,685130,2024-10-01,263,6.445,AZ
LN-2024-06577,Direct,30yr Fixed,203333,2024-01-01,360,6.468,IL
LN-2024-06578,Wholesale,ARM 5/1,282398,2024-05-01,294,5.51,TX
LN-2024-06579,Direct,15yr Fixed,308056,2024-09-01,301,5.722,CA
LN-2024-06580,Retail,ARM 5/1,1093211,2024-02-01,282,8.065,IL
LN-2024-06581,Wholesale,ARM 5/1,793840,2024-05-01,281,5.867,FL
LN-2024-06582,Correspondent,ARM 5/1,495083,2024-11-01,294,7.318,CA
LN-2024-06583,Wholesale,30yr Fixed,667246,2024-04-01,305,6.449,NY
LN-2024-06584,Direct,30yr Fixed,442572,2024-04-01,301,7.02,NY
LN-2024-06585,Wholesale,15yr Fixed,248095,2024-05-01,345,5.532,CA
LN-2024-06586,Retail,ARM 5/1,866930,2024-10-01,363,5.905,TX
LN-2024-06587,Wholesale,ARM 5/1,1070224,2024-05-01,291,5.744,CA
LN-2024-06588,Correspondent,15yr Fixed,476176,2024-04-01,276,6.398,IL
LN-2024-06589,Direct,ARM 5/1,661146,2024-09-01,350,5.824,IL
LN-2024-06590,Retail,ARM 5/1,1147163,2024-02-01,346,6.113,CA
LN-2024-06591,Direct,30yr Fixed,324222,2024-11-01,323,7.971,TX
LN-2024-06592,Direct,ARM 5/1,835258,2024-07-01,302,6.413,AZ
LN-2024-06593,Correspondent,15yr Fixed,480516,2024-07-01,328,5.604,IL
LN-2024-06594,Correspondent,15yr Fixed,551914,2024-11-01,311,6.815,TX
LN-2024-06595,Correspondent,15yr Fixed,565705,2024-07-01,313,7.333,CA
LN-2024-06596,Retail,15yr Fixed,1118007,2024-09-01,371,5.829,TX
LN-2024-06597,Direct,15yr Fixed,998855,2024-06-01,353,7.856,NY
LN-2024-06598,Retail,15yr Fixed,748773,2024-10-01,300,7.248,CA
LN-2024-06599,Direct,30yr Fixed,192318,2024-12-01,285,6.004,CA
LN-2024-06600,Retail,15yr Fixed,1193255,2024-07-01,345,7.809,TX
LN-2024-06601,Correspondent,ARM 5/1,1026452,2024-05-01,309,6.824,FL
LN-2024-06602,Correspondent,15yr Fixed,328338,2024-04-01,269,7.859,FL
LN-2024-06603,Retail,ARM 5/1,719732,2024-05-01,275,8.367,FL
LN-2024-06604,Wholesale,30yr Fixed,1075441,2024-11-01,319,7.306,AZ
LN-2024-06605,Correspondent,30yr Fixed,740939,2024-01-01,298,7.326,TX
LN-2024-06606,Wholesale,15yr Fixed,449929,2024-08-01,298,7.574,NY
LN-2024-06607,Direct,15yr Fixed,458000,2024-10-01,369,7.723,CA
LN-2024-06608,Direct,30yr Fixed,187129,2024-11-01,360,5.774,NY
LN-2024-06609,Wholesale,ARM 5/1,527025,2024-11-01,250,7.496,FL
LN-2024-06610,Direct,ARM 5/1,1106332,2024-11-01,278,8.14,TX
LN-2024-06611,Direct,ARM 5/1,235757,2024-10-01,335,8.309,CA
LN-2024-06612,Retail,15yr Fixed,571528,2024-09-01,316,5.578,NY
LN-2024-06613,Correspondent,ARM 5/1,1031762,2024-10-01,264,5.534,CA
LN-2024-06614,Retail,30yr Fixed,392836,2024-03-01,371,7.721,IL
LN-2024-06615,Direct,15yr Fixed,1034278,2024-03-01,334,6.937,IL
LN-2024-06616,Direct,30yr Fixed,1117963,2024-03-01,326,5.598,TX
LN-2024-06617,Wholesale,ARM 5/1,642147,2024-01-01,257,6.848,NY
LN-2024-06618,Direct,15yr Fixed,727589,2024-04-01,358,5.983,CA
LN-2024-06619,Correspondent,30yr Fixed,727959,2024-06-01,301,6.576,NY
LN-2024-06620,Retail,30yr Fixed,188204,2024-04-01,323,6.506,TX
LN-2024-06621,Correspondent,ARM 5/1,549958,2024-10-01,351,7.979,NY
LN-2024-06622,Retail,30yr Fixed,1092430,2024-01-01,257,6.423,CA
LN-2024-06623,Direct,ARM 5/1,620583,2024-12-01,379,5.817,NY
LN-2024-06624,Retail,15yr Fixed,466968,2024-02-01,268,8.157,TX
LN-2024-06625,Wholesale,15yr Fixed,725393,2024-06-01,271,8.341,IL
LN-2024-06626,Retail,30yr Fixed,216686,2024-09-01,369,6.0,CA
LN-2024-06627,Wholesale,ARM 5/1,755033,2024-01-01,255,7.979,NY
LN-2024-06628,Correspondent,15yr Fixed,755202,2024-01-01,275,6.864,NY
LN-2024-06629,Retail,15yr Fixed,407057,2024-07-01,354,6.429,NY
LN-2024-06630,Retail,ARM 5/1,737583,2024-10-01,353,7.315,FL
LN-2024-06631,Direct,ARM 5/1,305734,2024-11-01,270,8.355,FL
LN-2024-06632,Correspondent,15yr Fixed,1003918,2024-09-01,290,6.897,AZ
LN-2024-06633,Wholesale,15yr Fixed,807064,2024-02-01,269,8.446,NY
LN-2024-06634,Retail,ARM 5/1,472381,2024-06-01,338,5.686,AZ
LN-2024-06635,Correspondent,30yr Fixed,907830,2024-10-01,334,5.72,IL
LN-2024-06636,Direct,15yr Fixed,672690,2024-10-01,339,6.781,IL
LN-2024-06637,Wholesale,ARM 5/1,389362,2024-06-01,291,6.155,FL
LN-2024-06638,Correspondent,ARM 5/1,263032,2024-08-01,290,7.928,CA
LN-2024-06639,Correspondent,30yr Fixed,1099523,2024-01-01,268,7.178,IL
LN-2024-06640,Wholesale,15yr Fixed,398524,2024-08-01,290,6.954,NY
LN-2024-06641,Wholesale,15yr Fixed,377163,2024-05-01,280,6.309,CA
LN-2024-06642,Retail,ARM 5/1,900600,2024-02-01,337,6.13,TX
LN-2024-06643,Correspondent,30yr Fixed,218619,2024-03-01,315,6.23,CA
LN-2024-06644,Retail,15yr Fixed,1186221,2024-01-01,323,6.064,TX
LN-2024-06645,Wholesale,30yr Fixed,154343,2024-12-01,339,5.874,IL
LN-2024-06646,Direct,15yr Fixed,446130,2024-07-01,311,8.31,IL
LN-2024-06647,Direct,30yr Fixed,334397,2024-06-01,290,6.334,FL
LN-2024-06648,Retail,30yr Fixed,339798,2024-07-01,315,6.78,TX
LN-2024-06649,Correspondent,15yr Fixed,325320,2024-10-01,356,6.992,FL
LN-2024-06650,Direct,15yr Fixed,379480,2024-07-01,368,7.082,CA
LN-2024-06651,Retail,30yr Fixed,864516,2024-04-01,315,6.964,FL
LN-2024-06652,Retail,15yr Fixed,225209,2024-02-01,250,6.423,NY
LN-2024-06653,Direct,ARM 5/1,707372,2024-04-01,251,6.686,CA
LN-2024-06654,Direct,15yr Fixed,153693,2024-04-01,351,7.04,FL
LN-2024-06655,Retail,30yr Fixed,976951,2024-08-01,329,6.536,FL
LN-2024-06656,Retail,30yr Fixed,569877,2024-04-01,362,7.644,AZ
LN-2024-06657,Wholesale,30yr Fixed,1147921,2024-02-01,257,7.898,IL
LN-2024-06658,Wholesale,15yr Fixed,637115,2024-06-01,292,8.499,FL
LN-2024-06659,Retail,30yr Fixed,199499,2024-04-01,261,6.849,IL
LN-2024-06660,Direct,15yr Fixed,151820,2024-02-01,278,7.82,AZ
LN-2024-06661,Retail,ARM 5/1,260428,2024-08-01,350,7.981,NY
LN-2024-06662,Wholesale,30yr Fixed,240989,2024-03-01,348,5.99,TX
LN-2024-06663,Retail,ARM 5/1,728569,2024-01-01,273,7.885,FL
LN-2024-06664,Correspondent,ARM 5/1,1068537,2024-11-01,287,7.141,NY
LN-2024-06665,Correspondent,ARM 5/1,1037881,2024-01-01,305,5.741,CA
LN-2024-06666,Wholesale,ARM 5/1,621224,2024-12-01,303,7.362,CA
LN-2024-06667,Correspondent,ARM 5/1,1129192,2024-10-01,312,5.535,AZ
LN-2024-06668,Correspondent,ARM 5/1,433837,2024-12-01,268,6.974,FL
LN-2024-06669,Direct,30yr Fixed,541346,2024-02-01,275,5.985,IL
LN-2024-06670,Correspondent,15yr Fixed,375441,2024-11-01,254,6.594,FL
LN-2024-06671,Direct,ARM 5/1,1066836,2024-04-01,328,6.978,IL
LN-2024-06672,Retail,ARM 5/1,193165,2024-04-01,281,6.661,TX
LN-2024-06673,Direct,30yr Fixed,642164,2024-05-01,252,7.365,AZ
LN-2024-06674,Retail,15yr Fixed,584616,2024-02-01,257,6.915,FL
LN-2024-06675,Correspondent,ARM 5/1,795562,2024-08-01,319,6.832,IL
LN-2024-06676,Correspondent,ARM 5/1,253835,2024-01-01,314,5.828,TX
LN-2024-06677,Direct,30yr Fixed,824416,2024-12-01,306,8.068,TX
LN-2024-06678,Wholesale,ARM 5/1,378406,2024-03-01,253,7.324,TX
LN-2024-06679,Correspondent,ARM 5/1,298022,2024-03-01,252,6.078,FL
LN-2024-06680,Retail,30yr Fixed,465401,2024-02-01,332,5.891,FL
LN-2024-06681,Correspondent,15yr Fixed,1131230,2024-12-01,292,6.013,IL
LN-2024-06682,Direct,15yr Fixed,1089551,2024-03-01,360,8.287,NY
LN-2024-06683,Retail,ARM 5/1,881384,2024-07-01,350,8.202,IL
LN-2024-06684,Direct,ARM 5/1,212163,2024-02-01,338,7.31,TX
LN-2024-06685,Wholesale,30yr Fixed,302667,2024-05-01,287,7.812,AZ
LN-2024-06686,Direct,15yr Fixed,472226,2024-02-01,289,5.689,CA
LN-2024-06687,Direct,30yr Fixed,229932,2024-04-01,252,5.674,NY
LN-2024-06688,Correspondent,15yr Fixed,156727,2024-07-01,363,7.635,FL
LN-2024-06689,Retail,ARM 5/1,779354,2024-03-01,282,6.124,CA
LN-2024-06690,Correspondent,ARM 5/1,356629,2024-03-01,269,6.238,TX
LN-2024-06691,Wholesale,30yr Fixed,393474,2024-03-01,371,5.792,NY
LN-2024-06692,Wholesale,15yr Fixed,812419,2024-01-01,344,6.869,IL
LN-2024-06693,Retail,ARM 5/1,1128828,2024-08-01,298,6.752,CA
LN-2024-06694,Retail,ARM 5/1,619916,2024-05-01,343,6.325,FL
LN-2024-06695,Correspondent,ARM 5/1,1041090,2024-04-01,323,7.268,IL
LN-2024-06696,Retail,ARM 5/1,703585,2024-01-01,359,7.32,NY
LN-2024-06697,Retail,30yr Fixed,497249,2024-03-01,300,7.266,FL
LN-2024-06698,Wholesale,30yr Fixed,678194,2024-11-01,270,6.22,CA
LN-2024-06699,Correspondent,15yr Fixed,775779,2024-04-01,347,5.613,AZ
LN-2024-06700,Direct,ARM 5/1,989240,2024-05-01,332,7.748,FL
LN-2024-06701,Correspondent,15yr Fixed,606474,2024-09-01,360,7.118,AZ
LN-2024-06702,Correspondent,30yr Fixed,461241,2024-01-01,307,7.758,NY
LN-2024-06703,Retail,15yr Fixed,1104911,2024-05-01,302,5.659,IL
LN-2024-06704,Direct,15yr Fixed,1193160,2024-09-01,290,6.398,NY
LN-2024-06705,Retail,15yr Fixed,853293,2024-06-01,297,5.951,TX
LN-2024-06706,Retail,ARM 5/1,944293,2024-02-01,279,8.469,IL
LN-2024-06707,Retail,ARM 5/1,598224,2024-01-01,359,8.253,IL
LN-2024-06708,Retail,15yr Fixed,157860,2024-07-01,322,7.696,CA
LN-2024-06709,Direct,30yr Fixed,812110,2024-04-01,277,8.054,AZ
LN-2024-06710,Wholesale,ARM 5/1,448108,2024-11-01,332,5.841,TX
LN-2024-06711,Retail,ARM 5/1,279375,2024-01-01,259,8.387,AZ
LN-2024-06712,Correspondent,30yr Fixed,975664,2024-07-01,264,5.877,AZ
LN-2024-06713,Correspondent,15yr Fixed,337416,2024-10-01,351,6.259,CA
LN-2024-06714,Retail,15yr Fixed,587506,2024-08-01,353,7.605,FL
LN-2024-06715,Direct,ARM 5/1,359569,2024-11-01,320,5.844,AZ
LN-2024-06716,Retail,ARM 5/1,619337,2024-09-01,369,7.575,FL
LN-2024-06717,Wholesale,30yr Fixed,743100,2024-02-01,301,7.78,TX
LN-2024-06718,Retail,ARM 5/1,350416,2024-02-01,294,5.647,NY
LN-2024-06719,Retail,ARM 5/1,934438,2024-04-01,291,5.984,NY
LN-2024-06720,Wholesale,15yr Fixed,196760,2024-10-01,343,7.345,AZ
LN-2024-06721,Correspondent,30yr Fixed,405666,2024-11-01,344,7.745,IL
LN-2024-06722,Wholesale,ARM 5/1,966244,2024-03-01,275,6.886,AZ
LN-2024-06723,Correspondent,15yr Fixed,973448,2024-06-01,289,6.839,TX
LN-2024-06724,Correspondent,15yr Fixed,595403,2024-10-01,261,8.499,AZ
LN-2024-06725,Direct,30yr Fixed,259688,2024-04-01,363,7.765,TX
LN-2024-06726,Retail,15yr Fixed,463133,2024-06-01,293,7.178,FL
LN-2024-06727,Direct,30yr Fixed,1147869,2024-09-01,317,7.183,FL
LN-2024-06728,Wholesale,30yr Fixed,989983,2024-12-01,270,7.146,NY
LN-2024-06729,Direct,ARM 5/1,418838,2024-02-01,297,6.113,CA
LN-2024-06730,Retail,ARM 5/1,582122,2024-09-01,361,8.019,NY
LN-2024-06731,Retail,ARM 5/1,802374,2024-10-01,306,6.503,AZ
LN-2024-06732,Correspondent,ARM 5/1,1165243,2024-03-01,277,8.276,CA
LN-2024-06733,Retail,15yr Fixed,701227,2024-01-01,284,7.335,TX
LN-2024-06734,Retail,ARM 5/1,451511,2024-04-01,317,5.855,FL
LN-2024-06735,Direct,15yr Fixed,921731,2024-06-01,272,6.13,NY
LN-2024-06736,Retail,30yr Fixed,360407,2024-09-01,285,7.777,IL
LN-2024-06737,Wholesale,30yr Fixed,829303,2024-11-01,255,8.298,TX
LN-2024-06738,Wholesale,ARM 5/1,646854,2024-03-01,342,6.504,FL
LN-2024-06739,Direct,15yr Fixed,230278,2024-05-01,375,5.839,AZ
LN-2024-06740,Direct,15yr Fixed,819992,2024-11-01,291,7.431,TX
LN-2024-06741,Retail,ARM 5/1,677136,2024-11-01,266,6.141,AZ
LN-2024-06742,Wholesale,30yr Fixed,628725,2024-08-01,259,8.322,CA
LN-2024-06743,Retail,15yr Fixed,185389,2024-05-01,286,8.445,TX
LN-2024-06744,Direct,ARM 5/1,690201,2024-11-01,259,7.551,IL
LN-2024-06745,Retail,30yr Fixed,643075,2024-08-01,329,6.068,FL
LN-2024-06746,Wholesale,15yr Fixed,997424,2024-07-01,284,6.548,FL
LN-2024-06747,Wholesale,15yr Fixed,723438,2024-03-01,302,5.907,FL
LN-2024-06748,Direct,30yr Fixed,201423,2024-07-01,349,6.743,CA
LN-2024-06749,Correspondent,15yr Fixed,313975,2024-01-01,330,6.181,TX
LN-2024-06750,Retail,ARM 5/1,725895,2024-11-01,299,6.59,TX
LN-2024-06751,Wholesale,15yr Fixed,1149348,2024-03-01,279,5.801,CA
LN-2024-06752,Correspondent,15yr Fixed,948228,2024-11-01,377,7.226,FL
LN-2024-06753,Retail,ARM 5/1,864462,2024-10-01,348,7.965,CA
LN-2024-06754,Retail,ARM 5/1,706758,2024-04-01,273,5.743,TX
LN-2024-06755,Retail,ARM 5/1,1175628,2024-01-01,326,7.973,IL
LN-2024-06756,Correspondent,ARM 5/1,475935,2024-05-01,355,6.797,TX
LN-2024-06757,Correspondent,30yr Fixed,829078,2024-10-01,287,6.148,CA
LN-2024-06758,Wholesale,ARM 5/1,300297,2024-08-01,255,7.845,CA
LN-2024-06759,Correspondent,ARM 5/1,606943,2024-01-01,324,5.59,FL
LN-2024-06760,Correspondent,30yr Fixed,330172,2024-06-01,297,7.927,TX
LN-2024-06761,Wholesale,30yr Fixed,365847,2024-08-01,301,6.49,FL
LN-2024-06762,Direct,ARM 5/1,1001883,2024-02-01,311,8.186,AZ
LN-2024-06763,Direct,30yr Fixed,408752,2024-10-01,254,7.995,CA
LN-2024-06764,Retail,ARM 5/1,373870,2024-05-01,307,6.744,FL
LN-2024-06765,Wholesale,30yr Fixed,914459,2024-12-01,306,6.34,NY
LN-2024-06766,Direct,30yr Fixed,243387,2024-02-01,276,7.627,NY
LN-2024-06767,Wholesale,15yr Fixed,1038615,2024-09-01,332,7.393,IL
LN-2024-06768,Direct,ARM 5/1,748090,2024-02-01,352,5.92,CA
LN-2024-06769,Wholesale,ARM 5/1,672199,2024-02-01,255,8.234,FL
LN-2024-06770,Direct,ARM 5/1,514842,2024-07-01,351,6.954,IL
LN-2024-06771,Correspondent,30yr Fixed,859009,2024-09-01,320,6.086,FL
LN-2024-06772,Direct,ARM 5/1,1103524,2024-12-01,341,7.226,AZ
LN-2024-06773,Retail,ARM 5/1,700973,2024-01-01,254,7.136,NY
LN-2024-06774,Correspondent,ARM 5/1,1014465,2024-01-01,362,6.191,TX
LN-2024-06775,Correspondent,15yr Fixed,491911,2024-10-01,282,6.695,TX
LN-2024-06776,Direct,30yr Fixed,1007091,2024-01-01,265,5.8,IL
LN-2024-06777,Retail,30yr Fixed,543884,2024-12-01,356,6.66,CA
LN-2024-06778,Direct,ARM 5/1,844541,2024-03-01,320,7.133,IL
LN-2024-06779,Correspondent,ARM 5/1,387633,2024-03-01,355,6.277,CA
LN-2024-06780,Direct,ARM 5/1,1174985,2024-11-01,319,7.845,CA
LN-2024-06781,Retail,15yr Fixed,171417,2024-08-01,301,7.611,TX
LN-2024-06782,Retail,30yr Fixed,362074,2024-09-01,272,8.303,CA
LN-2024-06783,Retail,ARM 5/1,1052595,2024-11-01,316,5.758,FL
LN-2024-06784,Correspondent,30yr Fixed,582275,2024-09-01,251,7.859,IL
LN-2024-06785,Retail,15yr Fixed,152386,2024-03-01,363,7.787,NY
LN-2024-06786,Correspondent,ARM 5/1,987392,2024-08-01,356,5.984,IL
LN-2024-06787,Correspondent,ARM 5/1,916109,2024-11-01,359,8.379,FL
LN-2024-06788,Correspondent,15yr Fixed,230690,2024-10-01,294,7.915,CA
LN-2024-06789,Correspondent,30yr Fixed,311993,2024-02-01,286,7.815,FL
LN-2024-06790,Retail,30yr Fixed,608105,2024-04-01,256,6.216,IL
LN-2024-06791,Direct,15yr Fixed,344361,2024-08-01,349,8.169,CA
LN-2024-06792,Direct,30yr Fixed,1085662,2024-02-01,358,7.981,TX
LN-2024-06793,Retail,30yr Fixed,224122,2024-10-01,333,6.735,CA
LN-2024-06794,Wholesale,15yr Fixed,1167881,2024-11-01,342,6.996,NY
LN-2024-06795,Retail,ARM 5/1,530414,2024-11-01,319,6.204,NY
LN-2024-06796,Retail,15yr Fixed,1128151,2024-02-01,378,7.462,TX
LN-2024-06797,Retail,30yr Fixed,226199,2024-12-01,258,5.908,NY
LN-2024-06798,Correspondent,30yr Fixed,880100,2024-06-01,377,6.795,FL
LN-2024-06799,Correspondent,ARM 5/1,781141,2024-10-01,357,5.607,IL
LN-2024-06800,Correspondent,15yr Fixed,237681,2024-07-01,379,7.115,NY
LN-2024-06801,Wholesale,15yr Fixed,945154,2024-07-01,321,6.87,FL
LN-2024-06802,Wholesale,15yr Fixed,761775,2024-07-01,296,6.628,TX
LN-2024-06803,Correspondent,ARM 5/1,212923,2024-01-01,299,7.098,CA
LN-2024-06804,Wholesale,ARM 5/1,496234,2024-02-01,255,5.61,NY
LN-2024-06805,Direct,30yr Fixed,1064199,2024-12-01,337,5.941,NY
LN-2024-06806,Direct,30yr Fixed,470936,2024-07-01,342,7.213,TX
LN-2024-06807,Retail,15yr Fixed,478888,2024-07-01,316,5.58,FL
LN-2024-06808,Wholesale,ARM 5/1,239621,2024-03-01,332,6.418,CA
LN-2024-06809,Retail,ARM 5/1,853225,2024-10-01,295,6.964,CA
LN-2024-06810,Direct,15yr Fixed,665064,2024-06-01,254,8.085,IL
LN-2024-06811,Retail,15yr Fixed,1138191,2024-09-01,283,6.608,AZ
LN-2024-06812,Direct,30yr Fixed,336945,2024-07-01,375,5.954,CA
LN-2024-06813,Retail,30yr Fixed,932273,2024-02-01,314,7.843,CA
LN-2024-06814,Direct,30yr Fixed,718691,2024-10-01,318,8.376,IL
LN-2024-06815,Direct,30yr Fixed,345037,2024-07-01,323,7.34,AZ
LN-2024-06816,Direct,15yr Fixed,836179,2024-10-01,376,7.502,CA
LN-2024-06817,Direct,15yr Fixed,568809,2024-01-01,363,8.133,NY
LN-2024-06818,Correspondent,15yr Fixed,380213,2024-03-01,287,7.141,NY
LN-2024-06819,Direct,30yr Fixed,1030962,2024-11-01,272,7.888,AZ
LN-2024-06820,Wholesale,ARM 5/1,215737,2024-05-01,296,5.682,FL
LN-2024-06821,Wholesale,30yr Fixed,322979,2024-05-01,318,5.826,TX
LN-2024-06822,Direct,ARM 5/1,1036348,2024-04-01,297,8.174,IL
LN-2024-06823,Retail,ARM 5/1,1132824,2024-10-01,364,7.649,NY
LN-2024-06824,Retail,15yr Fixed,762816,2024-09-01,280,6.035,CA
LN-2024-06825,Correspondent,30yr Fixed,493312,2024-12-01,299,6.19,CA
LN-2024-06826,Correspondent,ARM 5/1,687111,2024-03-01,359,8.256,CA
LN-2024-06827,Retail,15yr Fixed,877167,2024-11-01,321,5.571,CA
LN-2024-06828,Wholesale,30yr Fixed,570974,2024-08-01,338,7.22,TX
LN-2024-06829,Wholesale,15yr Fixed,491740,2024-02-01,357,5.904,TX
LN-2024-06830,Retail,15yr Fixed,477557,2024-06-01,335,7.596,NY
LN-2024-06831,Retail,15yr Fixed,162678,2024-12-01,309,8.351,NY
LN-2024-06832,Direct,15yr Fixed,863600,2024-02-01,324,7.789,AZ
LN-2024-06833,Correspondent,15yr Fixed,1187791,2024-05-01,343,8.162,AZ
LN-2024-06834,Wholesale,15yr Fixed,923738,2024-08-01,307,5.942,IL
LN-2024-06835,Wholesale,15yr Fixed,488562,2024-10-01,277,6.075,AZ
LN-2024-06836,Wholesale,ARM 5/1,956593,2024-11-01,280,6.646,TX
LN-2024-06837,Wholesale,ARM 5/1,452570,2024-09-01,251,8.448,NY
LN-2024-06838,Wholesale,15yr Fixed,613352,2024-11-01,329,5.889,AZ
LN-2024-06839,Wholesale,ARM 5/1,614520,2024-03-01,309,6.854,AZ
LN-2024-06840,Retail,15yr Fixed,710600,2024-12-01,301,6.442,IL
LN-2024-06841,Wholesale,15yr Fixed,1006226,2024-04-01,308,6.94,NY
LN-2024-06842,Direct,ARM 5/1,543254,2024-10-01,295,5.553,FL
LN-2024-06843,Wholesale,15yr Fixed,1112954,2024-09-01,253,7.487,FL
LN-2024-06844,Retail,15yr Fixed,371472,2024-09-01,261,8.439,CA
LN-2024-06845,Direct,30yr Fixed,882304,2024-02-01,277,7.433,AZ
LN-2024-06846,Direct,ARM 5/1,323259,2024-01-01,308,7.426,IL
LN-2024-06847,Retail,15yr Fixed,157771,2024-07-01,378,7.357,IL
LN-2024-06848,Correspondent,15yr Fixed,1146689,2024-09-01,328,6.586,TX
LN-2024-06849,Correspondent,15yr Fixed,903826,2024-03-01,304,8.036,FL
LN-2024-06850,Direct,ARM 5/1,621703,2024-11-01,255,8.354,IL
LN-2024-06851,Wholesale,15yr Fixed,474379,2024-12-01,281,6.613,FL
LN-2024-06852,Retail,15yr Fixed,861071,2024-04-01,252,8.116,TX
LN-2024-06853,Wholesale,ARM 5/1,544286,2024-07-01,270,8.408,TX
LN-2024-06854,Direct,ARM 5/1,150282,2024-01-01,363,5.722,CA
LN-2024-06855,Wholesale,ARM 5/1,744496,2024-09-01,292,8.088,FL
LN-2024-06856,Direct,ARM 5/1,832760,2024-02-01,276,6.7,IL
LN-2024-06857,Direct,ARM 5/1,1172423,2024-04-01,280,7.521,AZ
LN-2024-06858,Wholesale,15yr Fixed,598445,2024-01-01,292,6.849,AZ
LN-2024-06859,Retail,30yr Fixed,890978,2024-11-01,365,6.572,NY
LN-2024-06860,Wholesale,15yr Fixed,411023,2024-06-01,326,5.9,IL
LN-2024-06861,Retail,15yr Fixed,605551,2024-06-01,269,6.517,TX
LN-2024-06862,Wholesale,30yr Fixed,635498,2024-11-01,373,7.471,NY
LN-2024-06863,Retail,30yr Fixed,1169978,2024-12-01,259,7.483,AZ
LN-2024-06864,Correspondent,15yr Fixed,590485,2024-04-01,285,7.538,TX
LN-2024-06865,Retail,ARM 5/1,1198404,2024-02-01,276,7.249,AZ
LN-2024-06866,Correspondent,30yr Fixed,980123,2024-08-01,297,6.426,FL
LN-2024-06867,Wholesale,30yr Fixed,1198491,2024-10-01,266,8.403,AZ
LN-2024-06868,Direct,ARM 5/1,161347,2024-05-01,374,5.515,FL
LN-2024-06869,Correspondent,15yr Fixed,1048024,2024-09-01,251,6.026,NY
LN-2024-06870,Retail,30yr Fixed,882971,2024-05-01,252,7.756,CA
LN-2024-06871,Wholesale,ARM 5/1,434959,2024-10-01,342,8.315,AZ
LN-2024-06872,Correspondent,ARM 5/1,571967,2024-02-01,312,5.577,NY
LN-2024-06873,Retail,15yr Fixed,441267,2024-12-01,259,5.535,TX
LN-2024-06874,Retail,ARM 5/1,776046,2024-07-01,310,8.309,FL
LN-2024-06875,Retail,30yr Fixed,251673,2024-08-01,266,7.327,FL
LN-2024-06876,Correspondent,15yr Fixed,154055,2024-07-01,375,7.531,IL
LN-2024-06877,Direct,30yr Fixed,907443,2024-03-01,263,6.292,IL
LN-2024-06878,Direct,ARM 5/1,340237,2024-06-01,281,8.174,FL
LN-2024-06879,Wholesale,15yr Fixed,1142002,2024-06-01,303,6.285,CA
LN-2024-06880,Correspondent,15yr Fixed,466697,2024-09-01,344,7.858,FL
LN-2024-06881,Retail,15yr Fixed,439594,2024-01-01,334,8.115,IL
LN-2024-06882,Wholesale,30yr Fixed,426744,2024-12-01,371,6.697,NY
LN-2024-06883,Retail,ARM 5/1,415182,2024-06-01,366,7.755,NY
LN-2024-06884,Wholesale,30yr Fixed,1000979,2024-09-01,349,6.58,NY
LN-2024-06885,Retail,30yr Fixed,822083,2024-12-01,282,7.705,NY
LN-2024-06886,Correspondent,ARM 5/1,1149024,2024-04-01,307,6.762,CA
LN-2024-06887,Direct,30yr Fixed,1199172,2024-11-01,318,7.877,FL
LN-2024-06888,Direct,15yr Fixed,1080279,2024-07-01,251,6.451,NY
LN-2024-06889,Direct,ARM 5/1,1064991,2024-08-01,295,8.021,IL
LN-2024-06890,Direct,15yr Fixed,1015214,2024-02-01,352,6.265,IL
LN-2024-06891,Retail,30yr Fixed,241753,2024-07-01,252,7.503,NY
LN-2024-06892,Direct,30yr Fixed,770176,2024-12-01,325,7.05,CA
LN-2024-06893,Retail,ARM 5/1,283692,2024-02-01,377,6.257,IL
LN-2024-06894,Direct,30yr Fixed,442098,2024-02-01,340,6.084,FL
LN-2024-06895,Correspondent,30yr Fixed,468867,2024-01-01,347,5.576,IL
LN-2024-06896,Direct,15yr Fixed,927279,2024-06-01,320,8.481,CA
LN-2024-06897,Direct,ARM 5/1,982179,2024-11-01,330,7.037,FL
LN-2024-06898,Wholesale,15yr Fixed,279158,2024-08-01,350,6.693,TX
LN-2024-06899,Retail,30yr Fixed,195209,2024-04-01,349,7.177,CA
LN-2024-06900,Retail,ARM 5/1,490537,2024-08-01,302,6.198,FL
LN-2024-06901,Correspondent,30yr Fixed,646521,2024-04-01,365,8.036,IL
LN-2024-06902,Wholesale,30yr Fixed,766943,2024-12-01,322,5.557,CA
LN-2024-06903,Correspondent,ARM 5/1,182492,2024-05-01,365,8.039,TX
LN-2024-06904,Retail,15yr Fixed,274615,2024-08-01,273,8.067,AZ
LN-2024-06905,Wholesale,30yr Fixed,257396,2024-01-01,302,6.961,AZ
LN-2024-06906,Correspondent,ARM 5/1,225612,2024-09-01,363,7.303,FL
LN-2024-06907,Retail,30yr Fixed,316652,2024-06-01,340,6.646,NY
LN-2024-06908,Direct,ARM 5/1,913375,2024-07-01,374,6.176,IL
LN-2024-06909,Correspondent,ARM 5/1,596156,2024-10-01,380,7.539,IL
LN-2024-06910,Wholesale,15yr Fixed,1189779,2024-08-01,256,6.177,AZ
LN-2024-06911,Wholesale,15yr Fixed,523505,2024-09-01,254,6.186,TX
LN-2024-06912,Correspondent,ARM 5/1,567131,2024-05-01,348,8.322,IL
LN-2024-06913,Correspondent,15yr Fixed,243398,2024-06-01,311,8.035,TX
LN-2024-06914,Direct,ARM 5/1,640405,2024-07-01,296,7.966,NY
LN-2024-06915,Wholesale,30yr Fixed,622047,2024-11-01,354,7.48,FL
LN-2024-06916,Correspondent,30yr Fixed,1098610,2024-03-01,332,5.799,FL
LN-2024-06917,Wholesale,30yr Fixed,333694,2024-10-01,371,5.61,TX
LN-2024-06918,Correspondent,15yr Fixed,755971,2024-10-01,331,7.662,IL
LN-2024-06919,Wholesale,15yr Fixed,683378,2024-01-01,322,7.378,CA
LN-2024-06920,Wholesale,30yr Fixed,350163,2024-07-01,282,6.735,IL
LN-2024-06921,Correspondent,15yr Fixed,308578,2024-02-01,323,5.981,NY
LN-2024-06922,Wholesale,15yr Fixed,440529,2024-06-01,313,7.349,TX
LN-2024-06923,Wholesale,ARM 5/1,700244,2024-09-01,273,7.101,TX
LN-2024-06924,Wholesale,ARM 5/1,752736,2024-04-01,260,7.032,FL
LN-2024-06925,Direct,30yr Fixed,228554,2024-06-01,297,7.456,AZ
LN-2024-06926,Retail,30yr Fixed,1122717,2024-06-01,354,5.911,FL
LN-2024-06927,Direct,30yr Fixed,1009697,2024-09-01,315,8.315,IL
LN-2024-06928,Direct,ARM 5/1,829678,2024-12-01,360,6.048,NY
LN-2024-06929,Wholesale,30yr Fixed,1054978,2024-05-01,349,6.775,AZ
LN-2024-06930,Wholesale,ARM 5/1,634008,2024-01-01,257,7.329,FL
LN-2024-06931,Direct,30yr Fixed,158924,2024-02-01,296,5.964,NY
LN-2024-06932,Correspondent,ARM 5/1,615127,2024-04-01,365,6.132,TX
LN-2024-06933,Correspondent,30yr Fixed,1178144,2024-11-01,256,7.624,AZ
LN-2024-06934,Retail,15yr Fixed,209451,2024-01-01,367,6.392,FL
LN-2024-06935,Retail,30yr Fixed,405193,2024-10-01,263,6.232,NY
LN-2024-06936,Correspondent,30yr Fixed,166768,2024-06-01,304,6.666,TX
LN-2024-06937,Wholesale,15yr Fixed,481780,2024-06-01,284,7.399,CA
LN-2024-06938,Direct,ARM 5/1,566679,2024-12-01,267,8.442,NY
LN-2024-06939,Retail,ARM 5/1,1128258,2024-03-01,312,6.759,TX
LN-2024-06940,Correspondent,15yr Fixed,347727,2024-07-01,335,7.121,NY
LN-2024-06941,Retail,30yr Fixed,281912,2024-06-01,314,8.388,NY
LN-2024-06942,Wholesale,30yr Fixed,321892,2024-12-01,368,5.565,FL
LN-2024-06943,Correspondent,15yr Fixed,596269,2024-07-01,254,8.264,NY
LN-2024-06944,Direct,15yr Fixed,629504,2024-11-01,336,6.804,FL
LN-2024-06945,Correspondent,30yr Fixed,1009878,2024-05-01,369,6.739,FL
LN-2024-06946,Correspondent,ARM 5/1,691892,2024-07-01,355,6.069,TX
LN-2024-06947,Correspondent,ARM 5/1,648440,2024-02-01,311,5.72,TX
LN-2024-06948,Correspondent,15yr Fixed,1051780,2024-11-01,253,6.711,FL
LN-2024-06949,Wholesale,ARM 5/1,412049,2024-04-01,272,6.187,IL
LN-2024-06950,Correspondent,ARM 5/1,486652,2024-08-01,325,5.692,TX
LN-2024-06951,Direct,30yr Fixed,193306,2024-05-01,275,5.622,IL
LN-2024-06952,Wholesale,ARM 5/1,502184,2024-11-01,278,8.166,AZ
LN-2024-06953,Direct,ARM 5/1,1001003,2024-07-01,339,7.947,CA
LN-2024-06954,Retail,15yr Fixed,608834,2024-11-01,294,7.561,FL
LN-2024-06955,Wholesale,30yr Fixed,692453,2024-12-01,328,6.405,FL
LN-2024-06956,Wholesale,ARM 5/1,294175,2024-09-01,299,8.322,TX
LN-2024-06957,Direct,ARM 5/1,943812,2024-06-01,344,7.081,TX
LN-2024-06958,Retail,ARM 5/1,326581,2024-10-01,343,5.822,FL
LN-2024-06959,Retail,30yr Fixed,179793,2024-11-01,268,8.359,TX
LN-2024-06960,Wholesale,30yr Fixed,425281,2024-06-01,314,6.573,FL
LN-2024-06961,Correspondent,ARM 5/1,1013653,2024-10-01,267,6.645,FL
LN-2024-06962,Correspondent,ARM 5/1,249716,2024-07-01,353,7.566,AZ
LN-2024-06963,Correspondent,ARM 5/1,329113,2024-09-01,376,8.271,FL
LN-2024-06964,Retail,30yr Fixed,762447,2024-02-01,362,7.498,NY
LN-2024-06965,Wholesale,15yr Fixed,917472,2024-05-01,255,7.796,FL
LN-2024-06966,Retail,30yr Fixed,855212,2024-04-01,254,6.35,AZ
LN-2024-06967,Wholesale,ARM 5/1,642564,2024-04-01,345,5.554,IL
LN-2024-06968,Direct,15yr Fixed,372732,2024-06-01,316,6.582,IL
LN-2024-06969,Correspondent,15yr Fixed,592092,2024-07-01,290,6.247,AZ
LN-2024-06970,Retail,ARM 5/1,973423,2024-11-01,342,5.921,CA
LN-2024-06971,Wholesale,30yr Fixed,1161300,2024-02-01,327,5.618,AZ
LN-2024-06972,Direct,30yr Fixed,894034,2024-05-01,334,6.745,NY
LN-2024-06973,Direct,ARM 5/1,515803,2024-07-01,365,6.405,FL
LN-2024-06974,Wholesale,15yr Fixed,182362,2024-09-01,271,6.85,TX
LN-2024-06975,Correspondent,15yr Fixed,711397,2024-12-01,325,6.863,IL
LN-2024-06976,Retail,ARM 5/1,1137055,2024-07-01,272,8.075,TX
LN-2024-06977,Correspondent,ARM 5/1,735915,2024-03-01,268,7.903,AZ
LN-2024-06978,Retail,ARM 5/1,567049,2024-02-01,370,5.56,IL
LN-2024-06979,Direct,ARM 5/1,888186,2024-02-01,312,6.629,CA
LN-2024-06980,Retail,15yr Fixed,572981,2024-05-01,369,8.053,NY
LN-2024-06981,Direct,15yr Fixed,658454,2024-06-01,348,6.571,FL
LN-2024-06982,Retail,ARM 5/1,1127802,2024-08-01,265,6.919,AZ
LN-2024-06983,Wholesale,ARM 5/1,781056,2024-08-01,318,6.523,IL
LN-2024-06984,Wholesale,30yr Fixed,594116,2024-07-01,367,7.713,AZ
LN-2024-06985,Retail,ARM 5/1,480669,2024-08-01,367,7.453,NY
LN-2024-06986,Correspondent,15yr Fixed,473239,2024-05-01,332,8.0,IL
LN-2024-06987,Direct,ARM 5/1,663915,2024-04-01,275,5.837,AZ
LN-2024-06988,Retail,ARM 5/1,641076,2024-02-01,309,6.774,AZ
LN-2024-06989,Direct,ARM 5/1,903577,2024-07-01,288,6.212,NY
LN-2024-06990,Retail,15yr Fixed,1060017,2024-04-01,304,7.965,FL
LN-2024-06991,Direct,30yr Fixed,513906,2024-03-01,331,6.248,FL
LN-2024-06992,Retail,30yr Fixed,643995,2024-08-01,273,6.44,NY
LN-2024-06993,Direct,ARM 5/1,214016,2024-09-01,340,5.806,TX
LN-2024-06994,Direct,ARM 5/1,541574,2024-08-01,289,6.866,NY
LN-2024-06995,Correspondent,15yr Fixed,451265,2024-03-01,333,5.576,TX
LN-2024-06996,Wholesale,15yr Fixed,996013,2024-04-01,373,7.986,NY
LN-2024-06997,Direct,15yr Fixed,413995,2024-04-01,260,7.349,TX
LN-2024-06998,Correspondent,30yr Fixed,995646,2024-05-01,351,7.629,CA
LN-2024-06999,Correspondent,15yr Fixed,438940,2024-12-01,361,7.888,FL
LN-2024-07000,Wholesale,ARM 5/1,430194,2024-03-01,290,6.861,IL
LN-2024-07001,Wholesale,ARM 5/1,829035,2024-06-01,274,7.575,FL
LN-2024-07002,Direct,ARM 5/1,383269,2024-01-01,346,8.073,TX
LN-2024-07003,Wholesale,ARM 5/1,862502,2024-02-01,320,7.108,AZ
LN-2024-07004,Direct,ARM 5/1,196729,2024-09-01,333,7.152,AZ
LN-2024-07005,Retail,ARM 5/1,1009635,2024-04-01,329,7.47,FL
LN-2024-07006,Direct,15yr Fixed,632148,2024-07-01,324,6.639,CA
LN-2024-07007,Wholesale,ARM 5/1,471602,2024-03-01,267,7.581,FL
LN-2024-07008,Retail,ARM 5/1,788050,2024-05-01,273,7.027,NY
LN-2024-07009,Direct,15yr Fixed,189513,2024-09-01,331,5.934,IL
LN-2024-07010,Wholesale,30yr Fixed,392454,2024-04-01,317,6.773,FL
LN-2024-07011,Wholesale,30yr Fixed,957009,2024-11-01,304,7.171,CA
LN-2024-07012,Wholesale,ARM 5/1,187070,2024-07-01,257,6.662,TX
LN-2024-07013,Correspondent,ARM 5/1,760379,2024-02-01,324,8.291,FL
LN-2024-07014,Retail,30yr Fixed,333339,2024-03-01,348,6.079,TX
LN-2024-07015,Direct,ARM 5/1,506712,2024-09-01,298,7.248,AZ
LN-2024-07016,Direct,30yr Fixed,729133,2024-04-01,310,8.402,IL
LN-2024-07017,Direct,30yr Fixed,1162129,2024-03-01,307,6.585,FL
LN-2024-07018,Correspondent,30yr Fixed,635860,2024-01-01,285,7.888,AZ
LN-2024-07019,Correspondent,30yr Fixed,692786,2024-04-01,312,8.385,NY
LN-2024-07020,Correspondent,30yr Fixed,769429,2024-05-01,289,6.815,CA
LN-2024-07021,Wholesale,30yr Fixed,285339,2024-04-01,284,8.373,TX
LN-2024-07022,Wholesale,ARM 5/1,612145,2024-04-01,271,6.032,FL
LN-2024-07023,Wholesale,30yr Fixed,355674,2024-05-01,321,7.603,CA
LN-2024-07024,Correspondent,15yr Fixed,1167989,2024-07-01,308,7.096,AZ
LN-2024-07025,Correspondent,15yr Fixed,916098,2024-04-01,268,7.379,AZ
LN-2024-07026,Correspondent,30yr Fixed,513991,2024-08-01,264,6.387,CA
LN-2024-07027,Direct,ARM 5/1,1028063,2024-03-01,367,6.99,FL
LN-2024-07028,Correspondent,15yr Fixed,357549,2024-06-01,296,6.143,IL
LN-2024-07029,Retail,ARM 5/1,452544,2024-05-01,298,7.785,IL
LN-2024-07030,Correspondent,ARM 5/1,915059,2024-08-01,311,7.407,TX
LN-2024-07031,Retail,15yr Fixed,899391,2024-08-01,269,5.911,AZ
LN-2024-07032,Correspondent,30yr Fixed,468429,2024-01-01,264,7.683,FL
LN-2024-07033,Wholesale,ARM 5/1,705307,2024-10-01,323,5.739,CA
LN-2024-07034,Direct,15yr Fixed,851925,2024-09-01,260,6.142,TX
LN-2024-07035,Retail,ARM 5/1,615593,2024-07-01,310,6.338,AZ
LN-2024-07036,Correspondent,ARM 5/1,298333,2024-09-01,335,7.013,NY
LN-2024-07037,Retail,ARM 5/1,1150454,2024-02-01,347,7.142,IL
LN-2024-07038,Wholesale,30yr Fixed,688739,2024-05-01,299,6.559,NY
LN-2024-07039,Retail,15yr Fixed,226172,2024-08-01,326,6.491,TX
LN-2024-07040,Retail,15yr Fixed,252112,2024-11-01,354,8.194,NY
LN-2024-07041,Direct,ARM 5/1,268575,2024-10-01,321,7.957,TX
LN-2024-07042,Retail,30yr Fixed,471165,2024-03-01,269,6.858,IL
LN-2024-07043,Direct,30yr Fixed,914949,2024-07-01,322,7.213,FL
LN-2024-07044,Wholesale,15yr Fixed,985939,2024-11-01,338,7.307,CA
LN-2024-07045,Correspondent,15yr Fixed,292675,2024-05-01,274,7.092,TX
LN-2024-07046,Retail,15yr Fixed,218878,2024-05-01,267,5.931,AZ
LN-2024-07047,Direct,15yr Fixed,404255,2024-01-01,324,6.054,IL
LN-2024-07048,Direct,30yr Fixed,1128726,2024-02-01,354,6.228,AZ
LN-2024-07049,Correspondent,15yr Fixed,973782,2024-04-01,372,5.862,FL
LN-2024-07050,Wholesale,30yr Fixed,553966,2024-09-01,323,7.009,CA
LN-2024-07051,Retail,30yr Fixed,486561,2024-05-01,295,7.257,IL
LN-2024-07052,Direct,ARM 5/1,170303,2024-11-01,290,6.811,NY
LN-2024-07053,Wholesale,15yr Fixed,491253,2024-12-01,380,7.975,CA
LN-2024-07054,Retail,ARM 5/1,745387,2024-02-01,343,7.583,TX
LN-2024-07055,Retail,ARM 5/1,619441,2024-09-01,280,6.484,TX
LN-2024-07056,Retail,15yr Fixed,901166,2024-09-01,338,6.668,NY
LN-2024-07057,Retail,15yr Fixed,782342,2024-03-01,260,8.225,TX
LN-2024-07058,Direct,15yr Fixed,166433,2024-09-01,352,6.618,CA
LN-2024-07059,Retail,15yr Fixed,760074,2024-12-01,361,6.565,IL
LN-2024-07060,Correspondent,ARM 5/1,723286,2024-02-01,296,7.229,TX
LN-2024-07061,Retail,15yr Fixed,342226,2024-05-01,338,7.377,IL
LN-2024-07062,Correspondent,30yr Fixed,829814,2024-05-01,295,6.113,CA
LN-2024-07063,Retail,15yr Fixed,777005,2024-02-01,270,6.855,CA
LN-2024-07064,Wholesale,15yr Fixed,648950,2024-10-01,286,7.407,AZ
LN-2024-07065,Direct,15yr Fixed,847004,2024-06-01,354,7.812,CA
LN-2024-07066,Wholesale,15yr Fixed,873342,2024-09-01,373,7.667,NY
LN-2024-07067,Retail,30yr Fixed,814964,2024-06-01,352,6.812,FL
LN-2024-07068,Direct,15yr Fixed,762361,2024-06-01,252,5.965,CA
LN-2024-07069,Direct,30yr Fixed,284286,2024-10-01,327,8.439,IL
LN-2024-07070,Direct,ARM 5/1,804592,2024-09-01,293,8.27,NY
LN-2024-07071,Direct,30yr Fixed,322274,2024-01-01,271,7.269,IL
LN-2024-07072,Retail,ARM 5/1,173390,2024-12-01,284,7.575,CA
LN-2024-07073,Wholesale,ARM 5/1,920160,2024-05-01,326,6.98,IL
LN-2024-07074,Direct,ARM 5/1,784823,2024-07-01,349,5.535,IL
LN-2024-07075,Retail,15yr Fixed,947710,2024-04-01,318,7.069,NY
LN-2024-07076,Retail,30yr Fixed,825772,2024-02-01,269,8.307,FL
LN-2024-07077,Retail,15yr Fixed,419080,2024-12-01,266,8.079,TX
LN-2024-07078,Direct,ARM 5/1,394562,2024-05-01,369,5.697,AZ
LN-2024-07079,Wholesale,ARM 5/1,814784,2024-04-01,337,7.52,AZ
LN-2024-07080,Correspondent,15yr Fixed,666805,2024-12-01,273,6.665,AZ
LN-2024-07081,Direct,15yr Fixed,754207,2024-03-01,347,6.772,AZ
LN-2024-07082,Retail,30yr Fixed,433364,2024-09-01,260,7.059,IL
LN-2024-07083,Correspondent,ARM 5/1,322090,2024-12-01,369,5.758,IL
LN-2024-07084,Direct,ARM 5/1,334366,2024-12-01,332,7.548,NY
LN-2024-07085,Retail,15yr Fixed,260000,2024-10-01,358,6.536,TX
LN-2024-07086,Direct,15yr Fixed,563883,2024-07-01,357,7.846,NY
LN-2024-07087,Correspondent,30yr Fixed,736110,2024-02-01,370,7.342,NY
LN-2024-07088,Wholesale,ARM 5/1,1130337,2024-03-01,368,6.885,CA
LN-2024-07089,Direct,30yr Fixed,339811,2024-05-01,328,8.189,IL
LN-2024-07090,Wholesale,15yr Fixed,498247,2024-05-01,253,7.442,IL
LN-2024-07091,Retail,30yr Fixed,562173,2024-06-01,278,8.464,NY
LN-2024-07092,Direct,30yr Fixed,592401,2024-11-01,324,6.128,IL
LN-2024-07093,Wholesale,30yr Fixed,180927,2024-03-01,262,6.213,IL
LN-2024-07094,Direct,30yr Fixed,327795,2024-07-01,326,7.247,TX
LN-2024-07095,Correspondent,30yr Fixed,629819,2024-01-01,343,5.817,NY
LN-2024-07096,Retail,ARM 5/1,533998,2024-04-01,332,8.46,CA
LN-2024-07097,Direct,15yr Fixed,415062,2024-10-01,280,6.869,FL
LN-2024-07098,Correspondent,15yr Fixed,951987,2024-04-01,330,6.227,CA
LN-2024-07099,Correspondent,30yr Fixed,392476,2024-03-01,267,7.829,CA
LN-2024-07100,Wholesale,15yr Fixed,1145962,2024-03-01,349,6.273,CA
LN-2024-07101,Direct,15yr Fixed,169225,2024-03-01,282,7.453,AZ
LN-2024-07102,Retail,ARM 5/1,709334,2024-08-01,356,5.918,NY
LN-2024-07103,Direct,30yr Fixed,1027002,2024-10-01,260,6.624,TX
LN-2024-07104,Direct,15yr Fixed,406993,2024-09-01,379,7.938,FL
LN-2024-07105,Direct,15yr Fixed,1115680,2024-01-01,299,7.231,FL
LN-2024-07106,Wholesale,15yr Fixed,987257,2024-06-01,271,8.124,FL
LN-2024-07107,Correspondent,ARM 5/1,235882,2024-02-01,303,7.21,AZ
LN-2024-07108,Direct,ARM 5/1,959791,2024-06-01,276,7.046,AZ
LN-2024-07109,Wholesale,15yr Fixed,668857,2024-07-01,307,8.473,CA
LN-2024-07110,Correspondent,ARM 5/1,857064,2024-08-01,250,6.735,CA
LN-2024-07111,Direct,ARM 5/1,515999,2024-03-01,376,6.651,CA
LN-2024-07112,Retail,15yr Fixed,850105,2024-11-01,319,6.542,NY
LN-2024-07113,Wholesale,30yr Fixed,173193,2024-11-01,252,5.668,CA
LN-2024-07114,Correspondent,30yr Fixed,988830,2024-06-01,322,8.316,IL
LN-2024-07115,Wholesale,ARM 5/1,707735,2024-06-01,318,6.76,CA
LN-2024-07116,Retail,30yr Fixed,1068847,2024-10-01,287,8.108,IL
LN-2024-07117,Direct,30yr Fixed,874251,2024-09-01,267,5.614,IL
LN-2024-07118,Direct,30yr Fixed,491064,2024-05-01,298,6.404,NY
LN-2024-07119,Direct,ARM 5/1,1153785,2024-04-01,293,5.711,CA
LN-2024-07120,Retail,ARM 5/1,968896,2024-12-01,358,6.94,AZ
LN-2024-07121,Direct,ARM 5/1,713390,2024-04-01,280,6.676,AZ
LN-2024-07122,Correspondent,ARM 5/1,199075,2024-11-01,347,6.483,NY
LN-2024-07123,Wholesale,30yr Fixed,370161,2024-08-01,353,6.827,NY
LN-2024-07124,Correspondent,ARM 5/1,381534,2024-07-01,323,8.435,FL
LN-2024-07125,Correspondent,30yr Fixed,1061580,2024-05-01,324,5.72,FL
LN-2024-07126,Retail,ARM 5/1,837532,2024-03-01,322,7.431,FL
LN-2024-07127,Retail,15yr Fixed,747256,2024-04-01,258,6.266,IL
LN-2024-07128,Retail,15yr Fixed,636080,2024-06-01,262,7.799,CA
LN-2024-07129,Correspondent,15yr Fixed,304101,2024-11-01,298,6.681,FL
LN-2024-07130,Correspondent,ARM 5/1,759676,2024-05-01,357,6.161,AZ
LN-2024-07131,Retail,ARM 5/1,337115,2024-02-01,273,5.892,AZ
LN-2024-07132,Correspondent,30yr Fixed,1127404,2024-07-01,325,5.529,IL
LN-2024-07133,Wholesale,30yr Fixed,533405,2024-05-01,375,6.551,NY
LN-2024-07134,Retail,ARM 5/1,971025,2024-07-01,321,5.774,CA
LN-2024-07135,Correspondent,ARM 5/1,610724,2024-04-01,311,7.631,TX
LN-2024-07136,Retail,15yr Fixed,1196008,2024-11-01,379,6.14,CA
LN-2024-07137,Wholesale,ARM 5/1,672361,2024-10-01,256,7.455,FL
LN-2024-07138,Retail,15yr Fixed,1136002,2024-09-01,324,6.596,FL
LN-2024-07139,Correspondent,ARM 5/1,652315,2024-07-01,338,5.854,CA
LN-2024-07140,Retail,30yr Fixed,922889,2024-05-01,371,8.225,CA
LN-2024-07141,Correspondent,ARM 5/1,872403,2024-05-01,325,5.831,NY
LN-2024-07142,Direct,15yr Fixed,817141,2024-08-01,285,6.788,AZ
LN-2024-07143,Wholesale,30yr Fixed,1066604,2024-02-01,374,5.731,IL
LN-2024-07144,Retail,15yr Fixed,513286,2024-10-01,257,5.911,IL
LN-2024-07145,Wholesale,ARM 5/1,551783,2024-06-01,344,7.583,AZ
LN-2024-07146,Wholesale,15yr Fixed,1190535,2024-12-01,337,7.663,CA
LN-2024-07147,Wholesale,ARM 5/1,684616,2024-12-01,324,7.355,CA
LN-2024-07148,Direct,15yr Fixed,858027,2024-11-01,334,6.099,NY
LN-2024-07149,Correspondent,ARM 5/1,184402,2024-07-01,307,7.935,CA
LN-2024-07150,Direct,30yr Fixed,653733,2024-01-01,263,6.177,FL
LN-2024-07151,Wholesale,15yr Fixed,616298,2024-09-01,378,7.651,CA
LN-2024-07152,Retail,ARM 5/1,597623,2024-06-01,312,7.71,CA
LN-2024-07153,Correspondent,ARM 5/1,190243,2024-03-01,260,7.113,IL
LN-2024-07154,Wholesale,15yr Fixed,402625,2024-09-01,281,7.13,IL
LN-2024-07155,Retail,30yr Fixed,358718,2024-05-01,325,6.723,CA
LN-2024-07156,Wholesale,ARM 5/1,1178588,2024-11-01,286,5.724,NY
LN-2024-07157,Correspondent,30yr Fixed,1099087,2024-02-01,292,8.372,FL
LN-2024-07158,Retail,15yr Fixed,197335,2024-09-01,280,6.81,NY
LN-2024-07159,Retail,15yr Fixed,191636,2024-03-01,267,7.965,TX
LN-2024-07160,Direct,15yr Fixed,571898,2024-10-01,354,5.617,IL
LN-2024-07161,Direct,15yr Fixed,279071,2024-03-01,262,7.594,TX
LN-2024-07162,Wholesale,ARM 5/1,463329,2024-10-01,337,8.112,AZ
LN-2024-07163,Correspondent,30yr Fixed,685109,2024-09-01,345,7.906,FL
LN-2024-07164,Retail,ARM 5/1,195844,2024-08-01,295,6.285,NY
LN-2024-07165,Wholesale,30yr Fixed,829442,2024-12-01,276,6.498,IL
LN-2024-07166,Retail,ARM 5/1,867824,2024-11-01,345,7.566,FL
LN-2024-07167,Direct,15yr Fixed,494040,2024-10-01,380,7.12,TX
LN-2024-07168,Retail,30yr Fixed,783118,2024-03-01,315,7.225,NY
LN-2024-07169,Wholesale,15yr Fixed,660014,2024-08-01,377,6.965,IL
LN-2024-07170,Wholesale,15yr Fixed,222182,2024-12-01,344,6.028,CA
LN-2024-07171,Direct,30yr Fixed,582256,2024-10-01,334,7.006,TX
LN-2024-07172,Correspondent,15yr Fixed,1091575,2024-02-01,380,7.452,FL
LN-2024-07173,Correspondent,ARM 5/1,1198431,2024-07-01,332,6.332,CA
LN-2024-07174,Direct,ARM 5/1,1153887,2024-03-01,285,7.987,FL
LN-2024-07175,Retail,15yr Fixed,1015441,2024-02-01,376,6.61,TX
LN-2024-07176,Correspondent,15yr Fixed,1116480,2024-09-01,370,7.665,IL
LN-2024-07177,Wholesale,ARM 5/1,945945,2024-04-01,277,5.632,FL
LN-2024-07178,Wholesale,15yr Fixed,1112307,2024-11-01,364,6.131,NY
LN-2024-07179,Retail,ARM 5/1,400841,2024-12-01,361,6.953,IL
LN-2024-07180,Retail,30yr Fixed,983633,2024-03-01,302,5.679,TX
LN-2024-07181,Retail,30yr Fixed,304375,2024-08-01,355,7.618,TX
LN-2024-07182,Wholesale,30yr Fixed,490130,2024-10-01,374,7.689,IL
LN-2024-07183,Retail,ARM 5/1,1131462,2024-01-01,294,5.675,NY
LN-2024-07184,Retail,15yr Fixed,688465,2024-05-01,362,7.137,CA
LN-2024-07185,Wholesale,15yr Fixed,834858,2024-10-01,335,5.771,FL
LN-2024-07186,Retail,ARM 5/1,894735,2024-06-01,250,8.131,FL
LN-2024-07187,Correspondent,15yr Fixed,383349,2024-03-01,343,5.881,NY
LN-2024-07188,Direct,30yr Fixed,1100716,2024-05-01,377,7.615,FL
LN-2024-07189,Correspondent,30yr Fixed,480284,2024-02-01,360,8.326,FL
LN-2024-07190,Retail,15yr Fixed,296483,2024-04-01,336,8.172,FL
LN-2024-07191,Correspondent,15yr Fixed,831206,2024-09-01,372,8.202,NY
LN-2024-07192,Direct,15yr Fixed,1092423,2024-08-01,327,7.194,AZ
LN-2024-07193,Wholesale,15yr Fixed,1173912,2024-09-01,257,7.711,CA
LN-2024-07194,Retail,15yr Fixed,372982,2024-08-01,306,5.999,NY
LN-2024-07195,Direct,15yr Fixed,315028,2024-03-01,288,8.156,NY
LN-2024-07196,Direct,15yr Fixed,256341,2024-02-01,373,8.152,FL
LN-2024-07197,Correspondent,15yr Fixed,176553,2024-07-01,363,5.847,TX
LN-2024-07198,Correspondent,30yr Fixed,678722,2024-03-01,263,7.738,AZ
LN-2024-07199,Wholesale,30yr Fixed,820074,2024-04-01,284,7.126,CA
LN-2024-07200,Retail,30yr Fixed,263984,2024-12-01,282,6.045,NY
LN-2024-07201,Retail,30yr Fixed,403244,2024-08-01,342,6.196,NY
LN-2024-07202,Correspondent,ARM 5/1,788111,2024-01-01,276,6.201,NY
LN-2024-07203,Direct,30yr Fixed,793616,2024-05-01,323,6.626,CA
LN-2024-07204,Correspondent,30yr Fixed,1140001,2024-05-01,339,6.188,TX
LN-2024-07205,Retail,30yr Fixed,779942,2024-11-01,327,7.459,IL
LN-2024-07206,Retail,15yr Fixed,465222,2024-08-01,322,7.937,IL
LN-2024-07207,Correspondent,ARM 5/1,1113126,2024-04-01,316,7.505,IL
LN-2024-07208,Retail,ARM 5/1,760261,2024-07-01,350,5.66,NY
LN-2024-07209,Retail,ARM 5/1,907928,2024-08-01,264,6.472,CA
LN-2024-07210,Correspondent,15yr Fixed,601321,2024-05-01,323,6.048,AZ
LN-2024-07211,Direct,30yr Fixed,834514,2024-04-01,314,6.905,IL
LN-2024-07212,Direct,ARM 5/1,1121785,2024-12-01,343,6.276,TX
LN-2024-07213,Retail,15yr Fixed,932441,2024-09-01,347,5.71,IL
LN-2024-07214,Direct,ARM 5/1,932050,2024-05-01,333,5.895,FL
LN-2024-07215,Direct,15yr Fixed,958280,2024-07-01,346,7.482,AZ
LN-2024-07216,Retail,15yr Fixed,526946,2024-11-01,274,6.646,NY
LN-2024-07217,Retail,30yr Fixed,535041,2024-07-01,366,8.089,NY
LN-2024-07218,Direct,15yr Fixed,225026,2024-08-01,319,7.496,IL
LN-2024-07219,Direct,15yr Fixed,155677,2024-06-01,350,5.569,CA
LN-2024-07220,Retail,15yr Fixed,394028,2024-08-01,368,8.234,CA
LN-2024-07221,Direct,30yr Fixed,479646,2024-02-01,310,7.532,NY
LN-2024-07222,Direct,30yr Fixed,980121,2024-03-01,314,5.617,CA
LN-2024-07223,Correspondent,ARM 5/1,1140203,2024-10-01,301,7.058,CA
LN-2024-07224,Correspondent,30yr Fixed,488676,2024-08-01,252,6.874,CA
LN-2024-07225,Correspondent,15yr Fixed,1118785,2024-08-01,276,7.197,TX
LN-2024-07226,Correspondent,15yr Fixed,872289,2024-09-01,353,8.047,FL
LN-2024-07227,Direct,15yr Fixed,498829,2024-06-01,300,6.346,IL
LN-2024-07228,Retail,15yr Fixed,560218,2024-05-01,350,7.205,TX
LN-2024-07229,Direct,15yr Fixed,276408,2024-03-01,366,5.757,TX
LN-2024-07230,Wholesale,30yr Fixed,1167445,2024-08-01,303,7.813,NY
LN-2024-07231,Retail,15yr Fixed,498488,2024-05-01,313,6.271,CA
LN-2024-07232,Correspondent,15yr Fixed,727345,2024-03-01,340,6.692,FL
LN-2024-07233,Retail,ARM 5/1,439236,2024-04-01,293,7.301,AZ
LN-2024-07234,Wholesale,ARM 5/1,1101331,2024-07-01,258,8.493,FL
LN-2024-07235,Wholesale,30yr Fixed,184933,2024-06-01,365,6.727,FL
LN-2024-07236,Wholesale,ARM 5/1,199974,2024-09-01,367,7.511,FL
LN-2024-07237,Retail,30yr Fixed,784783,2024-10-01,364,7.311,AZ
LN-2024-07238,Direct,15yr Fixed,524959,2024-12-01,337,7.081,NY
LN-2024-07239,Retail,ARM 5/1,477006,2024-08-01,288,6.001,TX
LN-2024-07240,Wholesale,30yr Fixed,615484,2024-08-01,363,6.229,TX
LN-2024-07241,Direct,ARM 5/1,579200,2024-05-01,286,7.385,FL
LN-2024-07242,Correspondent,15yr Fixed,845197,2024-02-01,305,8.443,FL
LN-2024-07243,Direct,15yr Fixed,989415,2024-11-01,342,7.557,CA
LN-2024-07244,Direct,15yr Fixed,335731,2024-03-01,260,8.095,FL
LN-2024-07245,Retail,ARM 5/1,959248,2024-09-01,269,5.572,IL
LN-2024-07246,Wholesale,30yr Fixed,509700,2024-10-01,338,7.52,TX
LN-2024-07247,Direct,30yr Fixed,289614,2024-11-01,259,7.374,CA
LN-2024-07248,Retail,15yr Fixed,829555,2024-11-01,268,7.677,IL
LN-2024-07249,Wholesale,15yr Fixed,1055015,2024-05-01,262,6.751,FL
LN-2024-07250,Wholesale,ARM 5/1,907626,2024-08-01,300,6.91,TX
LN-2024-07251,Retail,30yr Fixed,469570,2024-11-01,279,6.053,AZ
LN-2024-07252,Retail,30yr Fixed,602687,2024-03-01,356,5.811,NY
LN-2024-07253,Direct,15yr Fixed,1111592,2024-03-01,250,5.578,TX
LN-2024-07254,Wholesale,15yr Fixed,584980,2024-08-01,254,6.834,TX
LN-2024-07255,Wholesale,ARM 5/1,233686,2024-01-01,342,6.613,CA
LN-2024-07256,Correspondent,30yr Fixed,484728,2024-05-01,373,6.836,TX
LN-2024-07257,Retail,30yr Fixed,925638,2024-01-01,367,7.484,NY
LN-2024-07258,Correspondent,15yr Fixed,203506,2024-09-01,361,7.322,TX
LN-2024-07259,Correspondent,15yr Fixed,1197591,2024-12-01,367,5.846,NY
LN-2024-07260,Retail,30yr Fixed,875494,2024-06-01,288,7.32,FL
LN-2024-07261,Correspondent,30yr Fixed,617727,2024-01-01,323,8.44,IL
LN-2024-07262,Direct,ARM 5/1,338782,2024-05-01,375,7.241,FL
LN-2024-07263,Direct,15yr Fixed,928067,2024-09-01,293,8.013,CA
LN-2024-07264,Direct,ARM 5/1,794740,2024-07-01,280,8.009,AZ
LN-2024-07265,Wholesale,15yr Fixed,973716,2024-08-01,282,6.486,AZ
LN-2024-07266,Wholesale,30yr Fixed,1000983,2024-01-01,255,8.171,AZ
LN-2024-07267,Correspondent,ARM 5/1,922123,2024-03-01,256,6.841,TX
LN-2024-07268,Correspondent,15yr Fixed,1119625,2024-05-01,319,5.557,CA
LN-2024-07269,Direct,30yr Fixed,1086670,2024-05-01,273,7.502,NY
LN-2024-07270,Retail,30yr Fixed,1075927,2024-06-01,363,5.597,NY
LN-2024-07271,Retail,ARM 5/1,550932,2024-04-01,276,6.798,FL
LN-2024-07272,Retail,15yr Fixed,223084,2024-04-01,267,5.972,IL
LN-2024-07273,Wholesale,ARM 5/1,717060,2024-09-01,274,7.446,TX
LN-2024-07274,Direct,30yr Fixed,457834,2024-11-01,344,6.445,TX
LN-2024-07275,Direct,ARM 5/1,539634,2024-04-01,269,6.727,IL
LN-2024-07276,Retail,15yr Fixed,172647,2024-10-01,323,8.141,AZ
LN-2024-07277,Direct,30yr Fixed,673923,2024-04-01,338,5.9,AZ
LN-2024-07278,Retail,ARM 5/1,168918,2024-10-01,302,7.029,FL
LN-2024-07279,Retail,ARM 5/1,601768,2024-05-01,291,6.871,AZ
LN-2024-07280,Wholesale,15yr Fixed,1064123,2024-02-01,318,7.682,AZ
LN-2024-07281,Direct,15yr Fixed,1154124,2024-11-01,287,6.812,CA
LN-2024-07282,Retail,ARM 5/1,805104,2024-11-01,314,6.098,TX
LN-2024-07283,Wholesale,ARM 5/1,649981,2024-01-01,345,7.417,IL
LN-2024-07284,Wholesale,15yr Fixed,454515,2024-10-01,366,6.792,CA
LN-2024-07285,Retail,15yr Fixed,380109,2024-11-01,371,7.666,TX
LN-2024-07286,Wholesale,30yr Fixed,898112,2024-12-01,374,7.958,FL
LN-2024-07287,Wholesale,30yr Fixed,1035915,2024-10-01,336,7.747,FL
LN-2024-07288,Wholesale,30yr Fixed,662147,2024-06-01,280,6.752,IL
LN-2024-07289,Direct,15yr Fixed,1149805,2024-07-01,361,6.54,TX
LN-2024-07290,Wholesale,15yr Fixed,758834,2024-01-01,361,7.152,FL
LN-2024-07291,Correspondent,ARM 5/1,668870,2024-08-01,343,7.475,NY
LN-2024-07292,Wholesale,15yr Fixed,169470,2024-03-01,265,6.05,AZ
LN-2024-07293,Direct,ARM 5/1,340350,2024-06-01,376,6.374,FL
LN-2024-07294,Direct,30yr Fixed,850550,2024-08-01,373,5.611,FL
LN-2024-07295,Correspondent,30yr Fixed,211440,2024-03-01,360,7.184,TX
LN-2024-07296,Direct,ARM 5/1,373915,2024-12-01,340,6.699,AZ
LN-2024-07297,Wholesale,ARM 5/1,178342,2024-02-01,294,7.323,NY
LN-2024-07298,Retail,30yr Fixed,152138,2024-10-01,264,8.349,FL
LN-2024-07299,Correspondent,15yr Fixed,686510,2024-02-01,339,8.184,IL
LN-2024-07300,Correspondent,30yr Fixed,808464,2024-05-01,343,6.211,FL
LN-2024-07301,Retail,30yr Fixed,994668,2024-08-01,285,6.999,TX
LN-2024-07302,Correspondent,15yr Fixed,1104443,2024-03-01,305,8.373,NY
LN-2024-07303,Correspondent,ARM 5/1,268601,2024-08-01,355,7.803,TX
LN-2024-07304,Correspondent,ARM 5/1,1159990,2024-11-01,330,7.324,AZ
LN-2024-07305,Correspondent,15yr Fixed,505826,2024-11-01,339,6.164,FL
LN-2024-07306,Retail,ARM 5/1,1131128,2024-02-01,372,8.318,AZ
LN-2024-07307,Direct,15yr Fixed,527665,2024-09-01,311,8.228,AZ
LN-2024-07308,Direct,ARM 5/1,1178770,2024-10-01,366,7.289,FL
LN-2024-07309,Direct,ARM 5/1,556851,2024-09-01,309,7.312,IL
LN-2024-07310,Wholesale,ARM 5/1,373593,2024-04-01,372,8.464,CA
LN-2024-07311,Direct,15yr Fixed,570161,2024-12-01,328,8.386,AZ
LN-2024-07312,Wholesale,ARM 5/1,313626,2024-03-01,318,5.755,AZ
LN-2024-07313,Correspondent,15yr Fixed,741448,2024-08-01,297,6.073,IL
LN-2024-07314,Retail,15yr Fixed,533890,2024-02-01,330,6.991,NY
LN-2024-07315,Direct,15yr Fixed,178031,2024-08-01,276,8.02,FL
LN-2024-07316,Direct,ARM 5/1,342252,2024-07-01,276,8.319,AZ
LN-2024-07317,Direct,15yr Fixed,1075692,2024-10-01,337,7.694,FL
LN-2024-07318,Correspondent,15yr Fixed,793394,2024-12-01,323,6.233,NY
LN-2024-07319,Correspondent,ARM 5/1,1059836,2024-05-01,283,6.801,IL
LN-2024-07320,Correspondent,30yr Fixed,947115,2024-04-01,302,6.926,IL
LN-2024-07321,Retail,30yr Fixed,741836,2024-03-01,313,7.312,NY
LN-2024-07322,Direct,30yr Fixed,1194728,2024-04-01,367,8.047,FL
LN-2024-07323,Direct,30yr Fixed,585305,2024-03-01,365,6.705,FL
LN-2024-07324,Wholesale,ARM 5/1,730556,2024-07-01,264,7.379,NY
LN-2024-07325,Retail,ARM 5/1,1111478,2024-04-01,302,6.828,AZ
LN-2024-07326,Correspondent,30yr Fixed,800637,2024-08-01,252,8.274,NY
LN-2024-07327,Wholesale,15yr Fixed,1081745,2024-02-01,277,8.473,CA
LN-2024-07328,Wholesale,15yr Fixed,804499,2024-08-01,345,6.623,FL
LN-2024-07329,Correspondent,ARM 5/1,545663,2024-03-01,291,6.437,CA
LN-2024-07330,Wholesale,30yr Fixed,973251,2024-07-01,335,7.328,IL
LN-2024-07331,Direct,30yr Fixed,523925,2024-08-01,251,6.0,FL
LN-2024-07332,Correspondent,ARM 5/1,1131051,2024-03-01,325,6.775,NY
LN-2024-07333,Wholesale,ARM 5/1,317990,2024-04-01,320,8.423,FL
LN-2024-07334,Wholesale,15yr Fixed,989173,2024-10-01,292,6.449,CA
LN-2024-07335,Correspondent,15yr Fixed,401901,2024-09-01,256,7.925,NY
LN-2024-07336,Direct,15yr Fixed,1120423,2024-04-01,371,6.25,CA
LN-2024-07337,Correspondent,ARM 5/1,408753,2024-03-01,294,7.27,IL
LN-2024-07338,Correspondent,30yr Fixed,529144,2024-04-01,346,5.554,NY
LN-2024-07339,Correspondent,15yr Fixed,378405,2024-12-01,263,6.637,AZ
LN-2024-07340,Correspondent,ARM 5/1,422257,2024-09-01,319,5.69,NY
LN-2024-07341,Correspondent,15yr Fixed,634197,2024-07-01,280,5.768,AZ
LN-2024-07342,Retail,ARM 5/1,590728,2024-08-01,262,5.904,FL
LN-2024-07343,Correspondent,15yr Fixed,736752,2024-10-01,259,7.684,FL
LN-2024-07344,Retail,30yr Fixed,409811,2024-02-01,296,8.495,CA
LN-2024-07345,Wholesale,30yr Fixed,1010113,2024-07-01,299,5.887,FL
LN-2024-07346,Retail,ARM 5/1,964960,2024-11-01,367,6.618,IL
LN-2024-07347,Correspondent,15yr Fixed,483734,2024-06-01,313,7.875,NY
LN-2024-07348,Retail,ARM 5/1,917392,2024-01-01,267,6.432,FL
LN-2024-07349,Correspondent,15yr Fixed,428948,2024-02-01,320,6.05,NY
LN-2024-07350,Retail,ARM 5/1,448377,2024-03-01,360,8.28,AZ
LN-2024-07351,Wholesale,ARM 5/1,945274,2024-04-01,280,6.748,IL
LN-2024-07352,Wholesale,ARM 5/1,450981,2024-09-01,324,8.466,NY
LN-2024-07353,Retail,15yr Fixed,556993,2024-07-01,366,7.876,AZ
LN-2024-07354,Retail,15yr Fixed,634248,2024-12-01,283,7.428,TX
LN-2024-07355,Wholesale,ARM 5/1,576087,2024-08-01,294,6.325,TX
LN-2024-07356,Correspondent,ARM 5/1,795672,2024-11-01,343,7.966,TX
LN-2024-07357,Correspondent,30yr Fixed,1006697,2024-01-01,355,5.563,AZ
LN-2024-07358,Wholesale,15yr Fixed,932748,2024-02-01,350,8.413,AZ
LN-2024-07359,Wholesale,15yr Fixed,1072328,2024-06-01,263,8.265,IL
LN-2024-07360,Correspondent,15yr Fixed,644928,2024-06-01,373,6.177,NY
LN-2024-07361,Correspondent,15yr Fixed,934956,2024-12-01,377,8.498,FL
LN-2024-07362,Wholesale,15yr Fixed,173800,2024-04-01,367,7.289,FL
LN-2024-07363,Direct,ARM 5/1,852924,2024-05-01,256,6.634,FL
LN-2024-07364,Direct,15yr Fixed,315540,2024-05-01,251,8.446,NY
LN-2024-07365,Retail,15yr Fixed,430057,2024-04-01,362,7.44,AZ
LN-2024-07366,Correspondent,30yr Fixed,900207,2024-02-01,337,5.993,FL
LN-2024-07367,Correspondent,ARM 5/1,1039726,2024-12-01,325,6.289,AZ
LN-2024-07368,Retail,30yr Fixed,481785,2024-09-01,297,7.569,NY
LN-2024-07369,Wholesale,30yr Fixed,644309,2024-01-01,376,6.143,AZ
LN-2024-07370,Correspondent,15yr Fixed,1070321,2024-11-01,264,6.68,NY
LN-2024-07371,Wholesale,ARM 5/1,364182,2024-04-01,322,5.763,NY
LN-2024-07372,Wholesale,30yr Fixed,467025,2024-03-01,368,7.317,NY
LN-2024-07373,Direct,30yr Fixed,505999,2024-08-01,287,7.698,IL
LN-2024-07374,Direct,15yr Fixed,648968,2024-02-01,352,7.236,FL
LN-2024-07375,Wholesale,30yr Fixed,950898,2024-08-01,297,6.941,TX
LN-2024-07376,Correspondent,ARM 5/1,827564,2024-12-01,273,6.882,IL
LN-2024-07377,Retail,30yr Fixed,733448,2024-02-01,292,7.995,TX
LN-2024-07378,Direct,30yr Fixed,1196667,2024-05-01,282,6.11,TX
LN-2024-07379,Retail,ARM 5/1,519386,2024-06-01,265,7.812,TX
LN-2024-07380,Wholesale,15yr Fixed,1107115,2024-01-01,256,7.98,IL
LN-2024-07381,Retail,15yr Fixed,318916,2024-05-01,254,7.639,AZ
LN-2024-07382,Retail,30yr Fixed,553908,2024-01-01,273,8.249,IL
LN-2024-07383,Wholesale,15yr Fixed,1055620,2024-09-01,251,7.701,AZ
LN-2024-07384,Retail,15yr Fixed,1019240,2024-10-01,351,5.715,FL
LN-2024-07385,Wholesale,30yr Fixed,634001,2024-12-01,335,6.263,TX
LN-2024-07386,Wholesale,15yr Fixed,989364,2024-09-01,374,5.505,FL
LN-2024-07387,Wholesale,15yr Fixed,991859,2024-09-01,376,6.907,AZ
LN-2024-07388,Retail,30yr Fixed,1196789,2024-11-01,271,7.494,IL
LN-2024-07389,Retail,15yr Fixed,947292,2024-05-01,323,8.29,IL
LN-2024-07390,Retail,15yr Fixed,289921,2024-01-01,279,5.802,CA
LN-2024-07391,Wholesale,ARM 5/1,516524,2024-03-01,289,6.443,NY
LN-2024-07392,Correspondent,ARM 5/1,658455,2024-09-01,300,6.764,IL
LN-2024-07393,Correspondent,30yr Fixed,715391,2024-06-01,255,7.32,AZ
LN-2024-07394,Direct,ARM 5/1,195604,2024-03-01,270,7.335,AZ
LN-2024-07395,Correspondent,ARM 5/1,278697,2024-09-01,265,7.224,IL
LN-2024-07396,Correspondent,30yr Fixed,747057,2024-08-01,263,6.777,IL
LN-2024-07397,Correspondent,30yr Fixed,444394,2024-03-01,318,6.616,TX
LN-2024-07398,Wholesale,15yr Fixed,1021813,2024-04-01,350,8.049,CA
LN-2024-07399,Correspondent,30yr Fixed,1171360,2024-04-01,273,5.708,IL
LN-2024-07400,Direct,ARM 5/1,289174,2024-02-01,356,8.238,FL
LN-2024-07401,Direct,ARM 5/1,1093307,2024-03-01,317,7.438,FL
LN-2024-07402,Wholesale,ARM 5/1,622322,2024-08-01,283,6.369,NY
LN-2024-07403,Direct,30yr Fixed,413810,2024-01-01,356,5.854,FL
LN-2024-07404,Wholesale,15yr Fixed,210299,2024-01-01,359,5.935,FL
LN-2024-07405,Wholesale,15yr Fixed,881401,2024-01-01,373,5.693,FL
LN-2024-07406,Retail,15yr Fixed,358794,2024-08-01,297,6.825,TX
LN-2024-07407,Retail,15yr Fixed,840339,2024-12-01,336,6.791,IL
LN-2024-07408,Retail,ARM 5/1,220752,2024-03-01,365,7.464,IL
LN-2024-07409,Correspondent,ARM 5/1,922443,2024-06-01,262,7.518,TX
LN-2024-07410,Direct,15yr Fixed,1081206,2024-04-01,315,7.225,TX
LN-2024-07411,Correspondent,30yr Fixed,1025568,2024-04-01,259,6.817,IL
LN-2024-07412,Retail,30yr Fixed,573953,2024-06-01,328,7.24,IL
LN-2024-07413,Wholesale,ARM 5/1,189876,2024-03-01,277,6.822,IL
LN-2024-07414,Wholesale,ARM 5/1,863126,2024-01-01,316,7.439,AZ
LN-2024-07415,Wholesale,15yr Fixed,393455,2024-05-01,344,8.03,CA
LN-2024-07416,Retail,ARM 5/1,552717,2024-10-01,302,8.211,AZ
LN-2024-07417,Direct,30yr Fixed,701619,2024-03-01,340,7.007,IL
LN-2024-07418,Correspondent,ARM 5/1,299429,2024-01-01,286,7.641,NY
LN-2024-07419,Wholesale,15yr Fixed,844469,2024-07-01,341,8.372,TX
LN-2024-07420,Correspondent,30yr Fixed,229316,2024-07-01,371,6.449,NY
LN-2024-07421,Direct,ARM 5/1,455302,2024-01-01,321,6.356,AZ
LN-2024-07422,Correspondent,30yr Fixed,375522,2024-12-01,336,6.075,IL
LN-2024-07423,Direct,ARM 5/1,427508,2024-07-01,301,8.215,NY
LN-2024-07424,Correspondent,ARM 5/1,159225,2024-06-01,358,6.29,IL
LN-2024-07425,Direct,ARM 5/1,1159566,2024-06-01,340,8.114,FL
LN-2024-07426,Direct,ARM 5/1,348890,2024-04-01,290,7.315,TX
LN-2024-07427,Retail,ARM 5/1,194038,2024-02-01,297,7.924,AZ
LN-2024-07428,Retail,30yr Fixed,573157,2024-08-01,284,5.867,TX
LN-2024-07429,Wholesale,30yr Fixed,1159274,2024-10-01,264,6.743,AZ
LN-2024-07430,Direct,ARM 5/1,208375,2024-04-01,356,8.338,NY
LN-2024-07431,Correspondent,30yr Fixed,763450,2024-01-01,264,7.449,AZ
LN-2024-07432,Wholesale,ARM 5/1,1177993,2024-05-01,349,7.68,AZ
LN-2024-07433,Correspondent,30yr Fixed,517108,2024-11-01,346,5.844,IL
LN-2024-07434,Wholesale,30yr Fixed,793866,2024-06-01,277,6.52,TX
LN-2024-07435,Correspondent,ARM 5/1,1148425,2024-05-01,262,5.567,NY
LN-2024-07436,Direct,30yr Fixed,784871,2024-07-01,353,7.314,CA
LN-2024-07437,Retail,ARM 5/1,1172838,2024-05-01,323,8.222,CA
LN-2024-07438,Wholesale,30yr Fixed,766470,2024-11-01,326,7.738,AZ
LN-2024-07439,Direct,15yr Fixed,613925,2024-01-01,295,6.928,AZ
LN-2024-07440,Wholesale,30yr Fixed,970451,2024-06-01,362,5.649,FL
LN-2024-07441,Correspondent,30yr Fixed,858680,2024-11-01,261,6.175,IL
LN-2024-07442,Correspondent,15yr Fixed,253980,2024-07-01,380,7.392,NY
LN-2024-07443,Retail,30yr Fixed,827092,2024-04-01,256,6.87,FL
LN-2024-07444,Correspondent,15yr Fixed,239675,2024-07-01,370,7.41,NY
LN-2024-07445,Direct,15yr Fixed,240718,2024-05-01,334,6.191,FL
LN-2024-07446,Wholesale,15yr Fixed,805414,2024-02-01,313,8.198,FL
LN-2024-07447,Direct,ARM 5/1,743840,2024-01-01,330,7.643,IL
LN-2024-07448,Correspondent,15yr Fixed,825305,2024-08-01,376,7.353,AZ
LN-2024-07449,Correspondent,15yr Fixed,747040,2024-07-01,255,6.102,NY
LN-2024-07450,Retail,15yr Fixed,541164,2024-08-01,292,7.326,TX
LN-2024-07451,Correspondent,ARM 5/1,996110,2024-11-01,253,8.423,NY
LN-2024-07452,Wholesale,ARM 5/1,612563,2024-01-01,302,6.246,IL
LN-2024-07453,Wholesale,30yr Fixed,1188856,2024-10-01,276,8.015,IL
LN-2024-07454,Wholesale,15yr Fixed,1112136,2024-09-01,367,6.899,CA
LN-2024-07455,Retail,15yr Fixed,605910,2024-08-01,370,8.442,CA
LN-2024-07456,Wholesale,30yr Fixed,328197,2024-10-01,375,5.799,AZ
LN-2024-07457,Correspondent,15yr Fixed,189969,2024-11-01,271,6.646,CA
LN-2024-07458,Retail,ARM 5/1,162204,2024-09-01,291,8.298,NY
LN-2024-07459,Direct,ARM 5/1,643224,2024-12-01,341,5.846,CA
LN-2024-07460,Direct,15yr Fixed,428893,2024-12-01,341,8.165,IL
LN-2024-07461,Retail,30yr Fixed,223940,2024-09-01,348,8.137,FL
LN-2024-07462,Wholesale,30yr Fixed,375765,2024-12-01,377,8.118,NY
LN-2024-07463,Correspondent,ARM 5/1,535470,2024-10-01,336,6.547,FL
LN-2024-07464,Correspondent,ARM 5/1,1100312,2024-03-01,370,6.58,TX
LN-2024-07465,Correspondent,15yr Fixed,887023,2024-11-01,350,8.332,IL
LN-2024-07466,Direct,15yr Fixed,560412,2024-07-01,325,6.271,AZ
LN-2024-07467,Retail,ARM 5/1,506691,2024-12-01,304,5.99,TX
LN-2024-07468,Direct,15yr Fixed,548052,2024-04-01,275,7.275,CA
LN-2024-07469,Direct,30yr Fixed,199591,2024-09-01,261,5.884,IL
LN-2024-07470,Wholesale,30yr Fixed,690832,2024-01-01,329,6.679,FL
LN-2024-07471,Correspondent,30yr Fixed,873051,2024-04-01,292,5.564,IL
LN-2024-07472,Correspondent,15yr Fixed,320488,2024-08-01,373,7.81,AZ
LN-2024-07473,Retail,15yr Fixed,1133610,2024-08-01,286,7.538,FL
LN-2024-07474,Correspondent,ARM 5/1,868100,2024-09-01,364,6.545,NY
LN-2024-07475,Direct,30yr Fixed,720020,2024-02-01,366,7.601,CA
LN-2024-07476,Wholesale,30yr Fixed,921687,2024-02-01,309,5.83,IL
LN-2024-07477,Correspondent,15yr Fixed,509284,2024-08-01,259,8.129,IL
LN-2024-07478,Direct,15yr Fixed,1083124,2024-09-01,358,5.689,NY
LN-2024-07479,Retail,ARM 5/1,1049164,2024-07-01,278,8.401,FL
LN-2024-07480,Direct,ARM 5/1,392631,2024-07-01,314,6.5,AZ
LN-2024-07481,Retail,30yr Fixed,1161043,2024-08-01,278,5.645,AZ
LN-2024-07482,Wholesale,30yr Fixed,892090,2024-10-01,262,7.346,IL
LN-2024-07483,Correspondent,15yr Fixed,683799,2024-01-01,251,6.711,IL
LN-2024-07484,Retail,ARM 5/1,178998,2024-02-01,331,7.316,CA
LN-2024-07485,Correspondent,ARM 5/1,769158,2024-05-01,348,5.605,IL
LN-2024-07486,Wholesale,30yr Fixed,1042152,2024-02-01,358,8.367,AZ
LN-2024-07487,Wholesale,15yr Fixed,426623,2024-10-01,315,6.565,FL
LN-2024-07488,Correspondent,ARM 5/1,233348,2024-12-01,320,7.74,CA
LN-2024-07489,Direct,30yr Fixed,379924,2024-05-01,328,7.187,NY
LN-2024-07490,Retail,15yr Fixed,286268,2024-09-01,335,7.924,NY
LN-2024-07491,Wholesale,ARM 5/1,844039,2024-01-01,279,6.196,TX
LN-2024-07492,Retail,ARM 5/1,334723,2024-08-01,276,7.348,NY
LN-2024-07493,Wholesale,15yr Fixed,1175810,2024-04-01,288,6.173,IL
LN-2024-07494,Direct,30yr Fixed,229359,2024-07-01,319,5.812,IL
LN-2024-07495,Retail,15yr Fixed,1165298,2024-02-01,368,7.756,FL
LN-2024-07496,Retail,30yr Fixed,1017233,2024-01-01,313,6.873,AZ
LN-2024-07497,Direct,30yr Fixed,303765,2024-04-01,330,6.792,CA
LN-2024-07498,Correspondent,ARM 5/1,1000006,2024-09-01,277,8.288,IL
LN-2024-07499,Direct,ARM 5/1,1047577,2024-02-01,313,8.467,AZ
LN-2024-07500,Retail,30yr Fixed,626475,2024-03-01,280,7.49,CA
LN-2024-07501,Wholesale,30yr Fixed,158906,2024-01-01,309,7.726,IL
LN-2024-07502,Direct,ARM 5/1,781325,2024-12-01,356,5.572,FL
LN-2024-07503,Direct,15yr Fixed,1140670,2024-09-01,287,5.773,AZ
LN-2024-07504,Retail,30yr Fixed,755373,2024-06-01,376,8.198,NY
LN-2024-07505,Direct,15yr Fixed,846061,2024-09-01,343,6.916,CA
LN-2024-07506,Wholesale,ARM 5/1,650336,2024-03-01,347,7.751,CA
LN-2024-07507,Wholesale,30yr Fixed,1153432,2024-04-01,348,7.751,TX
LN-2024-07508,Correspondent,ARM 5/1,613739,2024-05-01,259,6.507,AZ
LN-2024-07509,Correspondent,15yr Fixed,451077,2024-07-01,304,7.762,IL
LN-2024-07510,Correspondent,30yr Fixed,647723,2024-10-01,277,5.725,TX
LN-2024-07511,Retail,15yr Fixed,833085,2024-01-01,272,8.129,FL
LN-2024-07512,Direct,ARM 5/1,1075636,2024-11-01,361,7.196,TX
LN-2024-07513,Correspondent,ARM 5/1,687379,2024-01-01,294,8.346,FL
LN-2024-07514,Direct,30yr Fixed,743454,2024-08-01,315,6.635,AZ
LN-2024-07515,Correspondent,30yr Fixed,618296,2024-05-01,297,6.22,NY
LN-2024-07516,Wholesale,ARM 5/1,760935,2024-05-01,296,5.931,CA
LN-2024-07517,Retail,30yr Fixed,729711,2024-01-01,274,6.374,TX
LN-2024-07518,Wholesale,30yr Fixed,155301,2024-03-01,288,6.746,AZ
LN-2024-07519,Correspondent,ARM 5/1,273499,2024-06-01,311,6.24,AZ
LN-2024-07520,Retail,ARM 5/1,744694,2024-06-01,309,7.231,NY
LN-2024-07521,Retail,15yr Fixed,280959,2024-08-01,298,7.275,TX
LN-2024-07522,Correspondent,15yr Fixed,746453,2024-09-01,345,6.892,FL
LN-2024-07523,Correspondent,ARM 5/1,395048,2024-06-01,371,8.205,IL
LN-2024-07524,Direct,15yr Fixed,1113569,2024-09-01,289,5.715,NY
LN-2024-07525,Wholesale,30yr Fixed,500728,2024-12-01,327,6.299,NY
LN-2024-07526,Direct,15yr Fixed,468159,2024-08-01,290,6.973,CA
LN-2024-07527,Correspondent,30yr Fixed,292431,2024-09-01,321,7.615,AZ
LN-2024-07528,Correspondent,15yr Fixed,460753,2024-09-01,362,6.518,FL
LN-2024-07529,Wholesale,ARM 5/1,650738,2024-09-01,292,5.927,CA
LN-2024-07530,Correspondent,30yr Fixed,1012982,2024-08-01,298,6.207,CA
LN-2024-07531,Direct,15yr Fixed,591353,2024-06-01,273,6.187,IL
LN-2024-07532,Wholesale,15yr Fixed,1158087,2024-09-01,262,7.181,AZ
LN-2024-07533,Correspondent,30yr Fixed,677981,2024-02-01,310,6.611,NY
LN-2024-07534,Correspondent,30yr Fixed,915607,2024-01-01,344,7.718,IL
LN-2024-07535,Correspondent,15yr Fixed,293723,2024-07-01,287,8.007,NY
LN-2024-07536,Correspondent,15yr Fixed,560698,2024-08-01,313,8.295,TX
LN-2024-07537,Wholesale,ARM 5/1,787115,2024-12-01,376,6.142,CA
LN-2024-07538,Wholesale,15yr Fixed,786116,2024-11-01,336,6.856,AZ
LN-2024-07539,Direct,ARM 5/1,958687,2024-10-01,343,8.173,NY
LN-2024-07540,Direct,30yr Fixed,312143,2024-08-01,281,6.894,CA
LN-2024-07541,Correspondent,30yr Fixed,1115604,2024-04-01,293,7.136,NY
LN-2024-07542,Direct,30yr Fixed,534569,2024-07-01,296,6.117,FL
LN-2024-07543,Direct,30yr Fixed,766191,2024-06-01,304,6.47,TX
LN-2024-07544,Retail,ARM 5/1,633889,2024-04-01,352,7.028,CA
LN-2024-07545,Correspondent,30yr Fixed,558458,2024-01-01,373,7.497,CA
LN-2024-07546,Wholesale,ARM 5/1,949929,2024-01-01,345,7.776,IL
LN-2024-07547,Direct,ARM 5/1,753601,2024-03-01,276,7.195,NY
LN-2024-07548,Direct,ARM 5/1,826960,2024-04-01,360,7.831,AZ
LN-2024-07549,Retail,30yr Fixed,549263,2024-06-01,319,5.847,TX
LN-2024-07550,Retail,15yr Fixed,396213,2024-10-01,369,7.157,IL
LN-2024-07551,Wholesale,30yr Fixed,232900,2024-10-01,327,5.576,TX
LN-2024-07552,Retail,30yr Fixed,465503,2024-07-01,300,6.747,FL
LN-2024-07553,Correspondent,15yr Fixed,254938,2024-12-01,350,6.375,AZ
LN-2024-07554,Retail,15yr Fixed,649275,2024-02-01,279,8.271,IL
LN-2024-07555,Wholesale,15yr Fixed,419333,2024-05-01,359,8.078,FL
LN-2024-07556,Direct,15yr Fixed,1184825,2024-05-01,250,6.387,FL
LN-2024-07557,Wholesale,30yr Fixed,294192,2024-01-01,327,6.676,NY
LN-2024-07558,Retail,ARM 5/1,1017751,2024-03-01,344,6.594,AZ
LN-2024-07559,Direct,30yr Fixed,638206,2024-03-01,321,7.675,AZ
LN-2024-07560,Wholesale,30yr Fixed,537530,2024-03-01,257,5.707,TX
LN-2024-07561,Retail,30yr Fixed,218189,2024-05-01,372,6.172,TX
LN-2024-07562,Direct,ARM 5/1,817198,2024-01-01,293,5.617,NY
LN-2024-07563,Correspondent,ARM 5/1,951860,2024-03-01,293,6.412,AZ
LN-2024-07564,Retail,15yr Fixed,1189966,2024-05-01,366,7.092,CA
LN-2024-07565,Retail,30yr Fixed,207877,2024-07-01,346,8.094,TX
LN-2024-07566,Retail,ARM 5/1,283080,2024-01-01,369,7.627,IL
LN-2024-07567,Retail,30yr Fixed,1062304,2024-09-01,296,8.248,IL
LN-2024-07568,Direct,30yr Fixed,330208,2024-03-01,285,5.515,FL
LN-2024-07569,Direct,ARM 5/1,414475,2024-03-01,363,7.273,CA
LN-2024-07570,Retail,15yr Fixed,897575,2024-10-01,271,5.627,TX
LN-2024-07571,Retail,ARM 5/1,561091,2024-09-01,271,6.553,TX
LN-2024-07572,Wholesale,ARM 5/1,1023829,2024-09-01,359,6.719,IL
LN-2024-07573,Retail,15yr Fixed,1029493,2024-09-01,359,6.221,FL
LN-2024-07574,Retail,30yr Fixed,487674,2024-01-01,329,7.57,AZ
LN-2024-07575,Retail,ARM 5/1,940682,2024-07-01,313,6.393,CA
LN-2024-07576,Direct,30yr Fixed,418690,2024-11-01,291,8.046,TX
LN-2024-07577,Wholesale,30yr Fixed,1069516,2024-11-01,291,6.09,FL
LN-2024-07578,Retail,30yr Fixed,1146957,2024-12-01,374,7.47,FL
LN-2024-07579,Direct,ARM 5/1,931252,2024-03-01,325,6.06,CA
LN-2024-07580,Correspondent,15yr Fixed,511250,2024-09-01,310,6.106,CA
LN-2024-07581,Correspondent,15yr Fixed,1047939,2024-03-01,364,8.004,FL
LN-2024-07582,Correspondent,30yr Fixed,526811,2024-06-01,295,6.084,TX
LN-2024-07583,Retail,ARM 5/1,268660,2024-10-01,313,6.442,AZ
LN-2024-07584,Retail,ARM 5/1,1092872,2024-02-01,342,5.698,TX
LN-2024-07585,Correspondent,30yr Fixed,336725,2024-03-01,292,6.114,AZ
LN-2024-07586,Correspondent,15yr Fixed,630453,2024-11-01,326,7.246,CA
LN-2024-07587,Wholesale,15yr Fixed,963344,2024-02-01,334,5.747,IL
LN-2024-07588,Wholesale,15yr Fixed,652570,2024-06-01,361,6.416,IL
LN-2024-07589,Correspondent,ARM 5/1,352018,2024-08-01,256,6.981,FL
LN-2024-07590,Wholesale,ARM 5/1,1050321,2024-05-01,310,6.083,NY
LN-2024-07591,Retail,15yr Fixed,335080,2024-05-01,273,6.25,CA
LN-2024-07592,Correspondent,15yr Fixed,267746,2024-01-01,379,5.853,IL
LN-2024-07593,Wholesale,ARM 5/1,922723,2024-06-01,364,5.624,NY
LN-2024-07594,Retail,ARM 5/1,516166,2024-03-01,251,5.976,FL
LN-2024-07595,Wholesale,30yr Fixed,298439,2024-12-01,371,6.467,CA
LN-2024-07596,Wholesale,15yr Fixed,1167510,2024-11-01,300,7.446,FL
LN-2024-07597,Correspondent,30yr Fixed,564547,2024-09-01,251,6.776,TX
LN-2024-07598,Correspondent,15yr Fixed,790379,2024-09-01,380,8.288,IL
LN-2024-07599,Correspondent,ARM 5/1,1174157,2024-04-01,293,7.592,TX
LN-2024-07600,Wholesale,ARM 5/1,955230,2024-08-01,339,7.771,TX
LN-2024-07601,Retail,15yr Fixed,953336,2024-10-01,319,6.884,CA
LN-2024-07602,Correspondent,30yr Fixed,813563,2024-08-01,372,7.831,TX
LN-2024-07603,Correspondent,30yr Fixed,953174,2024-08-01,327,7.562,TX
LN-2024-07604,Correspondent,15yr Fixed,962088,2024-01-01,252,6.919,NY
LN-2024-07605,Correspondent,15yr Fixed,304555,2024-12-01,375,6.517,NY
LN-2024-07606,Retail,30yr Fixed,1186894,2024-06-01,297,6.309,IL
LN-2024-07607,Direct,30yr Fixed,197292,2024-12-01,370,8.414,AZ
LN-2024-07608,Direct,15yr Fixed,885706,2024-08-01,270,7.132,NY
LN-2024-07609,Wholesale,15yr Fixed,342780,2024-06-01,359,6.527,AZ
LN-2024-07610,Direct,15yr Fixed,669332,2024-05-01,328,6.304,IL
LN-2024-07611,Correspondent,15yr Fixed,190841,2024-06-01,317,6.749,NY
LN-2024-07612,Retail,30yr Fixed,215392,2024-07-01,311,6.235,TX
LN-2024-07613,Correspondent,15yr Fixed,270998,2024-05-01,255,5.822,CA
LN-2024-07614,Retail,15yr Fixed,416680,2024-07-01,281,7.231,IL
LN-2024-07615,Correspondent,ARM 5/1,287694,2024-09-01,330,5.767,CA
LN-2024-07616,Wholesale,30yr Fixed,669886,2024-04-01,338,7.945,TX
LN-2024-07617,Direct,ARM 5/1,341545,2024-02-01,270,5.553,FL
LN-2024-07618,Direct,30yr Fixed,1049132,2024-08-01,313,6.349,CA
LN-2024-07619,Retail,30yr Fixed,1024960,2024-05-01,258,8.117,CA
LN-2024-07620,Correspondent,30yr Fixed,259050,2024-05-01,354,5.569,FL
LN-2024-07621,Correspondent,15yr Fixed,264018,2024-06-01,276,7.782,TX
LN-2024-07622,Retail,ARM 5/1,1061786,2024-12-01,290,6.654,CA
LN-2024-07623,Retail,15yr Fixed,946624,2024-03-01,331,6.998,CA
LN-2024-07624,Correspondent,ARM 5/1,735331,2024-10-01,374,6.651,CA
LN-2024-07625,Retail,ARM 5/1,472923,2024-09-01,343,6.128,AZ
LN-2024-07626,Wholesale,30yr Fixed,273136,2024-04-01,305,5.973,FL
LN-2024-07627,Wholesale,30yr Fixed,823651,2024-05-01,259,6.849,NY
LN-2024-07628,Wholesale,15yr Fixed,444870,2024-12-01,296,6.774,FL
LN-2024-07629,Direct,30yr Fixed,1140124,2024-07-01,299,6.121,FL
LN-2024-07630,Correspondent,ARM 5/1,1088218,2024-08-01,301,8.001,TX
LN-2024-07631,Wholesale,15yr Fixed,341722,2024-01-01,282,5.882,IL
LN-2024-07632,Wholesale,15yr Fixed,327589,2024-12-01,373,7.016,TX
LN-2024-07633,Direct,30yr Fixed,885438,2024-01-01,343,7.399,IL
LN-2024-07634,Wholesale,ARM 5/1,1027110,2024-06-01,321,5.922,CA
LN-2024-07635,Wholesale,ARM 5/1,208159,2024-06-01,251,6.949,FL
LN-2024-07636,Wholesale,30yr Fixed,804160,2024-10-01,362,7.578,NY
LN-2024-07637,Retail,30yr Fixed,479980,2024-12-01,360,8.078,NY
LN-2024-07638,Wholesale,ARM 5/1,1029124,2024-08-01,322,6.936,FL
LN-2024-07639,Direct,ARM 5/1,567739,2024-04-01,294,7.661,FL
LN-2024-07640,Direct,15yr Fixed,638443,2024-07-01,250,6.919,CA
LN-2024-07641,Correspondent,ARM 5/1,916331,2024-07-01,272,6.833,AZ
LN-2024-07642,Retail,ARM 5/1,701375,2024-07-01,345,5.633,CA
LN-2024-07643,Retail,15yr Fixed,389431,2024-01-01,287,6.642,TX
LN-2024-07644,Wholesale,15yr Fixed,323448,2024-04-01,335,5.605,IL
LN-2024-07645,Correspondent,30yr Fixed,608963,2024-11-01,307,6.031,FL
LN-2024-07646,Correspondent,ARM 5/1,1022252,2024-03-01,283,5.974,TX
LN-2024-07647,Wholesale,ARM 5/1,150416,2024-01-01,367,7.253,AZ
LN-2024-07648,Retail,ARM 5/1,1095502,2024-05-01,375,6.126,IL
LN-2024-07649,Correspondent,15yr Fixed,748842,2024-07-01,286,6.76,CA
LN-2024-07650,Retail,ARM 5/1,279251,2024-06-01,354,7.423,TX
LN-2024-07651,Direct,30yr Fixed,493081,2024-12-01,345,6.521,FL
LN-2024-07652,Correspondent,ARM 5/1,390641,2024-08-01,293,5.521,NY
LN-2024-07653,Wholesale,ARM 5/1,233497,2024-12-01,282,6.921,FL
LN-2024-07654,Retail,15yr Fixed,1108619,2024-02-01,330,6.186,TX
LN-2024-07655,Correspondent,ARM 5/1,521892,2024-06-01,261,8.001,FL
LN-2024-07656,Correspondent,30yr Fixed,616416,2024-05-01,311,7.633,CA
LN-2024-07657,Wholesale,15yr Fixed,650209,2024-10-01,379,8.043,TX
LN-2024-07658,Direct,15yr Fixed,575970,2024-07-01,354,8.191,FL
LN-2024-07659,Retail,ARM 5/1,817753,2024-05-01,301,5.807,TX
LN-2024-07660,Retail,30yr Fixed,961875,2024-05-01,344,7.97,FL
LN-2024-07661,Retail,15yr Fixed,877098,2024-11-01,311,5.618,FL
LN-2024-07662,Wholesale,ARM 5/1,308451,2024-10-01,254,6.871,AZ
LN-2024-07663,Direct,15yr Fixed,470486,2024-08-01,297,6.106,AZ
LN-2024-07664,Wholesale,15yr Fixed,483939,2024-02-01,376,6.701,CA
LN-2024-07665,Wholesale,15yr Fixed,795772,2024-12-01,336,6.468,CA
LN-2024-07666,Correspondent,ARM 5/1,411149,2024-09-01,312,7.958,CA
LN-2024-07667,Direct,15yr Fixed,1015400,2024-05-01,318,5.599,CA
LN-2024-07668,Direct,ARM 5/1,401121,2024-09-01,358,8.444,CA
LN-2024-07669,Correspondent,ARM 5/1,181647,2024-07-01,251,5.616,IL
LN-2024-07670,Wholesale,30yr Fixed,605463,2024-02-01,366,5.541,CA
LN-2024-07671,Correspondent,ARM 5/1,1196353,2024-06-01,279,6.196,TX
LN-2024-07672,Direct,ARM 5/1,826314,2024-10-01,340,7.612,NY
LN-2024-07673,Wholesale,ARM 5/1,432085,2024-10-01,292,7.138,FL
LN-2024-07674,Retail,ARM 5/1,244121,2024-05-01,358,5.773,NY
LN-2024-07675,Direct,ARM 5/1,630524,2024-12-01,333,6.187,CA
LN-2024-07676,Correspondent,30yr Fixed,230323,2024-06-01,257,7.654,IL
LN-2024-07677,Retail,ARM 5/1,272267,2024-11-01,258,7.404,AZ
LN-2024-07678,Correspondent,15yr Fixed,824800,2024-11-01,282,7.174,CA
LN-2024-07679,Wholesale,30yr Fixed,330497,2024-07-01,364,6.818,IL
LN-2024-07680,Wholesale,30yr Fixed,1180812,2024-12-01,276,6.813,CA
LN-2024-07681,Direct,15yr Fixed,222685,2024-07-01,250,7.863,CA
LN-2024-07682,Correspondent,15yr Fixed,441021,2024-09-01,291,5.802,IL
LN-2024-07683,Wholesale,30yr Fixed,604926,2024-09-01,334,7.411,IL
LN-2024-07684,Retail,ARM 5/1,1094781,2024-11-01,334,6.564,AZ
LN-2024-07685,Direct,ARM 5/1,722239,2024-11-01,300,7.042,CA
LN-2024-07686,Retail,30yr Fixed,1198873,2024-05-01,281,6.729,IL
LN-2024-07687,Wholesale,30yr Fixed,1051498,2024-05-01,310,7.792,TX
LN-2024-07688,Direct,15yr Fixed,1126951,2024-04-01,259,7.547,AZ
LN-2024-07689,Retail,30yr Fixed,868437,2024-03-01,294,7.629,TX
LN-2024-07690,Direct,30yr Fixed,526380,2024-06-01,352,5.667,CA
LN-2024-07691,Correspondent,30yr Fixed,311931,2024-05-01,270,8.08,IL
LN-2024-07692,Wholesale,30yr Fixed,1061201,2024-02-01,253,7.409,FL
LN-2024-07693,Direct,ARM 5/1,747794,2024-03-01,313,6.258,FL
LN-2024-07694,Wholesale,15yr Fixed,826921,2024-07-01,260,7.402,TX
LN-2024-07695,Wholesale,30yr Fixed,626279,2024-01-01,370,7.687,AZ
LN-2024-07696,Direct,15yr Fixed,746722,2024-10-01,291,6.844,IL
LN-2024-07697,Retail,ARM 5/1,1047556,2024-10-01,313,7.251,TX
LN-2024-07698,Direct,ARM 5/1,393077,2024-09-01,379,7.371,TX
LN-2024-07699,Correspondent,30yr Fixed,320775,2024-04-01,369,7.116,FL
LN-2024-07700,Retail,ARM 5/1,1044356,2024-03-01,271,8.08,CA
LN-2024-07701,Direct,30yr Fixed,693087,2024-11-01,275,6.258,NY
LN-2024-07702,Wholesale,30yr Fixed,594658,2024-11-01,339,7.296,TX
LN-2024-07703,Wholesale,ARM 5/1,402771,2024-04-01,369,8.445,FL
LN-2024-07704,Retail,30yr Fixed,404340,2024-08-01,323,5.542,FL
LN-2024-07705,Correspondent,ARM 5/1,626503,2024-06-01,351,6.359,FL
LN-2024-07706,Retail,ARM 5/1,844343,2024-10-01,375,5.874,IL
LN-2024-07707,Retail,30yr Fixed,760782,2024-07-01,293,5.556,NY
LN-2024-07708,Retail,15yr Fixed,419373,2024-08-01,331,6.929,CA
LN-2024-07709,Correspondent,30yr Fixed,1000718,2024-07-01,371,7.263,FL
LN-2024-07710,Wholesale,30yr Fixed,1168326,2024-04-01,284,6.447,NY
LN-2024-07711,Retail,ARM 5/1,573976,2024-02-01,366,6.863,CA
LN-2024-07712,Retail,30yr Fixed,815943,2024-05-01,335,7.559,TX
LN-2024-07713,Correspondent,15yr Fixed,608617,2024-01-01,321,6.982,TX
LN-2024-07714,Retail,30yr Fixed,408422,2024-07-01,312,7.179,NY
LN-2024-07715,Correspondent,15yr Fixed,237928,2024-11-01,281,7.058,NY
LN-2024-07716,Wholesale,15yr Fixed,370820,2024-02-01,250,6.895,AZ
LN-2024-07717,Retail,ARM 5/1,169185,2024-11-01,366,6.536,IL
LN-2024-07718,Correspondent,30yr Fixed,1018819,2024-08-01,314,8.494,IL
LN-2024-07719,Wholesale,15yr Fixed,812279,2024-01-01,331,6.741,FL
LN-2024-07720,Correspondent,30yr Fixed,1099067,2024-10-01,368,6.478,IL
LN-2024-07721,Direct,15yr Fixed,951436,2024-03-01,278,6.022,FL
LN-2024-07722,Direct,15yr Fixed,1178180,2024-09-01,323,8.3,FL
LN-2024-07723,Wholesale,30yr Fixed,358144,2024-12-01,344,7.155,AZ
LN-2024-07724,Correspondent,15yr Fixed,393944,2024-12-01,298,5.775,TX
LN-2024-07725,Correspondent,ARM 5/1,852313,2024-11-01,320,7.484,CA
LN-2024-07726,Direct,30yr Fixed,357222,2024-09-01,287,5.876,AZ
LN-2024-07727,Correspondent,15yr Fixed,671122,2024-12-01,344,6.721,AZ
LN-2024-07728,Correspondent,15yr Fixed,920253,2024-10-01,262,7.079,NY
LN-2024-07729,Correspondent,30yr Fixed,1016325,2024-02-01,373,7.342,NY
LN-2024-07730,Direct,15yr Fixed,336329,2024-06-01,380,8.14,NY
LN-2024-07731,Correspondent,30yr Fixed,1085593,2024-07-01,361,6.937,CA
LN-2024-07732,Correspondent,30yr Fixed,195002,2024-11-01,321,7.306,TX
LN-2024-07733,Direct,15yr Fixed,655611,2024-07-01,326,7.524,AZ
LN-2024-07734,Retail,ARM 5/1,631417,2024-06-01,318,6.38,IL
LN-2024-07735,Direct,ARM 5/1,329543,2024-07-01,370,8.037,FL
LN-2024-07736,Correspondent,30yr Fixed,200556,2024-10-01,258,7.702,CA
LN-2024-07737,Retail,30yr Fixed,618202,2024-03-01,256,7.459,FL
LN-2024-07738,Correspondent,30yr Fixed,651587,2024-11-01,310,5.548,IL
LN-2024-07739,Correspondent,30yr Fixed,908993,2024-08-01,276,5.878,NY
LN-2024-07740,Correspondent,30yr Fixed,185256,2024-08-01,274,8.138,FL
LN-2024-07741,Retail,30yr Fixed,401705,2024-11-01,347,8.138,CA
LN-2024-07742,Wholesale,30yr Fixed,1025013,2024-09-01,338,7.93,FL
LN-2024-07743,Correspondent,30yr Fixed,1043156,2024-09-01,313,5.66,FL
LN-2024-07744,Retail,15yr Fixed,1177833,2024-05-01,361,6.289,AZ
LN-2024-07745,Direct,30yr Fixed,976201,2024-09-01,279,6.096,TX
LN-2024-07746,Retail,30yr Fixed,571908,2024-12-01,346,7.416,IL
LN-2024-07747,Direct,ARM 5/1,881277,2024-09-01,355,5.7,CA
LN-2024-07748,Direct,ARM 5/1,615563,2024-05-01,289,6.057,IL
LN-2024-07749,Correspondent,15yr Fixed,427297,2024-11-01,299,8.266,AZ
LN-2024-07750,Retail,30yr Fixed,818466,2024-12-01,269,7.031,AZ
LN-2024-07751,Retail,ARM 5/1,1167478,2024-07-01,321,6.589,FL
LN-2024-07752,Correspondent,ARM 5/1,878624,2024-06-01,270,6.465,IL
LN-2024-07753,Retail,ARM 5/1,929162,2024-03-01,330,7.504,NY
LN-2024-07754,Correspondent,15yr Fixed,308648,2024-05-01,362,6.096,NY
LN-2024-07755,Correspondent,15yr Fixed,962035,2024-05-01,258,7.285,TX
LN-2024-07756,Correspondent,30yr Fixed,1102048,2024-06-01,260,6.677,TX
LN-2024-07757,Wholesale,15yr Fixed,375269,2024-06-01,318,6.89,TX
LN-2024-07758,Wholesale,30yr Fixed,281753,2024-10-01,301,5.693,NY
LN-2024-07759,Direct,15yr Fixed,486942,2024-07-01,293,6.679,NY
LN-2024-07760,Direct,30yr Fixed,774593,2024-09-01,324,6.542,TX
LN-2024-07761,Direct,ARM 5/1,758566,2024-04-01,313,8.267,CA
LN-2024-07762,Correspondent,15yr Fixed,1189180,2024-06-01,323,7.569,TX
LN-2024-07763,Wholesale,30yr Fixed,807956,2024-06-01,361,6.154,CA
LN-2024-07764,Wholesale,ARM 5/1,916272,2024-08-01,333,6.513,CA
LN-2024-07765,Retail,30yr Fixed,413895,2024-06-01,371,8.297,IL
LN-2024-07766,Retail,ARM 5/1,581366,2024-08-01,257,7.422,AZ
LN-2024-07767,Retail,30yr Fixed,717432,2024-01-01,293,6.093,FL
LN-2024-07768,Retail,15yr Fixed,1174365,2024-05-01,255,6.923,CA
LN-2024-07769,Retail,30yr Fixed,618256,2024-04-01,329,7.717,FL
LN-2024-07770,Wholesale,15yr Fixed,615096,2024-05-01,301,6.061,FL
LN-2024-07771,Retail,30yr Fixed,557885,2024-01-01,284,5.785,AZ
LN-2024-07772,Direct,30yr Fixed,1063289,2024-08-01,346,7.87,FL
LN-2024-07773,Wholesale,30yr Fixed,237701,2024-06-01,328,7.73,FL
LN-2024-07774,Direct,ARM 5/1,967463,2024-02-01,283,5.906,IL
LN-2024-07775,Correspondent,30yr Fixed,1141093,2024-05-01,326,7.846,IL
LN-2024-07776,Correspondent,15yr Fixed,1174774,2024-07-01,278,8.379,TX
LN-2024-07777,Wholesale,30yr Fixed,984269,2024-01-01,313,8.03,CA
LN-2024-07778,Correspondent,15yr Fixed,1073587,2024-09-01,262,7.805,IL
LN-2024-07779,Direct,ARM 5/1,764096,2024-03-01,296,7.851,CA
LN-2024-07780,Wholesale,30yr Fixed,854303,2024-06-01,329,6.017,AZ
LN-2024-07781,Direct,15yr Fixed,617637,2024-01-01,350,7.265,CA
LN-2024-07782,Retail,30yr Fixed,336652,2024-02-01,353,8.145,FL
LN-2024-07783,Correspondent,30yr Fixed,277516,2024-07-01,337,6.666,IL
LN-2024-07784,Wholesale,15yr Fixed,491349,2024-01-01,285,5.651,FL
LN-2024-07785,Correspondent,30yr Fixed,1137912,2024-02-01,272,5.826,CA
LN-2024-07786,Retail,15yr Fixed,1182725,2024-08-01,294,7.457,NY
LN-2024-07787,Retail,30yr Fixed,937700,2024-04-01,287,6.507,AZ
LN-2024-07788,Direct,ARM 5/1,1124555,2024-07-01,346,6.504,AZ
LN-2024-07789,Direct,ARM 5/1,832996,2024-08-01,319,7.502,CA
LN-2024-07790,Correspondent,15yr Fixed,897060,2024-03-01,256,8.202,CA
LN-2024-07791,Direct,ARM 5/1,1122919,2024-11-01,362,5.803,TX
LN-2024-07792,Wholesale,30yr Fixed,1102417,2024-04-01,294,6.231,FL
LN-2024-07793,Direct,30yr Fixed,1164678,2024-05-01,380,7.576,CA
LN-2024-07794,Wholesale,30yr Fixed,1109415,2024-03-01,267,7.702,AZ
LN-2024-07795,Correspondent,30yr Fixed,1016759,2024-04-01,336,7.262,IL
LN-2024-07796,Direct,15yr Fixed,939956,2024-01-01,257,5.516,FL
LN-2024-07797,Wholesale,15yr Fixed,400386,2024-11-01,259,5.608,FL
LN-2024-07798,Retail,15yr Fixed,699903,2024-03-01,257,7.423,AZ
LN-2024-07799,Wholesale,ARM 5/1,546850,2024-06-01,347,6.461,FL
LN-2024-07800,Wholesale,15yr Fixed,780715,2024-07-01,261,7.833,AZ
LN-2024-07801,Retail,15yr Fixed,709043,2024-04-01,264,6.548,FL
LN-2024-07802,Correspondent,15yr Fixed,1071940,2024-12-01,297,7.251,TX
LN-2024-07803,Retail,ARM 5/1,1154590,2024-12-01,284,7.796,FL
LN-2024-07804,Direct,ARM 5/1,1144855,2024-02-01,303,7.305,FL
LN-2024-07805,Wholesale,30yr Fixed,411390,2024-06-01,347,7.752,TX
LN-2024-07806,Wholesale,30yr Fixed,1028885,2024-07-01,251,6.301,IL
LN-2024-07807,Direct,30yr Fixed,354108,2024-06-01,304,7.102,CA
LN-2024-07808,Direct,15yr Fixed,593674,2024-07-01,313,8.331,CA
LN-2024-07809,Wholesale,ARM 5/1,1090943,2024-08-01,260,7.468,FL
LN-2024-07810,Direct,15yr Fixed,354470,2024-08-01,339,8.003,TX
LN-2024-07811,Wholesale,30yr Fixed,1091359,2024-10-01,272,8.214,NY
LN-2024-07812,Correspondent,ARM 5/1,835590,2024-07-01,345,6.252,TX
LN-2024-07813,Correspondent,15yr Fixed,671574,2024-02-01,310,7.922,AZ
LN-2024-07814,Direct,15yr Fixed,617263,2024-08-01,363,8.424,TX
LN-2024-07815,Retail,ARM 5/1,381181,2024-09-01,320,5.765,CA
LN-2024-07816,Direct,ARM 5/1,203234,2024-10-01,282,5.54,CA
LN-2024-07817,Direct,30yr Fixed,1081935,2024-05-01,259,5.578,AZ
LN-2024-07818,Correspondent,15yr Fixed,293268,2024-06-01,312,6.718,IL
LN-2024-07819,Wholesale,ARM 5/1,570124,2024-11-01,327,6.012,IL
LN-2024-07820,Direct,15yr Fixed,813577,2024-06-01,299,7.982,TX
LN-2024-07821,Wholesale,ARM 5/1,556332,2024-10-01,363,6.337,FL
LN-2024-07822,Wholesale,ARM 5/1,707185,2024-05-01,273,7.11,FL
LN-2024-07823,Correspondent,30yr Fixed,928697,2024-02-01,374,6.952,AZ
LN-2024-07824,Correspondent,15yr Fixed,571111,2024-03-01,351,8.144,FL
LN-2024-07825,Direct,ARM 5/1,696435,2024-06-01,347,6.415,TX
LN-2024-07826,Retail,ARM 5/1,735669,2024-12-01,267,7.994,TX
LN-2024-07827,Wholesale,30yr Fixed,512264,2024-10-01,277,5.667,CA
LN-2024-07828,Retail,15yr Fixed,839941,2024-01-01,250,8.155,TX
LN-2024-07829,Retail,30yr Fixed,822717,2024-08-01,283,5.521,AZ
LN-2024-07830,Direct,30yr Fixed,1084123,2024-05-01,316,8.468,AZ
LN-2024-07831,Correspondent,30yr Fixed,910072,2024-02-01,342,5.786,IL
LN-2024-07832,Direct,ARM 5/1,537603,2024-04-01,250,6.195,CA
LN-2024-07833,Wholesale,15yr Fixed,454438,2024-12-01,276,8.489,NY
LN-2024-07834,Correspondent,ARM 5/1,315293,2024-07-01,265,8.289,NY
LN-2024-07835,Retail,30yr Fixed,691283,2024-07-01,319,8.434,TX
LN-2024-07836,Direct,ARM 5/1,969385,2024-07-01,250,6.266,NY
LN-2024-07837,Direct,30yr Fixed,642787,2024-05-01,259,6.693,TX
LN-2024-07838,Correspondent,ARM 5/1,691123,2024-07-01,311,6.535,TX
LN-2024-07839,Retail,15yr Fixed,456408,2024-05-01,346,7.978,AZ
LN-2024-07840,Wholesale,15yr Fixed,523228,2024-08-01,343,6.381,CA
LN-2024-07841,Correspondent,30yr Fixed,982948,2024-05-01,266,7.951,FL
LN-2024-07842,Wholesale,30yr Fixed,568740,2024-10-01,362,5.745,AZ
LN-2024-07843,Direct,30yr Fixed,694089,2024-09-01,352,7.852,AZ
LN-2024-07844,Wholesale,ARM 5/1,394857,2024-11-01,331,5.999,AZ
LN-2024-07845,Retail,ARM 5/1,179343,2024-03-01,253,8.4,IL
LN-2024-07846,Retail,15yr Fixed,817356,2024-10-01,292,5.973,NY
LN-2024-07847,Correspondent,15yr Fixed,661181,2024-04-01,323,8.253,FL
LN-2024-07848,Direct,15yr Fixed,1079652,2024-12-01,377,6.182,FL
LN-2024-07849,Correspondent,30yr Fixed,1162263,2024-11-01,290,7.828,FL
LN-2024-07850,Retail,30yr Fixed,969034,2024-06-01,295,6.919,IL
LN-2024-07851,Correspondent,30yr Fixed,489265,2024-06-01,354,6.663,NY
LN-2024-07852,Wholesale,15yr Fixed,527048,2024-06-01,323,6.876,FL
LN-2024-07853,Correspondent,30yr Fixed,571499,2024-03-01,319,6.951,NY
LN-2024-07854,Direct,ARM 5/1,792827,2024-11-01,359,7.637,FL
LN-2024-07855,Correspondent,30yr Fixed,796304,2024-04-01,303,6.104,FL
LN-2024-07856,Correspondent,15yr Fixed,525056,2024-04-01,336,8.113,FL
LN-2024-07857,Retail,ARM 5/1,1083934,2024-07-01,318,6.882,TX
LN-2024-07858,Direct,ARM 5/1,458630,2024-09-01,379,5.575,AZ
LN-2024-07859,Retail,30yr Fixed,769358,2024-04-01,255,7.154,CA
LN-2024-07860,Correspondent,ARM 5/1,387312,2024-12-01,334,6.709,NY
LN-2024-07861,Correspondent,ARM 5/1,817516,2024-06-01,356,7.181,AZ
LN-2024-07862,Correspondent,30yr Fixed,619053,2024-10-01,299,6.014,AZ
LN-2024-07863,Correspondent,ARM 5/1,1107496,2024-10-01,252,7.369,TX
LN-2024-07864,Correspondent,ARM 5/1,620183,2024-04-01,298,6.952,IL
LN-2024-07865,Direct,ARM 5/1,1053253,2024-09-01,290,7.968,NY
LN-2024-07866,Retail,30yr Fixed,759433,2024-05-01,319,8.108,TX
LN-2024-07867,Correspondent,30yr Fixed,1171546,2024-07-01,331,6.076,NY
LN-2024-07868,Correspondent,30yr Fixed,315700,2024-03-01,271,8.469,FL
LN-2024-07869,Retail,ARM 5/1,934048,2024-09-01,312,7.865,FL
LN-2024-07870,Correspondent,30yr Fixed,312097,2024-08-01,323,7.207,NY
LN-2024-07871,Wholesale,15yr Fixed,797547,2024-06-01,256,8.427,CA
LN-2024-07872,Correspondent,30yr Fixed,780129,2024-01-01,304,5.535,IL
LN-2024-07873,Wholesale,15yr Fixed,863004,2024-01-01,272,6.644,TX
LN-2024-07874,Retail,30yr Fixed,1135552,2024-11-01,288,6.721,IL
LN-2024-07875,Retail,15yr Fixed,280791,2024-02-01,330,7.061,CA
LN-2024-07876,Wholesale,30yr Fixed,1049292,2024-11-01,376,8.179,IL
LN-2024-07877,Wholesale,ARM 5/1,497948,2024-10-01,350,5.933,TX
LN-2024-07878,Correspondent,30yr Fixed,204631,2024-10-01,301,6.703,TX
LN-2024-07879,Retail,30yr Fixed,919548,2024-06-01,321,5.98,AZ
LN-2024-07880,Direct,30yr Fixed,743533,2024-07-01,263,8.115,CA
LN-2024-07881,Retail,ARM 5/1,614007,2024-04-01,305,7.862,IL
LN-2024-07882,Retail,30yr Fixed,1042910,2024-08-01,264,6.883,AZ
LN-2024-07883,Wholesale,15yr Fixed,901729,2024-11-01,269,8.063,AZ
LN-2024-07884,Retail,30yr Fixed,752621,2024-04-01,334,6.671,TX
LN-2024-07885,Retail,ARM 5/1,900020,2024-07-01,379,6.75,NY
LN-2024-07886,Wholesale,ARM 5/1,168333,2024-09-01,300,5.81,CA
LN-2024-07887,Retail,ARM 5/1,744966,2024-10-01,271,7.166,NY
LN-2024-07888,Correspondent,15yr Fixed,465045,2024-01-01,367,7.489,AZ
LN-2024-07889,Direct,ARM 5/1,175475,2024-08-01,380,5.893,AZ
LN-2024-07890,Correspondent,30yr Fixed,1018357,2024-04-01,277,6.891,IL
LN-2024-07891,Retail,30yr Fixed,493801,2024-01-01,291,7.942,IL
LN-2024-07892,Direct,15yr Fixed,281152,2024-07-01,377,6.508,AZ
LN-2024-07893,Retail,ARM 5/1,941064,2024-05-01,312,6.009,IL
LN-2024-07894,Direct,30yr Fixed,658538,2024-04-01,257,8.389,TX
LN-2024-07895,Correspondent,15yr Fixed,1168208,2024-01-01,352,6.667,FL
LN-2024-07896,Wholesale,30yr Fixed,695153,2024-02-01,324,7.905,NY
LN-2024-07897,Retail,15yr Fixed,275124,2024-09-01,339,7.901,AZ
LN-2024-07898,Correspondent,15yr Fixed,162656,2024-09-01,300,5.834,NY
LN-2024-07899,Correspondent,ARM 5/1,1002492,2024-10-01,278,8.361,TX
LN-2024-07900,Retail,ARM 5/1,1121807,2024-06-01,334,5.58,IL
LN-2024-07901,Retail,ARM 5/1,597577,2024-01-01,252,6.575,FL
LN-2024-07902,Direct,30yr Fixed,306549,2024-10-01,324,6.162,CA
LN-2024-07903,Retail,15yr Fixed,636093,2024-01-01,307,5.716,NY
LN-2024-07904,Correspondent,ARM 5/1,560185,2024-09-01,260,7.64,AZ
LN-2024-07905,Wholesale,15yr Fixed,832056,2024-09-01,266,7.586,AZ
LN-2024-07906,Direct,30yr Fixed,730394,2024-12-01,323,7.867,AZ
LN-2024-07907,Wholesale,15yr Fixed,518880,2024-03-01,374,7.279,TX
LN-2024-07908,Wholesale,ARM 5/1,173605,2024-02-01,315,7.852,FL
LN-2024-07909,Retail,15yr Fixed,330672,2024-10-01,290,8.056,IL
LN-2024-07910,Direct,ARM 5/1,1163120,2024-12-01,323,8.306,NY
LN-2024-07911,Correspondent,30yr Fixed,716380,2024-12-01,372,6.867,FL
LN-2024-07912,Direct,ARM 5/1,1159378,2024-03-01,299,5.668,AZ
LN-2024-07913,Retail,15yr Fixed,745759,2024-08-01,291,6.17,TX
LN-2024-07914,Retail,15yr Fixed,449785,2024-07-01,268,6.932,FL
LN-2024-07915,Correspondent,30yr Fixed,256216,2024-07-01,258,8.386,NY
LN-2024-07916,Direct,30yr Fixed,734858,2024-12-01,283,6.162,TX
LN-2024-07917,Retail,30yr Fixed,281114,2024-03-01,291,5.758,IL
LN-2024-07918,Wholesale,15yr Fixed,1024725,2024-08-01,349,5.962,TX
LN-2024-07919,Retail,ARM 5/1,721499,2024-05-01,292,8.449,FL
LN-2024-07920,Wholesale,15yr Fixed,185589,2024-08-01,304,7.146,FL
LN-2024-07921,Direct,30yr Fixed,663651,2024-03-01,253,7.114,NY
LN-2024-07922,Wholesale,15yr Fixed,1137037,2024-11-01,341,7.386,AZ
LN-2024-07923,Correspondent,15yr Fixed,437073,2024-01-01,282,6.909,NY
LN-2024-07924,Correspondent,ARM 5/1,567569,2024-06-01,376,7.643,IL
LN-2024-07925,Wholesale,30yr Fixed,1014759,2024-07-01,309,6.147,TX
LN-2024-07926,Direct,15yr Fixed,628948,2024-02-01,292,6.001,FL
LN-2024-07927,Direct,15yr Fixed,390032,2024-08-01,303,8.235,TX
LN-2024-07928,Correspondent,30yr Fixed,1129965,2024-06-01,327,6.957,AZ
LN-2024-07929,Retail,ARM 5/1,215098,2024-07-01,318,8.427,FL
LN-2024-07930,Correspondent,ARM 5/1,923219,2024-11-01,289,8.466,AZ
LN-2024-07931,Direct,30yr Fixed,511176,2024-02-01,309,7.221,IL
LN-2024-07932,Wholesale,15yr Fixed,1183599,2024-09-01,309,6.826,TX
LN-2024-07933,Correspondent,ARM 5/1,204496,2024-08-01,266,7.456,NY
LN-2024-07934,Wholesale,30yr Fixed,724460,2024-02-01,323,5.943,TX
LN-2024-07935,Wholesale,15yr Fixed,178893,2024-09-01,346,6.029,AZ
LN-2024-07936,Correspondent,15yr Fixed,286829,2024-03-01,359,7.935,CA
LN-2024-07937,Wholesale,15yr Fixed,1060413,2024-03-01,323,6.322,TX
LN-2024-07938,Correspondent,15yr Fixed,1150770,2024-10-01,327,6.072,NY
LN-2024-07939,Retail,15yr Fixed,576715,2024-05-01,349,7.614,NY
LN-2024-07940,Correspondent,15yr Fixed,911505,2024-09-01,341,5.66,IL
LN-2024-07941,Wholesale,30yr Fixed,746670,2024-02-01,361,6.082,FL
LN-2024-07942,Direct,15yr Fixed,1093864,2024-02-01,261,7.099,AZ
LN-2024-07943,Wholesale,ARM 5/1,235255,2024-08-01,251,7.175,AZ
LN-2024-07944,Wholesale,15yr Fixed,201102,2024-01-01,359,6.536,NY
LN-2024-07945,Wholesale,30yr Fixed,975777,2024-06-01,287,6.647,IL
LN-2024-07946,Correspondent,15yr Fixed,714764,2024-08-01,303,6.572,AZ
LN-2024-07947,Correspondent,ARM 5/1,1118818,2024-08-01,352,6.436,FL
LN-2024-07948,Wholesale,15yr Fixed,913062,2024-03-01,250,6.646,IL
LN-2024-07949,Correspondent,30yr Fixed,1107623,2024-03-01,253,6.525,IL
LN-2024-07950,Direct,15yr Fixed,988919,2024-08-01,261,7.874,IL
LN-2024-07951,Retail,30yr Fixed,1049222,2024-11-01,283,8.199,TX
LN-2024-07952,Direct,ARM 5/1,751904,2024-04-01,361,5.645,AZ
LN-2024-07953,Retail,15yr Fixed,553141,2024-03-01,324,7.981,CA
LN-2024-07954,Correspondent,30yr Fixed,298521,2024-11-01,335,5.973,NY
LN-2024-07955,Direct,ARM 5/1,453513,2024-12-01,304,8.119,FL
LN-2024-07956,Wholesale,ARM 5/1,852138,2024-11-01,306,5.992,CA
LN-2024-07957,Wholesale,ARM 5/1,846391,2024-06-01,354,7.257,CA
LN-2024-07958,Direct,ARM 5/1,270647,2024-12-01,283,7.221,AZ
LN-2024-07959,Wholesale,ARM 5/1,926017,2024-06-01,318,5.911,TX
LN-2024-07960,Direct,ARM 5/1,1079198,2024-09-01,321,6.53,IL
LN-2024-07961,Wholesale,ARM 5/1,229300,2024-09-01,271,6.405,NY
LN-2024-07962,Wholesale,15yr Fixed,211165,2024-08-01,324,8.321,CA
LN-2024-07963,Correspondent,ARM 5/1,960738,2024-09-01,296,5.905,FL
LN-2024-07964,Wholesale,ARM 5/1,966568,2024-08-01,305,6.425,FL
LN-2024-07965,Wholesale,30yr Fixed,1101626,2024-08-01,297,8.02,AZ
LN-2024-07966,Wholesale,ARM 5/1,790494,2024-03-01,321,7.995,FL
LN-2024-07967,Direct,15yr Fixed,1015044,2024-07-01,276,6.826,AZ
LN-2024-07968,Correspondent,30yr Fixed,1170817,2024-01-01,312,7.247,IL
LN-2024-07969,Correspondent,ARM 5/1,583654,2024-04-01,370,8.128,CA
LN-2024-07970,Wholesale,30yr Fixed,1023038,2024-11-01,376,7.694,IL
LN-2024-07971,Retail,15yr Fixed,418515,2024-03-01,360,8.041,TX
LN-2024-07972,Direct,15yr Fixed,1149061,2024-09-01,270,6.136,TX
LN-2024-07973,Direct,ARM 5/1,489929,2024-03-01,309,6.743,IL
LN-2024-07974,Direct,30yr Fixed,1084900,2024-11-01,260,7.703,NY
LN-2024-07975,Correspondent,ARM 5/1,1092713,2024-06-01,350,6.732,FL
LN-2024-07976,Retail,ARM 5/1,1073681,2024-06-01,362,5.729,IL
LN-2024-07977,Wholesale,15yr Fixed,464570,2024-12-01,294,5.538,AZ
LN-2024-07978,Direct,ARM 5/1,885754,2024-11-01,274,6.002,NY
LN-2024-07979,Direct,ARM 5/1,1102166,2024-10-01,345,5.761,NY
LN-2024-07980,Correspondent,ARM 5/1,814563,2024-03-01,312,6.86,AZ
LN-2024-07981,Wholesale,15yr Fixed,987221,2024-05-01,285,7.84,FL
LN-2024-07982,Wholesale,30yr Fixed,766756,2024-07-01,335,6.714,CA
LN-2024-07983,Retail,30yr Fixed,324638,2024-11-01,299,6.894,FL
LN-2024-07984,Correspondent,ARM 5/1,1127856,2024-06-01,250,7.878,TX
LN-2024-07985,Correspondent,15yr Fixed,347457,2024-01-01,260,6.144,TX
LN-2024-07986,Correspondent,30yr Fixed,186149,2024-07-01,330,6.19,TX
LN-2024-07987,Retail,ARM 5/1,283481,2024-10-01,289,7.47,NY
LN-2024-07988,Retail,30yr Fixed,458112,2024-10-01,301,5.907,NY
LN-2024-07989,Direct,15yr Fixed,601457,2024-03-01,375,7.767,IL
LN-2024-07990,Direct,15yr Fixed,737710,2024-07-01,371,7.96,IL
LN-2024-07991,Retail,ARM 5/1,614716,2024-05-01,264,7.997,AZ
LN-2024-07992,Direct,30yr Fixed,336616,2024-06-01,370,6.272,NY
LN-2024-07993,Direct,ARM 5/1,305257,2024-11-01,334,7.227,TX
LN-2024-07994,Wholesale,ARM 5/1,1008685,2024-08-01,375,8.236,CA
LN-2024-07995,Retail,ARM 5/1,522072,2024-06-01,372,5.838,IL
LN-2024-07996,Correspondent,15yr Fixed,345527,2024-09-01,320,7.803,IL
LN-2024-07997,Retail,15yr Fixed,665606,2024-06-01,343,7.112,NY
LN-2024-07998,Correspondent,30yr Fixed,815123,2024-05-01,264,7.379,IL
LN-2024-07999,Direct,30yr Fixed,264744,2024-06-01,327,6.432,FL
LN-2024-08000,Retail,15yr Fixed,285774,2024-04-01,251,6.636,NY
LN-2024-08001,Retail,15yr Fixed,959338,2024-07-01,259,5.822,IL
LN-2024-08002,Retail,15yr Fixed,818686,2024-03-01,366,6.098,AZ
LN-2024-08003,Direct,ARM 5/1,1090563,2024-02-01,266,7.518,TX
LN-2024-08004,Retail,ARM 5/1,355184,2024-12-01,335,6.614,CA
LN-2024-08005,Wholesale,30yr Fixed,988548,2024-11-01,317,6.552,AZ
LN-2024-08006,Correspondent,ARM 5/1,839016,2024-10-01,275,7.744,AZ
LN-2024-08007,Wholesale,ARM 5/1,480745,2024-05-01,350,6.871,NY
LN-2024-08008,Correspondent,ARM 5/1,1017528,2024-07-01,339,6.578,TX
LN-2024-08009,Correspondent,30yr Fixed,775212,2024-03-01,288,8.131,FL
LN-2024-08010,Direct,15yr Fixed,986526,2024-07-01,346,7.688,CA
LN-2024-08011,Correspondent,30yr Fixed,432704,2024-03-01,306,5.631,AZ
LN-2024-08012,Direct,30yr Fixed,165199,2024-10-01,333,6.309,CA
LN-2024-08013,Retail,30yr Fixed,669697,2024-08-01,340,7.578,TX
LN-2024-08014,Correspondent,ARM 5/1,584791,2024-02-01,260,7.879,AZ
LN-2024-08015,Direct,15yr Fixed,581639,2024-01-01,269,7.077,NY
LN-2024-08016,Direct,ARM 5/1,630863,2024-04-01,321,6.903,IL
LN-2024-08017,Retail,30yr Fixed,817629,2024-10-01,301,7.377,CA
LN-2024-08018,Wholesale,ARM 5/1,198432,2024-07-01,375,8.393,IL
LN-2024-08019,Direct,15yr Fixed,1021503,2024-06-01,334,8.104,FL
LN-2024-08020,Direct,30yr Fixed,830911,2024-11-01,261,7.075,TX
LN-2024-08021,Wholesale,ARM 5/1,888985,2024-04-01,343,8.036,AZ
LN-2024-08022,Retail,30yr Fixed,898024,2024-05-01,368,7.878,AZ
LN-2024-08023,Direct,30yr Fixed,551138,2024-09-01,258,8.199,NY
LN-2024-08024,Retail,15yr Fixed,1167824,2024-12-01,254,6.208,NY
LN-2024-08025,Retail,15yr Fixed,1156064,2024-03-01,362,6.127,FL
LN-2024-08026,Correspondent,30yr Fixed,179773,2024-07-01,290,5.869,AZ
LN-2024-08027,Retail,ARM 5/1,1037730,2024-02-01,362,7.75,TX
LN-2024-08028,Retail,30yr Fixed,376152,2024-11-01,269,6.233,AZ
LN-2024-08029,Retail,15yr Fixed,699393,2024-02-01,300,8.293,AZ
LN-2024-08030,Retail,15yr Fixed,1008612,2024-04-01,266,7.534,AZ
LN-2024-08031,Correspondent,ARM 5/1,937816,2024-05-01,301,6.461,CA
LN-2024-08032,Wholesale,30yr Fixed,622685,2024-09-01,304,6.843,IL
LN-2024-08033,Direct,15yr Fixed,555902,2024-01-01,277,7.621,FL
LN-2024-08034,Direct,ARM 5/1,641093,2024-08-01,332,7.594,CA
LN-2024-08035,Correspondent,30yr Fixed,1035146,2024-06-01,369,6.691,CA
LN-2024-08036,Direct,ARM 5/1,1105029,2024-10-01,370,6.969,AZ
LN-2024-08037,Wholesale,30yr Fixed,718413,2024-02-01,272,6.582,FL
LN-2024-08038,Direct,30yr Fixed,1189055,2024-02-01,299,6.253,FL
LN-2024-08039,Correspondent,30yr Fixed,288411,2024-07-01,335,6.194,TX
LN-2024-08040,Direct,30yr Fixed,1004764,2024-11-01,302,7.673,AZ
LN-2024-08041,Direct,15yr Fixed,362531,2024-07-01,292,8.443,FL
LN-2024-08042,Retail,30yr Fixed,287560,2024-09-01,365,6.999,AZ
LN-2024-08043,Correspondent,15yr Fixed,215882,2024-05-01,274,7.169,FL
LN-2024-08044,Retail,15yr Fixed,350768,2024-04-01,355,8.375,NY
LN-2024-08045,Direct,30yr Fixed,260991,2024-02-01,275,6.752,IL
LN-2024-08046,Retail,15yr Fixed,161473,2024-07-01,253,6.959,TX
LN-2024-08047,Retail,30yr Fixed,610296,2024-04-01,348,7.408,CA
LN-2024-08048,Wholesale,30yr Fixed,658873,2024-02-01,260,6.931,AZ
LN-2024-08049,Direct,30yr Fixed,1036410,2024-11-01,333,5.625,FL
LN-2024-08050,Wholesale,ARM 5/1,1118011,2024-08-01,337,7.995,IL
LN-2024-08051,Retail,30yr Fixed,704254,2024-03-01,375,7.106,IL
LN-2024-08052,Direct,ARM 5/1,173401,2024-08-01,315,6.333,TX
LN-2024-08053,Direct,ARM 5/1,730265,2024-11-01,271,7.918,IL
LN-2024-08054,Retail,15yr Fixed,1097169,2024-06-01,328,8.494,CA
LN-2024-08055,Retail,15yr Fixed,288637,2024-05-01,347,6.784,NY
LN-2024-08056,Direct,ARM 5/1,966203,2024-02-01,351,8.24,TX
LN-2024-08057,Wholesale,15yr Fixed,631317,2024-12-01,330,6.019,FL
LN-2024-08058,Correspondent,15yr Fixed,878749,2024-09-01,258,7.317,AZ
LN-2024-08059,Wholesale,ARM 5/1,1086705,2024-05-01,295,5.998,IL
LN-2024-08060,Wholesale,30yr Fixed,410357,2024-10-01,305,5.516,TX
LN-2024-08061,Retail,15yr Fixed,1098134,2024-07-01,349,5.517,IL
LN-2024-08062,Wholesale,ARM 5/1,469841,2024-03-01,325,7.683,NY
LN-2024-08063,Correspondent,15yr Fixed,1167191,2024-02-01,358,7.293,FL
LN-2024-08064,Correspondent,30yr Fixed,507324,2024-04-01,275,8.065,IL
LN-2024-08065,Correspondent,ARM 5/1,150016,2024-10-01,261,5.737,IL
LN-2024-08066,Wholesale,30yr Fixed,1163477,2024-07-01,335,6.18,TX
LN-2024-08067,Retail,15yr Fixed,698849,2024-10-01,296,8.043,TX
LN-2024-08068,Wholesale,30yr Fixed,486255,2024-05-01,309,7.968,FL
LN-2024-08069,Direct,ARM 5/1,594419,2024-12-01,324,7.386,FL
LN-2024-08070,Wholesale,ARM 5/1,863756,2024-06-01,308,5.564,NY
LN-2024-08071,Wholesale,15yr Fixed,224846,2024-01-01,285,7.996,IL
LN-2024-08072,Retail,30yr Fixed,762397,2024-02-01,251,6.059,FL
LN-2024-08073,Correspondent,15yr Fixed,599946,2024-11-01,364,6.47,IL
LN-2024-08074,Direct,15yr Fixed,632988,2024-12-01,304,7.16,IL
LN-2024-08075,Retail,ARM 5/1,1180673,2024-05-01,374,8.304,FL
LN-2024-08076,Retail,15yr Fixed,773741,2024-11-01,271,6.887,TX
LN-2024-08077,Correspondent,30yr Fixed,1069734,2024-06-01,360,8.456,AZ
LN-2024-08078,Correspondent,ARM 5/1,896822,2024-12-01,350,5.902,IL
LN-2024-08079,Retail,ARM 5/1,370679,2024-06-01,309,6.696,AZ
LN-2024-08080,Wholesale,ARM 5/1,330155,2024-06-01,366,7.189,CA
LN-2024-08081,Direct,15yr Fixed,942408,2024-01-01,333,7.988,TX
LN-2024-08082,Wholesale,15yr Fixed,375465,2024-08-01,295,7.396,IL
LN-2024-08083,Direct,30yr Fixed,553229,2024-07-01,362,7.962,FL
LN-2024-08084,Retail,ARM 5/1,770386,2024-06-01,334,6.369,IL
LN-2024-08085,Direct,30yr Fixed,992677,2024-06-01,276,7.026,IL
LN-2024-08086,Direct,ARM 5/1,392728,2024-04-01,379,7.282,TX
LN-2024-08087,Direct,ARM 5/1,755087,2024-12-01,255,7.362,IL
LN-2024-08088,Direct,15yr Fixed,828575,2024-03-01,279,7.728,NY
LN-2024-08089,Wholesale,30yr Fixed,648492,2024-07-01,336,6.173,NY
LN-2024-08090,Wholesale,ARM 5/1,416478,2024-08-01,298,6.545,AZ
LN-2024-08091,Retail,30yr Fixed,1001793,2024-02-01,281,6.628,IL
LN-2024-08092,Retail,15yr Fixed,256472,2024-07-01,350,6.466,TX
LN-2024-08093,Retail,ARM 5/1,164211,2024-04-01,329,6.459,NY
LN-2024-08094,Correspondent,30yr Fixed,967348,2024-09-01,266,7.805,FL
LN-2024-08095,Direct,15yr Fixed,297348,2024-06-01,365,7.277,CA
LN-2024-08096,Retail,30yr Fixed,360207,2024-06-01,299,7.514,AZ
LN-2024-08097,Correspondent,15yr Fixed,275364,2024-11-01,372,7.886,CA
LN-2024-08098,Wholesale,15yr Fixed,629798,2024-10-01,357,7.156,TX
LN-2024-08099,Direct,ARM 5/1,655385,2024-03-01,310,5.849,NY
LN-2024-08100,Direct,ARM 5/1,571917,2024-08-01,274,6.128,CA
LN-2024-08101,Retail,30yr Fixed,257883,2024-12-01,326,7.471,IL
LN-2024-08102,Retail,ARM 5/1,822687,2024-07-01,354,7.027,AZ
LN-2024-08103,Retail,30yr Fixed,617511,2024-12-01,261,7.175,CA
LN-2024-08104,Correspondent,15yr Fixed,219418,2024-02-01,364,5.511,AZ
LN-2024-08105,Correspondent,30yr Fixed,538927,2024-05-01,340,6.993,NY
LN-2024-08106,Direct,30yr Fixed,553194,2024-10-01,263,7.668,TX
LN-2024-08107,Wholesale,ARM 5/1,1102958,2024-06-01,302,7.014,TX
LN-2024-08108,Wholesale,ARM 5/1,740855,2024-07-01,308,6.671,TX
LN-2024-08109,Retail,15yr Fixed,440406,2024-09-01,307,6.584,FL
LN-2024-08110,Direct,30yr Fixed,1006824,2024-08-01,303,8.394,FL
LN-2024-08111,Wholesale,15yr Fixed,929514,2024-09-01,318,7.248,CA
LN-2024-08112,Correspondent,ARM 5/1,740609,2024-07-01,283,7.083,FL
LN-2024-08113,Wholesale,ARM 5/1,566143,2024-11-01,304,5.975,AZ
LN-2024-08114,Wholesale,30yr Fixed,452117,2024-09-01,265,6.95,AZ
LN-2024-08115,Retail,30yr Fixed,268450,2024-01-01,282,7.106,TX
LN-2024-08116,Retail,15yr Fixed,1096696,2024-09-01,349,5.611,AZ
LN-2024-08117,Direct,30yr Fixed,1067128,2024-02-01,376,8.0,FL
LN-2024-08118,Correspondent,30yr Fixed,235206,2024-11-01,309,8.156,IL
LN-2024-08119,Wholesale,ARM 5/1,201734,2024-08-01,255,7.147,TX
LN-2024-08120,Correspondent,15yr Fixed,549908,2024-01-01,322,7.322,CA
LN-2024-08121,Wholesale,15yr Fixed,242129,2024-05-01,376,5.971,TX
LN-2024-08122,Direct,ARM 5/1,356011,2024-02-01,289,6.369,AZ
LN-2024-08123,Direct,30yr Fixed,815454,2024-11-01,289,7.786,FL
LN-2024-08124,Wholesale,30yr Fixed,1033866,2024-10-01,327,5.867,NY
LN-2024-08125,Correspondent,ARM 5/1,422172,2024-10-01,369,7.756,NY
LN-2024-08126,Wholesale,15yr Fixed,1195532,2024-12-01,319,7.242,FL
LN-2024-08127,Wholesale,ARM 5/1,262725,2024-02-01,332,7.309,FL
LN-2024-08128,Retail,15yr Fixed,1116944,2024-11-01,354,5.901,IL
LN-2024-08129,Wholesale,ARM 5/1,662461,2024-12-01,318,7.439,AZ
LN-2024-08130,Retail,ARM 5/1,529010,2024-07-01,280,7.048,NY
LN-2024-08131,Direct,ARM 5/1,197561,2024-09-01,333,6.041,CA
LN-2024-08132,Retail,30yr Fixed,292539,2024-06-01,272,6.964,FL
LN-2024-08133,Retail,ARM 5/1,728677,2024-08-01,356,6.1,CA
LN-2024-08134,Correspondent,ARM 5/1,358177,2024-02-01,358,6.354,TX
LN-2024-08135,Direct,ARM 5/1,1015429,2024-07-01,321,6.234,AZ
LN-2024-08136,Correspondent,30yr Fixed,730530,2024-10-01,272,8.094,IL
LN-2024-08137,Wholesale,15yr Fixed,740806,2024-06-01,362,6.763,IL
LN-2024-08138,Direct,30yr Fixed,340269,2024-01-01,379,5.712,IL
LN-2024-08139,Correspondent,30yr Fixed,774530,2024-07-01,289,5.646,IL
LN-2024-08140,Correspondent,30yr Fixed,360883,2024-02-01,289,8.124,FL
LN-2024-08141,Retail,ARM 5/1,507374,2024-06-01,305,5.626,AZ
LN-2024-08142,Retail,ARM 5/1,539135,2024-10-01,252,8.093,AZ
LN-2024-08143,Direct,15yr Fixed,270154,2024-12-01,271,6.312,NY
LN-2024-08144,Retail,ARM 5/1,1196511,2024-08-01,326,5.815,CA
LN-2024-08145,Wholesale,ARM 5/1,1044946,2024-03-01,353,7.414,IL
LN-2024-08146,Wholesale,ARM 5/1,1182534,2024-07-01,333,5.788,AZ
LN-2024-08147,Correspondent,30yr Fixed,913067,2024-08-01,334,6.033,IL
LN-2024-08148,Correspondent,30yr Fixed,166563,2024-06-01,293,6.213,TX
LN-2024-08149,Correspondent,ARM 5/1,1178274,2024-09-01,280,6.102,TX
LN-2024-08150,Wholesale,15yr Fixed,318413,2024-10-01,368,6.869,IL
LN-2024-08151,Direct,ARM 5/1,437775,2024-02-01,347,6.48,FL
LN-2024-08152,Retail,30yr Fixed,377182,2024-03-01,331,7.039,CA
LN-2024-08153,Wholesale,15yr Fixed,1147517,2024-02-01,360,5.666,IL
LN-2024-08154,Retail,30yr Fixed,346497,2024-12-01,301,6.84,IL
LN-2024-08155,Retail,15yr Fixed,1021120,2024-12-01,259,6.829,NY
LN-2024-08156,Retail,15yr Fixed,461244,2024-05-01,371,6.216,CA
LN-2024-08157,Retail,30yr Fixed,1164530,2024-07-01,288,5.756,CA
LN-2024-08158,Wholesale,ARM 5/1,626027,2024-07-01,293,5.801,AZ
LN-2024-08159,Direct,15yr Fixed,731484,2024-03-01,258,8.452,IL
LN-2024-08160,Wholesale,ARM 5/1,311306,2024-09-01,252,6.95,NY
LN-2024-08161,Retail,30yr Fixed,1012141,2024-07-01,357,8.092,AZ
LN-2024-08162,Retail,30yr Fixed,686084,2024-12-01,380,6.847,IL
LN-2024-08163,Wholesale,15yr Fixed,581090,2024-04-01,359,8.224,AZ
LN-2024-08164,Correspondent,ARM 5/1,410369,2024-06-01,297,7.372,CA
LN-2024-08165,Correspondent,30yr Fixed,1041061,2024-10-01,331,7.071,NY
LN-2024-08166,Direct,ARM 5/1,488289,2024-12-01,364,5.895,TX
LN-2024-08167,Retail,15yr Fixed,575560,2024-10-01,280,8.118,CA
LN-2024-08168,Direct,30yr Fixed,196106,2024-01-01,349,6.194,FL
LN-2024-08169,Direct,15yr Fixed,677458,2024-06-01,314,7.041,NY
LN-2024-08170,Retail,ARM 5/1,193025,2024-11-01,345,6.429,IL
LN-2024-08171,Direct,30yr Fixed,314494,2024-01-01,259,6.465,IL
LN-2024-08172,Retail,30yr Fixed,884025,2024-03-01,350,7.211,TX
LN-2024-08173,Correspondent,15yr Fixed,646223,2024-10-01,279,6.935,TX
LN-2024-08174,Wholesale,15yr Fixed,1127461,2024-05-01,267,6.155,IL
LN-2024-08175,Wholesale,30yr Fixed,166338,2024-06-01,355,8.012,IL
LN-2024-08176,Direct,15yr Fixed,707233,2024-02-01,293,7.371,IL
LN-2024-08177,Direct,15yr Fixed,530242,2024-09-01,262,7.744,TX
LN-2024-08178,Direct,ARM 5/1,581638,2024-05-01,338,8.392,AZ
LN-2024-08179,Wholesale,15yr Fixed,518578,2024-03-01,330,7.921,CA
LN-2024-08180,Direct,ARM 5/1,311110,2024-12-01,341,6.757,TX
LN-2024-08181,Retail,ARM 5/1,781395,2024-05-01,268,6.931,TX
LN-2024-08182,Direct,30yr Fixed,634547,2024-08-01,296,6.575,TX
LN-2024-08183,Wholesale,30yr Fixed,722485,2024-12-01,254,7.708,FL
LN-2024-08184,Correspondent,30yr Fixed,189755,2024-12-01,282,6.524,FL
LN-2024-08185,Correspondent,ARM 5/1,376029,2024-10-01,291,7.434,NY
LN-2024-08186,Direct,30yr Fixed,939130,2024-05-01,377,7.778,FL
LN-2024-08187,Wholesale,ARM 5/1,997804,2024-10-01,369,7.426,NY
LN-2024-08188,Direct,15yr Fixed,320817,2024-08-01,268,7.657,AZ
LN-2024-08189,Correspondent,ARM 5/1,421394,2024-05-01,310,7.695,IL
LN-2024-08190,Direct,ARM 5/1,1117217,2024-07-01,277,6.604,TX
LN-2024-08191,Direct,ARM 5/1,1046872,2024-01-01,365,7.224,CA
LN-2024-08192,Correspondent,30yr Fixed,807164,2024-05-01,322,6.43,FL
LN-2024-08193,Correspondent,30yr Fixed,584049,2024-11-01,284,6.626,IL
LN-2024-08194,Direct,30yr Fixed,565476,2024-04-01,311,6.945,TX
LN-2024-08195,Wholesale,30yr Fixed,1137179,2024-02-01,366,7.048,AZ
LN-2024-08196,Direct,ARM 5/1,355856,2024-12-01,378,7.874,NY
LN-2024-08197,Wholesale,30yr Fixed,333843,2024-08-01,325,6.048,NY
LN-2024-08198,Direct,ARM 5/1,1144072,2024-10-01,321,6.055,FL
LN-2024-08199,Direct,30yr Fixed,1147403,2024-05-01,304,7.545,TX
LN-2024-08200,Correspondent,30yr Fixed,548932,2024-08-01,257,7.525,IL
LN-2024-08201,Correspondent,30yr Fixed,898326,2024-04-01,366,5.816,CA
LN-2024-08202,Retail,30yr Fixed,729951,2024-09-01,322,8.321,TX
LN-2024-08203,Direct,15yr Fixed,679632,2024-09-01,352,7.446,NY
LN-2024-08204,Correspondent,30yr Fixed,821138,2024-09-01,352,7.247,NY
LN-2024-08205,Wholesale,ARM 5/1,276945,2024-07-01,366,7.212,NY
LN-2024-08206,Wholesale,15yr Fixed,853091,2024-12-01,324,5.993,AZ
LN-2024-08207,Wholesale,ARM 5/1,792415,2024-06-01,296,8.301,AZ
LN-2024-08208,Correspondent,ARM 5/1,163997,2024-03-01,345,7.249,TX
LN-2024-08209,Wholesale,15yr Fixed,538442,2024-04-01,322,6.342,AZ
LN-2024-08210,Correspondent,15yr Fixed,805802,2024-03-01,335,8.444,AZ
LN-2024-08211,Wholesale,15yr Fixed,413919,2024-04-01,374,6.96,NY
LN-2024-08212,Correspondent,30yr Fixed,1113597,2024-03-01,358,8.036,CA
LN-2024-08213,Retail,30yr Fixed,794006,2024-09-01,323,7.907,TX
LN-2024-08214,Correspondent,ARM 5/1,974896,2024-01-01,327,6.7,NY
LN-2024-08215,Wholesale,ARM 5/1,395035,2024-07-01,344,6.047,FL
LN-2024-08216,Correspondent,30yr Fixed,364742,2024-04-01,298,6.397,IL
LN-2024-08217,Wholesale,30yr Fixed,1029116,2024-02-01,317,6.692,AZ
LN-2024-08218,Direct,ARM 5/1,941922,2024-05-01,326,5.818,CA
LN-2024-08219,Correspondent,15yr Fixed,878825,2024-01-01,288,6.05,CA
LN-2024-08220,Retail,15yr Fixed,631500,2024-04-01,309,6.59,NY
LN-2024-08221,Direct,ARM 5/1,886479,2024-05-01,271,7.155,CA
LN-2024-08222,Direct,ARM 5/1,615671,2024-07-01,263,6.935,FL
LN-2024-08223,Retail,15yr Fixed,1145386,2024-11-01,354,5.802,FL
LN-2024-08224,Retail,30yr Fixed,237667,2024-02-01,255,5.645,AZ
LN-2024-08225,Wholesale,ARM 5/1,973546,2024-12-01,371,7.236,IL
LN-2024-08226,Correspondent,15yr Fixed,912891,2024-01-01,358,7.925,TX
LN-2024-08227,Correspondent,30yr Fixed,605462,2024-09-01,320,7.213,AZ
LN-2024-08228,Correspondent,15yr Fixed,386278,2024-10-01,380,8.092,FL
LN-2024-08229,Retail,ARM 5/1,1020084,2024-12-01,352,6.554,CA
LN-2024-08230,Wholesale,30yr Fixed,207158,2024-04-01,335,7.831,CA
LN-2024-08231,Retail,30yr Fixed,621349,2024-02-01,299,7.333,AZ
LN-2024-08232,Correspondent,ARM 5/1,973157,2024-04-01,276,6.103,NY
LN-2024-08233,Direct,ARM 5/1,697920,2024-09-01,369,7.375,FL
LN-2024-08234,Correspondent,ARM 5/1,1016579,2024-10-01,276,8.285,CA
LN-2024-08235,Correspondent,ARM 5/1,457640,2024-04-01,310,7.332,IL
LN-2024-08236,Wholesale,ARM 5/1,1182569,2024-12-01,262,7.389,IL
LN-2024-08237,Correspondent,30yr Fixed,853391,2024-08-01,360,6.184,FL
LN-2024-08238,Direct,ARM 5/1,1144749,2024-08-01,282,7.477,IL
LN-2024-08239,Correspondent,30yr Fixed,567456,2024-03-01,289,6.292,TX
LN-2024-08240,Direct,ARM 5/1,800716,2024-09-01,321,5.735,NY
LN-2024-08241,Correspondent,30yr Fixed,1126849,2024-04-01,273,8.152,IL
LN-2024-08242,Correspondent,ARM 5/1,304698,2024-06-01,316,6.763,NY
LN-2024-08243,Retail,15yr Fixed,406477,2024-04-01,259,7.746,IL
LN-2024-08244,Direct,ARM 5/1,769558,2024-04-01,354,5.576,CA
LN-2024-08245,Wholesale,30yr Fixed,309544,2024-11-01,373,5.875,NY
LN-2024-08246,Wholesale,ARM 5/1,620898,2024-12-01,336,6.166,NY
LN-2024-08247,Correspondent,15yr Fixed,803109,2024-06-01,348,6.955,FL
LN-2024-08248,Correspondent,15yr Fixed,1139322,2024-09-01,345,5.588,FL
LN-2024-08249,Retail,ARM 5/1,339400,2024-02-01,264,8.035,IL
LN-2024-08250,Direct,ARM 5/1,1028063,2024-04-01,282,6.342,CA
LN-2024-08251,Wholesale,ARM 5/1,303536,2024-05-01,278,6.866,IL
LN-2024-08252,Retail,ARM 5/1,1159562,2024-08-01,325,7.526,AZ
LN-2024-08253,Wholesale,15yr Fixed,561908,2024-03-01,353,7.623,IL
LN-2024-08254,Direct,30yr Fixed,485566,2024-03-01,287,5.87,FL
LN-2024-08255,Correspondent,15yr Fixed,1189884,2024-12-01,255,5.795,CA
LN-2024-08256,Retail,ARM 5/1,578419,2024-04-01,329,5.921,AZ
LN-2024-08257,Correspondent,30yr Fixed,1095878,2024-09-01,295,7.231,NY
LN-2024-08258,Direct,15yr Fixed,314144,2024-04-01,255,6.053,TX
LN-2024-08259,Wholesale,30yr Fixed,975832,2024-10-01,310,8.23,IL
LN-2024-08260,Retail,ARM 5/1,177404,2024-05-01,299,5.829,AZ
LN-2024-08261,Direct,ARM 5/1,566237,2024-12-01,341,7.091,FL
LN-2024-08262,Wholesale,30yr Fixed,1093572,2024-06-01,269,5.606,CA
LN-2024-08263,Wholesale,15yr Fixed,868368,2024-04-01,333,6.782,IL
LN-2024-08264,Wholesale,30yr Fixed,194325,2024-04-01,300,6.159,IL
LN-2024-08265,Wholesale,30yr Fixed,1059707,2024-04-01,344,7.725,NY
LN-2024-08266,Wholesale,15yr Fixed,1174277,2024-02-01,324,6.325,AZ
LN-2024-08267,Retail,30yr Fixed,339824,2024-09-01,337,5.808,AZ
LN-2024-08268,Wholesale,30yr Fixed,583638,2024-03-01,284,7.284,CA
LN-2024-08269,Wholesale,15yr Fixed,375197,2024-09-01,288,7.438,AZ
LN-2024-08270,Wholesale,15yr Fixed,1097037,2024-02-01,320,8.033,AZ
LN-2024-08271,Correspondent,30yr Fixed,325919,2024-07-01,359,8.051,FL
LN-2024-08272,Wholesale,15yr Fixed,677895,2024-12-01,324,7.307,CA
LN-2024-08273,Correspondent,30yr Fixed,452617,2024-02-01,340,7.129,IL
LN-2024-08274,Correspondent,15yr Fixed,844082,2024-06-01,276,5.782,FL
LN-2024-08275,Wholesale,ARM 5/1,677154,2024-01-01,323,6.41,NY
LN-2024-08276,Wholesale,ARM 5/1,1057405,2024-02-01,318,7.811,AZ
LN-2024-08277,Direct,30yr Fixed,600186,2024-08-01,266,7.085,NY
LN-2024-08278,Correspondent,15yr Fixed,294248,2024-09-01,331,6.467,TX
LN-2024-08279,Direct,ARM 5/1,261488,2024-02-01,361,6.222,IL
LN-2024-08280,Wholesale,15yr Fixed,932643,2024-12-01,367,6.17,AZ
LN-2024-08281,Direct,15yr Fixed,441807,2024-05-01,329,8.195,NY
LN-2024-08282,Direct,30yr Fixed,1000854,2024-12-01,329,6.212,AZ
LN-2024-08283,Wholesale,15yr Fixed,488362,2024-05-01,304,7.6,TX
LN-2024-08284,Wholesale,ARM 5/1,598189,2024-11-01,279,5.953,NY
LN-2024-08285,Wholesale,ARM 5/1,219926,2024-05-01,253,6.972,IL
LN-2024-08286,Correspondent,15yr Fixed,458990,2024-01-01,299,7.463,NY
LN-2024-08287,Correspondent,15yr Fixed,778239,2024-06-01,260,8.172,NY
LN-2024-08288,Retail,15yr Fixed,479626,2024-11-01,335,6.368,AZ
LN-2024-08289,Correspondent,30yr Fixed,169770,2024-06-01,277,5.679,FL
LN-2024-08290,Direct,ARM 5/1,263572,2024-11-01,276,6.909,IL
LN-2024-08291,Wholesale,15yr Fixed,624069,2024-05-01,269,6.703,FL
LN-2024-08292,Wholesale,15yr Fixed,948063,2024-12-01,259,7.96,FL
LN-2024-08293,Retail,15yr Fixed,594119,2024-03-01,296,7.552,AZ
LN-2024-08294,Wholesale,15yr Fixed,636989,2024-10-01,321,6.017,TX
LN-2024-08295,Direct,ARM 5/1,305735,2024-02-01,335,7.409,AZ
LN-2024-08296,Wholesale,30yr Fixed,972342,2024-11-01,309,8.166,AZ
LN-2024-08297,Retail,15yr Fixed,736063,2024-06-01,372,6.272,NY
LN-2024-08298,Retail,ARM 5/1,596832,2024-01-01,359,6.586,AZ
LN-2024-08299,Retail,ARM 5/1,976476,2024-02-01,358,6.068,NY
LN-2024-08300,Retail,ARM 5/1,351541,2024-10-01,334,7.492,IL
LN-2024-08301,Correspondent,15yr Fixed,1113357,2024-02-01,360,7.575,AZ
LN-2024-08302,Correspondent,15yr Fixed,187792,2024-12-01,358,7.31,CA
LN-2024-08303,Retail,ARM 5/1,1124277,2024-01-01,310,8.146,CA
LN-2024-08304,Correspondent,15yr Fixed,929897,2024-11-01,374,8.004,AZ
LN-2024-08305,Wholesale,15yr Fixed,471096,2024-04-01,303,6.92,NY
LN-2024-08306,Direct,30yr Fixed,374474,2024-12-01,257,5.62,IL
LN-2024-08307,Direct,ARM 5/1,988782,2024-08-01,268,6.037,CA
LN-2024-08308,Direct,15yr Fixed,733510,2024-03-01,313,6.544,CA
LN-2024-08309,Direct,30yr Fixed,855234,2024-09-01,266,7.67,FL
LN-2024-08310,Wholesale,15yr Fixed,833518,2024-10-01,350,6.925,NY
LN-2024-08311,Retail,15yr Fixed,767270,2024-11-01,304,6.489,AZ
LN-2024-08312,Direct,ARM 5/1,309672,2024-10-01,273,6.965,AZ
LN-2024-08313,Direct,15yr Fixed,578216,2024-12-01,378,6.525,IL
LN-2024-08314,Direct,15yr Fixed,419833,2024-04-01,316,5.828,AZ
LN-2024-08315,Retail,ARM 5/1,631428,2024-07-01,257,6.8,FL
LN-2024-08316,Direct,ARM 5/1,1187004,2024-04-01,255,6.433,CA
LN-2024-08317,Direct,ARM 5/1,546899,2024-08-01,361,8.269,AZ
LN-2024-08318,Direct,15yr Fixed,856316,2024-05-01,360,7.539,CA
LN-2024-08319,Direct,ARM 5/1,923971,2024-02-01,343,5.566,AZ
LN-2024-08320,Retail,15yr Fixed,749236,2024-08-01,287,7.582,NY
LN-2024-08321,Direct,30yr Fixed,687994,2024-07-01,266,7.833,AZ
LN-2024-08322,Correspondent,ARM 5/1,294670,2024-04-01,252,7.263,AZ
LN-2024-08323,Correspondent,15yr Fixed,584667,2024-02-01,373,7.122,TX
LN-2024-08324,Direct,15yr Fixed,564300,2024-01-01,296,6.972,CA
LN-2024-08325,Correspondent,30yr Fixed,610984,2024-08-01,305,6.232,IL
LN-2024-08326,Correspondent,15yr Fixed,189886,2024-06-01,332,8.292,TX
LN-2024-08327,Retail,15yr Fixed,1159778,2024-11-01,334,7.023,IL
LN-2024-08328,Correspondent,15yr Fixed,864735,2024-11-01,367,8.282,TX
LN-2024-08329,Wholesale,30yr Fixed,1153378,2024-01-01,254,6.917,NY
LN-2024-08330,Direct,30yr Fixed,1133778,2024-06-01,275,6.845,FL
LN-2024-08331,Correspondent,ARM 5/1,239977,2024-10-01,342,7.596,AZ
LN-2024-08332,Correspondent,30yr Fixed,437988,2024-06-01,259,6.765,CA
LN-2024-08333,Correspondent,15yr Fixed,496666,2024-05-01,266,6.049,FL
LN-2024-08334,Correspondent,ARM 5/1,1025054,2024-12-01,276,5.531,CA
LN-2024-08335,Wholesale,ARM 5/1,949610,2024-12-01,345,6.076,FL
LN-2024-08336,Direct,15yr Fixed,1023777,2024-08-01,318,5.696,CA
LN-2024-08337,Correspondent,30yr Fixed,786254,2024-12-01,361,5.618,TX
LN-2024-08338,Direct,ARM 5/1,613285,2024-08-01,363,8.28,AZ
LN-2024-08339,Wholesale,15yr Fixed,440919,2024-01-01,266,7.407,IL
LN-2024-08340,Direct,30yr Fixed,1127810,2024-02-01,266,7.44,IL
LN-2024-08341,Retail,30yr Fixed,1137244,2024-11-01,328,7.061,TX
LN-2024-08342,Direct,15yr Fixed,289496,2024-08-01,309,8.325,AZ
LN-2024-08343,Direct,ARM 5/1,1189262,2024-09-01,373,6.453,NY
LN-2024-08344,Retail,ARM 5/1,472742,2024-03-01,355,7.222,FL
LN-2024-08345,Wholesale,15yr Fixed,484680,2024-01-01,256,6.876,TX
LN-2024-08346,Retail,ARM 5/1,1027533,2024-04-01,285,6.756,IL
LN-2024-08347,Correspondent,30yr Fixed,1084365,2024-10-01,354,6.632,AZ
LN-2024-08348,Direct,15yr Fixed,195637,2024-04-01,310,5.954,FL
LN-2024-08349,Direct,30yr Fixed,283075,2024-03-01,326,5.555,AZ
LN-2024-08350,Correspondent,15yr Fixed,281391,2024-09-01,360,8.26,CA
LN-2024-08351,Correspondent,15yr Fixed,956344,2024-04-01,376,8.479,FL
LN-2024-08352,Direct,30yr Fixed,958537,2024-12-01,301,5.768,AZ
LN-2024-08353,Correspondent,ARM 5/1,481948,2024-08-01,274,6.795,NY
LN-2024-08354,Correspondent,ARM 5/1,898222,2024-04-01,332,6.721,AZ
LN-2024-08355,Wholesale,ARM 5/1,559149,2024-10-01,380,6.545,CA
LN-2024-08356,Wholesale,30yr Fixed,434762,2024-04-01,268,5.817,TX
LN-2024-08357,Correspondent,ARM 5/1,1159321,2024-08-01,273,6.782,FL
LN-2024-08358,Wholesale,15yr Fixed,751417,2024-04-01,268,7.872,TX
LN-2024-08359,Wholesale,30yr Fixed,602585,2024-12-01,258,5.939,IL
LN-2024-08360,Retail,15yr Fixed,1145578,2024-11-01,372,7.762,IL
LN-2024-08361,Correspondent,15yr Fixed,361383,2024-05-01,305,5.666,TX
LN-2024-08362,Retail,ARM 5/1,1053497,2024-10-01,319,6.004,IL
LN-2024-08363,Direct,ARM 5/1,811693,2024-01-01,275,7.941,IL
LN-2024-08364,Retail,ARM 5/1,1035866,2024-02-01,359,8.332,FL
LN-2024-08365,Retail,30yr Fixed,616652,2024-07-01,365,6.049,IL
LN-2024-08366,Retail,ARM 5/1,567150,2024-02-01,327,5.558,CA
LN-2024-08367,Wholesale,15yr Fixed,502489,2024-09-01,312,8.426,AZ
LN-2024-08368,Correspondent,30yr Fixed,412158,2024-11-01,279,6.894,AZ
LN-2024-08369,Correspondent,30yr Fixed,766759,2024-01-01,323,6.248,NY
LN-2024-08370,Retail,15yr Fixed,786897,2024-07-01,331,7.92,AZ
LN-2024-08371,Retail,30yr Fixed,560936,2024-04-01,291,7.646,NY
LN-2024-08372,Correspondent,15yr Fixed,757976,2024-08-01,314,7.497,AZ
LN-2024-08373,Retail,30yr Fixed,511418,2024-07-01,251,6.041,NY
LN-2024-08374,Wholesale,30yr Fixed,721804,2024-02-01,301,6.234,CA
LN-2024-08375,Correspondent,30yr Fixed,225516,2024-05-01,339,5.892,AZ
LN-2024-08376,Correspondent,30yr Fixed,1047719,2024-01-01,341,5.828,CA
LN-2024-08377,Wholesale,15yr Fixed,289249,2024-12-01,331,5.511,FL
LN-2024-08378,Retail,ARM 5/1,159226,2024-03-01,371,7.531,IL
LN-2024-08379,Direct,ARM 5/1,862435,2024-03-01,373,5.936,TX
LN-2024-08380,Retail,30yr Fixed,436199,2024-02-01,372,8.494,IL
LN-2024-08381,Retail,ARM 5/1,606090,2024-09-01,307,6.289,CA
LN-2024-08382,Direct,ARM 5/1,240260,2024-01-01,362,6.407,FL
LN-2024-08383,Retail,30yr Fixed,1037207,2024-08-01,263,7.534,FL
LN-2024-08384,Correspondent,ARM 5/1,459904,2024-08-01,353,7.504,FL
LN-2024-08385,Wholesale,15yr Fixed,412566,2024-04-01,314,5.801,TX
LN-2024-08386,Correspondent,ARM 5/1,1091637,2024-08-01,319,5.934,CA
LN-2024-08387,Wholesale,ARM 5/1,1070750,2024-01-01,263,5.516,FL
LN-2024-08388,Retail,ARM 5/1,390828,2024-06-01,279,6.82,TX
LN-2024-08389,Wholesale,ARM 5/1,1086576,2024-03-01,326,8.124,AZ
LN-2024-08390,Retail,ARM 5/1,1172491,2024-01-01,333,6.395,TX
LN-2024-08391,Direct,ARM 5/1,531736,2024-05-01,260,8.105,FL
LN-2024-08392,Retail,30yr Fixed,634356,2024-12-01,305,8.077,TX
LN-2024-08393,Wholesale,15yr Fixed,644710,2024-02-01,368,6.95,CA
LN-2024-08394,Retail,30yr Fixed,620721,2024-12-01,290,5.82,IL
LN-2024-08395,Retail,30yr Fixed,842308,2024-01-01,289,7.13,CA
LN-2024-08396,Direct,30yr Fixed,591203,2024-07-01,299,5.837,AZ
LN-2024-08397,Retail,ARM 5/1,832116,2024-01-01,374,7.649,TX
LN-2024-08398,Wholesale,15yr Fixed,809526,2024-06-01,360,7.542,CA
LN-2024-08399,Direct,15yr Fixed,273542,2024-03-01,327,6.961,CA
LN-2024-08400,Correspondent,30yr Fixed,375406,2024-11-01,316,6.466,AZ
LN-2024-08401,Wholesale,15yr Fixed,890615,2024-07-01,301,8.047,FL
LN-2024-08402,Retail,30yr Fixed,234088,2024-12-01,372,5.628,NY
LN-2024-08403,Direct,ARM 5/1,1073296,2024-05-01,363,8.213,TX
LN-2024-08404,Wholesale,15yr Fixed,337100,2024-10-01,259,6.305,IL
LN-2024-08405,Correspondent,30yr Fixed,613441,2024-06-01,265,5.557,NY
LN-2024-08406,Direct,15yr Fixed,492536,2024-03-01,333,6.137,TX
LN-2024-08407,Retail,ARM 5/1,498229,2024-04-01,288,7.109,AZ
LN-2024-08408,Correspondent,30yr Fixed,831469,2024-04-01,320,6.43,NY
LN-2024-08409,Correspondent,30yr Fixed,341811,2024-10-01,322,7.958,NY
LN-2024-08410,Correspondent,15yr Fixed,948546,2024-09-01,280,7.281,TX
LN-2024-08411,Wholesale,30yr Fixed,189612,2024-09-01,375,6.68,TX
LN-2024-08412,Correspondent,30yr Fixed,326798,2024-08-01,312,7.169,TX
LN-2024-08413,Retail,ARM 5/1,987045,2024-03-01,328,7.356,FL
LN-2024-08414,Wholesale,ARM 5/1,1109828,2024-06-01,359,7.128,NY
LN-2024-08415,Wholesale,15yr Fixed,878531,2024-01-01,333,6.507,TX
LN-2024-08416,Wholesale,15yr Fixed,553277,2024-04-01,322,5.57,AZ
LN-2024-08417,Retail,ARM 5/1,309371,2024-03-01,308,7.86,AZ
LN-2024-08418,Correspondent,15yr Fixed,546461,2024-06-01,270,8.495,CA
LN-2024-08419,Correspondent,ARM 5/1,1188527,2024-01-01,263,7.117,NY
LN-2024-08420,Direct,ARM 5/1,950506,2024-03-01,296,7.684,CA
LN-2024-08421,Retail,15yr Fixed,245949,2024-06-01,316,6.337,AZ
LN-2024-08422,Retail,ARM 5/1,613136,2024-07-01,329,5.752,CA
LN-2024-08423,Retail,15yr Fixed,588275,2024-04-01,265,5.932,NY
LN-2024-08424,Retail,ARM 5/1,973021,2024-03-01,336,6.403,CA
LN-2024-08425,Direct,ARM 5/1,1038112,2024-10-01,260,8.49,CA
LN-2024-08426,Wholesale,ARM 5/1,635560,2024-11-01,309,7.09,IL
LN-2024-08427,Retail,ARM 5/1,760599,2024-01-01,276,6.263,AZ
LN-2024-08428,Retail,15yr Fixed,516761,2024-08-01,290,8.321,FL
LN-2024-08429,Direct,ARM 5/1,990055,2024-03-01,364,8.487,FL
LN-2024-08430,Retail,15yr Fixed,213861,2024-11-01,370,7.503,TX
LN-2024-08431,Correspondent,ARM 5/1,560973,2024-01-01,331,6.664,IL
LN-2024-08432,Direct,15yr Fixed,624631,2024-07-01,268,7.54,IL
LN-2024-08433,Retail,ARM 5/1,1143346,2024-09-01,310,6.209,CA
LN-2024-08434,Wholesale,ARM 5/1,201914,2024-01-01,376,6.388,AZ
LN-2024-08435,Direct,ARM 5/1,633133,2024-10-01,346,6.016,NY
LN-2024-08436,Retail,15yr Fixed,1135541,2024-02-01,340,5.932,CA
LN-2024-08437,Direct,ARM 5/1,1036785,2024-07-01,292,7.094,CA
LN-2024-08438,Direct,30yr Fixed,292895,2024-10-01,370,6.339,CA
LN-2024-08439,Retail,ARM 5/1,1114377,2024-08-01,286,5.898,TX
LN-2024-08440,Retail,15yr Fixed,740397,2024-05-01,293,6.374,CA
LN-2024-08441,Wholesale,30yr Fixed,591753,2024-08-01,250,7.409,CA
LN-2024-08442,Direct,15yr Fixed,925016,2024-12-01,376,6.003,TX
LN-2024-08443,Direct,30yr Fixed,167206,2024-06-01,292,8.069,AZ
LN-2024-08444,Retail,30yr Fixed,437325,2024-10-01,358,8.118,IL
LN-2024-08445,Direct,ARM 5/1,1045623,2024-04-01,258,6.299,FL
LN-2024-08446,Wholesale,15yr Fixed,1156232,2024-09-01,324,7.507,AZ
LN-2024-08447,Wholesale,15yr Fixed,1121360,2024-11-01,274,7.844,FL
LN-2024-08448,Correspondent,15yr Fixed,563290,2024-08-01,331,7.114,NY
LN-2024-08449,Direct,15yr Fixed,932568,2024-08-01,260,5.687,AZ
LN-2024-08450,Wholesale,ARM 5/1,544248,2024-06-01,312,6.848,AZ
LN-2024-08451,Correspondent,15yr Fixed,678148,2024-04-01,314,5.768,AZ
LN-2024-08452,Wholesale,ARM 5/1,1147757,2024-04-01,311,7.174,NY
LN-2024-08453,Direct,30yr Fixed,877355,2024-09-01,291,8.219,IL
LN-2024-08454,Wholesale,ARM 5/1,320254,2024-08-01,348,8.306,NY
LN-2024-08455,Wholesale,30yr Fixed,417039,2024-10-01,344,8.478,AZ
LN-2024-08456,Wholesale,ARM 5/1,356519,2024-01-01,257,6.828,CA
LN-2024-08457,Direct,ARM 5/1,1124975,2024-08-01,286,6.983,FL
LN-2024-08458,Wholesale,15yr Fixed,922972,2024-09-01,295,6.07,NY
LN-2024-08459,Wholesale,ARM 5/1,364483,2024-05-01,366,5.554,IL
LN-2024-08460,Wholesale,ARM 5/1,518756,2024-11-01,332,5.951,NY
LN-2024-08461,Wholesale,30yr Fixed,235930,2024-10-01,376,6.21,AZ
LN-2024-08462,Wholesale,ARM 5/1,214758,2024-09-01,318,7.548,CA
LN-2024-08463,Correspondent,30yr Fixed,580322,2024-11-01,266,7.932,AZ
LN-2024-08464,Retail,ARM 5/1,1064854,2024-10-01,364,7.609,IL
LN-2024-08465,Direct,15yr Fixed,752999,2024-12-01,348,7.464,AZ
LN-2024-08466,Retail,30yr Fixed,1018217,2024-01-01,350,7.009,NY
LN-2024-08467,Wholesale,30yr Fixed,473879,2024-06-01,297,7.776,FL
LN-2024-08468,Retail,15yr Fixed,342339,2024-11-01,342,7.726,AZ
LN-2024-08469,Retail,ARM 5/1,874801,2024-12-01,302,7.539,TX
LN-2024-08470,Correspondent,30yr Fixed,458643,2024-01-01,306,7.208,IL
LN-2024-08471,Retail,15yr Fixed,416728,2024-08-01,341,7.392,AZ
LN-2024-08472,Retail,30yr Fixed,794674,2024-10-01,375,8.498,IL
LN-2024-08473,Wholesale,15yr Fixed,880244,2024-03-01,298,5.739,NY
LN-2024-08474,Direct,15yr Fixed,1175483,2024-03-01,252,6.6,IL
LN-2024-08475,Direct,30yr Fixed,1036664,2024-08-01,358,8.172,IL
LN-2024-08476,Retail,ARM 5/1,923313,2024-01-01,373,6.702,NY
LN-2024-08477,Correspondent,15yr Fixed,595027,2024-11-01,376,7.124,IL
LN-2024-08478,Direct,15yr Fixed,1027300,2024-06-01,281,6.921,TX
LN-2024-08479,Correspondent,30yr Fixed,884417,2024-01-01,334,5.62,IL
LN-2024-08480,Retail,15yr Fixed,960272,2024-12-01,355,8.393,TX
LN-2024-08481,Direct,15yr Fixed,957743,2024-07-01,307,7.118,TX
LN-2024-08482,Retail,ARM 5/1,972132,2024-10-01,315,5.638,AZ
LN-2024-08483,Wholesale,30yr Fixed,1130606,2024-07-01,330,7.18,CA
LN-2024-08484,Wholesale,30yr Fixed,313620,2024-04-01,294,6.286,AZ
LN-2024-08485,Correspondent,15yr Fixed,961446,2024-02-01,269,7.223,TX
LN-2024-08486,Correspondent,30yr Fixed,674746,2024-11-01,266,6.398,AZ
LN-2024-08487,Direct,15yr Fixed,1139409,2024-03-01,333,6.213,IL
LN-2024-08488,Retail,15yr Fixed,508311,2024-08-01,325,7.555,CA
LN-2024-08489,Direct,15yr Fixed,1026397,2024-03-01,369,7.331,TX
LN-2024-08490,Retail,15yr Fixed,962452,2024-05-01,336,7.465,CA
LN-2024-08491,Wholesale,ARM 5/1,720374,2024-07-01,270,7.786,IL
LN-2024-08492,Retail,30yr Fixed,672348,2024-05-01,266,5.703,CA
LN-2024-08493,Wholesale,15yr Fixed,921738,2024-03-01,360,5.806,IL
LN-2024-08494,Retail,15yr Fixed,391068,2024-11-01,331,8.449,TX
LN-2024-08495,Direct,15yr Fixed,1048371,2024-12-01,299,6.877,FL
LN-2024-08496,Direct,15yr Fixed,418442,2024-08-01,341,6.867,NY
LN-2024-08497,Retail,15yr Fixed,507031,2024-10-01,327,7.73,TX
LN-2024-08498,Wholesale,30yr Fixed,1049110,2024-05-01,313,6.659,TX
LN-2024-08499,Direct,ARM 5/1,1017139,2024-08-01,292,6.72,AZ
LN-2024-08500,Correspondent,15yr Fixed,324600,2024-07-01,282,5.524,TX
LN-2024-08501,Wholesale,ARM 5/1,1153969,2024-09-01,370,8.323,AZ
LN-2024-08502,Retail,ARM 5/1,204740,2024-06-01,260,5.806,CA
LN-2024-08503,Retail,30yr Fixed,461093,2024-10-01,371,8.231,IL
LN-2024-08504,Wholesale,15yr Fixed,400825,2024-12-01,262,6.605,CA
LN-2024-08505,Direct,30yr Fixed,545800,2024-07-01,352,5.642,FL
LN-2024-08506,Correspondent,30yr Fixed,616864,2024-11-01,327,6.882,TX
LN-2024-08507,Correspondent,ARM 5/1,733557,2024-05-01,373,6.903,NY
LN-2024-08508,Retail,30yr Fixed,1041274,2024-08-01,283,5.694,IL
LN-2024-08509,Wholesale,30yr Fixed,1188569,2024-02-01,337,6.478,NY
LN-2024-08510,Correspondent,15yr Fixed,837628,2024-09-01,316,6.06,AZ
LN-2024-08511,Correspondent,30yr Fixed,301549,2024-04-01,284,6.613,CA
LN-2024-08512,Retail,30yr Fixed,173161,2024-11-01,303,6.169,NY
LN-2024-08513,Correspondent,15yr Fixed,256912,2024-07-01,333,8.276,TX
LN-2024-08514,Direct,ARM 5/1,315073,2024-01-01,264,6.122,NY
LN-2024-08515,Correspondent,15yr Fixed,744098,2024-10-01,310,6.124,NY
LN-2024-08516,Retail,ARM 5/1,920082,2024-02-01,321,7.521,AZ
LN-2024-08517,Correspondent,30yr Fixed,500257,2024-07-01,360,6.684,CA
LN-2024-08518,Direct,30yr Fixed,801009,2024-02-01,296,7.278,CA
LN-2024-08519,Wholesale,15yr Fixed,238603,2024-09-01,290,6.078,AZ
LN-2024-08520,Direct,30yr Fixed,770246,2024-04-01,342,7.019,IL
LN-2024-08521,Wholesale,ARM 5/1,951010,2024-08-01,316,7.987,AZ
LN-2024-08522,Direct,30yr Fixed,426591,2024-07-01,373,6.757,CA
LN-2024-08523,Retail,ARM 5/1,1020721,2024-10-01,348,7.455,NY
LN-2024-08524,Direct,30yr Fixed,858739,2024-11-01,354,6.092,CA
LN-2024-08525,Correspondent,15yr Fixed,851373,2024-04-01,317,7.641,TX
LN-2024-08526,Direct,ARM 5/1,254884,2024-04-01,375,5.954,NY
LN-2024-08527,Direct,ARM 5/1,1098338,2024-09-01,300,6.665,AZ
LN-2024-08528,Wholesale,15yr Fixed,1131358,2024-01-01,273,6.982,AZ
LN-2024-08529,Correspondent,15yr Fixed,622468,2024-04-01,310,7.247,TX
LN-2024-08530,Wholesale,30yr Fixed,1124512,2024-12-01,359,6.17,AZ
LN-2024-08531,Correspondent,30yr Fixed,287196,2024-12-01,362,6.778,TX
LN-2024-08532,Correspondent,15yr Fixed,235102,2024-04-01,368,7.376,TX
LN-2024-08533,Correspondent,15yr Fixed,726665,2024-07-01,323,6.203,IL
LN-2024-08534,Correspondent,ARM 5/1,936470,2024-10-01,306,7.375,AZ
LN-2024-08535,Wholesale,15yr Fixed,662418,2024-01-01,257,7.286,NY
LN-2024-08536,Retail,ARM 5/1,936415,2024-07-01,339,7.514,IL
LN-2024-08537,Correspondent,15yr Fixed,154912,2024-12-01,311,5.553,AZ
LN-2024-08538,Correspondent,30yr Fixed,657681,2024-06-01,359,7.493,AZ
LN-2024-08539,Retail,ARM 5/1,230924,2024-02-01,295,7.338,IL
LN-2024-08540,Retail,30yr Fixed,270695,2024-02-01,258,8.013,NY
LN-2024-08541,Correspondent,ARM 5/1,214322,2024-02-01,347,7.329,FL
LN-2024-08542,Correspondent,ARM 5/1,227991,2024-09-01,296,5.592,NY
LN-2024-08543,Retail,30yr Fixed,848712,2024-03-01,298,7.687,FL
LN-2024-08544,Correspondent,15yr Fixed,1083271,2024-03-01,324,8.085,CA
LN-2024-08545,Wholesale,30yr Fixed,544829,2024-05-01,275,6.956,AZ
LN-2024-08546,Correspondent,ARM 5/1,350288,2024-03-01,361,6.834,IL
LN-2024-08547,Wholesale,ARM 5/1,222984,2024-07-01,345,8.09,IL
LN-2024-08548,Retail,15yr Fixed,700348,2024-09-01,309,6.862,AZ
LN-2024-08549,Wholesale,ARM 5/1,663680,2024-06-01,372,6.343,NY
LN-2024-08550,Correspondent,ARM 5/1,1006140,2024-11-01,365,5.505,CA
LN-2024-08551,Direct,30yr Fixed,1044147,2024-05-01,327,7.509,TX
LN-2024-08552,Direct,30yr Fixed,315821,2024-11-01,284,6.334,TX
LN-2024-08553,Retail,ARM 5/1,456758,2024-12-01,279,7.675,CA
LN-2024-08554,Retail,ARM 5/1,903488,2024-02-01,342,7.666,AZ
LN-2024-08555,Wholesale,ARM 5/1,302706,2024-06-01,275,7.082,CA
LN-2024-08556,Retail,30yr Fixed,268530,2024-06-01,379,6.759,IL
LN-2024-08557,Correspondent,30yr Fixed,581589,2024-09-01,256,7.893,AZ
LN-2024-08558,Wholesale,30yr Fixed,640902,2024-10-01,315,7.411,IL
LN-2024-08559,Retail,15yr Fixed,282425,2024-04-01,278,7.088,IL
LN-2024-08560,Retail,30yr Fixed,701188,2024-07-01,282,7.688,IL
LN-2024-08561,Retail,ARM 5/1,601275,2024-09-01,253,7.843,FL
LN-2024-08562,Retail,30yr Fixed,836247,2024-11-01,308,7.447,AZ
LN-2024-08563,Retail,30yr Fixed,351928,2024-10-01,326,7.323,AZ
LN-2024-08564,Direct,15yr Fixed,689344,2024-08-01,299,5.593,CA
LN-2024-08565,Retail,15yr Fixed,1158071,2024-04-01,284,8.043,IL
LN-2024-08566,Retail,ARM 5/1,468102,2024-06-01,268,7.013,IL
LN-2024-08567,Direct,15yr Fixed,616576,2024-04-01,375,7.566,CA
LN-2024-08568,Retail,30yr Fixed,874926,2024-10-01,267,6.489,CA
LN-2024-08569,Wholesale,ARM 5/1,757502,2024-03-01,263,7.733,TX
LN-2024-08570,Retail,15yr Fixed,590690,2024-11-01,250,5.961,TX
LN-2024-08571,Retail,15yr Fixed,1188213,2024-01-01,274,8.208,FL
LN-2024-08572,Correspondent,30yr Fixed,1018503,2024-09-01,258,7.543,TX
LN-2024-08573,Direct,15yr Fixed,640687,2024-07-01,337,7.797,FL
LN-2024-08574,Correspondent,30yr Fixed,1022623,2024-06-01,368,5.66,NY
LN-2024-08575,Retail,30yr Fixed,824947,2024-12-01,289,7.581,IL
LN-2024-08576,Wholesale,30yr Fixed,751780,2024-10-01,256,7.734,IL
LN-2024-08577,Direct,ARM 5/1,1046077,2024-12-01,351,6.858,NY
LN-2024-08578,Wholesale,30yr Fixed,678310,2024-08-01,269,7.917,NY
LN-2024-08579,Correspondent,15yr Fixed,1031190,2024-01-01,274,5.877,FL
LN-2024-08580,Retail,15yr Fixed,369273,2024-01-01,303,6.315,IL
LN-2024-08581,Wholesale,30yr Fixed,202873,2024-07-01,369,5.991,TX
LN-2024-08582,Retail,ARM 5/1,837332,2024-05-01,380,7.272,AZ
LN-2024-08583,Wholesale,ARM 5/1,345745,2024-06-01,379,6.892,CA
LN-2024-08584,Correspondent,15yr Fixed,151744,2024-06-01,277,6.128,NY
LN-2024-08585,Correspondent,ARM 5/1,1088125,2024-04-01,349,5.876,FL
LN-2024-08586,Direct,ARM 5/1,967302,2024-08-01,351,8.039,AZ
LN-2024-08587,Wholesale,ARM 5/1,647458,2024-03-01,319,5.648,AZ
LN-2024-08588,Wholesale,ARM 5/1,712898,2024-06-01,331,7.384,AZ
LN-2024-08589,Direct,30yr Fixed,753592,2024-12-01,291,8.046,AZ
LN-2024-08590,Direct,ARM 5/1,474725,2024-08-01,271,5.821,IL
LN-2024-08591,Direct,ARM 5/1,965044,2024-07-01,372,8.403,IL
LN-2024-08592,Direct,15yr Fixed,779648,2024-04-01,319,7.11,AZ
LN-2024-08593,Retail,15yr Fixed,691994,2024-02-01,292,8.204,CA
LN-2024-08594,Correspondent,30yr Fixed,613488,2024-07-01,274,7.579,AZ
LN-2024-08595,Wholesale,30yr Fixed,602378,2024-10-01,266,5.985,AZ
LN-2024-08596,Correspondent,15yr Fixed,169976,2024-07-01,344,7.929,TX
LN-2024-08597,Retail,30yr Fixed,282275,2024-06-01,344,5.585,AZ
LN-2024-08598,Wholesale,15yr Fixed,955346,2024-10-01,341,7.935,IL
LN-2024-08599,Direct,30yr Fixed,680873,2024-02-01,380,7.354,FL
LN-2024-08600,Retail,15yr Fixed,961738,2024-05-01,282,6.494,CA
LN-2024-08601,Direct,30yr Fixed,759015,2024-05-01,289,6.939,AZ
LN-2024-08602,Direct,15yr Fixed,907537,2024-04-01,322,5.698,AZ
LN-2024-08603,Correspondent,30yr Fixed,721248,2024-07-01,313,6.746,AZ
LN-2024-08604,Direct,30yr Fixed,719894,2024-03-01,278,6.617,FL
LN-2024-08605,Direct,30yr Fixed,987752,2024-03-01,278,8.33,CA
LN-2024-08606,Retail,30yr Fixed,692073,2024-09-01,301,7.874,CA
LN-2024-08607,Correspondent,ARM 5/1,1192920,2024-02-01,355,7.269,TX
LN-2024-08608,Retail,30yr Fixed,968617,2024-09-01,302,8.465,NY
LN-2024-08609,Direct,15yr Fixed,382594,2024-09-01,358,7.389,FL
LN-2024-08610,Direct,15yr Fixed,151409,2024-07-01,290,6.709,FL
LN-2024-08611,Direct,ARM 5/1,400479,2024-04-01,354,7.723,AZ
LN-2024-08612,Wholesale,15yr Fixed,628112,2024-01-01,263,6.563,TX
LN-2024-08613,Retail,15yr Fixed,150280,2024-07-01,312,5.933,FL
LN-2024-08614,Correspondent,15yr Fixed,472927,2024-12-01,264,5.706,IL
LN-2024-08615,Correspondent,ARM 5/1,837320,2024-12-01,288,6.697,FL
LN-2024-08616,Wholesale,ARM 5/1,255436,2024-12-01,349,5.866,AZ
LN-2024-08617,Retail,15yr Fixed,863657,2024-08-01,290,6.689,AZ
LN-2024-08618,Wholesale,30yr Fixed,347844,2024-04-01,251,6.585,NY
LN-2024-08619,Correspondent,ARM 5/1,326010,2024-06-01,374,7.698,IL
LN-2024-08620,Direct,15yr Fixed,319978,2024-11-01,268,8.4,NY
LN-2024-08621,Wholesale,30yr Fixed,904492,2024-08-01,367,6.624,TX
LN-2024-08622,Direct,ARM 5/1,239328,2024-08-01,372,5.958,NY
LN-2024-08623,Retail,15yr Fixed,693620,2024-03-01,292,5.501,FL
LN-2024-08624,Retail,15yr Fixed,496522,2024-11-01,365,7.903,IL
LN-2024-08625,Direct,30yr Fixed,508798,2024-04-01,253,7.767,NY
LN-2024-08626,Wholesale,15yr Fixed,776145,2024-04-01,259,6.862,FL
LN-2024-08627,Wholesale,ARM 5/1,640967,2024-01-01,377,6.352,NY
LN-2024-08628,Correspondent,ARM 5/1,1095571,2024-09-01,325,6.259,FL
LN-2024-08629,Direct,30yr Fixed,718231,2024-10-01,286,5.696,FL
LN-2024-08630,Retail,15yr Fixed,408005,2024-03-01,372,7.877,AZ
LN-2024-08631,Direct,30yr Fixed,368871,2024-11-01,340,5.886,IL
LN-2024-08632,Direct,30yr Fixed,351507,2024-06-01,309,7.422,AZ
LN-2024-08633,Wholesale,15yr Fixed,766889,2024-01-01,267,6.074,FL
LN-2024-08634,Retail,15yr Fixed,391060,2024-08-01,314,6.922,NY
LN-2024-08635,Direct,30yr Fixed,504459,2024-09-01,325,6.452,AZ
LN-2024-08636,Correspondent,ARM 5/1,841088,2024-04-01,293,6.533,CA
LN-2024-08637,Retail,30yr Fixed,774446,2024-05-01,313,6.202,IL
LN-2024-08638,Retail,30yr Fixed,794883,2024-09-01,296,6.936,CA
LN-2024-08639,Direct,15yr Fixed,1074202,2024-06-01,347,5.979,TX
LN-2024-08640,Wholesale,30yr Fixed,539908,2024-02-01,337,8.088,IL
LN-2024-08641,Wholesale,ARM 5/1,276429,2024-05-01,308,6.837,TX
LN-2024-08642,Correspondent,30yr Fixed,1149165,2024-02-01,345,8.202,CA
LN-2024-08643,Correspondent,ARM 5/1,937094,2024-12-01,302,7.117,CA
LN-2024-08644,Wholesale,15yr Fixed,624244,2024-02-01,324,7.18,NY
LN-2024-08645,Correspondent,30yr Fixed,958650,2024-04-01,313,6.766,NY
LN-2024-08646,Correspondent,30yr Fixed,963329,2024-06-01,302,5.679,NY
LN-2024-08647,Correspondent,ARM 5/1,472607,2024-05-01,309,7.459,NY
LN-2024-08648,Wholesale,15yr Fixed,988441,2024-05-01,292,6.158,NY
LN-2024-08649,Direct,15yr Fixed,481618,2024-09-01,319,7.281,NY
LN-2024-08650,Wholesale,15yr Fixed,296564,2024-06-01,308,7.219,AZ
LN-2024-08651,Retail,ARM 5/1,654237,2024-10-01,272,8.493,AZ
LN-2024-08652,Direct,15yr Fixed,1142824,2024-04-01,293,8.449,FL
LN-2024-08653,Correspondent,15yr Fixed,898805,2024-06-01,256,7.759,CA
LN-2024-08654,Direct,ARM 5/1,155671,2024-04-01,257,7.664,NY
LN-2024-08655,Correspondent,30yr Fixed,399740,2024-02-01,260,8.047,IL
LN-2024-08656,Correspondent,15yr Fixed,896020,2024-05-01,273,7.563,CA
LN-2024-08657,Wholesale,15yr Fixed,1158778,2024-07-01,344,5.506,CA
LN-2024-08658,Retail,15yr Fixed,1060013,2024-03-01,252,6.112,TX
LN-2024-08659,Direct,30yr Fixed,800364,2024-04-01,278,6.333,AZ
LN-2024-08660,Direct,30yr Fixed,738882,2024-12-01,275,7.876,NY
LN-2024-08661,Correspondent,30yr Fixed,359340,2024-09-01,287,6.799,TX
LN-2024-08662,Wholesale,30yr Fixed,512617,2024-05-01,366,7.055,AZ
LN-2024-08663,Wholesale,30yr Fixed,967573,2024-05-01,253,5.728,AZ
LN-2024-08664,Direct,30yr Fixed,298450,2024-12-01,312,5.958,AZ
LN-2024-08665,Retail,15yr Fixed,219108,2024-12-01,262,7.96,CA
LN-2024-08666,Correspondent,30yr Fixed,751306,2024-02-01,275,7.594,AZ
LN-2024-08667,Correspondent,15yr Fixed,545803,2024-04-01,337,8.48,NY
LN-2024-08668,Retail,15yr Fixed,1138265,2024-09-01,343,6.995,NY
LN-2024-08669,Retail,15yr Fixed,387020,2024-08-01,278,6.306,FL
LN-2024-08670,Direct,15yr Fixed,780857,2024-05-01,305,5.635,AZ
LN-2024-08671,Wholesale,30yr Fixed,988668,2024-05-01,261,7.51,TX
LN-2024-08672,Wholesale,ARM 5/1,1016560,2024-11-01,286,6.863,FL
LN-2024-08673,Retail,30yr Fixed,546575,2024-10-01,319,6.677,IL
LN-2024-08674,Wholesale,ARM 5/1,1107182,2024-08-01,342,5.686,CA
LN-2024-08675,Direct,30yr Fixed,321071,2024-12-01,343,7.711,NY
LN-2024-08676,Wholesale,30yr Fixed,760251,2024-05-01,318,7.902,FL
LN-2024-08677,Correspondent,ARM 5/1,624871,2024-09-01,354,6.458,TX
LN-2024-08678,Retail,15yr Fixed,232946,2024-10-01,343,8.268,FL
LN-2024-08679,Direct,30yr Fixed,369226,2024-03-01,315,7.864,IL
LN-2024-08680,Correspondent,ARM 5/1,713457,2024-10-01,250,6.705,CA
LN-2024-08681,Retail,15yr Fixed,419447,2024-06-01,325,6.796,AZ
LN-2024-08682,Correspondent,30yr Fixed,523598,2024-01-01,276,7.202,AZ
LN-2024-08683,Correspondent,30yr Fixed,798035,2024-02-01,262,6.558,NY
LN-2024-08684,Retail,ARM 5/1,742094,2024-06-01,295,6.631,NY
LN-2024-08685,Wholesale,30yr Fixed,566646,2024-06-01,288,8.306,TX
LN-2024-08686,Wholesale,30yr Fixed,1068544,2024-01-01,254,7.537,NY
LN-2024-08687,Correspondent,30yr Fixed,718271,2024-11-01,288,5.718,NY
LN-2024-08688,Direct,ARM 5/1,239437,2024-09-01,316,6.628,TX
LN-2024-08689,Retail,15yr Fixed,444459,2024-09-01,365,7.258,NY
LN-2024-08690,Retail,15yr Fixed,1020615,2024-08-01,362,6.335,IL
LN-2024-08691,Retail,30yr Fixed,625993,2024-03-01,260,8.352,IL
LN-2024-08692,Retail,15yr Fixed,151505,2024-08-01,293,7.046,FL
LN-2024-08693,Retail,ARM 5/1,636037,2024-07-01,353,7.779,FL
LN-2024-08694,Correspondent,ARM 5/1,196099,2024-07-01,279,5.817,IL
LN-2024-08695,Direct,15yr Fixed,801728,2024-06-01,275,7.422,IL
LN-2024-08696,Retail,15yr Fixed,998850,2024-06-01,335,7.415,FL
LN-2024-08697,Retail,ARM 5/1,272107,2024-08-01,361,7.76,AZ
LN-2024-08698,Direct,15yr Fixed,1189426,2024-09-01,346,5.691,FL
LN-2024-08699,Wholesale,15yr Fixed,153465,2024-05-01,365,6.888,AZ
LN-2024-08700,Wholesale,15yr Fixed,503377,2024-01-01,365,5.99,FL
LN-2024-08701,Correspondent,15yr Fixed,1145909,2024-03-01,258,5.597,AZ
LN-2024-08702,Correspondent,15yr Fixed,827125,2024-06-01,259,5.604,TX
LN-2024-08703,Retail,15yr Fixed,905775,2024-04-01,328,7.787,IL
LN-2024-08704,Retail,15yr Fixed,309039,2024-10-01,250,6.7,CA
LN-2024-08705,Wholesale,ARM 5/1,607671,2024-10-01,338,5.821,TX
LN-2024-08706,Retail,15yr Fixed,165302,2024-10-01,350,5.885,TX
LN-2024-08707,Direct,ARM 5/1,563778,2024-10-01,325,8.484,NY
LN-2024-08708,Direct,ARM 5/1,243799,2024-12-01,296,7.083,CA
LN-2024-08709,Correspondent,ARM 5/1,995736,2024-04-01,348,7.381,CA
LN-2024-08710,Wholesale,ARM 5/1,336022,2024-03-01,372,6.763,NY
LN-2024-08711,Wholesale,30yr Fixed,1105345,2024-03-01,267,6.149,NY
LN-2024-08712,Retail,ARM 5/1,1048487,2024-01-01,352,7.852,IL
LN-2024-08713,Direct,15yr Fixed,1185732,2024-03-01,294,6.426,AZ
LN-2024-08714,Retail,30yr Fixed,739455,2024-06-01,376,5.583,TX
LN-2024-08715,Correspondent,30yr Fixed,261050,2024-07-01,297,8.165,AZ
LN-2024-08716,Direct,ARM 5/1,525109,2024-01-01,353,6.151,IL
LN-2024-08717,Wholesale,ARM 5/1,179758,2024-01-01,263,5.971,IL
LN-2024-08718,Wholesale,ARM 5/1,308948,2024-12-01,366,7.506,FL
LN-2024-08719,Direct,30yr Fixed,1082088,2024-03-01,372,7.537,TX
LN-2024-08720,Retail,15yr Fixed,558421,2024-11-01,256,8.357,NY
LN-2024-08721,Retail,15yr Fixed,181135,2024-12-01,325,5.754,FL
LN-2024-08722,Direct,30yr Fixed,737378,2024-01-01,308,7.418,IL
LN-2024-08723,Wholesale,ARM 5/1,469718,2024-08-01,377,6.073,FL
LN-2024-08724,Correspondent,ARM 5/1,418427,2024-04-01,349,8.157,TX
LN-2024-08725,Wholesale,30yr Fixed,699888,2024-12-01,283,5.967,FL
LN-2024-08726,Direct,ARM 5/1,454698,2024-01-01,300,8.24,TX
LN-2024-08727,Correspondent,15yr Fixed,926213,2024-09-01,379,8.221,AZ
LN-2024-08728,Retail,30yr Fixed,322669,2024-05-01,253,7.371,FL
LN-2024-08729,Correspondent,ARM 5/1,250959,2024-12-01,337,6.524,TX
LN-2024-08730,Direct,30yr Fixed,863844,2024-12-01,355,7.894,IL
LN-2024-08731,Retail,ARM 5/1,169300,2024-09-01,270,6.33,TX
LN-2024-08732,Wholesale,15yr Fixed,899002,2024-10-01,323,7.501,NY
LN-2024-08733,Direct,15yr Fixed,189640,2024-01-01,297,6.822,FL
LN-2024-08734,Wholesale,ARM 5/1,518249,2024-09-01,368,8.074,IL
LN-2024-08735,Direct,30yr Fixed,802243,2024-09-01,369,5.789,CA
LN-2024-08736,Direct,ARM 5/1,874539,2024-07-01,263,6.909,NY
LN-2024-08737,Retail,ARM 5/1,602495,2024-04-01,264,6.407,FL
LN-2024-08738,Wholesale,ARM 5/1,925265,2024-08-01,312,5.69,CA
LN-2024-08739,Wholesale,30yr Fixed,492443,2024-06-01,358,8.358,FL
LN-2024-08740,Retail,15yr Fixed,1150535,2024-02-01,253,6.357,NY
LN-2024-08741,Correspondent,30yr Fixed,1193533,2024-11-01,282,7.285,FL
LN-2024-08742,Direct,ARM 5/1,479284,2024-05-01,254,6.086,CA
LN-2024-08743,Wholesale,15yr Fixed,450162,2024-05-01,290,7.102,AZ
LN-2024-08744,Direct,ARM 5/1,656322,2024-01-01,372,5.711,CA
LN-2024-08745,Direct,15yr Fixed,702351,2024-12-01,261,8.433,FL
LN-2024-08746,Correspondent,30yr Fixed,978675,2024-03-01,296,6.324,TX
LN-2024-08747,Wholesale,30yr Fixed,589797,2024-08-01,302,8.01,NY
LN-2024-08748,Correspondent,30yr Fixed,707847,2024-10-01,341,6.724,TX
LN-2024-08749,Correspondent,ARM 5/1,542667,2024-06-01,354,7.123,CA
LN-2024-08750,Direct,15yr Fixed,283844,2024-09-01,314,5.569,NY
LN-2024-08751,Retail,ARM 5/1,267017,2024-04-01,316,7.701,FL
LN-2024-08752,Direct,ARM 5/1,151765,2024-11-01,329,6.7,IL
LN-2024-08753,Direct,ARM 5/1,303190,2024-03-01,265,7.907,CA
LN-2024-08754,Wholesale,30yr Fixed,351562,2024-07-01,308,7.957,TX
LN-2024-08755,Direct,15yr Fixed,227005,2024-10-01,313,6.309,AZ
LN-2024-08756,Wholesale,15yr Fixed,332395,2024-10-01,358,7.001,NY
LN-2024-08757,Direct,15yr Fixed,544165,2024-04-01,327,7.156,CA
LN-2024-08758,Retail,30yr Fixed,864115,2024-09-01,342,5.509,CA
LN-2024-08759,Correspondent,ARM 5/1,890975,2024-08-01,324,6.455,TX
LN-2024-08760,Correspondent,30yr Fixed,1143866,2024-05-01,343,7.756,CA
LN-2024-08761,Correspondent,ARM 5/1,1030962,2024-07-01,285,6.306,NY
LN-2024-08762,Direct,30yr Fixed,1101829,2024-01-01,312,6.929,CA
LN-2024-08763,Direct,15yr Fixed,406008,2024-05-01,337,5.755,CA
LN-2024-08764,Correspondent,ARM 5/1,571739,2024-11-01,339,7.035,FL
LN-2024-08765,Retail,15yr Fixed,925283,2024-10-01,287,6.557,FL
LN-2024-08766,Retail,30yr Fixed,844091,2024-07-01,338,7.919,FL
LN-2024-08767,Retail,30yr Fixed,721270,2024-02-01,364,6.94,IL
LN-2024-08768,Direct,30yr Fixed,640525,2024-04-01,342,5.553,AZ
LN-2024-08769,Retail,30yr Fixed,840159,2024-09-01,348,6.257,AZ
LN-2024-08770,Direct,30yr Fixed,864729,2024-03-01,363,7.929,NY
LN-2024-08771,Retail,ARM 5/1,1152821,2024-08-01,376,5.786,FL
LN-2024-08772,Wholesale,15yr Fixed,903553,2024-06-01,356,7.319,CA
LN-2024-08773,Retail,30yr Fixed,932004,2024-02-01,276,6.401,IL
LN-2024-08774,Direct,15yr Fixed,940712,2024-10-01,295,7.061,TX
LN-2024-08775,Retail,ARM 5/1,723790,2024-03-01,364,6.852,FL
LN-2024-08776,Correspondent,30yr Fixed,164992,2024-03-01,265,5.594,IL
LN-2024-08777,Retail,ARM 5/1,565614,2024-03-01,285,6.664,AZ
LN-2024-08778,Direct,30yr Fixed,862220,2024-08-01,292,7.533,FL
LN-2024-08779,Direct,15yr Fixed,713601,2024-04-01,331,7.773,FL
LN-2024-08780,Direct,ARM 5/1,251411,2024-09-01,368,6.194,TX
LN-2024-08781,Correspondent,30yr Fixed,660713,2024-10-01,257,7.795,FL
LN-2024-08782,Wholesale,30yr Fixed,281095,2024-12-01,293,6.848,IL
LN-2024-08783,Correspondent,ARM 5/1,958304,2024-12-01,366,6.28,IL
LN-2024-08784,Correspondent,ARM 5/1,722349,2024-08-01,351,7.075,FL
LN-2024-08785,Correspondent,ARM 5/1,381197,2024-11-01,293,6.232,FL
LN-2024-08786,Wholesale,15yr Fixed,245227,2024-01-01,334,6.191,TX
LN-2024-08787,Retail,ARM 5/1,632958,2024-09-01,260,6.496,CA
LN-2024-08788,Wholesale,15yr Fixed,912941,2024-11-01,324,7.104,CA
LN-2024-08789,Correspondent,15yr Fixed,637142,2024-09-01,286,7.188,NY
LN-2024-08790,Correspondent,15yr Fixed,1146387,2024-09-01,313,7.892,FL
LN-2024-08791,Wholesale,ARM 5/1,156388,2024-01-01,377,7.614,CA
LN-2024-08792,Direct,ARM 5/1,1196214,2024-01-01,328,5.696,TX
LN-2024-08793,Direct,30yr Fixed,1048034,2024-07-01,272,5.904,FL
LN-2024-08794,Direct,15yr Fixed,893385,2024-12-01,369,5.658,AZ
LN-2024-08795,Correspondent,30yr Fixed,731494,2024-06-01,367,7.031,AZ
LN-2024-08796,Retail,ARM 5/1,1097857,2024-05-01,302,8.079,CA
LN-2024-08797,Correspondent,30yr Fixed,1193563,2024-09-01,314,6.106,NY
LN-2024-08798,Wholesale,ARM 5/1,460804,2024-02-01,284,6.123,CA
LN-2024-08799,Retail,15yr Fixed,694567,2024-06-01,342,6.848,AZ
LN-2024-08800,Wholesale,15yr Fixed,229803,2024-07-01,364,5.856,AZ
LN-2024-08801,Wholesale,30yr Fixed,186814,2024-09-01,295,5.585,FL
LN-2024-08802,Retail,30yr Fixed,248899,2024-06-01,346,5.82,TX
LN-2024-08803,Wholesale,30yr Fixed,250053,2024-04-01,259,8.447,FL
LN-2024-08804,Direct,15yr Fixed,1128200,2024-10-01,295,6.284,CA
LN-2024-08805,Direct,15yr Fixed,564739,2024-11-01,360,6.682,IL
LN-2024-08806,Retail,30yr Fixed,908301,2024-02-01,276,7.756,FL
LN-2024-08807,Correspondent,15yr Fixed,862756,2024-08-01,352,5.927,TX
LN-2024-08808,Retail,ARM 5/1,751863,2024-02-01,296,8.423,NY
LN-2024-08809,Retail,ARM 5/1,1024214,2024-12-01,313,7.967,FL
LN-2024-08810,Wholesale,30yr Fixed,285722,2024-03-01,377,7.404,CA
LN-2024-08811,Retail,ARM 5/1,431710,2024-09-01,361,7.287,AZ
LN-2024-08812,Retail,30yr Fixed,1168319,2024-10-01,316,7.484,NY
LN-2024-08813,Correspondent,ARM 5/1,870181,2024-03-01,311,8.395,IL
LN-2024-08814,Direct,15yr Fixed,1194238,2024-08-01,307,8.183,IL
LN-2024-08815,Correspondent,ARM 5/1,878435,2024-11-01,262,7.354,NY
LN-2024-08816,Retail,ARM 5/1,1166972,2024-03-01,256,6.905,FL
LN-2024-08817,Retail,15yr Fixed,647331,2024-02-01,286,6.408,TX
LN-2024-08818,Correspondent,ARM 5/1,380932,2024-09-01,354,6.089,TX
LN-2024-08819,Retail,ARM 5/1,505652,2024-11-01,369,5.857,IL
LN-2024-08820,Wholesale,ARM 5/1,1050458,2024-02-01,259,7.027,IL
LN-2024-08821,Direct,30yr Fixed,677888,2024-11-01,351,6.623,FL
LN-2024-08822,Wholesale,30yr Fixed,782865,2024-05-01,350,7.115,AZ
LN-2024-08823,Direct,15yr Fixed,190212,2024-12-01,339,5.714,FL
LN-2024-08824,Wholesale,ARM 5/1,351352,2024-07-01,285,5.555,NY
LN-2024-08825,Direct,15yr Fixed,603045,2024-10-01,311,7.196,IL
LN-2024-08826,Retail,30yr Fixed,1188079,2024-12-01,339,5.86,TX
LN-2024-08827,Retail,30yr Fixed,552574,2024-04-01,347,5.708,TX
LN-2024-08828,Wholesale,30yr Fixed,712931,2024-11-01,258,7.608,FL
LN-2024-08829,Correspondent,30yr Fixed,776032,2024-11-01,297,6.548,TX
LN-2024-08830,Correspondent,ARM 5/1,321779,2024-09-01,329,7.847,TX
LN-2024-08831,Direct,30yr Fixed,752697,2024-04-01,283,5.603,TX
LN-2024-08832,Direct,15yr Fixed,986781,2024-01-01,321,8.382,IL
LN-2024-08833,Direct,15yr Fixed,1044227,2024-03-01,361,7.77,IL
LN-2024-08834,Direct,30yr Fixed,661347,2024-09-01,295,5.939,TX
LN-2024-08835,Retail,30yr Fixed,1013317,2024-04-01,332,7.976,FL
LN-2024-08836,Wholesale,30yr Fixed,152619,2024-04-01,367,6.575,TX
LN-2024-08837,Retail,ARM 5/1,209937,2024-06-01,341,7.087,TX
LN-2024-08838,Retail,30yr Fixed,992627,2024-10-01,377,7.487,TX
LN-2024-08839,Correspondent,30yr Fixed,1182105,2024-12-01,321,6.583,AZ
LN-2024-08840,Wholesale,15yr Fixed,634966,2024-04-01,256,6.958,FL
LN-2024-08841,Retail,ARM 5/1,879723,2024-10-01,366,7.261,FL
LN-2024-08842,Retail,30yr Fixed,159236,2024-08-01,264,6.738,FL
LN-2024-08843,Retail,15yr Fixed,577479,2024-05-01,311,6.707,FL
LN-2024-08844,Wholesale,15yr Fixed,851231,2024-10-01,253,6.753,TX
LN-2024-08845,Correspondent,15yr Fixed,182657,2024-07-01,374,8.444,TX
LN-2024-08846,Retail,30yr Fixed,883362,2024-09-01,362,6.617,IL
LN-2024-08847,Retail,30yr Fixed,779607,2024-07-01,278,6.355,NY
LN-2024-08848,Wholesale,ARM 5/1,856251,2024-03-01,309,8.498,FL
LN-2024-08849,Correspondent,15yr Fixed,413072,2024-10-01,361,7.729,CA
LN-2024-08850,Correspondent,15yr Fixed,527975,2024-01-01,250,7.204,CA
LN-2024-08851,Retail,15yr Fixed,1149479,2024-03-01,351,7.815,IL
LN-2024-08852,Correspondent,30yr Fixed,1081685,2024-12-01,261,5.742,FL
LN-2024-08853,Correspondent,15yr Fixed,1078744,2024-01-01,310,7.167,TX
LN-2024-08854,Retail,30yr Fixed,283101,2024-04-01,311,7.197,FL
LN-2024-08855,Direct,ARM 5/1,999350,2024-04-01,252,6.465,CA
LN-2024-08856,Wholesale,30yr Fixed,416947,2024-06-01,294,8.493,CA
LN-2024-08857,Direct,15yr Fixed,778503,2024-03-01,325,8.497,IL
LN-2024-08858,Correspondent,ARM 5/1,674998,2024-06-01,354,6.224,AZ
LN-2024-08859,Direct,ARM 5/1,297587,2024-03-01,327,8.096,TX
LN-2024-08860,Retail,30yr Fixed,308183,2024-03-01,322,6.661,AZ
LN-2024-08861,Retail,ARM 5/1,1011957,2024-02-01,281,7.727,AZ
LN-2024-08862,Correspondent,30yr Fixed,568702,2024-09-01,369,7.284,AZ
LN-2024-08863,Retail,ARM 5/1,931085,2024-04-01,278,6.771,NY
LN-2024-08864,Retail,ARM 5/1,1015636,2024-01-01,355,6.832,CA
LN-2024-08865,Correspondent,30yr Fixed,746617,2024-05-01,274,8.114,FL
LN-2024-08866,Retail,15yr Fixed,221324,2024-03-01,272,7.164,FL
LN-2024-08867,Direct,ARM 5/1,198744,2024-02-01,300,7.111,NY
LN-2024-08868,Direct,15yr Fixed,370928,2024-02-01,345,7.247,FL
LN-2024-08869,Retail,30yr Fixed,621924,2024-12-01,341,7.169,AZ
LN-2024-08870,Direct,ARM 5/1,1096792,2024-10-01,291,5.894,NY
LN-2024-08871,Direct,15yr Fixed,1132021,2024-01-01,315,7.15,CA
LN-2024-08872,Direct,15yr Fixed,690140,2024-11-01,344,6.124,NY
LN-2024-08873,Correspondent,15yr Fixed,686602,2024-04-01,368,5.602,AZ
LN-2024-08874,Retail,ARM 5/1,420431,2024-10-01,373,7.521,NY
LN-2024-08875,Correspondent,ARM 5/1,850411,2024-06-01,334,6.69,TX
LN-2024-08876,Retail,15yr Fixed,657657,2024-09-01,261,7.209,TX
LN-2024-08877,Wholesale,30yr Fixed,582278,2024-05-01,294,7.488,FL
LN-2024-08878,Wholesale,ARM 5/1,243927,2024-04-01,283,5.631,IL
LN-2024-08879,Direct,15yr Fixed,1046965,2024-02-01,265,6.362,FL
LN-2024-08880,Retail,ARM 5/1,1192318,2024-02-01,325,7.208,FL
LN-2024-08881,Correspondent,ARM 5/1,543079,2024-06-01,326,7.281,TX
LN-2024-08882,Correspondent,15yr Fixed,1033930,2024-03-01,313,8.156,TX
LN-2024-08883,Direct,ARM 5/1,166403,2024-04-01,291,6.712,NY
LN-2024-08884,Correspondent,ARM 5/1,960735,2024-05-01,344,6.682,FL
LN-2024-08885,Correspondent,30yr Fixed,294005,2024-01-01,322,7.943,AZ
LN-2024-08886,Correspondent,15yr Fixed,905036,2024-09-01,349,8.384,FL
LN-2024-08887,Correspondent,ARM 5/1,687909,2024-12-01,380,6.708,FL
LN-2024-08888,Retail,15yr Fixed,421205,2024-01-01,287,8.18,AZ
LN-2024-08889,Direct,30yr Fixed,1012981,2024-01-01,312,6.54,AZ
LN-2024-08890,Direct,ARM 5/1,523303,2024-09-01,363,7.633,CA
LN-2024-08891,Correspondent,30yr Fixed,521388,2024-07-01,312,8.381,TX
LN-2024-08892,Wholesale,ARM 5/1,830376,2024-06-01,305,6.473,CA
LN-2024-08893,Direct,15yr Fixed,1044217,2024-12-01,292,7.314,IL
LN-2024-08894,Wholesale,ARM 5/1,822264,2024-09-01,310,5.907,AZ
LN-2024-08895,Retail,15yr Fixed,343528,2024-08-01,339,6.707,CA
LN-2024-08896,Direct,ARM 5/1,640019,2024-02-01,372,8.263,TX
LN-2024-08897,Direct,15yr Fixed,172824,2024-10-01,307,5.765,NY
LN-2024-08898,Direct,ARM 5/1,1162779,2024-12-01,314,8.191,CA
LN-2024-08899,Direct,15yr Fixed,307629,2024-07-01,361,6.247,CA
LN-2024-08900,Direct,30yr Fixed,503142,2024-01-01,352,6.523,AZ
LN-2024-08901,Retail,30yr Fixed,941447,2024-12-01,335,5.723,FL
LN-2024-08902,Retail,15yr Fixed,1084405,2024-07-01,262,6.124,AZ
LN-2024-08903,Direct,15yr Fixed,1072471,2024-03-01,312,5.542,NY
LN-2024-08904,Wholesale,ARM 5/1,559994,2024-06-01,342,7.245,FL
LN-2024-08905,Wholesale,30yr Fixed,327028,2024-04-01,302,6.153,IL
LN-2024-08906,Wholesale,15yr Fixed,469426,2024-06-01,320,6.937,FL
LN-2024-08907,Wholesale,ARM 5/1,194625,2024-12-01,304,5.804,FL
LN-2024-08908,Direct,30yr Fixed,232986,2024-03-01,311,5.623,AZ
LN-2024-08909,Correspondent,30yr Fixed,686498,2024-12-01,309,7.782,IL
LN-2024-08910,Correspondent,ARM 5/1,905903,2024-09-01,348,8.328,AZ
LN-2024-08911,Correspondent,30yr Fixed,676510,2024-03-01,296,7.329,TX
LN-2024-08912,Wholesale,ARM 5/1,407215,2024-08-01,353,7.015,IL
LN-2024-08913,Direct,15yr Fixed,661901,2024-06-01,323,6.577,IL
LN-2024-08914,Direct,30yr Fixed,173250,2024-10-01,295,5.681,AZ
LN-2024-08915,Correspondent,ARM 5/1,1051328,2024-09-01,317,5.793,TX
LN-2024-08916,Wholesale,ARM 5/1,382501,2024-09-01,250,8.342,AZ
LN-2024-08917,Correspondent,30yr Fixed,172560,2024-01-01,377,5.544,AZ
LN-2024-08918,Direct,ARM 5/1,1156988,2024-12-01,357,6.111,IL
LN-2024-08919,Correspondent,15yr Fixed,1006315,2024-11-01,354,6.008,FL
LN-2024-08920,Retail,30yr Fixed,895385,2024-03-01,283,6.783,CA
LN-2024-08921,Wholesale,ARM 5/1,1002620,2024-06-01,283,6.515,NY
LN-2024-08922,Wholesale,ARM 5/1,526312,2024-11-01,353,5.611,FL
LN-2024-08923,Retail,ARM 5/1,867205,2024-04-01,305,7.19,CA
LN-2024-08924,Retail,ARM 5/1,474791,2024-05-01,364,7.235,FL
LN-2024-08925,Correspondent,ARM 5/1,444527,2024-04-01,277,8.354,IL
LN-2024-08926,Correspondent,15yr Fixed,468847,2024-10-01,330,5.76,IL
LN-2024-08927,Wholesale,ARM 5/1,218198,2024-03-01,278,7.604,NY
LN-2024-08928,Wholesale,ARM 5/1,318901,2024-04-01,368,7.737,FL
LN-2024-08929,Retail,30yr Fixed,494929,2024-12-01,351,6.592,AZ
LN-2024-08930,Direct,ARM 5/1,532550,2024-10-01,287,6.122,CA
LN-2024-08931,Direct,ARM 5/1,452027,2024-08-01,325,8.465,FL
LN-2024-08932,Correspondent,15yr Fixed,458988,2024-07-01,373,7.077,NY
LN-2024-08933,Retail,15yr Fixed,354022,2024-01-01,311,8.056,AZ
LN-2024-08934,Direct,15yr Fixed,671916,2024-10-01,262,5.682,CA
LN-2024-08935,Direct,ARM 5/1,934132,2024-05-01,313,6.466,AZ
LN-2024-08936,Correspondent,15yr Fixed,1013737,2024-02-01,307,5.77,IL
LN-2024-08937,Correspondent,ARM 5/1,591848,2024-02-01,352,7.614,TX
LN-2024-08938,Correspondent,30yr Fixed,847670,2024-03-01,278,8.031,FL
LN-2024-08939,Direct,ARM 5/1,204587,2024-10-01,257,7.592,CA
LN-2024-08940,Wholesale,30yr Fixed,238638,2024-07-01,325,7.509,AZ
LN-2024-08941,Retail,ARM 5/1,1131570,2024-07-01,296,5.988,FL
LN-2024-08942,Retail,30yr Fixed,227775,2024-04-01,300,7.989,FL
LN-2024-08943,Correspondent,ARM 5/1,467474,2024-10-01,261,7.187,IL
LN-2024-08944,Retail,15yr Fixed,966003,2024-09-01,268,6.87,NY
LN-2024-08945,Wholesale,ARM 5/1,749202,2024-12-01,270,7.957,NY
LN-2024-08946,Wholesale,15yr Fixed,1068855,2024-04-01,341,8.057,CA
LN-2024-08947,Wholesale,30yr Fixed,873359,2024-01-01,269,7.453,NY
LN-2024-08948,Retail,30yr Fixed,1162360,2024-02-01,356,8.07,FL
LN-2024-08949,Wholesale,15yr Fixed,840846,2024-04-01,369,6.905,CA
LN-2024-08950,Direct,30yr Fixed,401795,2024-01-01,271,7.466,CA
LN-2024-08951,Correspondent,30yr Fixed,667789,2024-11-01,305,5.514,IL
LN-2024-08952,Direct,30yr Fixed,611304,2024-05-01,354,5.846,NY
LN-2024-08953,Direct,30yr Fixed,478204,2024-10-01,346,7.302,FL
LN-2024-08954,Direct,ARM 5/1,620386,2024-12-01,250,8.044,NY
LN-2024-08955,Wholesale,30yr Fixed,693628,2024-03-01,310,6.869,CA
LN-2024-08956,Wholesale,30yr Fixed,600081,2024-07-01,355,6.892,CA
LN-2024-08957,Direct,ARM 5/1,336212,2024-12-01,347,7.112,CA
LN-2024-08958,Retail,15yr Fixed,274346,2024-12-01,318,7.013,FL
LN-2024-08959,Direct,15yr Fixed,293514,2024-01-01,290,7.194,TX
LN-2024-08960,Correspondent,ARM 5/1,784740,2024-03-01,280,5.557,AZ
LN-2024-08961,Retail,ARM 5/1,216110,2024-06-01,349,7.431,FL
LN-2024-08962,Wholesale,30yr Fixed,756253,2024-05-01,290,6.29,CA
LN-2024-08963,Wholesale,15yr Fixed,508832,2024-06-01,365,8.133,AZ
LN-2024-08964,Direct,15yr Fixed,539788,2024-05-01,374,5.929,CA
LN-2024-08965,Retail,15yr Fixed,335770,2024-12-01,287,7.371,FL
LN-2024-08966,Retail,30yr Fixed,866746,2024-02-01,258,6.367,IL
LN-2024-08967,Wholesale,30yr Fixed,1140134,2024-10-01,259,7.748,AZ
LN-2024-08968,Retail,ARM 5/1,330193,2024-04-01,326,7.409,FL
LN-2024-08969,Direct,ARM 5/1,434893,2024-06-01,296,7.428,AZ
LN-2024-08970,Retail,15yr Fixed,215445,2024-09-01,379,7.118,NY
LN-2024-08971,Direct,15yr Fixed,322525,2024-11-01,379,7.445,NY
LN-2024-08972,Wholesale,ARM 5/1,949047,2024-06-01,350,6.631,AZ
LN-2024-08973,Retail,ARM 5/1,722427,2024-05-01,320,7.55,NY
LN-2024-08974,Retail,15yr Fixed,953384,2024-09-01,264,6.33,AZ
LN-2024-08975,Retail,ARM 5/1,732203,2024-01-01,307,7.82,CA
LN-2024-08976,Retail,15yr Fixed,446126,2024-05-01,335,8.496,AZ
LN-2024-08977,Wholesale,30yr Fixed,680062,2024-11-01,322,8.002,IL
LN-2024-08978,Retail,15yr Fixed,914567,2024-03-01,311,5.7,AZ
LN-2024-08979,Wholesale,30yr Fixed,230148,2024-12-01,325,8.398,NY
LN-2024-08980,Wholesale,ARM 5/1,389145,2024-12-01,311,8.483,TX
LN-2024-08981,Direct,ARM 5/1,438544,2024-01-01,310,7.298,IL
LN-2024-08982,Correspondent,ARM 5/1,674720,2024-07-01,313,7.644,CA
LN-2024-08983,Retail,30yr Fixed,948067,2024-10-01,259,7.549,FL
LN-2024-08984,Retail,30yr Fixed,551461,2024-04-01,326,8.357,FL
LN-2024-08985,Direct,15yr Fixed,802959,2024-09-01,283,6.706,NY
LN-2024-08986,Correspondent,ARM 5/1,1169363,2024-09-01,368,6.574,AZ
LN-2024-08987,Retail,30yr Fixed,1032055,2024-03-01,281,6.081,NY
LN-2024-08988,Direct,ARM 5/1,742111,2024-06-01,315,6.98,AZ
LN-2024-08989,Wholesale,ARM 5/1,679995,2024-02-01,328,8.376,FL
LN-2024-08990,Direct,ARM 5/1,401246,2024-10-01,355,7.318,FL
LN-2024-08991,Direct,15yr Fixed,526274,2024-09-01,299,7.68,FL
LN-2024-08992,Wholesale,ARM 5/1,1163242,2024-10-01,265,7.74,IL
LN-2024-08993,Retail,ARM 5/1,1062116,2024-03-01,257,5.545,AZ
LN-2024-08994,Direct,ARM 5/1,507430,2024-09-01,251,7.411,CA
LN-2024-08995,Correspondent,30yr Fixed,897382,2024-04-01,277,8.402,FL
LN-2024-08996,Wholesale,ARM 5/1,750987,2024-12-01,277,6.2,AZ
LN-2024-08997,Direct,15yr Fixed,573651,2024-08-01,305,7.685,FL
LN-2024-08998,Wholesale,15yr Fixed,680262,2024-07-01,252,5.923,NY
LN-2024-08999,Wholesale,15yr Fixed,778064,2024-02-01,351,6.141,FL
LN-2024-09000,Wholesale,ARM 5/1,260953,2024-11-01,371,5.891,IL
LN-2024-09001,Wholesale,30yr Fixed,804145,2024-10-01,291,8.349,NY
LN-2024-09002,Correspondent,15yr Fixed,459686,2024-08-01,311,5.776,TX
LN-2024-09003,Correspondent,30yr Fixed,1022408,2024-02-01,325,5.746,NY
LN-2024-09004,Wholesale,ARM 5/1,382736,2024-11-01,302,6.278,TX
LN-2024-09005,Retail,15yr Fixed,909066,2024-07-01,316,6.633,AZ
LN-2024-09006,Wholesale,ARM 5/1,183897,2024-06-01,289,8.315,AZ
LN-2024-09007,Correspondent,15yr Fixed,873712,2024-09-01,342,7.869,IL
LN-2024-09008,Retail,30yr Fixed,1056531,2024-12-01,300,7.216,NY
LN-2024-09009,Correspondent,15yr Fixed,744888,2024-05-01,287,5.686,NY
LN-2024-09010,Retail,ARM 5/1,1108850,2024-12-01,340,6.721,AZ
LN-2024-09011,Correspondent,ARM 5/1,613508,2024-11-01,264,5.967,NY
LN-2024-09012,Retail,ARM 5/1,793130,2024-12-01,283,7.393,IL
LN-2024-09013,Retail,30yr Fixed,184877,2024-10-01,340,5.675,CA
LN-2024-09014,Retail,ARM 5/1,304403,2024-03-01,353,8.154,IL
LN-2024-09015,Correspondent,15yr Fixed,333335,2024-05-01,300,8.341,TX
LN-2024-09016,Retail,15yr Fixed,1059960,2024-08-01,372,6.393,NY
LN-2024-09017,Direct,30yr Fixed,1143983,2024-11-01,313,6.951,AZ
LN-2024-09018,Wholesale,ARM 5/1,314869,2024-01-01,331,5.553,IL
LN-2024-09019,Wholesale,ARM 5/1,1114825,2024-07-01,258,5.922,IL
LN-2024-09020,Wholesale,15yr Fixed,1195855,2024-08-01,317,8.218,IL
LN-2024-09021,Retail,30yr Fixed,812236,2024-07-01,380,7.632,FL
LN-2024-09022,Direct,15yr Fixed,903811,2024-04-01,278,7.645,TX
LN-2024-09023,Wholesale,15yr Fixed,419566,2024-10-01,281,6.854,IL
LN-2024-09024,Retail,ARM 5/1,1174988,2024-09-01,273,6.032,FL
LN-2024-09025,Direct,30yr Fixed,736157,2024-11-01,365,6.071,NY
LN-2024-09026,Correspondent,15yr Fixed,853465,2024-04-01,344,8.106,IL
LN-2024-09027,Direct,30yr Fixed,1067114,2024-10-01,351,7.013,AZ
LN-2024-09028,Correspondent,15yr Fixed,578558,2024-08-01,351,5.61,TX
LN-2024-09029,Direct,30yr Fixed,1159371,2024-09-01,271,6.604,TX
LN-2024-09030,Correspondent,30yr Fixed,1155058,2024-01-01,361,6.9,TX
LN-2024-09031,Direct,30yr Fixed,595734,2024-05-01,350,5.593,FL
LN-2024-09032,Wholesale,15yr Fixed,1002552,2024-07-01,364,7.445,AZ
LN-2024-09033,Wholesale,30yr Fixed,989184,2024-08-01,313,7.951,FL
LN-2024-09034,Correspondent,15yr Fixed,1112053,2024-04-01,347,7.609,NY
LN-2024-09035,Retail,30yr Fixed,1147793,2024-04-01,287,6.368,AZ
LN-2024-09036,Correspondent,ARM 5/1,577904,2024-11-01,309,5.68,TX
LN-2024-09037,Correspondent,30yr Fixed,922216,2024-01-01,342,6.497,NY
LN-2024-09038,Direct,30yr Fixed,908276,2024-03-01,380,6.05,NY
LN-2024-09039,Retail,30yr Fixed,796235,2024-09-01,271,6.957,NY
LN-2024-09040,Correspondent,ARM 5/1,403612,2024-12-01,363,7.885,NY
LN-2024-09041,Wholesale,15yr Fixed,336324,2024-11-01,339,7.553,FL
LN-2024-09042,Retail,30yr Fixed,209434,2024-08-01,328,8.468,NY
LN-2024-09043,Wholesale,ARM 5/1,448908,2024-09-01,258,6.711,FL
LN-2024-09044,Direct,ARM 5/1,951494,2024-11-01,287,7.271,TX
LN-2024-09045,Retail,15yr Fixed,480561,2024-05-01,266,6.781,AZ
LN-2024-09046,Wholesale,15yr Fixed,299902,2024-06-01,269,6.371,AZ
LN-2024-09047,Retail,15yr Fixed,985467,2024-04-01,345,7.471,CA
LN-2024-09048,Correspondent,30yr Fixed,303307,2024-06-01,302,8.005,FL
LN-2024-09049,Correspondent,15yr Fixed,290174,2024-09-01,367,6.935,TX
LN-2024-09050,Wholesale,15yr Fixed,786926,2024-06-01,346,6.739,IL
LN-2024-09051,Wholesale,15yr Fixed,669763,2024-12-01,287,7.463,FL
LN-2024-09052,Retail,15yr Fixed,1058576,2024-04-01,307,7.247,TX
LN-2024-09053,Correspondent,ARM 5/1,815724,2024-08-01,252,7.049,FL
LN-2024-09054,Retail,15yr Fixed,901946,2024-11-01,354,7.353,FL
LN-2024-09055,Wholesale,15yr Fixed,1131284,2024-04-01,257,7.883,NY
LN-2024-09056,Correspondent,30yr Fixed,667809,2024-02-01,347,7.69,TX
LN-2024-09057,Retail,ARM 5/1,876286,2024-08-01,309,5.946,AZ
LN-2024-09058,Direct,ARM 5/1,454603,2024-07-01,252,6.919,TX
LN-2024-09059,Correspondent,15yr Fixed,772189,2024-04-01,281,6.443,NY
LN-2024-09060,Retail,15yr Fixed,662215,2024-06-01,286,7.669,FL
LN-2024-09061,Retail,15yr Fixed,1177099,2024-01-01,352,7.787,AZ
LN-2024-09062,Retail,30yr Fixed,442196,2024-01-01,362,7.413,IL
LN-2024-09063,Wholesale,15yr Fixed,855249,2024-12-01,316,7.901,IL
LN-2024-09064,Correspondent,30yr Fixed,655455,2024-08-01,254,6.108,IL
LN-2024-09065,Correspondent,30yr Fixed,860845,2024-11-01,266,7.339,CA
LN-2024-09066,Retail,30yr Fixed,960270,2024-08-01,353,5.751,CA
LN-2024-09067,Direct,15yr Fixed,699450,2024-06-01,301,6.998,CA
LN-2024-09068,Direct,ARM 5/1,705588,2024-06-01,367,6.969,CA
LN-2024-09069,Direct,15yr Fixed,649826,2024-02-01,356,6.464,NY
LN-2024-09070,Direct,30yr Fixed,500565,2024-02-01,377,5.992,CA
LN-2024-09071,Retail,15yr Fixed,401252,2024-08-01,346,8.363,CA
LN-2024-09072,Correspondent,30yr Fixed,978689,2024-08-01,330,6.203,FL
LN-2024-09073,Wholesale,ARM 5/1,276674,2024-05-01,252,6.549,CA
LN-2024-09074,Correspondent,ARM 5/1,216166,2024-12-01,264,7.143,TX
LN-2024-09075,Retail,30yr Fixed,288151,2024-11-01,286,5.578,FL
LN-2024-09076,Wholesale,ARM 5/1,272567,2024-01-01,319,6.435,CA
LN-2024-09077,Direct,15yr Fixed,657094,2024-03-01,373,6.844,IL
LN-2024-09078,Correspondent,15yr Fixed,807925,2024-05-01,355,6.158,IL
LN-2024-09079,Retail,ARM 5/1,901986,2024-07-01,373,7.272,AZ
LN-2024-09080,Correspondent,ARM 5/1,558434,2024-09-01,305,6.696,TX
LN-2024-09081,Direct,30yr Fixed,1102274,2024-05-01,250,6.085,IL
LN-2024-09082,Retail,ARM 5/1,894939,2024-07-01,302,6.676,TX
LN-2024-09083,Wholesale,ARM 5/1,271356,2024-06-01,319,7.335,IL
LN-2024-09084,Wholesale,15yr Fixed,537800,2024-10-01,314,5.621,CA
LN-2024-09085,Direct,ARM 5/1,419117,2024-04-01,287,6.554,NY
LN-2024-09086,Retail,ARM 5/1,666137,2024-08-01,344,5.85,NY
LN-2024-09087,Retail,15yr Fixed,509143,2024-07-01,320,8.473,NY
LN-2024-09088,Retail,30yr Fixed,182135,2024-01-01,338,7.477,FL
LN-2024-09089,Correspondent,30yr Fixed,661708,2024-02-01,257,7.846,FL
LN-2024-09090,Retail,15yr Fixed,676652,2024-12-01,279,6.872,FL
LN-2024-09091,Direct,ARM 5/1,906338,2024-11-01,272,5.533,AZ
LN-2024-09092,Retail,30yr Fixed,598575,2024-05-01,330,6.12,FL
LN-2024-09093,Wholesale,15yr Fixed,265619,2024-03-01,302,8.264,IL
LN-2024-09094,Direct,ARM 5/1,326191,2024-12-01,290,6.63,IL
LN-2024-09095,Retail,ARM 5/1,822667,2024-04-01,344,6.8,AZ
LN-2024-09096,Correspondent,15yr Fixed,977252,2024-05-01,336,8.14,CA
LN-2024-09097,Correspondent,15yr Fixed,980244,2024-04-01,310,5.757,NY
LN-2024-09098,Wholesale,15yr Fixed,574208,2024-12-01,310,6.171,NY
LN-2024-09099,Direct,30yr Fixed,1197878,2024-10-01,314,6.681,FL
LN-2024-09100,Correspondent,30yr Fixed,317379,2024-10-01,349,6.573,FL
LN-2024-09101,Wholesale,ARM 5/1,1164991,2024-02-01,308,7.687,FL
LN-2024-09102,Direct,ARM 5/1,168856,2024-01-01,312,7.926,TX
LN-2024-09103,Retail,15yr Fixed,809222,2024-04-01,269,6.243,CA
LN-2024-09104,Wholesale,30yr Fixed,649634,2024-06-01,307,7.713,CA
LN-2024-09105,Retail,30yr Fixed,767849,2024-12-01,362,7.238,AZ
LN-2024-09106,Direct,30yr Fixed,872863,2024-07-01,277,7.705,AZ
LN-2024-09107,Correspondent,30yr Fixed,1041675,2024-06-01,251,6.742,IL
LN-2024-09108,Correspondent,15yr Fixed,667769,2024-02-01,309,7.117,IL
LN-2024-09109,Correspondent,15yr Fixed,564888,2024-05-01,295,6.212,NY
LN-2024-09110,Retail,30yr Fixed,886200,2024-06-01,277,6.201,IL
LN-2024-09111,Correspondent,ARM 5/1,159940,2024-04-01,308,8.273,AZ
LN-2024-09112,Retail,30yr Fixed,1054058,2024-08-01,364,6.959,IL
LN-2024-09113,Direct,ARM 5/1,944968,2024-01-01,295,7.355,AZ
LN-2024-09114,Retail,ARM 5/1,1061762,2024-06-01,364,7.31,FL
LN-2024-09115,Retail,ARM 5/1,614166,2024-12-01,359,7.189,FL
LN-2024-09116,Wholesale,15yr Fixed,1003744,2024-02-01,342,7.714,AZ
LN-2024-09117,Correspondent,ARM 5/1,250240,2024-10-01,271,7.347,NY
LN-2024-09118,Correspondent,15yr Fixed,869935,2024-08-01,278,7.11,NY
LN-2024-09119,Retail,ARM 5/1,1119817,2024-09-01,348,7.637,TX
LN-2024-09120,Correspondent,15yr Fixed,1146529,2024-04-01,341,6.853,CA
LN-2024-09121,Correspondent,ARM 5/1,253146,2024-01-01,291,5.85,NY
LN-2024-09122,Direct,ARM 5/1,323848,2024-12-01,357,8.248,FL
LN-2024-09123,Wholesale,30yr Fixed,621617,2024-01-01,300,6.618,TX
LN-2024-09124,Direct,30yr Fixed,450324,2024-05-01,267,6.217,IL
LN-2024-09125,Correspondent,30yr Fixed,659324,2024-08-01,264,8.218,CA
LN-2024-09126,Direct,ARM 5/1,275354,2024-09-01,275,6.523,AZ
LN-2024-09127,Correspondent,ARM 5/1,1042815,2024-10-01,375,6.002,AZ
LN-2024-09128,Retail,30yr Fixed,781300,2024-05-01,370,6.67,TX
LN-2024-09129,Retail,15yr Fixed,804209,2024-09-01,277,7.422,AZ
LN-2024-09130,Correspondent,15yr Fixed,257961,2024-04-01,284,5.773,TX
LN-2024-09131,Direct,15yr Fixed,349579,2024-03-01,285,5.508,NY
LN-2024-09132,Direct,15yr Fixed,626844,2024-06-01,268,6.763,IL
LN-2024-09133,Direct,ARM 5/1,593554,2024-11-01,350,7.957,NY
LN-2024-09134,Wholesale,15yr Fixed,636495,2024-06-01,284,5.915,TX
LN-2024-09135,Wholesale,30yr Fixed,153956,2024-09-01,319,5.939,NY
LN-2024-09136,Retail,15yr Fixed,1166540,2024-05-01,308,8.213,CA
LN-2024-09137,Retail,30yr Fixed,929506,2024-05-01,294,5.996,TX
LN-2024-09138,Direct,ARM 5/1,1167172,2024-02-01,341,6.178,TX
LN-2024-09139,Retail,ARM 5/1,980004,2024-01-01,345,5.625,NY
LN-2024-09140,Direct,30yr Fixed,1028730,2024-12-01,250,7.197,AZ
LN-2024-09141,Direct,ARM 5/1,677905,2024-08-01,374,6.223,IL
LN-2024-09142,Retail,30yr Fixed,529146,2024-02-01,277,6.852,IL
LN-2024-09143,Correspondent,ARM 5/1,467786,2024-01-01,257,6.144,TX
LN-2024-09144,Correspondent,15yr Fixed,1144093,2024-02-01,322,6.592,CA
LN-2024-09145,Retail,15yr Fixed,523912,2024-04-01,301,6.992,CA
LN-2024-09146,Correspondent,ARM 5/1,1151532,2024-02-01,324,6.175,FL
LN-2024-09147,Direct,ARM 5/1,488446,2024-08-01,311,8.481,FL
LN-2024-09148,Correspondent,30yr Fixed,645861,2024-04-01,356,6.5,CA
LN-2024-09149,Correspondent,ARM 5/1,843544,2024-11-01,319,8.046,NY
LN-2024-09150,Correspondent,30yr Fixed,215128,2024-04-01,317,7.756,IL
LN-2024-09151,Wholesale,ARM 5/1,900160,2024-11-01,303,6.075,IL
LN-2024-09152,Correspondent,ARM 5/1,810079,2024-11-01,379,5.792,FL
LN-2024-09153,Direct,30yr Fixed,1027314,2024-10-01,325,7.46,IL
LN-2024-09154,Direct,ARM 5/1,1153026,2024-02-01,309,6.807,NY
LN-2024-09155,Direct,15yr Fixed,372526,2024-07-01,296,5.51,FL
LN-2024-09156,Correspondent,30yr Fixed,182846,2024-06-01,314,8.385,CA
LN-2024-09157,Direct,30yr Fixed,758345,2024-11-01,273,6.83,NY
LN-2024-09158,Direct,15yr Fixed,457933,2024-07-01,371,7.439,CA
LN-2024-09159,Correspondent,ARM 5/1,444911,2024-04-01,302,8.456,FL
LN-2024-09160,Wholesale,15yr Fixed,502394,2024-12-01,308,6.17,CA
LN-2024-09161,Wholesale,15yr Fixed,274124,2024-05-01,301,5.972,CA
LN-2024-09162,Wholesale,15yr Fixed,1076582,2024-01-01,293,6.09,FL
LN-2024-09163,Wholesale,ARM 5/1,527443,2024-08-01,310,6.183,NY
LN-2024-09164,Retail,ARM 5/1,851423,2024-07-01,361,7.246,NY
LN-2024-09165,Direct,15yr Fixed,843355,2024-05-01,268,6.254,TX
LN-2024-09166,Correspondent,15yr Fixed,1165982,2024-02-01,268,6.333,NY
LN-2024-09167,Direct,ARM 5/1,770225,2024-02-01,309,8.12,AZ
LN-2024-09168,Correspondent,15yr Fixed,873611,2024-12-01,375,5.657,CA
LN-2024-09169,Direct,ARM 5/1,623681,2024-11-01,343,6.174,NY
LN-2024-09170,Retail,30yr Fixed,1088532,2024-03-01,324,5.653,NY
LN-2024-09171,Correspondent,ARM 5/1,1095683,2024-07-01,300,8.338,AZ
LN-2024-09172,Retail,30yr Fixed,982075,2024-11-01,355,6.591,TX
LN-2024-09173,Direct,15yr Fixed,513424,2024-06-01,318,8.498,IL
LN-2024-09174,Retail,ARM 5/1,166929,2024-02-01,380,7.501,TX
LN-2024-09175,Correspondent,15yr Fixed,703083,2024-12-01,335,5.653,FL
LN-2024-09176,Correspondent,30yr Fixed,452680,2024-02-01,317,6.457,NY
LN-2024-09177,Retail,ARM 5/1,308276,2024-01-01,313,8.114,AZ
LN-2024-09178,Retail,30yr Fixed,813290,2024-11-01,251,6.72,TX
LN-2024-09179,Direct,15yr Fixed,236560,2024-09-01,303,5.658,NY
LN-2024-09180,Correspondent,15yr Fixed,1143202,2024-07-01,334,8.201,AZ
LN-2024-09181,Retail,ARM 5/1,334989,2024-12-01,344,6.203,TX
LN-2024-09182,Direct,15yr Fixed,678422,2024-02-01,330,5.527,CA
LN-2024-09183,Retail,30yr Fixed,464119,2024-01-01,295,6.254,TX
LN-2024-09184,Direct,ARM 5/1,578606,2024-02-01,264,6.711,CA
LN-2024-09185,Direct,15yr Fixed,431237,2024-08-01,339,6.607,FL
LN-2024-09186,Direct,15yr Fixed,897868,2024-06-01,357,7.883,IL
LN-2024-09187,Correspondent,15yr Fixed,354526,2024-03-01,291,6.648,CA
LN-2024-09188,Retail,ARM 5/1,917811,2024-11-01,265,7.063,CA
LN-2024-09189,Wholesale,15yr Fixed,1176337,2024-01-01,291,8.468,NY
LN-2024-09190,Direct,ARM 5/1,735819,2024-03-01,293,7.284,CA
LN-2024-09191,Correspondent,30yr Fixed,1164638,2024-07-01,335,7.007,TX
LN-2024-09192,Retail,15yr Fixed,534121,2024-02-01,254,8.252,IL
LN-2024-09193,Direct,ARM 5/1,1050115,2024-09-01,351,6.612,TX
LN-2024-09194,Correspondent,30yr Fixed,839240,2024-04-01,366,8.116,IL
LN-2024-09195,Correspondent,15yr Fixed,1098902,2024-03-01,328,5.617,TX
LN-2024-09196,Retail,15yr Fixed,645672,2024-03-01,372,7.333,NY
LN-2024-09197,Retail,15yr Fixed,748407,2024-09-01,290,7.881,TX
LN-2024-09198,Retail,15yr Fixed,397316,2024-08-01,352,8.25,IL
LN-2024-09199,Direct,15yr Fixed,250430,2024-08-01,339,6.636,IL
LN-2024-09200,Correspondent,15yr Fixed,423179,2024-10-01,370,7.197,AZ
LN-2024-09201,Direct,15yr Fixed,694489,2024-08-01,303,7.559,CA
LN-2024-09202,Retail,15yr Fixed,1085997,2024-04-01,340,7.959,NY
LN-2024-09203,Correspondent,30yr Fixed,1080975,2024-02-01,316,5.586,NY
LN-2024-09204,Correspondent,ARM 5/1,951717,2024-09-01,370,7.429,NY
LN-2024-09205,Correspondent,30yr Fixed,225972,2024-04-01,304,6.848,CA
LN-2024-09206,Direct,30yr Fixed,209459,2024-02-01,361,5.547,AZ
LN-2024-09207,Retail,ARM 5/1,413430,2024-06-01,379,7.919,CA
LN-2024-09208,Direct,30yr Fixed,526056,2024-11-01,282,7.535,FL
LN-2024-09209,Direct,30yr Fixed,248134,2024-10-01,328,8.32,AZ
LN-2024-09210,Correspondent,30yr Fixed,835154,2024-10-01,251,5.633,AZ
LN-2024-09211,Wholesale,30yr Fixed,295610,2024-04-01,378,8.464,IL
LN-2024-09212,Retail,ARM 5/1,255796,2024-10-01,314,6.917,CA
LN-2024-09213,Wholesale,ARM 5/1,863134,2024-02-01,318,7.322,TX
LN-2024-09214,Retail,30yr Fixed,584556,2024-01-01,377,7.903,FL
LN-2024-09215,Retail,15yr Fixed,411372,2024-10-01,310,8.233,NY
LN-2024-09216,Direct,ARM 5/1,746890,2024-02-01,343,5.739,CA
LN-2024-09217,Retail,15yr Fixed,896984,2024-11-01,321,8.484,FL
LN-2024-09218,Wholesale,30yr Fixed,730157,2024-11-01,356,8.064,CA
LN-2024-09219,Retail,ARM 5/1,396420,2024-04-01,254,8.001,CA
LN-2024-09220,Correspondent,30yr Fixed,463383,2024-10-01,314,7.235,FL
LN-2024-09221,Retail,15yr Fixed,521425,2024-12-01,330,5.853,CA
LN-2024-09222,Wholesale,30yr Fixed,1136517,2024-10-01,277,7.072,IL
LN-2024-09223,Correspondent,30yr Fixed,531507,2024-06-01,253,7.091,TX
LN-2024-09224,Direct,15yr Fixed,694228,2024-05-01,360,6.587,CA
LN-2024-09225,Direct,30yr Fixed,372032,2024-05-01,355,7.379,CA
LN-2024-09226,Direct,30yr Fixed,178287,2024-12-01,261,7.231,AZ
LN-2024-09227,Direct,ARM 5/1,161824,2024-01-01,279,7.155,FL
LN-2024-09228,Retail,15yr Fixed,1062797,2024-07-01,341,7.069,CA
LN-2024-09229,Direct,15yr Fixed,263152,2024-04-01,318,6.311,IL
LN-2024-09230,Retail,15yr Fixed,420034,2024-04-01,271,5.966,CA
LN-2024-09231,Wholesale,ARM 5/1,710969,2024-01-01,359,6.082,CA
LN-2024-09232,Retail,15yr Fixed,1131152,2024-11-01,311,5.943,NY
LN-2024-09233,Wholesale,15yr Fixed,986476,2024-01-01,254,6.389,FL
LN-2024-09234,Correspondent,30yr Fixed,663462,2024-03-01,309,7.816,FL
LN-2024-09235,Wholesale,30yr Fixed,800540,2024-03-01,266,6.177,NY
LN-2024-09236,Wholesale,ARM 5/1,267977,2024-05-01,268,8.334,NY
LN-2024-09237,Wholesale,ARM 5/1,484777,2024-04-01,373,5.519,NY
LN-2024-09238,Correspondent,ARM 5/1,711385,2024-01-01,301,5.537,FL
LN-2024-09239,Wholesale,15yr Fixed,584050,2024-09-01,362,7.772,CA
LN-2024-09240,Wholesale,15yr Fixed,170552,2024-04-01,303,7.127,FL
LN-2024-09241,Correspondent,ARM 5/1,799090,2024-10-01,371,5.605,NY
LN-2024-09242,Direct,15yr Fixed,1166312,2024-06-01,367,8.036,TX
LN-2024-09243,Correspondent,30yr Fixed,547873,2024-05-01,294,7.838,FL
LN-2024-09244,Wholesale,15yr Fixed,526218,2024-03-01,347,6.537,AZ
LN-2024-09245,Retail,15yr Fixed,1046719,2024-11-01,357,5.901,NY
LN-2024-09246,Direct,30yr Fixed,1115938,2024-10-01,350,6.412,IL
LN-2024-09247,Wholesale,15yr Fixed,818613,2024-01-01,258,6.514,AZ
LN-2024-09248,Retail,30yr Fixed,430416,2024-03-01,377,5.511,NY
LN-2024-09249,Direct,30yr Fixed,285100,2024-12-01,303,6.841,IL
LN-2024-09250,Retail,15yr Fixed,897944,2024-05-01,352,8.255,NY
LN-2024-09251,Wholesale,ARM 5/1,367561,2024-11-01,267,5.725,CA
LN-2024-09252,Wholesale,ARM 5/1,409528,2024-10-01,286,7.723,AZ
LN-2024-09253,Wholesale,30yr Fixed,902510,2024-08-01,321,7.251,IL
LN-2024-09254,Retail,15yr Fixed,771548,2024-04-01,305,7.341,FL
LN-2024-09255,Direct,30yr Fixed,441683,2024-05-01,321,8.195,NY
LN-2024-09256,Retail,15yr Fixed,851981,2024-10-01,328,8.268,FL
LN-2024-09257,Correspondent,15yr Fixed,319889,2024-08-01,358,6.217,FL
LN-2024-09258,Direct,ARM 5/1,865437,2024-04-01,318,5.783,TX
LN-2024-09259,Retail,ARM 5/1,611928,2024-09-01,371,6.301,FL
LN-2024-09260,Correspondent,ARM 5/1,844761,2024-08-01,371,5.672,NY
LN-2024-09261,Direct,30yr Fixed,188825,2024-03-01,294,7.084,NY
LN-2024-09262,Wholesale,30yr Fixed,918329,2024-11-01,312,5.877,NY
LN-2024-09263,Direct,ARM 5/1,633619,2024-01-01,299,8.459,CA
LN-2024-09264,Correspondent,ARM 5/1,826203,2024-01-01,268,5.919,AZ
LN-2024-09265,Direct,30yr Fixed,581230,2024-12-01,368,7.055,IL
LN-2024-09266,Direct,15yr Fixed,996463,2024-07-01,344,6.008,NY
LN-2024-09267,Wholesale,15yr Fixed,541804,2024-01-01,295,6.147,TX
LN-2024-09268,Correspondent,ARM 5/1,449883,2024-02-01,346,6.373,CA
LN-2024-09269,Correspondent,30yr Fixed,645620,2024-04-01,349,5.922,FL
LN-2024-09270,Direct,ARM 5/1,987247,2024-02-01,379,8.241,TX
LN-2024-09271,Retail,15yr Fixed,872891,2024-01-01,334,6.274,NY
LN-2024-09272,Retail,ARM 5/1,160732,2024-02-01,372,6.594,TX
LN-2024-09273,Retail,30yr Fixed,254014,2024-02-01,274,5.94,NY
LN-2024-09274,Correspondent,ARM 5/1,405754,2024-12-01,346,6.726,IL
LN-2024-09275,Direct,30yr Fixed,190203,2024-07-01,274,7.255,NY
LN-2024-09276,Direct,ARM 5/1,993442,2024-09-01,326,6.883,AZ
LN-2024-09277,Direct,15yr Fixed,778853,2024-04-01,255,8.251,FL
LN-2024-09278,Direct,30yr Fixed,417053,2024-03-01,323,6.643,TX
LN-2024-09279,Wholesale,15yr Fixed,322930,2024-03-01,324,5.831,AZ
LN-2024-09280,Direct,ARM 5/1,627588,2024-12-01,258,6.323,NY
LN-2024-09281,Correspondent,30yr Fixed,798556,2024-11-01,270,8.204,FL
LN-2024-09282,Wholesale,15yr Fixed,899150,2024-01-01,330,6.7,CA
LN-2024-09283,Correspondent,30yr Fixed,750329,2024-05-01,281,6.422,CA
LN-2024-09284,Retail,ARM 5/1,816589,2024-08-01,279,8.17,AZ
LN-2024-09285,Correspondent,30yr Fixed,922796,2024-12-01,380,7.693,AZ
LN-2024-09286,Wholesale,ARM 5/1,539769,2024-06-01,354,7.235,NY
LN-2024-09287,Direct,15yr Fixed,764822,2024-05-01,354,7.946,IL
LN-2024-09288,Retail,30yr Fixed,339424,2024-06-01,274,5.993,IL
LN-2024-09289,Wholesale,15yr Fixed,780694,2024-04-01,373,8.096,FL
LN-2024-09290,Wholesale,ARM 5/1,542256,2024-05-01,323,7.768,TX
LN-2024-09291,Wholesale,ARM 5/1,690602,2024-06-01,259,8.43,NY
LN-2024-09292,Retail,30yr Fixed,280936,2024-12-01,280,8.14,IL
LN-2024-09293,Direct,15yr Fixed,467304,2024-09-01,269,7.775,CA
LN-2024-09294,Retail,30yr Fixed,801169,2024-10-01,321,5.846,AZ
LN-2024-09295,Wholesale,15yr Fixed,845159,2024-01-01,355,7.102,NY
LN-2024-09296,Direct,ARM 5/1,636474,2024-06-01,307,6.632,CA
LN-2024-09297,Correspondent,30yr Fixed,1149810,2024-07-01,281,7.575,TX
LN-2024-09298,Correspondent,15yr Fixed,828673,2024-02-01,328,8.166,IL
LN-2024-09299,Direct,ARM 5/1,592398,2024-06-01,300,6.354,AZ
LN-2024-09300,Correspondent,15yr Fixed,274129,2024-03-01,313,7.678,NY
LN-2024-09301,Direct,ARM 5/1,749057,2024-11-01,351,6.893,TX
LN-2024-09302,Correspondent,30yr Fixed,846127,2024-11-01,316,6.384,NY
LN-2024-09303,Correspondent,30yr Fixed,253614,2024-01-01,320,7.161,IL
LN-2024-09304,Wholesale,30yr Fixed,904222,2024-11-01,290,8.321,AZ
LN-2024-09305,Direct,30yr Fixed,953134,2024-05-01,374,6.555,CA
LN-2024-09306,Wholesale,ARM 5/1,499482,2024-10-01,321,8.467,CA
LN-2024-09307,Correspondent,ARM 5/1,990178,2024-03-01,302,6.265,FL
LN-2024-09308,Direct,15yr Fixed,412591,2024-05-01,376,8.117,TX
LN-2024-09309,Retail,15yr Fixed,1091117,2024-12-01,343,5.632,CA
LN-2024-09310,Correspondent,15yr Fixed,866710,2024-10-01,366,6.732,IL
LN-2024-09311,Direct,ARM 5/1,618907,2024-05-01,309,7.333,TX
LN-2024-09312,Wholesale,30yr Fixed,172628,2024-09-01,273,6.417,AZ
LN-2024-09313,Wholesale,ARM 5/1,555980,2024-03-01,341,7.582,IL
LN-2024-09314,Retail,30yr Fixed,628141,2024-12-01,353,7.973,TX
LN-2024-09315,Retail,30yr Fixed,712288,2024-10-01,253,6.72,CA
LN-2024-09316,Wholesale,ARM 5/1,1006012,2024-09-01,296,5.687,NY
LN-2024-09317,Wholesale,ARM 5/1,156306,2024-06-01,363,7.744,FL
LN-2024-09318,Retail,ARM 5/1,672982,2024-08-01,284,7.106,IL
LN-2024-09319,Direct,30yr Fixed,1019154,2024-09-01,337,7.663,FL
LN-2024-09320,Direct,15yr Fixed,899940,2024-11-01,350,6.091,TX
LN-2024-09321,Wholesale,15yr Fixed,524035,2024-05-01,338,5.546,IL
LN-2024-09322,Wholesale,ARM 5/1,575242,2024-03-01,251,6.593,CA
LN-2024-09323,Direct,ARM 5/1,1048592,2024-12-01,345,5.54,NY
LN-2024-09324,Wholesale,30yr Fixed,545916,2024-08-01,362,7.871,IL
LN-2024-09325,Retail,ARM 5/1,315319,2024-07-01,326,8.3,CA
LN-2024-09326,Wholesale,ARM 5/1,496430,2024-01-01,315,8.2,AZ
LN-2024-09327,Retail,ARM 5/1,1187647,2024-10-01,380,6.553,NY
LN-2024-09328,Wholesale,ARM 5/1,807748,2024-07-01,335,5.502,TX
LN-2024-09329,Correspondent,ARM 5/1,353706,2024-04-01,272,6.743,IL
LN-2024-09330,Wholesale,15yr Fixed,301300,2024-08-01,329,7.29,TX
LN-2024-09331,Direct,ARM 5/1,1059873,2024-03-01,374,7.8,TX
LN-2024-09332,Retail,ARM 5/1,837658,2024-04-01,294,5.709,CA
LN-2024-09333,Direct,15yr Fixed,880938,2024-12-01,293,7.908,CA
LN-2024-09334,Wholesale,30yr Fixed,501991,2024-06-01,330,5.654,TX
LN-2024-09335,Retail,30yr Fixed,790076,2024-12-01,336,8.188,NY
LN-2024-09336,Retail,30yr Fixed,1199928,2024-06-01,303,6.137,FL
LN-2024-09337,Direct,ARM 5/1,571004,2024-01-01,357,7.692,IL
LN-2024-09338,Retail,ARM 5/1,1025899,2024-07-01,299,6.443,NY
LN-2024-09339,Direct,15yr Fixed,347382,2024-11-01,289,5.815,NY
LN-2024-09340,Correspondent,15yr Fixed,357775,2024-09-01,292,6.576,CA
LN-2024-09341,Retail,ARM 5/1,1192897,2024-04-01,361,6.128,TX
LN-2024-09342,Wholesale,ARM 5/1,359308,2024-07-01,288,7.741,CA
LN-2024-09343,Direct,ARM 5/1,1131809,2024-06-01,347,6.139,NY
LN-2024-09344,Wholesale,15yr Fixed,488029,2024-09-01,266,5.773,CA
LN-2024-09345,Correspondent,ARM 5/1,556886,2024-11-01,300,7.676,NY
LN-2024-09346,Wholesale,30yr Fixed,150069,2024-07-01,290,6.131,CA
LN-2024-09347,Retail,15yr Fixed,535364,2024-03-01,366,7.597,FL
LN-2024-09348,Direct,ARM 5/1,331894,2024-05-01,327,8.241,CA
LN-2024-09349,Correspondent,30yr Fixed,909773,2024-03-01,299,6.879,NY
LN-2024-09350,Retail,30yr Fixed,741335,2024-11-01,250,6.867,FL
LN-2024-09351,Wholesale,15yr Fixed,994485,2024-12-01,339,7.4,NY
LN-2024-09352,Correspondent,15yr Fixed,575888,2024-12-01,311,7.157,AZ
LN-2024-09353,Retail,15yr Fixed,328600,2024-02-01,345,5.622,TX
LN-2024-09354,Direct,30yr Fixed,1150569,2024-09-01,264,6.041,FL
LN-2024-09355,Direct,ARM 5/1,683691,2024-05-01,323,6.159,TX
LN-2024-09356,Direct,30yr Fixed,1000136,2024-07-01,265,7.434,NY
LN-2024-09357,Correspondent,ARM 5/1,907960,2024-08-01,367,7.891,NY
LN-2024-09358,Retail,30yr Fixed,675975,2024-03-01,338,8.058,CA
LN-2024-09359,Correspondent,30yr Fixed,1176385,2024-12-01,372,8.174,IL
LN-2024-09360,Correspondent,15yr Fixed,1105614,2024-12-01,358,6.588,IL
LN-2024-09361,Retail,30yr Fixed,775443,2024-01-01,323,5.783,NY
LN-2024-09362,Wholesale,15yr Fixed,1069773,2024-02-01,301,6.493,FL
LN-2024-09363,Wholesale,15yr Fixed,929124,2024-12-01,347,7.317,NY
LN-2024-09364,Direct,30yr Fixed,1005362,2024-01-01,368,6.059,AZ
LN-2024-09365,Wholesale,30yr Fixed,1141192,2024-05-01,283,7.972,IL
LN-2024-09366,Wholesale,15yr Fixed,197405,2024-02-01,294,6.646,AZ
LN-2024-09367,Wholesale,ARM 5/1,698223,2024-06-01,318,8.216,NY
LN-2024-09368,Direct,30yr Fixed,824105,2024-01-01,252,8.134,IL
LN-2024-09369,Wholesale,30yr Fixed,183745,2024-09-01,324,7.292,AZ
LN-2024-09370,Direct,30yr Fixed,540042,2024-04-01,371,8.228,NY
LN-2024-09371,Wholesale,30yr Fixed,1193865,2024-03-01,253,5.989,FL
LN-2024-09372,Direct,15yr Fixed,1188360,2024-08-01,361,7.961,CA
LN-2024-09373,Retail,ARM 5/1,625969,2024-12-01,306,7.794,NY
LN-2024-09374,Correspondent,15yr Fixed,824901,2024-03-01,294,7.41,CA
LN-2024-09375,Correspondent,15yr Fixed,810281,2024-01-01,302,7.7,FL
LN-2024-09376,Retail,ARM 5/1,587546,2024-05-01,300,7.939,IL
LN-2024-09377,Retail,30yr Fixed,903607,2024-02-01,275,6.266,CA
LN-2024-09378,Direct,30yr Fixed,949068,2024-01-01,291,8.042,CA
LN-2024-09379,Direct,30yr Fixed,277843,2024-05-01,283,6.608,NY
LN-2024-09380,Correspondent,ARM 5/1,309241,2024-09-01,335,7.079,AZ
LN-2024-09381,Correspondent,ARM 5/1,866179,2024-10-01,287,7.347,TX
LN-2024-09382,Direct,15yr Fixed,1023767,2024-10-01,265,7.701,NY
LN-2024-09383,Correspondent,15yr Fixed,311012,2024-12-01,311,7.931,TX
LN-2024-09384,Correspondent,30yr Fixed,437293,2024-06-01,261,7.065,AZ
LN-2024-09385,Retail,30yr Fixed,386724,2024-12-01,268,8.113,FL
LN-2024-09386,Direct,ARM 5/1,916570,2024-05-01,296,5.898,AZ
LN-2024-09387,Correspondent,15yr Fixed,964767,2024-11-01,267,5.561,FL
LN-2024-09388,Retail,30yr Fixed,878483,2024-06-01,376,5.667,IL
LN-2024-09389,Retail,30yr Fixed,427854,2024-06-01,368,8.231,TX
LN-2024-09390,Retail,30yr Fixed,835408,2024-06-01,300,6.106,AZ
LN-2024-09391,Direct,30yr Fixed,989222,2024-11-01,357,7.572,TX
LN-2024-09392,Correspondent,30yr Fixed,987767,2024-06-01,347,6.33,CA
LN-2024-09393,Retail,15yr Fixed,251410,2024-09-01,327,8.174,FL
LN-2024-09394,Retail,15yr Fixed,398862,2024-12-01,302,8.235,CA
LN-2024-09395,Direct,15yr Fixed,265101,2024-08-01,269,7.908,AZ
LN-2024-09396,Wholesale,ARM 5/1,173819,2024-02-01,300,7.551,IL
LN-2024-09397,Correspondent,15yr Fixed,1009676,2024-03-01,326,7.298,AZ
LN-2024-09398,Retail,30yr Fixed,686106,2024-07-01,321,7.172,FL
LN-2024-09399,Wholesale,30yr Fixed,1010929,2024-06-01,348,8.312,IL
LN-2024-09400,Correspondent,ARM 5/1,584064,2024-12-01,379,8.391,TX
LN-2024-09401,Retail,ARM 5/1,709684,2024-03-01,363,7.194,AZ
LN-2024-09402,Retail,15yr Fixed,803638,2024-02-01,371,5.936,NY
LN-2024-09403,Retail,ARM 5/1,1133494,2024-02-01,268,5.698,IL
LN-2024-09404,Direct,30yr Fixed,963120,2024-12-01,318,6.19,FL
LN-2024-09405,Wholesale,30yr Fixed,741737,2024-03-01,357,7.204,IL
LN-2024-09406,Correspondent,30yr Fixed,1132032,2024-01-01,315,7.205,AZ
LN-2024-09407,Wholesale,ARM 5/1,406311,2024-05-01,287,7.109,AZ
LN-2024-09408,Retail,ARM 5/1,463989,2024-02-01,265,6.874,CA
LN-2024-09409,Retail,ARM 5/1,776994,2024-09-01,292,5.533,NY
LN-2024-09410,Correspondent,30yr Fixed,933173,2024-09-01,256,6.279,NY
LN-2024-09411,Wholesale,15yr Fixed,912601,2024-07-01,296,7.523,TX
LN-2024-09412,Retail,ARM 5/1,152395,2024-02-01,255,7.026,CA
LN-2024-09413,Wholesale,15yr Fixed,691486,2024-11-01,370,7.874,NY
LN-2024-09414,Direct,30yr Fixed,204296,2024-12-01,296,6.518,IL
LN-2024-09415,Retail,15yr Fixed,385335,2024-07-01,279,6.85,IL
LN-2024-09416,Wholesale,15yr Fixed,825728,2024-04-01,311,7.801,CA
LN-2024-09417,Correspondent,30yr Fixed,925560,2024-06-01,267,6.126,FL
LN-2024-09418,Retail,ARM 5/1,537007,2024-05-01,260,6.783,AZ
LN-2024-09419,Retail,15yr Fixed,611356,2024-12-01,346,5.828,IL
LN-2024-09420,Correspondent,30yr Fixed,161417,2024-06-01,262,6.45,AZ
LN-2024-09421,Direct,ARM 5/1,976451,2024-06-01,321,7.451,AZ
LN-2024-09422,Correspondent,ARM 5/1,211582,2024-10-01,330,7.646,AZ
LN-2024-09423,Direct,30yr Fixed,1101515,2024-11-01,364,6.065,TX
LN-2024-09424,Retail,15yr Fixed,851995,2024-01-01,308,6.132,CA
LN-2024-09425,Wholesale,30yr Fixed,1112133,2024-10-01,275,8.243,IL
LN-2024-09426,Correspondent,ARM 5/1,223378,2024-01-01,299,5.849,TX
LN-2024-09427,Direct,ARM 5/1,273234,2024-08-01,374,8.315,AZ
LN-2024-09428,Wholesale,15yr Fixed,726288,2024-11-01,263,7.947,CA
LN-2024-09429,Direct,15yr Fixed,448826,2024-03-01,348,6.169,AZ
LN-2024-09430,Direct,15yr Fixed,1138246,2024-12-01,372,7.908,NY
LN-2024-09431,Retail,ARM 5/1,951214,2024-07-01,270,6.711,AZ
LN-2024-09432,Direct,15yr Fixed,679006,2024-07-01,350,6.748,NY
LN-2024-09433,Direct,ARM 5/1,952994,2024-01-01,260,8.222,IL
LN-2024-09434,Correspondent,30yr Fixed,693786,2024-04-01,340,7.391,CA
LN-2024-09435,Retail,30yr Fixed,835871,2024-01-01,264,8.096,AZ
LN-2024-09436,Wholesale,30yr Fixed,572441,2024-09-01,267,7.402,CA
LN-2024-09437,Direct,30yr Fixed,192710,2024-07-01,309,8.21,TX
LN-2024-09438,Wholesale,ARM 5/1,992731,2024-09-01,302,7.892,IL
LN-2024-09439,Correspondent,ARM 5/1,1142868,2024-10-01,338,8.316,TX
LN-2024-09440,Direct,ARM 5/1,885630,2024-11-01,371,5.697,FL
LN-2024-09441,Correspondent,15yr Fixed,864305,2024-06-01,307,7.468,AZ
LN-2024-09442,Retail,15yr Fixed,310436,2024-10-01,355,7.892,NY
LN-2024-09443,Direct,30yr Fixed,230718,2024-08-01,318,5.761,AZ
LN-2024-09444,Direct,30yr Fixed,296811,2024-08-01,266,7.383,NY
LN-2024-09445,Retail,30yr Fixed,439812,2024-03-01,374,6.904,IL
LN-2024-09446,Direct,ARM 5/1,728919,2024-08-01,316,8.133,TX
LN-2024-09447,Direct,15yr Fixed,1172285,2024-07-01,373,8.445,FL
LN-2024-09448,Correspondent,30yr Fixed,163561,2024-02-01,275,8.453,FL
LN-2024-09449,Wholesale,30yr Fixed,597474,2024-06-01,373,7.699,FL
LN-2024-09450,Correspondent,15yr Fixed,350207,2024-10-01,313,7.84,NY
LN-2024-09451,Wholesale,15yr Fixed,957041,2024-09-01,286,7.184,FL
LN-2024-09452,Wholesale,30yr Fixed,1009016,2024-05-01,348,6.584,TX
LN-2024-09453,Direct,15yr Fixed,765877,2024-10-01,305,6.649,CA
LN-2024-09454,Wholesale,ARM 5/1,273993,2024-04-01,343,5.918,FL
LN-2024-09455,Direct,ARM 5/1,403812,2024-11-01,367,7.784,NY
LN-2024-09456,Direct,15yr Fixed,475967,2024-04-01,265,7.092,NY
LN-2024-09457,Correspondent,ARM 5/1,881137,2024-01-01,333,8.143,FL
LN-2024-09458,Correspondent,30yr Fixed,972159,2024-11-01,291,7.954,CA
LN-2024-09459,Retail,30yr Fixed,165775,2024-11-01,311,6.335,FL
LN-2024-09460,Direct,ARM 5/1,410715,2024-01-01,313,5.935,IL
LN-2024-09461,Retail,15yr Fixed,1126299,2024-12-01,301,6.028,NY
LN-2024-09462,Direct,15yr Fixed,742513,2024-07-01,259,7.64,AZ
LN-2024-09463,Wholesale,ARM 5/1,681401,2024-01-01,357,7.161,AZ
LN-2024-09464,Direct,15yr Fixed,495553,2024-10-01,262,6.394,NY
LN-2024-09465,Direct,15yr Fixed,566694,2024-11-01,275,8.121,CA
LN-2024-09466,Retail,30yr Fixed,562496,2024-05-01,357,7.726,TX
LN-2024-09467,Direct,ARM 5/1,460862,2024-04-01,287,8.381,TX
LN-2024-09468,Retail,15yr Fixed,497651,2024-04-01,357,7.363,AZ
LN-2024-09469,Direct,30yr Fixed,1073779,2024-08-01,298,7.217,CA
LN-2024-09470,Retail,30yr Fixed,1048446,2024-08-01,373,7.384,TX
LN-2024-09471,Correspondent,30yr Fixed,443938,2024-02-01,333,5.688,AZ
LN-2024-09472,Direct,30yr Fixed,1077546,2024-06-01,310,6.674,NY
LN-2024-09473,Wholesale,ARM 5/1,363030,2024-08-01,287,7.512,FL
LN-2024-09474,Direct,30yr Fixed,1140815,2024-04-01,356,7.391,TX
LN-2024-09475,Correspondent,ARM 5/1,1121531,2024-12-01,280,6.65,TX
LN-2024-09476,Retail,15yr Fixed,776297,2024-11-01,343,6.982,FL
LN-2024-09477,Retail,ARM 5/1,187246,2024-07-01,307,7.583,AZ
LN-2024-09478,Direct,ARM 5/1,167142,2024-05-01,357,8.167,FL
LN-2024-09479,Direct,ARM 5/1,1100624,2024-04-01,292,5.932,TX
LN-2024-09480,Direct,30yr Fixed,264140,2024-11-01,364,5.885,FL
LN-2024-09481,Correspondent,30yr Fixed,276746,2024-11-01,302,7.738,AZ
LN-2024-09482,Wholesale,30yr Fixed,932087,2024-01-01,344,7.236,FL
LN-2024-09483,Direct,30yr Fixed,1161746,2024-08-01,336,7.69,AZ
LN-2024-09484,Correspondent,15yr Fixed,702605,2024-10-01,353,6.163,IL
LN-2024-09485,Retail,ARM 5/1,1108453,2024-02-01,289,7.874,AZ
LN-2024-09486,Direct,15yr Fixed,1054567,2024-05-01,334,7.212,NY
LN-2024-09487,Retail,30yr Fixed,713079,2024-01-01,379,7.981,TX
LN-2024-09488,Direct,ARM 5/1,313314,2024-09-01,333,7.199,NY
LN-2024-09489,Direct,30yr Fixed,771383,2024-08-01,312,7.408,CA
LN-2024-09490,Direct,30yr Fixed,282095,2024-03-01,355,5.881,CA
LN-2024-09491,Correspondent,15yr Fixed,939583,2024-12-01,336,5.507,NY
LN-2024-09492,Wholesale,15yr Fixed,329223,2024-11-01,279,7.432,TX
LN-2024-09493,Wholesale,30yr Fixed,242387,2024-04-01,290,8.017,AZ
LN-2024-09494,Correspondent,ARM 5/1,722199,2024-04-01,289,5.553,NY
LN-2024-09495,Wholesale,30yr Fixed,349427,2024-11-01,290,8.335,CA
LN-2024-09496,Direct,30yr Fixed,678237,2024-12-01,261,6.357,FL
LN-2024-09497,Direct,ARM 5/1,627810,2024-08-01,373,7.302,FL
LN-2024-09498,Retail,15yr Fixed,1159093,2024-12-01,329,7.815,FL
LN-2024-09499,Wholesale,30yr Fixed,847302,2024-05-01,321,8.244,AZ
LN-2024-09500,Wholesale,15yr Fixed,506813,2024-08-01,334,7.948,FL
LN-2024-09501,Wholesale,15yr Fixed,914343,2024-01-01,323,5.914,AZ
LN-2024-09502,Retail,ARM 5/1,992796,2024-04-01,286,6.621,AZ
LN-2024-09503,Direct,15yr Fixed,913543,2024-02-01,336,8.409,FL
LN-2024-09504,Correspondent,ARM 5/1,189386,2024-12-01,275,7.878,CA
LN-2024-09505,Retail,ARM 5/1,301717,2024-09-01,303,7.285,AZ
LN-2024-09506,Retail,15yr Fixed,890739,2024-07-01,338,5.721,IL
LN-2024-09507,Direct,15yr Fixed,1100104,2024-12-01,255,6.073,AZ
LN-2024-09508,Direct,30yr Fixed,899614,2024-05-01,295,7.757,FL
LN-2024-09509,Retail,30yr Fixed,1083164,2024-04-01,284,5.645,NY
LN-2024-09510,Direct,ARM 5/1,260006,2024-04-01,305,8.068,AZ
LN-2024-09511,Wholesale,30yr Fixed,861698,2024-11-01,349,7.285,FL
LN-2024-09512,Retail,15yr Fixed,1114176,2024-04-01,335,8.252,CA
LN-2024-09513,Wholesale,30yr Fixed,992530,2024-09-01,277,6.685,TX
LN-2024-09514,Direct,30yr Fixed,415333,2024-03-01,345,6.143,AZ
LN-2024-09515,Wholesale,15yr Fixed,293118,2024-09-01,334,6.15,NY
LN-2024-09516,Correspondent,15yr Fixed,1166924,2024-03-01,266,6.028,IL
LN-2024-09517,Direct,ARM 5/1,530434,2024-04-01,317,6.755,TX
LN-2024-09518,Correspondent,15yr Fixed,326096,2024-10-01,378,8.287,FL
LN-2024-09519,Wholesale,ARM 5/1,719626,2024-01-01,263,6.208,CA
LN-2024-09520,Direct,30yr Fixed,996371,2024-02-01,341,7.687,NY
LN-2024-09521,Direct,15yr Fixed,837999,2024-11-01,275,8.299,CA
LN-2024-09522,Wholesale,ARM 5/1,803471,2024-11-01,334,5.551,NY
LN-2024-09523,Wholesale,30yr Fixed,202430,2024-01-01,345,7.456,TX
LN-2024-09524,Direct,30yr Fixed,797844,2024-10-01,337,6.155,IL
LN-2024-09525,Retail,30yr Fixed,458115,2024-01-01,294,5.945,AZ
LN-2024-09526,Correspondent,30yr Fixed,414133,2024-05-01,308,7.856,TX
LN-2024-09527,Retail,30yr Fixed,191594,2024-11-01,284,7.749,AZ
LN-2024-09528,Retail,ARM 5/1,699403,2024-04-01,332,7.6,IL
LN-2024-09529,Retail,15yr Fixed,164497,2024-03-01,266,6.268,AZ
LN-2024-09530,Correspondent,30yr Fixed,517700,2024-04-01,370,6.129,CA
LN-2024-09531,Correspondent,15yr Fixed,854563,2024-06-01,267,8.442,IL
LN-2024-09532,Correspondent,15yr Fixed,408409,2024-06-01,283,6.427,FL
LN-2024-09533,Direct,30yr Fixed,1176280,2024-10-01,358,6.918,IL
LN-2024-09534,Retail,15yr Fixed,511064,2024-09-01,312,5.796,NY
LN-2024-09535,Wholesale,15yr Fixed,157783,2024-02-01,290,5.526,CA
LN-2024-09536,Correspondent,ARM 5/1,545840,2024-07-01,343,7.103,AZ
LN-2024-09537,Retail,ARM 5/1,1054364,2024-11-01,270,7.314,NY
LN-2024-09538,Wholesale,15yr Fixed,220229,2024-06-01,375,7.926,AZ
LN-2024-09539,Direct,ARM 5/1,443762,2024-12-01,255,6.092,AZ
LN-2024-09540,Wholesale,15yr Fixed,249994,2024-03-01,354,6.829,NY
LN-2024-09541,Wholesale,ARM 5/1,289725,2024-10-01,308,8.151,AZ
LN-2024-09542,Retail,30yr Fixed,470574,2024-12-01,291,5.999,FL
LN-2024-09543,Wholesale,ARM 5/1,502314,2024-06-01,309,7.261,IL
LN-2024-09544,Correspondent,ARM 5/1,465204,2024-06-01,273,5.769,TX
LN-2024-09545,Wholesale,15yr Fixed,1086406,2024-03-01,344,5.715,FL
LN-2024-09546,Retail,15yr Fixed,770195,2024-08-01,345,7.55,TX
LN-2024-09547,Direct,15yr Fixed,887229,2024-07-01,284,6.939,NY
LN-2024-09548,Wholesale,15yr Fixed,222970,2024-04-01,297,5.808,NY
LN-2024-09549,Correspondent,30yr Fixed,899403,2024-10-01,371,7.964,FL
LN-2024-09550,Direct,30yr Fixed,187934,2024-06-01,313,6.422,AZ
LN-2024-09551,Correspondent,30yr Fixed,874523,2024-10-01,361,6.863,IL
LN-2024-09552,Direct,30yr Fixed,152428,2024-05-01,346,8.493,AZ
LN-2024-09553,Correspondent,ARM 5/1,1197341,2024-09-01,263,7.978,NY
LN-2024-09554,Wholesale,ARM 5/1,660106,2024-11-01,271,8.442,IL
LN-2024-09555,Retail,ARM 5/1,201872,2024-09-01,270,7.498,IL
LN-2024-09556,Correspondent,15yr Fixed,941808,2024-02-01,334,7.369,AZ
LN-2024-09557,Retail,30yr Fixed,218135,2024-10-01,304,7.999,TX
LN-2024-09558,Correspondent,15yr Fixed,910102,2024-06-01,290,6.482,CA
LN-2024-09559,Wholesale,ARM 5/1,308883,2024-08-01,312,7.608,IL
LN-2024-09560,Wholesale,15yr Fixed,405724,2024-01-01,305,8.395,IL
LN-2024-09561,Wholesale,30yr Fixed,813546,2024-02-01,264,6.316,IL
LN-2024-09562,Wholesale,15yr Fixed,750836,2024-11-01,352,5.76,IL
LN-2024-09563,Correspondent,15yr Fixed,606380,2024-09-01,359,6.85,TX
LN-2024-09564,Retail,30yr Fixed,223595,2024-03-01,278,7.572,IL
LN-2024-09565,Direct,30yr Fixed,680481,2024-05-01,308,5.803,AZ
LN-2024-09566,Retail,30yr Fixed,1167550,2024-09-01,372,5.924,TX
LN-2024-09567,Correspondent,15yr Fixed,877114,2024-08-01,263,7.836,NY
LN-2024-09568,Wholesale,ARM 5/1,274528,2024-12-01,338,7.418,AZ
LN-2024-09569,Retail,30yr Fixed,983102,2024-11-01,349,5.646,NY
LN-2024-09570,Wholesale,30yr Fixed,292154,2024-02-01,318,7.708,FL
LN-2024-09571,Wholesale,15yr Fixed,972567,2024-02-01,255,6.016,IL
LN-2024-09572,Correspondent,ARM 5/1,1156584,2024-06-01,348,7.514,IL
LN-2024-09573,Correspondent,ARM 5/1,439606,2024-09-01,307,7.38,FL
LN-2024-09574,Direct,ARM 5/1,717292,2024-11-01,280,7.663,NY
LN-2024-09575,Retail,15yr Fixed,491954,2024-01-01,355,5.898,CA
LN-2024-09576,Wholesale,30yr Fixed,834498,2024-02-01,335,5.568,TX
LN-2024-09577,Wholesale,ARM 5/1,254423,2024-03-01,293,7.523,NY
LN-2024-09578,Correspondent,30yr Fixed,347280,2024-12-01,297,8.003,IL
LN-2024-09579,Direct,30yr Fixed,758870,2024-01-01,335,6.968,NY
LN-2024-09580,Wholesale,30yr Fixed,156614,2024-08-01,286,7.497,NY
LN-2024-09581,Wholesale,30yr Fixed,1089240,2024-04-01,309,7.245,CA
LN-2024-09582,Retail,15yr Fixed,221448,2024-03-01,359,7.442,IL
LN-2024-09583,Correspondent,ARM 5/1,887956,2024-06-01,313,7.864,CA
LN-2024-09584,Retail,15yr Fixed,522057,2024-08-01,261,6.631,IL
LN-2024-09585,Retail,ARM 5/1,296754,2024-06-01,375,5.539,FL
LN-2024-09586,Retail,15yr Fixed,205742,2024-05-01,250,5.856,NY
LN-2024-09587,Wholesale,ARM 5/1,680250,2024-12-01,260,8.075,IL
LN-2024-09588,Retail,30yr Fixed,594585,2024-04-01,305,7.893,TX
LN-2024-09589,Retail,15yr Fixed,1178197,2024-07-01,308,6.88,FL
LN-2024-09590,Direct,15yr Fixed,832211,2024-02-01,254,6.971,TX
LN-2024-09591,Correspondent,ARM 5/1,309302,2024-05-01,353,6.843,CA
LN-2024-09592,Direct,ARM 5/1,162748,2024-10-01,357,7.019,TX
LN-2024-09593,Retail,15yr Fixed,578858,2024-03-01,345,6.46,CA
LN-2024-09594,Direct,ARM 5/1,489025,2024-09-01,282,7.67,IL
LN-2024-09595,Direct,ARM 5/1,233103,2024-02-01,362,7.288,NY
LN-2024-09596,Direct,15yr Fixed,830916,2024-05-01,341,6.101,CA
LN-2024-09597,Correspondent,15yr Fixed,375233,2024-03-01,269,6.432,CA
LN-2024-09598,Retail,ARM 5/1,622610,2024-11-01,308,7.56,IL
LN-2024-09599,Wholesale,30yr Fixed,213085,2024-12-01,355,6.063,NY
LN-2024-09600,Retail,30yr Fixed,1191585,2024-06-01,296,5.68,CA
LN-2024-09601,Wholesale,15yr Fixed,1140050,2024-09-01,351,5.604,NY
LN-2024-09602,Retail,30yr Fixed,549289,2024-04-01,369,8.366,CA
LN-2024-09603,Direct,30yr Fixed,484741,2024-08-01,358,8.434,IL
LN-2024-09604,Direct,ARM 5/1,355038,2024-02-01,324,5.759,NY
LN-2024-09605,Direct,ARM 5/1,689902,2024-03-01,380,6.984,CA
LN-2024-09606,Retail,30yr Fixed,174763,2024-11-01,259,6.992,IL
LN-2024-09607,Direct,ARM 5/1,194252,2024-03-01,251,8.399,FL
LN-2024-09608,Retail,ARM 5/1,719276,2024-05-01,258,7.366,AZ
LN-2024-09609,Direct,15yr Fixed,684543,2024-02-01,315,7.089,NY
LN-2024-09610,Direct,ARM 5/1,564398,2024-12-01,362,6.442,FL
LN-2024-09611,Retail,ARM 5/1,775954,2024-09-01,363,7.184,CA
LN-2024-09612,Retail,15yr Fixed,1015349,2024-04-01,366,8.375,TX
LN-2024-09613,Correspondent,30yr Fixed,851017,2024-03-01,298,6.482,IL
LN-2024-09614,Direct,ARM 5/1,403896,2024-06-01,273,7.937,NY
LN-2024-09615,Wholesale,30yr Fixed,590247,2024-01-01,375,7.981,TX
LN-2024-09616,Direct,ARM 5/1,324399,2024-11-01,377,6.227,IL
LN-2024-09617,Direct,15yr Fixed,316868,2024-05-01,266,7.561,FL
LN-2024-09618,Correspondent,30yr Fixed,838761,2024-06-01,359,5.615,TX
LN-2024-09619,Retail,15yr Fixed,1115045,2024-07-01,261,8.249,FL
LN-2024-09620,Direct,ARM 5/1,494093,2024-02-01,282,6.419,NY
LN-2024-09621,Direct,15yr Fixed,591874,2024-08-01,351,6.101,NY
LN-2024-09622,Correspondent,ARM 5/1,607818,2024-06-01,336,7.305,CA
LN-2024-09623,Retail,ARM 5/1,211556,2024-08-01,336,6.13,TX
LN-2024-09624,Wholesale,30yr Fixed,157334,2024-03-01,270,8.169,FL
LN-2024-09625,Correspondent,15yr Fixed,646337,2024-05-01,314,5.666,NY
LN-2024-09626,Retail,ARM 5/1,185405,2024-12-01,288,8.313,TX
LN-2024-09627,Direct,ARM 5/1,384832,2024-07-01,271,6.475,TX
LN-2024-09628,Direct,15yr Fixed,826282,2024-08-01,351,5.722,AZ
LN-2024-09629,Retail,ARM 5/1,739935,2024-03-01,333,7.158,FL
LN-2024-09630,Correspondent,ARM 5/1,746311,2024-09-01,312,8.202,AZ
LN-2024-09631,Direct,30yr Fixed,850688,2024-04-01,361,7.075,NY
LN-2024-09632,Wholesale,15yr Fixed,862565,2024-11-01,341,6.979,IL
LN-2024-09633,Wholesale,15yr Fixed,1051588,2024-01-01,305,8.429,NY
LN-2024-09634,Wholesale,30yr Fixed,508227,2024-12-01,349,5.717,NY
LN-2024-09635,Direct,30yr Fixed,253435,2024-04-01,325,7.489,NY
LN-2024-09636,Correspondent,30yr Fixed,243943,2024-05-01,361,5.858,TX
LN-2024-09637,Retail,ARM 5/1,614826,2024-09-01,286,7.976,NY
LN-2024-09638,Retail,ARM 5/1,444462,2024-10-01,369,8.409,TX
LN-2024-09639,Wholesale,ARM 5/1,195610,2024-05-01,267,6.642,FL
LN-2024-09640,Retail,15yr Fixed,1096866,2024-11-01,356,7.983,AZ
LN-2024-09641,Retail,30yr Fixed,158529,2024-04-01,305,6.551,FL
LN-2024-09642,Retail,30yr Fixed,720979,2024-10-01,274,7.233,AZ
LN-2024-09643,Retail,ARM 5/1,411695,2024-09-01,347,5.853,IL
LN-2024-09644,Retail,30yr Fixed,793709,2024-05-01,369,7.405,IL
LN-2024-09645,Retail,ARM 5/1,426882,2024-11-01,350,7.536,NY
LN-2024-09646,Wholesale,30yr Fixed,509429,2024-06-01,300,6.189,AZ
LN-2024-09647,Correspondent,15yr Fixed,1014711,2024-08-01,264,7.134,FL
LN-2024-09648,Direct,15yr Fixed,615707,2024-10-01,380,7.513,NY
LN-2024-09649,Direct,15yr Fixed,851130,2024-10-01,309,8.088,TX
LN-2024-09650,Wholesale,30yr Fixed,212652,2024-03-01,349,5.507,CA
LN-2024-09651,Wholesale,30yr Fixed,892575,2024-09-01,320,8.395,IL
LN-2024-09652,Direct,15yr Fixed,228350,2024-04-01,343,8.145,CA
LN-2024-09653,Direct,15yr Fixed,155768,2024-05-01,338,7.135,CA
LN-2024-09654,Direct,30yr Fixed,947087,2024-01-01,309,7.704,AZ
LN-2024-09655,Correspondent,ARM 5/1,518400,2024-09-01,345,7.985,IL
LN-2024-09656,Correspondent,30yr Fixed,908633,2024-10-01,307,8.096,CA
LN-2024-09657,Correspondent,30yr Fixed,521235,2024-09-01,358,6.822,NY
LN-2024-09658,Correspondent,ARM 5/1,207509,2024-08-01,355,7.746,NY
LN-2024-09659,Correspondent,30yr Fixed,874768,2024-01-01,348,8.399,IL
LN-2024-09660,Wholesale,ARM 5/1,409437,2024-01-01,375,8.448,CA
LN-2024-09661,Retail,30yr Fixed,317665,2024-07-01,270,7.11,IL
LN-2024-09662,Wholesale,30yr Fixed,236701,2024-10-01,323,6.956,NY
LN-2024-09663,Wholesale,ARM 5/1,349812,2024-12-01,295,8.349,FL
LN-2024-09664,Wholesale,15yr Fixed,755079,2024-10-01,277,7.406,CA
LN-2024-09665,Direct,30yr Fixed,1026334,2024-12-01,258,6.842,AZ
LN-2024-09666,Correspondent,30yr Fixed,808788,2024-02-01,311,7.469,CA
LN-2024-09667,Direct,30yr Fixed,801775,2024-08-01,291,7.008,IL
LN-2024-09668,Correspondent,ARM 5/1,1184395,2024-07-01,275,7.997,FL
LN-2024-09669,Wholesale,ARM 5/1,626338,2024-01-01,375,6.281,FL
LN-2024-09670,Wholesale,ARM 5/1,804794,2024-12-01,304,7.676,FL
LN-2024-09671,Retail,ARM 5/1,389858,2024-07-01,364,7.714,NY
LN-2024-09672,Direct,ARM 5/1,1078945,2024-02-01,280,7.749,CA
LN-2024-09673,Wholesale,15yr Fixed,642986,2024-03-01,365,6.142,IL
LN-2024-09674,Direct,15yr Fixed,464601,2024-08-01,313,6.897,CA
LN-2024-09675,Correspondent,30yr Fixed,342807,2024-12-01,259,8.294,TX
LN-2024-09676,Wholesale,ARM 5/1,849929,2024-03-01,365,6.682,AZ
LN-2024-09677,Retail,30yr Fixed,916712,2024-02-01,295,6.254,AZ
LN-2024-09678,Correspondent,ARM 5/1,945913,2024-05-01,253,5.525,FL
LN-2024-09679,Correspondent,30yr Fixed,1159276,2024-12-01,313,5.808,NY
LN-2024-09680,Direct,15yr Fixed,473334,2024-10-01,251,6.297,NY
LN-2024-09681,Direct,30yr Fixed,937025,2024-03-01,268,6.52,AZ
LN-2024-09682,Wholesale,ARM 5/1,466600,2024-12-01,282,6.291,NY
LN-2024-09683,Wholesale,ARM 5/1,408774,2024-06-01,263,7.653,FL
LN-2024-09684,Retail,ARM 5/1,1190424,2024-10-01,315,7.205,AZ
LN-2024-09685,Wholesale,30yr Fixed,355520,2024-07-01,353,7.872,AZ
LN-2024-09686,Direct,15yr Fixed,859858,2024-04-01,258,7.016,IL
LN-2024-09687,Wholesale,15yr Fixed,406426,2024-07-01,355,7.853,AZ
LN-2024-09688,Direct,15yr Fixed,561108,2024-12-01,291,7.733,IL
LN-2024-09689,Wholesale,15yr Fixed,257902,2024-04-01,366,7.847,NY
LN-2024-09690,Retail,30yr Fixed,744415,2024-08-01,303,6.389,TX
LN-2024-09691,Retail,30yr Fixed,723608,2024-07-01,251,7.19,TX
LN-2024-09692,Correspondent,30yr Fixed,837810,2024-10-01,344,8.134,FL
LN-2024-09693,Direct,ARM 5/1,840934,2024-01-01,287,6.05,AZ
LN-2024-09694,Wholesale,ARM 5/1,1137358,2024-10-01,297,7.268,FL
LN-2024-09695,Wholesale,15yr Fixed,876045,2024-03-01,362,7.115,NY
LN-2024-09696,Wholesale,30yr Fixed,532766,2024-10-01,275,5.507,TX
LN-2024-09697,Direct,ARM 5/1,283574,2024-06-01,264,7.793,TX
LN-2024-09698,Wholesale,ARM 5/1,761323,2024-06-01,271,7.913,CA
LN-2024-09699,Correspondent,30yr Fixed,205554,2024-06-01,307,6.75,TX
LN-2024-09700,Retail,30yr Fixed,499332,2024-10-01,283,5.705,IL
LN-2024-09701,Wholesale,15yr Fixed,253487,2024-07-01,254,6.909,FL
LN-2024-09702,Direct,ARM 5/1,613067,2024-10-01,266,8.142,TX
LN-2024-09703,Direct,30yr Fixed,680020,2024-02-01,312,6.053,CA
LN-2024-09704,Wholesale,15yr Fixed,1193329,2024-01-01,345,7.252,FL
LN-2024-09705,Correspondent,30yr Fixed,1040513,2024-10-01,361,6.627,NY
LN-2024-09706,Direct,30yr Fixed,521600,2024-07-01,349,6.574,TX
LN-2024-09707,Wholesale,30yr Fixed,282983,2024-09-01,281,7.707,AZ
LN-2024-09708,Direct,30yr Fixed,751883,2024-10-01,266,6.184,AZ
LN-2024-09709,Direct,30yr Fixed,830754,2024-06-01,343,6.637,NY
LN-2024-09710,Wholesale,ARM 5/1,811295,2024-04-01,317,8.026,FL
LN-2024-09711,Correspondent,15yr Fixed,606358,2024-07-01,368,7.695,CA
LN-2024-09712,Wholesale,ARM 5/1,878485,2024-08-01,293,7.035,NY
LN-2024-09713,Wholesale,ARM 5/1,784957,2024-01-01,274,7.782,CA
LN-2024-09714,Correspondent,15yr Fixed,410420,2024-05-01,371,7.333,CA
LN-2024-09715,Correspondent,15yr Fixed,582946,2024-03-01,266,5.923,FL
LN-2024-09716,Direct,30yr Fixed,448840,2024-07-01,266,6.126,FL
LN-2024-09717,Direct,15yr Fixed,930847,2024-11-01,359,7.784,CA
LN-2024-09718,Retail,30yr Fixed,627521,2024-05-01,351,6.653,TX
LN-2024-09719,Direct,30yr Fixed,299194,2024-11-01,356,6.448,AZ
LN-2024-09720,Direct,30yr Fixed,1170704,2024-01-01,374,8.293,NY
LN-2024-09721,Correspondent,ARM 5/1,716821,2024-12-01,269,7.576,CA
LN-2024-09722,Correspondent,ARM 5/1,320592,2024-11-01,359,6.564,AZ
LN-2024-09723,Correspondent,30yr Fixed,482850,2024-05-01,296,6.986,TX
LN-2024-09724,Wholesale,30yr Fixed,889901,2024-02-01,357,6.727,CA
LN-2024-09725,Direct,ARM 5/1,373521,2024-07-01,273,6.586,TX
LN-2024-09726,Wholesale,ARM 5/1,794566,2024-05-01,290,7.897,NY
LN-2024-09727,Correspondent,15yr Fixed,936015,2024-12-01,355,8.054,AZ
LN-2024-09728,Retail,30yr Fixed,644259,2024-11-01,254,7.907,TX
LN-2024-09729,Wholesale,30yr Fixed,1113522,2024-11-01,257,5.691,FL
LN-2024-09730,Direct,ARM 5/1,261505,2024-05-01,347,5.655,TX
LN-2024-09731,Retail,30yr Fixed,1163264,2024-02-01,299,6.348,CA
LN-2024-09732,Retail,30yr Fixed,450100,2024-03-01,349,7.313,AZ
LN-2024-09733,Retail,15yr Fixed,374367,2024-10-01,250,5.801,TX
LN-2024-09734,Retail,ARM 5/1,447262,2024-07-01,364,6.629,CA
LN-2024-09735,Wholesale,30yr Fixed,1157901,2024-02-01,259,8.499,NY
LN-2024-09736,Wholesale,15yr Fixed,932336,2024-12-01,358,8.118,FL
LN-2024-09737,Wholesale,ARM 5/1,934056,2024-04-01,301,7.944,FL
LN-2024-09738,Correspondent,15yr Fixed,206875,2024-08-01,262,6.958,NY
LN-2024-09739,Wholesale,15yr Fixed,1152061,2024-12-01,263,7.755,TX
LN-2024-09740,Direct,ARM 5/1,359205,2024-02-01,292,7.448,AZ
LN-2024-09741,Correspondent,15yr Fixed,388990,2024-06-01,275,7.903,AZ
LN-2024-09742,Wholesale,ARM 5/1,942229,2024-12-01,273,6.513,FL
LN-2024-09743,Wholesale,ARM 5/1,680251,2024-12-01,298,8.496,CA
LN-2024-09744,Correspondent,30yr Fixed,246952,2024-08-01,323,7.738,AZ
LN-2024-09745,Correspondent,30yr Fixed,859983,2024-05-01,312,6.585,FL
LN-2024-09746,Wholesale,15yr Fixed,405721,2024-07-01,279,8.26,NY
LN-2024-09747,Retail,15yr Fixed,966270,2024-05-01,264,6.086,FL
LN-2024-09748,Direct,30yr Fixed,1028409,2024-05-01,337,6.467,FL
LN-2024-09749,Wholesale,15yr Fixed,635455,2024-03-01,378,7.273,NY
LN-2024-09750,Direct,30yr Fixed,227944,2024-02-01,318,7.431,FL
LN-2024-09751,Correspondent,ARM 5/1,1085930,2024-02-01,346,6.231,AZ
LN-2024-09752,Wholesale,30yr Fixed,882472,2024-05-01,315,6.294,CA
LN-2024-09753,Direct,15yr Fixed,1108160,2024-08-01,334,7.438,FL
LN-2024-09754,Retail,15yr Fixed,211998,2024-04-01,301,7.214,NY
LN-2024-09755,Correspondent,15yr Fixed,786819,2024-01-01,345,6.829,NY
LN-2024-09756,Wholesale,15yr Fixed,1179686,2024-11-01,347,8.49,FL
LN-2024-09757,Direct,ARM 5/1,464216,2024-10-01,331,6.182,NY
LN-2024-09758,Wholesale,ARM 5/1,612333,2024-08-01,346,6.507,TX
LN-2024-09759,Wholesale,15yr Fixed,1103090,2024-05-01,283,7.597,TX
LN-2024-09760,Wholesale,ARM 5/1,759119,2024-08-01,307,7.756,CA
LN-2024-09761,Wholesale,30yr Fixed,474216,2024-10-01,279,5.848,CA
LN-2024-09762,Wholesale,ARM 5/1,1115296,2024-05-01,306,6.322,CA
LN-2024-09763,Wholesale,15yr Fixed,895977,2024-04-01,347,7.651,NY
LN-2024-09764,Wholesale,ARM 5/1,643637,2024-09-01,356,6.606,TX
LN-2024-09765,Correspondent,15yr Fixed,537521,2024-09-01,299,6.162,TX
LN-2024-09766,Retail,15yr Fixed,696534,2024-02-01,295,7.749,CA
LN-2024-09767,Direct,30yr Fixed,235748,2024-01-01,326,8.183,FL
LN-2024-09768,Retail,15yr Fixed,534423,2024-04-01,364,8.032,AZ
LN-2024-09769,Wholesale,15yr Fixed,340948,2024-09-01,302,6.113,FL
LN-2024-09770,Correspondent,30yr Fixed,337740,2024-01-01,313,7.383,NY
LN-2024-09771,Correspondent,30yr Fixed,438804,2024-09-01,318,7.616,FL
LN-2024-09772,Correspondent,30yr Fixed,594959,2024-03-01,355,7.763,FL
LN-2024-09773,Retail,15yr Fixed,154311,2024-08-01,276,7.238,NY
LN-2024-09774,Direct,30yr Fixed,668780,2024-06-01,322,5.66,FL
LN-2024-09775,Wholesale,30yr Fixed,1100060,2024-08-01,312,7.341,IL
LN-2024-09776,Retail,15yr Fixed,995851,2024-09-01,345,5.657,TX
LN-2024-09777,Correspondent,ARM 5/1,500157,2024-10-01,343,6.869,CA
LN-2024-09778,Correspondent,30yr Fixed,555802,2024-04-01,312,5.672,NY
LN-2024-09779,Wholesale,15yr Fixed,297257,2024-03-01,336,5.623,AZ
LN-2024-09780,Retail,15yr Fixed,562097,2024-12-01,258,5.639,NY
LN-2024-09781,Correspondent,ARM 5/1,1189889,2024-12-01,290,7.86,IL
LN-2024-09782,Correspondent,15yr Fixed,160469,2024-10-01,274,7.365,NY
LN-2024-09783,Direct,ARM 5/1,244649,2024-05-01,369,7.66,FL
LN-2024-09784,Wholesale,15yr Fixed,455758,2024-01-01,371,7.034,CA
LN-2024-09785,Correspondent,ARM 5/1,1141085,2024-10-01,352,7.72,CA
LN-2024-09786,Retail,30yr Fixed,444700,2024-03-01,280,8.086,TX
LN-2024-09787,Wholesale,30yr Fixed,881305,2024-02-01,263,5.945,FL
LN-2024-09788,Correspondent,ARM 5/1,377076,2024-02-01,362,5.934,FL
LN-2024-09789,Correspondent,ARM 5/1,626913,2024-10-01,373,6.304,FL
LN-2024-09790,Correspondent,30yr Fixed,795225,2024-07-01,343,6.428,TX
LN-2024-09791,Correspondent,15yr Fixed,575629,2024-01-01,363,5.752,CA
LN-2024-09792,Retail,15yr Fixed,923729,2024-06-01,283,8.29,FL
LN-2024-09793,Correspondent,ARM 5/1,986377,2024-06-01,260,7.918,TX
LN-2024-09794,Retail,30yr Fixed,1086291,2024-08-01,258,6.439,FL
LN-2024-09795,Retail,ARM 5/1,751140,2024-06-01,297,5.727,FL
LN-2024-09796,Direct,ARM 5/1,393308,2024-04-01,308,6.866,FL
LN-2024-09797,Retail,30yr Fixed,331890,2024-07-01,262,7.699,CA
LN-2024-09798,Retail,15yr Fixed,606888,2024-02-01,251,6.039,CA
LN-2024-09799,Correspondent,30yr Fixed,1072054,2024-10-01,281,6.053,CA
LN-2024-09800,Retail,15yr Fixed,832968,2024-02-01,301,6.492,CA
LN-2024-09801,Correspondent,ARM 5/1,192117,2024-05-01,282,6.522,TX
LN-2024-09802,Retail,30yr Fixed,857313,2024-09-01,338,8.206,TX
LN-2024-09803,Wholesale,ARM 5/1,550169,2024-06-01,312,6.434,CA
LN-2024-09804,Direct,15yr Fixed,492150,2024-02-01,375,6.851,NY
LN-2024-09805,Wholesale,ARM 5/1,1156433,2024-06-01,371,5.845,CA
LN-2024-09806,Retail,15yr Fixed,264011,2024-09-01,251,7.969,IL
LN-2024-09807,Wholesale,ARM 5/1,662774,2024-08-01,377,7.181,IL
LN-2024-09808,Correspondent,15yr Fixed,461001,2024-08-01,364,5.635,NY
LN-2024-09809,Wholesale,15yr Fixed,618081,2024-12-01,288,7.679,IL
LN-2024-09810,Wholesale,15yr Fixed,193082,2024-02-01,275,6.914,AZ
LN-2024-09811,Direct,ARM 5/1,946314,2024-04-01,358,8.235,CA
LN-2024-09812,Direct,15yr Fixed,564696,2024-07-01,288,6.636,AZ
LN-2024-09813,Wholesale,30yr Fixed,981795,2024-06-01,354,5.675,NY
LN-2024-09814,Retail,15yr Fixed,540536,2024-02-01,258,7.912,TX
LN-2024-09815,Wholesale,30yr Fixed,960770,2024-05-01,274,6.825,FL
LN-2024-09816,Wholesale,15yr Fixed,657014,2024-01-01,371,7.592,CA
LN-2024-09817,Correspondent,30yr Fixed,480682,2024-11-01,373,8.094,AZ
LN-2024-09818,Direct,ARM 5/1,667177,2024-06-01,341,8.408,CA
LN-2024-09819,Direct,15yr Fixed,321224,2024-09-01,288,6.501,AZ
LN-2024-09820,Correspondent,ARM 5/1,863180,2024-11-01,362,6.205,NY
LN-2024-09821,Wholesale,15yr Fixed,282412,2024-11-01,310,6.187,FL
LN-2024-09822,Retail,15yr Fixed,1020396,2024-08-01,263,6.446,CA
LN-2024-09823,Wholesale,30yr Fixed,540490,2024-03-01,367,5.631,TX
LN-2024-09824,Wholesale,ARM 5/1,588978,2024-11-01,269,8.135,IL
LN-2024-09825,Retail,30yr Fixed,186285,2024-12-01,314,6.21,TX
LN-2024-09826,Retail,ARM 5/1,302157,2024-04-01,325,6.6,CA
LN-2024-09827,Direct,15yr Fixed,721596,2024-08-01,356,6.949,FL
LN-2024-09828,Correspondent,30yr Fixed,688472,2024-11-01,257,6.992,IL
LN-2024-09829,Retail,ARM 5/1,1171817,2024-08-01,253,8.203,CA
LN-2024-09830,Direct,30yr Fixed,309858,2024-03-01,330,8.298,TX
LN-2024-09831,Correspondent,15yr Fixed,991266,2024-05-01,364,7.724,AZ
LN-2024-09832,Correspondent,ARM 5/1,443355,2024-08-01,264,7.041,IL
LN-2024-09833,Wholesale,30yr Fixed,632314,2024-11-01,369,7.459,AZ
LN-2024-09834,Wholesale,15yr Fixed,150472,2024-12-01,314,6.14,CA
LN-2024-09835,Wholesale,15yr Fixed,957730,2024-01-01,320,7.043,CA
LN-2024-09836,Wholesale,30yr Fixed,389809,2024-09-01,332,8.073,TX
LN-2024-09837,Correspondent,30yr Fixed,633009,2024-02-01,297,5.52,IL
LN-2024-09838,Correspondent,15yr Fixed,577833,2024-02-01,295,8.121,TX
LN-2024-09839,Direct,30yr Fixed,912191,2024-12-01,299,7.81,AZ
LN-2024-09840,Correspondent,15yr Fixed,483185,2024-03-01,350,7.015,TX
LN-2024-09841,Retail,ARM 5/1,485526,2024-09-01,293,8.076,NY
LN-2024-09842,Direct,ARM 5/1,719055,2024-03-01,359,6.294,CA
LN-2024-09843,Retail,30yr Fixed,931787,2024-04-01,269,6.424,IL
LN-2024-09844,Direct,ARM 5/1,381516,2024-05-01,358,5.584,NY
LN-2024-09845,Retail,15yr Fixed,480023,2024-07-01,279,6.391,AZ
LN-2024-09846,Wholesale,30yr Fixed,1120000,2024-12-01,273,5.809,IL
LN-2024-09847,Direct,15yr Fixed,744554,2024-02-01,350,8.189,FL
LN-2024-09848,Wholesale,15yr Fixed,160801,2024-10-01,265,7.966,IL
LN-2024-09849,Direct,30yr Fixed,896549,2024-07-01,306,5.809,CA
LN-2024-09850,Retail,ARM 5/1,698656,2024-04-01,253,7.68,FL
LN-2024-09851,Wholesale,30yr Fixed,311789,2024-08-01,340,5.931,AZ
LN-2024-09852,Wholesale,15yr Fixed,229607,2024-10-01,336,7.109,CA
LN-2024-09853,Correspondent,30yr Fixed,1023813,2024-04-01,372,7.539,IL
LN-2024-09854,Wholesale,ARM 5/1,1165558,2024-02-01,286,6.763,NY
LN-2024-09855,Correspondent,ARM 5/1,1013468,2024-02-01,353,5.955,FL
LN-2024-09856,Wholesale,15yr Fixed,786011,2024-11-01,358,8.466,CA
LN-2024-09857,Wholesale,ARM 5/1,409918,2024-04-01,380,5.766,NY
LN-2024-09858,Correspondent,15yr Fixed,488557,2024-01-01,362,7.674,TX
LN-2024-09859,Direct,15yr Fixed,227850,2024-11-01,305,6.643,FL
LN-2024-09860,Correspondent,15yr Fixed,459807,2024-02-01,349,5.806,IL
LN-2024-09861,Retail,15yr Fixed,449500,2024-12-01,307,7.226,CA
LN-2024-09862,Retail,30yr Fixed,964839,2024-12-01,278,6.397,AZ
LN-2024-09863,Wholesale,30yr Fixed,464673,2024-05-01,266,6.698,FL
LN-2024-09864,Direct,15yr Fixed,756602,2024-11-01,286,5.811,FL
LN-2024-09865,Wholesale,ARM 5/1,1197145,2024-08-01,318,6.273,IL
LN-2024-09866,Retail,ARM 5/1,1068039,2024-11-01,293,6.216,IL
LN-2024-09867,Direct,30yr Fixed,443680,2024-05-01,318,7.175,FL
LN-2024-09868,Wholesale,ARM 5/1,1112804,2024-11-01,358,7.104,AZ
LN-2024-09869,Correspondent,30yr Fixed,817017,2024-09-01,296,5.872,FL
LN-2024-09870,Correspondent,30yr Fixed,955554,2024-02-01,376,7.778,TX
LN-2024-09871,Retail,30yr Fixed,880513,2024-07-01,279,7.968,AZ
LN-2024-09872,Correspondent,30yr Fixed,188257,2024-10-01,329,7.237,FL
LN-2024-09873,Direct,15yr Fixed,432829,2024-07-01,276,8.122,TX
LN-2024-09874,Direct,15yr Fixed,893005,2024-08-01,260,7.206,AZ
LN-2024-09875,Direct,15yr Fixed,455054,2024-10-01,356,6.062,NY
LN-2024-09876,Wholesale,ARM 5/1,919108,2024-07-01,329,7.289,NY
LN-2024-09877,Direct,15yr Fixed,588460,2024-09-01,281,7.561,AZ
LN-2024-09878,Wholesale,15yr Fixed,1143944,2024-11-01,282,6.677,NY
LN-2024-09879,Retail,30yr Fixed,183469,2024-03-01,316,8.371,CA
LN-2024-09880,Retail,ARM 5/1,1006821,2024-04-01,282,7.206,FL
LN-2024-09881,Retail,30yr Fixed,840212,2024-04-01,379,6.992,IL
LN-2024-09882,Direct,15yr Fixed,1089028,2024-05-01,359,8.328,FL
LN-2024-09883,Wholesale,15yr Fixed,626751,2024-11-01,351,6.186,TX
LN-2024-09884,Direct,30yr Fixed,939873,2024-03-01,254,8.087,AZ
LN-2024-09885,Correspondent,ARM 5/1,807016,2024-01-01,309,6.202,IL
LN-2024-09886,Direct,ARM 5/1,833820,2024-01-01,318,6.508,CA
LN-2024-09887,Retail,ARM 5/1,989228,2024-01-01,319,7.246,IL
LN-2024-09888,Wholesale,15yr Fixed,884145,2024-03-01,285,6.543,IL
LN-2024-09889,Direct,15yr Fixed,687704,2024-04-01,376,5.679,NY
LN-2024-09890,Direct,15yr Fixed,153560,2024-03-01,341,6.372,AZ
LN-2024-09891,Wholesale,30yr Fixed,1038958,2024-01-01,271,7.151,AZ
LN-2024-09892,Wholesale,30yr Fixed,369516,2024-04-01,272,6.15,TX
LN-2024-09893,Correspondent,15yr Fixed,415071,2024-02-01,360,6.047,CA
LN-2024-09894,Direct,30yr Fixed,517516,2024-11-01,315,6.442,CA
LN-2024-09895,Wholesale,30yr Fixed,883488,2024-07-01,251,5.694,CA
LN-2024-09896,Wholesale,15yr Fixed,615670,2024-08-01,374,7.986,TX
LN-2024-09897,Wholesale,30yr Fixed,815721,2024-10-01,369,6.085,FL
LN-2024-09898,Direct,15yr Fixed,334534,2024-03-01,330,6.965,IL
LN-2024-09899,Retail,ARM 5/1,223371,2024-08-01,253,6.817,NY
LN-2024-09900,Wholesale,30yr Fixed,1049536,2024-01-01,253,6.059,IL
LN-2024-09901,Wholesale,15yr Fixed,683712,2024-10-01,253,6.665,IL
LN-2024-09902,Correspondent,30yr Fixed,418854,2024-01-01,318,7.211,IL
LN-2024-09903,Wholesale,30yr Fixed,556021,2024-11-01,276,6.996,TX
LN-2024-09904,Retail,15yr Fixed,960005,2024-09-01,318,8.081,FL
LN-2024-09905,Correspondent,30yr Fixed,1109167,2024-05-01,322,7.989,TX
LN-2024-09906,Correspondent,15yr Fixed,869126,2024-04-01,298,8.062,NY
LN-2024-09907,Wholesale,ARM 5/1,225385,2024-12-01,250,7.293,AZ
LN-2024-09908,Correspondent,30yr Fixed,617498,2024-10-01,262,7.428,FL
LN-2024-09909,Direct,ARM 5/1,1142507,2024-02-01,281,8.334,FL
LN-2024-09910,Retail,30yr Fixed,928829,2024-12-01,254,6.208,FL
LN-2024-09911,Retail,ARM 5/1,300839,2024-10-01,318,7.221,NY
LN-2024-09912,Retail,30yr Fixed,572859,2024-01-01,283,7.997,TX
LN-2024-09913,Direct,ARM 5/1,354083,2024-01-01,342,5.517,AZ
LN-2024-09914,Correspondent,30yr Fixed,929000,2024-04-01,328,7.63,TX
LN-2024-09915,Retail,15yr Fixed,309314,2024-09-01,361,7.641,IL
LN-2024-09916,Direct,30yr Fixed,815527,2024-03-01,314,6.617,IL
LN-2024-09917,Correspondent,15yr Fixed,316601,2024-06-01,300,7.371,CA
LN-2024-09918,Correspondent,15yr Fixed,293805,2024-05-01,277,7.21,FL
LN-2024-09919,Retail,30yr Fixed,435765,2024-04-01,329,6.907,FL
LN-2024-09920,Direct,ARM 5/1,739084,2024-04-01,354,7.469,AZ
LN-2024-09921,Direct,ARM 5/1,810631,2024-06-01,367,6.308,TX
LN-2024-09922,Retail,15yr Fixed,465971,2024-09-01,378,7.257,AZ
LN-2024-09923,Correspondent,ARM 5/1,400713,2024-10-01,306,7.294,CA
LN-2024-09924,Direct,30yr Fixed,907888,2024-07-01,293,6.629,AZ
LN-2024-09925,Wholesale,30yr Fixed,987204,2024-11-01,256,6.901,IL
LN-2024-09926,Correspondent,ARM 5/1,180580,2024-07-01,320,8.249,CA
LN-2024-09927,Retail,15yr Fixed,277518,2024-02-01,310,7.122,CA
LN-2024-09928,Correspondent,ARM 5/1,512106,2024-09-01,313,6.646,IL
LN-2024-09929,Wholesale,30yr Fixed,709478,2024-11-01,349,6.447,FL
LN-2024-09930,Retail,ARM 5/1,533876,2024-09-01,284,6.133,IL
LN-2024-09931,Correspondent,30yr Fixed,215446,2024-10-01,349,6.638,FL
LN-2024-09932,Correspondent,30yr Fixed,698963,2024-08-01,335,7.89,AZ
LN-2024-09933,Direct,15yr Fixed,1116272,2024-08-01,321,8.471,AZ
LN-2024-09934,Direct,30yr Fixed,686168,2024-07-01,326,6.7,TX
LN-2024-09935,Correspondent,ARM 5/1,747525,2024-06-01,319,5.952,FL
LN-2024-09936,Retail,ARM 5/1,308992,2024-07-01,267,6.429,AZ
LN-2024-09937,Wholesale,ARM 5/1,169988,2024-08-01,271,5.856,AZ
LN-2024-09938,Wholesale,15yr Fixed,361874,2024-12-01,319,5.843,IL
LN-2024-09939,Wholesale,ARM 5/1,284439,2024-07-01,363,8.447,TX
LN-2024-09940,Wholesale,15yr Fixed,320497,2024-10-01,276,7.366,FL
LN-2024-09941,Correspondent,ARM 5/1,644695,2024-07-01,377,6.915,CA
LN-2024-09942,Direct,ARM 5/1,1162811,2024-03-01,349,6.98,FL
LN-2024-09943,Correspondent,30yr Fixed,399161,2024-07-01,359,5.836,TX
LN-2024-09944,Correspondent,15yr Fixed,1018306,2024-03-01,375,6.497,IL
LN-2024-09945,Retail,30yr Fixed,702592,2024-02-01,301,7.324,FL
LN-2024-09946,Direct,ARM 5/1,531033,2024-01-01,358,6.809,NY
LN-2024-09947,Direct,ARM 5/1,526741,2024-08-01,341,5.721,CA
LN-2024-09948,Wholesale,15yr Fixed,875737,2024-01-01,289,7.581,NY
LN-2024-09949,Wholesale,30yr Fixed,598338,2024-02-01,267,6.952,IL
LN-2024-09950,Retail,30yr Fixed,434285,2024-07-01,303,7.112,NY
LN-2024-09951,Direct,15yr Fixed,978340,2024-05-01,365,7.279,NY
LN-2024-09952,Wholesale,30yr Fixed,1144640,2024-01-01,302,7.727,NY
LN-2024-09953,Direct,15yr Fixed,967734,2024-12-01,371,6.73,IL
LN-2024-09954,Direct,ARM 5/1,360346,2024-11-01,362,8.023,CA
LN-2024-09955,Direct,30yr Fixed,892877,2024-07-01,274,6.306,AZ
LN-2024-09956,Wholesale,ARM 5/1,1176018,2024-02-01,327,5.674,TX
LN-2024-09957,Correspondent,ARM 5/1,989665,2024-12-01,380,8.299,IL
LN-2024-09958,Wholesale,15yr Fixed,489211,2024-12-01,342,8.121,TX
LN-2024-09959,Wholesale,ARM 5/1,534440,2024-07-01,377,8.295,AZ
LN-2024-09960,Correspondent,ARM 5/1,286650,2024-09-01,342,7.336,FL
LN-2024-09961,Correspondent,15yr Fixed,988837,2024-09-01,252,7.27,CA
LN-2024-09962,Correspondent,ARM 5/1,1086257,2024-08-01,275,6.076,AZ
LN-2024-09963,Retail,15yr Fixed,320906,2024-09-01,371,7.427,IL
LN-2024-09964,Wholesale,15yr Fixed,768884,2024-07-01,313,5.738,FL
LN-2024-09965,Retail,15yr Fixed,1136105,2024-03-01,378,5.765,FL
LN-2024-09966,Wholesale,ARM 5/1,568650,2024-02-01,325,7.918,IL
LN-2024-09967,Wholesale,ARM 5/1,251523,2024-08-01,338,6.555,FL
LN-2024-09968,Direct,30yr Fixed,306395,2024-11-01,348,8.255,IL
LN-2024-09969,Direct,30yr Fixed,600598,2024-03-01,358,7.067,NY
LN-2024-09970,Retail,30yr Fixed,668251,2024-11-01,366,7.341,AZ
LN-2024-09971,Correspondent,ARM 5/1,745541,2024-07-01,333,7.107,TX
LN-2024-09972,Wholesale,ARM 5/1,591950,2024-10-01,288,6.279,IL
LN-2024-09973,Correspondent,ARM 5/1,962183,2024-01-01,271,6.834,IL
LN-2024-09974,Retail,30yr Fixed,835552,2024-08-01,326,8.463,FL
LN-2024-09975,Direct,30yr Fixed,1163662,2024-07-01,267,7.945,TX
LN-2024-09976,Direct,30yr Fixed,287384,2024-10-01,359,5.86,TX
LN-2024-09977,Retail,15yr Fixed,1002187,2024-06-01,371,6.964,IL
LN-2024-09978,Retail,ARM 5/1,670224,2024-07-01,255,6.741,CA
LN-2024-09979,Correspondent,30yr Fixed,1001892,2024-01-01,317,6.702,CA
LN-2024-09980,Correspondent,30yr Fixed,568607,2024-02-01,323,6.922,FL
LN-2024-09981,Wholesale,15yr Fixed,434988,2024-12-01,331,5.905,CA
LN-2024-09982,Direct,ARM 5/1,334991,2024-04-01,344,5.979,CA
LN-2024-09983,Direct,ARM 5/1,917716,2024-12-01,254,5.794,FL
LN-2024-09984,Wholesale,30yr Fixed,269114,2024-02-01,364,7.654,CA
LN-2024-09985,Direct,ARM 5/1,648156,2024-11-01,378,7.249,FL
LN-2024-09986,Correspondent,15yr Fixed,1173769,2024-11-01,316,7.412,FL
LN-2024-09987,Wholesale,15yr Fixed,235875,2024-09-01,265,6.367,NY
LN-2024-09988,Direct,15yr Fixed,158078,2024-10-01,355,7.42,AZ
LN-2024-09989,Retail,ARM 5/1,284128,2024-03-01,312,5.885,FL
LN-2024-09990,Direct,15yr Fixed,182408,2024-08-01,292,7.876,IL
LN-2024-09991,Direct,30yr Fixed,360181,2024-11-01,363,7.759,CA
LN-2024-09992,Direct,ARM 5/1,847413,2024-04-01,269,6.598,CA
LN-2024-09993,Retail,15yr Fixed,330391,2024-09-01,271,5.753,FL
LN-2024-09994,Direct,30yr Fixed,437604,2024-04-01,374,6.13,AZ
LN-2024-09995,Direct,30yr Fixed,760002,2024-01-01,323,8.279,IL
LN-2024-09996,Wholesale,15yr Fixed,309217,2024-04-01,274,8.015,IL
LN-2024-09997,Direct,ARM 5/1,401680,2024-03-01,306,5.924,NY
LN-2024-09998,Wholesale,30yr Fixed,1147958,2024-01-01,349,6.25,IL
LN-2024-09999,Wholesale,15yr Fixed,626529,2024-06-01,288,7.586,FL
LN-2024-10000,Direct,ARM 5/1,758053,2024-07-01,361,6.187,AZ
