lock_id,channel,lock_month,locked_amount,funded_flag
LOCK-2024-00001,Wholesale,2024-08-01,1112503,1
LOCK-2024-00002,Correspondent,2024-08-01,732104,1
LOCK-2024-00003,Direct,2024-04-01,946467,1
LOCK-2024-00004,Wholesale,2024-05-01,1162654,1
LOCK-2024-00005,Correspondent,2024-02-01,656209,0
LOCK-2024-00006,Correspondent,2024-10-01,863838,0
LOCK-2024-00007,Direct,2024-04-01,799360,0
LOCK-2024-00008,Wholesale,2024-04-01,1129026,1
LOCK-2024-00009,Retail,2024-12-01,708491,1
LOCK-2024-00010,Retail,2024-01-01,1179915,1
LOCK-2024-00011,Correspondent,2024-06-01,1089895,0
LOCK-2024-00012,Wholesale,2024-11-01,525714,1
LOCK-2024-00013,Retail,2024-09-01,310628,1
LOCK-2024-00014,Wholesale,2024-07-01,1094369,0
LOCK-2024-00015,Wholesale,2024-10-01,285537,0
LOCK-2024-00016,Direct,2024-10-01,826078,0
LOCK-2024-00017,Direct,2024-08-01,515251,1
LOCK-2024-00018,Retail,2024-07-01,1146330,1
LOCK-2024-00019,Correspondent,2024-03-01,1014979,1
LOCK-2024-00020,Direct,2024-04-01,791529,0
LOCK-2024-00021,Direct,2024-08-01,670939,1
LOCK-2024-00022,Correspondent,2024-05-01,823467,0
LOCK-2024-00023,Direct,2024-11-01,315021,0
LOCK-2024-00024,Direct,2024-10-01,526690,1
LOCK-2024-00025,Direct,2024-09-01,368757,1
LOCK-2024-00026,Correspondent,2024-12-01,852335,1
LOCK-2024-00027,Direct,2024-12-01,767185,0
LOCK-2024-00028,Retail,2024-12-01,186966,1
LOCK-2024-00029,Correspondent,2024-09-01,1145392,1
LOCK-2024-00030,Retail,2024-07-01,776437,0
LOCK-2024-00031,Wholesale,2024-03-01,319983,1
LOCK-2024-00032,Correspondent,2024-09-01,913748,0
LOCK-2024-00033,Retail,2024-05-01,736014,0
LOCK-2024-00034,Wholesale,2024-12-01,585079,1
LOCK-2024-00035,Correspondent,2024-08-01,1168273,1
LOCK-2024-00036,Correspondent,2024-10-01,214388,1
LOCK-2024-00037,Direct,2024-05-01,559499,1
LOCK-2024-00038,Correspondent,2024-06-01,854865,0
LOCK-2024-00039,Correspondent,2024-03-01,477236,1
LOCK-2024-00040,Retail,2024-09-01,285704,1
LOCK-2024-00041,Retail,2024-04-01,668314,0
LOCK-2024-00042,Correspondent,2024-01-01,357231,1
LOCK-2024-00043,Correspondent,2024-09-01,917372,0
LOCK-2024-00044,Retail,2024-09-01,310581,1
LOCK-2024-00045,Direct,2024-04-01,771949,0
LOCK-2024-00046,Wholesale,2024-11-01,767539,1
LOCK-2024-00047,Correspondent,2024-12-01,171282,1
LOCK-2024-00048,Direct,2024-03-01,717829,1
LOCK-2024-00049,Direct,2024-10-01,359939,1
LOCK-2024-00050,Retail,2024-04-01,999703,0
LOCK-2024-00051,Correspondent,2024-04-01,932076,1
LOCK-2024-00052,Retail,2024-12-01,1118194,1
LOCK-2024-00053,Wholesale,2024-09-01,897099,1
LOCK-2024-00054,Retail,2024-07-01,908222,1
LOCK-2024-00055,Correspondent,2024-02-01,311863,1
LOCK-2024-00056,Retail,2024-02-01,335164,1
LOCK-2024-00057,Retail,2024-02-01,521235,0
LOCK-2024-00058,Wholesale,2024-10-01,453353,0
LOCK-2024-00059,Wholesale,2024-01-01,199141,0
LOCK-2024-00060,Retail,2024-03-01,245439,1
LOCK-2024-00061,Retail,2024-11-01,502975,1
LOCK-2024-00062,Direct,2024-08-01,469060,0
LOCK-2024-00063,Correspondent,2024-06-01,271183,1
LOCK-2024-00064,Correspondent,2024-07-01,221965,1
LOCK-2024-00065,Retail,2024-05-01,811945,0
LOCK-2024-00066,Retail,2024-03-01,859485,1
LOCK-2024-00067,Retail,2024-09-01,255681,0
LOCK-2024-00068,Wholesale,2024-05-01,255595,1
LOCK-2024-00069,Retail,2024-04-01,721471,0
LOCK-2024-00070,Retail,2024-04-01,349001,1
LOCK-2024-00071,Retail,2024-12-01,306098,1
LOCK-2024-00072,Wholesale,2024-06-01,1154733,0
LOCK-2024-00073,Correspondent,2024-12-01,276743,0
LOCK-2024-00074,Direct,2024-09-01,488923,1
LOCK-2024-00075,Direct,2024-03-01,758282,1
LOCK-2024-00076,Wholesale,2024-01-01,203463,1
LOCK-2024-00077,Direct,2024-06-01,878176,1
LOCK-2024-00078,Direct,2024-02-01,1041692,0
LOCK-2024-00079,Retail,2024-10-01,927371,1
LOCK-2024-00080,Wholesale,2024-02-01,458421,0
LOCK-2024-00081,Direct,2024-03-01,795255,1
LOCK-2024-00082,Correspondent,2024-10-01,306188,1
LOCK-2024-00083,Direct,2024-10-01,518671,1
LOCK-2024-00084,Direct,2024-08-01,696037,0
LOCK-2024-00085,Correspondent,2024-07-01,1122621,1
LOCK-2024-00086,Wholesale,2024-09-01,375143,1
LOCK-2024-00087,Direct,2024-07-01,321911,1
LOCK-2024-00088,Direct,2024-09-01,563184,1
LOCK-2024-00089,Correspondent,2024-04-01,780433,1
LOCK-2024-00090,Correspondent,2024-12-01,687897,1
LOCK-2024-00091,Retail,2024-07-01,664415,0
LOCK-2024-00092,Wholesale,2024-12-01,909328,1
LOCK-2024-00093,Correspondent,2024-11-01,1099322,1
LOCK-2024-00094,Wholesale,2024-02-01,277999,1
LOCK-2024-00095,Correspondent,2024-06-01,1009939,1
LOCK-2024-00096,Retail,2024-05-01,796128,1
LOCK-2024-00097,Wholesale,2024-05-01,820382,1
LOCK-2024-00098,Correspondent,2024-08-01,958309,1
LOCK-2024-00099,Correspondent,2024-06-01,1023084,0
LOCK-2024-00100,Correspondent,2024-11-01,1189954,0
LOCK-2024-00101,Retail,2024-09-01,725120,0
LOCK-2024-00102,Wholesale,2024-07-01,200494,1
LOCK-2024-00103,Wholesale,2024-02-01,355324,1
LOCK-2024-00104,Wholesale,2024-09-01,652209,1
LOCK-2024-00105,Retail,2024-06-01,491422,1
LOCK-2024-00106,Correspondent,2024-08-01,329447,0
LOCK-2024-00107,Direct,2024-04-01,1022991,1
LOCK-2024-00108,Direct,2024-11-01,1021560,1
LOCK-2024-00109,Direct,2024-09-01,288756,0
LOCK-2024-00110,Retail,2024-12-01,185581,0
LOCK-2024-00111,Correspondent,2024-09-01,1041207,0
LOCK-2024-00112,Direct,2024-01-01,345509,0
LOCK-2024-00113,Direct,2024-12-01,555627,1
LOCK-2024-00114,Correspondent,2024-05-01,649848,1
LOCK-2024-00115,Retail,2024-01-01,1033955,1
LOCK-2024-00116,Correspondent,2024-09-01,443021,1
LOCK-2024-00117,Correspondent,2024-06-01,676303,1
LOCK-2024-00118,Correspondent,2024-01-01,868997,0
LOCK-2024-00119,Wholesale,2024-02-01,385598,1
LOCK-2024-00120,Direct,2024-10-01,359590,1
LOCK-2024-00121,Direct,2024-10-01,379507,1
LOCK-2024-00122,Wholesale,2024-01-01,756744,1
LOCK-2024-00123,Retail,2024-12-01,863026,1
LOCK-2024-00124,Wholesale,2024-12-01,774486,0
LOCK-2024-00125,Retail,2024-03-01,384350,0
LOCK-2024-00126,Correspondent,2024-07-01,1174865,1
LOCK-2024-00127,Wholesale,2024-10-01,356930,1
LOCK-2024-00128,Direct,2024-01-01,218762,1
LOCK-2024-00129,Correspondent,2024-02-01,1106441,0
LOCK-2024-00130,Direct,2024-03-01,942319,1
LOCK-2024-00131,Direct,2024-10-01,197609,1
LOCK-2024-00132,Direct,2024-12-01,267481,0
LOCK-2024-00133,Correspondent,2024-09-01,442870,0
LOCK-2024-00134,Direct,2024-12-01,982614,1
LOCK-2024-00135,Wholesale,2024-04-01,489130,1
LOCK-2024-00136,Direct,2024-06-01,968566,1
LOCK-2024-00137,Correspondent,2024-03-01,1110467,1
LOCK-2024-00138,Direct,2024-09-01,337827,1
LOCK-2024-00139,Direct,2024-04-01,1046793,1
LOCK-2024-00140,Retail,2024-06-01,263842,1
LOCK-2024-00141,Wholesale,2024-10-01,660868,1
LOCK-2024-00142,Retail,2024-08-01,251977,0
LOCK-2024-00143,Correspondent,2024-04-01,734478,1
LOCK-2024-00144,Retail,2024-12-01,886746,1
LOCK-2024-00145,Correspondent,2024-02-01,543888,0
LOCK-2024-00146,Wholesale,2024-04-01,1006493,0
LOCK-2024-00147,Wholesale,2024-11-01,204492,1
LOCK-2024-00148,Direct,2024-01-01,975834,1
LOCK-2024-00149,Retail,2024-06-01,356409,0
LOCK-2024-00150,Retail,2024-07-01,548536,0
LOCK-2024-00151,Correspondent,2024-08-01,155687,1
LOCK-2024-00152,Retail,2024-05-01,174669,0
LOCK-2024-00153,Correspondent,2024-08-01,1192961,0
LOCK-2024-00154,Correspondent,2024-03-01,761989,1
LOCK-2024-00155,Direct,2024-05-01,328555,1
LOCK-2024-00156,Direct,2024-05-01,919938,0
LOCK-2024-00157,Wholesale,2024-03-01,254438,1
LOCK-2024-00158,Correspondent,2024-03-01,436414,1
LOCK-2024-00159,Wholesale,2024-08-01,1048752,0
LOCK-2024-00160,Correspondent,2024-01-01,911486,1
LOCK-2024-00161,Correspondent,2024-12-01,391680,1
LOCK-2024-00162,Wholesale,2024-04-01,387614,1
LOCK-2024-00163,Retail,2024-05-01,1133704,1
LOCK-2024-00164,Direct,2024-07-01,847675,1
LOCK-2024-00165,Direct,2024-10-01,811034,0
LOCK-2024-00166,Wholesale,2024-05-01,1103159,1
LOCK-2024-00167,Correspondent,2024-12-01,1104971,1
LOCK-2024-00168,Wholesale,2024-01-01,206871,0
LOCK-2024-00169,Correspondent,2024-07-01,649851,0
LOCK-2024-00170,Direct,2024-05-01,525540,1
LOCK-2024-00171,Correspondent,2024-06-01,822753,1
LOCK-2024-00172,Wholesale,2024-09-01,812865,0
LOCK-2024-00173,Wholesale,2024-12-01,694083,1
LOCK-2024-00174,Correspondent,2024-09-01,1065537,0
LOCK-2024-00175,Retail,2024-03-01,289718,1
LOCK-2024-00176,Direct,2024-06-01,622780,0
LOCK-2024-00177,Retail,2024-09-01,608368,1
LOCK-2024-00178,Correspondent,2024-12-01,183136,1
LOCK-2024-00179,Wholesale,2024-02-01,308023,1
LOCK-2024-00180,Wholesale,2024-09-01,459976,0
LOCK-2024-00181,Retail,2024-05-01,1105674,1
LOCK-2024-00182,Retail,2024-08-01,1170143,0
LOCK-2024-00183,Direct,2024-11-01,451332,1
LOCK-2024-00184,Retail,2024-06-01,911456,1
LOCK-2024-00185,Retail,2024-11-01,455212,0
LOCK-2024-00186,Retail,2024-11-01,644728,1
LOCK-2024-00187,Correspondent,2024-02-01,1120148,1
LOCK-2024-00188,Retail,2024-08-01,809548,1
LOCK-2024-00189,Wholesale,2024-10-01,208356,1
LOCK-2024-00190,Correspondent,2024-02-01,478813,0
LOCK-2024-00191,Direct,2024-04-01,397172,0
LOCK-2024-00192,Wholesale,2024-05-01,164438,1
LOCK-2024-00193,Wholesale,2024-05-01,620699,1
LOCK-2024-00194,Retail,2024-03-01,851993,1
LOCK-2024-00195,Retail,2024-06-01,736915,1
LOCK-2024-00196,Wholesale,2024-03-01,571254,1
LOCK-2024-00197,Direct,2024-03-01,722825,1
LOCK-2024-00198,Wholesale,2024-11-01,1179758,1
LOCK-2024-00199,Wholesale,2024-01-01,473218,1
LOCK-2024-00200,Correspondent,2024-06-01,1090356,1
LOCK-2024-00201,Wholesale,2024-08-01,328781,1
LOCK-2024-00202,Direct,2024-11-01,722794,0
LOCK-2024-00203,Correspondent,2024-03-01,825970,0
LOCK-2024-00204,Retail,2024-08-01,1091805,1
LOCK-2024-00205,Retail,2024-09-01,700154,1
LOCK-2024-00206,Correspondent,2024-05-01,314847,0
LOCK-2024-00207,Wholesale,2024-04-01,470400,0
LOCK-2024-00208,Direct,2024-03-01,654117,1
LOCK-2024-00209,Wholesale,2024-12-01,1156593,0
LOCK-2024-00210,Retail,2024-06-01,173532,0
LOCK-2024-00211,Retail,2024-03-01,687182,1
LOCK-2024-00212,Retail,2024-03-01,264155,1
LOCK-2024-00213,Retail,2024-11-01,873250,1
LOCK-2024-00214,Retail,2024-09-01,631285,0
LOCK-2024-00215,Correspondent,2024-06-01,937326,1
LOCK-2024-00216,Wholesale,2024-09-01,1137442,0
LOCK-2024-00217,Correspondent,2024-06-01,416097,1
LOCK-2024-00218,Direct,2024-07-01,732669,1
LOCK-2024-00219,Retail,2024-11-01,912330,1
LOCK-2024-00220,Correspondent,2024-09-01,295996,1
LOCK-2024-00221,Correspondent,2024-08-01,955282,1
LOCK-2024-00222,Correspondent,2024-11-01,839474,1
LOCK-2024-00223,Correspondent,2024-02-01,835194,0
LOCK-2024-00224,Wholesale,2024-10-01,664092,1
LOCK-2024-00225,Direct,2024-08-01,438010,0
LOCK-2024-00226,Direct,2024-02-01,1134224,0
LOCK-2024-00227,Direct,2024-05-01,683525,1
LOCK-2024-00228,Direct,2024-12-01,189826,1
LOCK-2024-00229,Correspondent,2024-01-01,1196406,1
LOCK-2024-00230,Direct,2024-12-01,915775,1
LOCK-2024-00231,Correspondent,2024-02-01,620396,1
LOCK-2024-00232,Direct,2024-11-01,768767,1
LOCK-2024-00233,Direct,2024-05-01,229269,1
LOCK-2024-00234,Correspondent,2024-02-01,907108,1
LOCK-2024-00235,Correspondent,2024-05-01,613118,0
LOCK-2024-00236,Correspondent,2024-05-01,924823,1
LOCK-2024-00237,Retail,2024-02-01,849587,0
LOCK-2024-00238,Wholesale,2024-07-01,813939,0
LOCK-2024-00239,Wholesale,2024-03-01,329314,1
LOCK-2024-00240,Correspondent,2024-07-01,629747,0
LOCK-2024-00241,Correspondent,2024-11-01,1014145,1
LOCK-2024-00242,Wholesale,2024-04-01,710598,1
LOCK-2024-00243,Correspondent,2024-11-01,861682,1
LOCK-2024-00244,Wholesale,2024-09-01,747353,1
LOCK-2024-00245,Direct,2024-08-01,164444,0
LOCK-2024-00246,Direct,2024-03-01,450009,1
LOCK-2024-00247,Retail,2024-08-01,520375,1
LOCK-2024-00248,Retail,2024-11-01,634748,1
LOCK-2024-00249,Retail,2024-01-01,810212,1
LOCK-2024-00250,Wholesale,2024-04-01,856196,1
LOCK-2024-00251,Retail,2024-03-01,224835,0
LOCK-2024-00252,Wholesale,2024-01-01,219999,1
LOCK-2024-00253,Direct,2024-03-01,777093,1
LOCK-2024-00254,Retail,2024-02-01,997256,1
LOCK-2024-00255,Wholesale,2024-07-01,1004025,0
LOCK-2024-00256,Wholesale,2024-09-01,642424,1
LOCK-2024-00257,Wholesale,2024-02-01,617611,1
LOCK-2024-00258,Wholesale,2024-09-01,359780,1
LOCK-2024-00259,Direct,2024-07-01,933953,1
LOCK-2024-00260,Wholesale,2024-04-01,265364,0
LOCK-2024-00261,Correspondent,2024-08-01,488269,1
LOCK-2024-00262,Correspondent,2024-09-01,935650,1
LOCK-2024-00263,Correspondent,2024-04-01,958992,0
LOCK-2024-00264,Wholesale,2024-04-01,416180,1
LOCK-2024-00265,Retail,2024-03-01,330652,1
LOCK-2024-00266,Correspondent,2024-02-01,1191820,1
LOCK-2024-00267,Correspondent,2024-04-01,195414,1
LOCK-2024-00268,Correspondent,2024-12-01,624497,1
LOCK-2024-00269,Direct,2024-10-01,476104,1
LOCK-2024-00270,Wholesale,2024-03-01,789003,0
LOCK-2024-00271,Correspondent,2024-06-01,1028676,1
LOCK-2024-00272,Retail,2024-10-01,878274,1
LOCK-2024-00273,Correspondent,2024-05-01,1157000,1
LOCK-2024-00274,Direct,2024-03-01,597408,1
LOCK-2024-00275,Wholesale,2024-06-01,1158971,1
LOCK-2024-00276,Retail,2024-09-01,488236,1
LOCK-2024-00277,Correspondent,2024-01-01,782727,1
LOCK-2024-00278,Correspondent,2024-08-01,446803,1
LOCK-2024-00279,Retail,2024-05-01,1064996,1
LOCK-2024-00280,Correspondent,2024-11-01,978578,1
LOCK-2024-00281,Direct,2024-08-01,261415,1
LOCK-2024-00282,Correspondent,2024-05-01,1044929,1
LOCK-2024-00283,Direct,2024-09-01,963306,1
LOCK-2024-00284,Wholesale,2024-12-01,344527,0
LOCK-2024-00285,Retail,2024-07-01,310176,1
LOCK-2024-00286,Correspondent,2024-08-01,440185,0
LOCK-2024-00287,Direct,2024-01-01,1072057,1
LOCK-2024-00288,Correspondent,2024-12-01,730554,1
LOCK-2024-00289,Wholesale,2024-05-01,540688,0
LOCK-2024-00290,Direct,2024-03-01,1131738,1
LOCK-2024-00291,Wholesale,2024-11-01,276157,0
LOCK-2024-00292,Correspondent,2024-05-01,1196482,0
LOCK-2024-00293,Correspondent,2024-02-01,1033402,1
LOCK-2024-00294,Retail,2024-07-01,282989,1
LOCK-2024-00295,Retail,2024-03-01,495005,0
LOCK-2024-00296,Retail,2024-07-01,277658,1
LOCK-2024-00297,Retail,2024-08-01,899929,1
LOCK-2024-00298,Retail,2024-10-01,800809,0
LOCK-2024-00299,Direct,2024-07-01,816397,1
LOCK-2024-00300,Correspondent,2024-07-01,174266,0
LOCK-2024-00301,Direct,2024-04-01,775082,0
LOCK-2024-00302,Wholesale,2024-12-01,186349,1
LOCK-2024-00303,Retail,2024-01-01,389781,1
LOCK-2024-00304,Wholesale,2024-11-01,940715,1
LOCK-2024-00305,Wholesale,2024-07-01,197195,1
LOCK-2024-00306,Direct,2024-05-01,812193,1
LOCK-2024-00307,Correspondent,2024-08-01,680939,1
LOCK-2024-00308,Retail,2024-10-01,960151,1
LOCK-2024-00309,Retail,2024-09-01,686164,1
LOCK-2024-00310,Wholesale,2024-09-01,927805,0
LOCK-2024-00311,Direct,2024-01-01,1134270,1
LOCK-2024-00312,Wholesale,2024-01-01,419881,0
LOCK-2024-00313,Retail,2024-04-01,326441,0
LOCK-2024-00314,Retail,2024-09-01,1048307,1
LOCK-2024-00315,Direct,2024-02-01,1055628,1
LOCK-2024-00316,Direct,2024-08-01,1196549,1
LOCK-2024-00317,Correspondent,2024-01-01,587563,1
LOCK-2024-00318,Wholesale,2024-05-01,430099,0
LOCK-2024-00319,Retail,2024-08-01,195155,0
LOCK-2024-00320,Wholesale,2024-03-01,811584,0
LOCK-2024-00321,Retail,2024-12-01,1059363,1
LOCK-2024-00322,Correspondent,2024-01-01,522475,1
LOCK-2024-00323,Correspondent,2024-02-01,1184669,1
LOCK-2024-00324,Direct,2024-04-01,769648,0
LOCK-2024-00325,Direct,2024-05-01,943675,1
LOCK-2024-00326,Correspondent,2024-06-01,1190081,1
LOCK-2024-00327,Correspondent,2024-01-01,349889,1
LOCK-2024-00328,Direct,2024-11-01,956587,1
LOCK-2024-00329,Direct,2024-09-01,194140,1
LOCK-2024-00330,Direct,2024-11-01,1125047,0
LOCK-2024-00331,Wholesale,2024-11-01,726698,1
LOCK-2024-00332,Retail,2024-06-01,1089193,1
LOCK-2024-00333,Retail,2024-04-01,761212,0
LOCK-2024-00334,Direct,2024-03-01,478694,0
LOCK-2024-00335,Wholesale,2024-01-01,932900,0
LOCK-2024-00336,Direct,2024-06-01,151613,0
LOCK-2024-00337,Correspondent,2024-09-01,857760,1
LOCK-2024-00338,Correspondent,2024-06-01,494103,1
LOCK-2024-00339,Correspondent,2024-04-01,1058088,1
LOCK-2024-00340,Correspondent,2024-08-01,446666,0
LOCK-2024-00341,Correspondent,2024-03-01,212487,1
LOCK-2024-00342,Retail,2024-09-01,1021381,1
LOCK-2024-00343,Retail,2024-02-01,595241,0
LOCK-2024-00344,Direct,2024-08-01,361025,1
LOCK-2024-00345,Direct,2024-02-01,1004746,1
LOCK-2024-00346,Retail,2024-04-01,771743,1
LOCK-2024-00347,Wholesale,2024-08-01,970489,1
LOCK-2024-00348,Direct,2024-01-01,1166182,0
LOCK-2024-00349,Direct,2024-06-01,1040532,1
LOCK-2024-00350,Correspondent,2024-01-01,186677,1
LOCK-2024-00351,Wholesale,2024-07-01,1011586,1
LOCK-2024-00352,Correspondent,2024-04-01,972656,1
LOCK-2024-00353,Direct,2024-10-01,289215,1
LOCK-2024-00354,Direct,2024-12-01,1107794,0
LOCK-2024-00355,Retail,2024-11-01,608961,0
LOCK-2024-00356,Wholesale,2024-09-01,432538,1
LOCK-2024-00357,Direct,2024-05-01,385971,0
LOCK-2024-00358,Wholesale,2024-05-01,664043,1
LOCK-2024-00359,Retail,2024-06-01,518307,1
LOCK-2024-00360,Retail,2024-08-01,754958,1
LOCK-2024-00361,Retail,2024-08-01,668852,1
LOCK-2024-00362,Wholesale,2024-11-01,386607,1
LOCK-2024-00363,Correspondent,2024-02-01,378775,1
LOCK-2024-00364,Wholesale,2024-08-01,1028084,1
LOCK-2024-00365,Wholesale,2024-12-01,399057,1
LOCK-2024-00366,Direct,2024-11-01,206310,1
LOCK-2024-00367,Correspondent,2024-08-01,1098814,1
LOCK-2024-00368,Direct,2024-03-01,835227,1
LOCK-2024-00369,Retail,2024-02-01,737619,0
LOCK-2024-00370,Correspondent,2024-07-01,1085033,0
LOCK-2024-00371,Direct,2024-07-01,196594,0
LOCK-2024-00372,Correspondent,2024-02-01,627277,0
LOCK-2024-00373,Wholesale,2024-12-01,1163102,0
LOCK-2024-00374,Correspondent,2024-05-01,861661,1
LOCK-2024-00375,Retail,2024-01-01,962652,0
LOCK-2024-00376,Correspondent,2024-03-01,211354,1
LOCK-2024-00377,Retail,2024-10-01,972628,1
LOCK-2024-00378,Direct,2024-07-01,1127917,0
LOCK-2024-00379,Direct,2024-10-01,397984,1
LOCK-2024-00380,Wholesale,2024-07-01,1038214,0
LOCK-2024-00381,Correspondent,2024-11-01,163001,0
LOCK-2024-00382,Correspondent,2024-11-01,1007966,1
LOCK-2024-00383,Correspondent,2024-04-01,559620,1
LOCK-2024-00384,Retail,2024-01-01,938216,1
LOCK-2024-00385,Retail,2024-10-01,390948,1
LOCK-2024-00386,Retail,2024-09-01,151389,1
LOCK-2024-00387,Retail,2024-12-01,457825,0
LOCK-2024-00388,Correspondent,2024-02-01,1067117,0
LOCK-2024-00389,Correspondent,2024-04-01,666552,1
LOCK-2024-00390,Retail,2024-08-01,1180110,1
LOCK-2024-00391,Retail,2024-10-01,277445,1
LOCK-2024-00392,Retail,2024-05-01,694567,1
LOCK-2024-00393,Wholesale,2024-02-01,295759,1
LOCK-2024-00394,Wholesale,2024-04-01,548443,1
LOCK-2024-00395,Direct,2024-10-01,874816,1
LOCK-2024-00396,Wholesale,2024-02-01,360279,1
LOCK-2024-00397,Direct,2024-06-01,175296,1
LOCK-2024-00398,Wholesale,2024-08-01,502058,1
LOCK-2024-00399,Direct,2024-06-01,1150881,1
LOCK-2024-00400,Correspondent,2024-08-01,1196584,1
LOCK-2024-00401,Correspondent,2024-02-01,970883,0
LOCK-2024-00402,Wholesale,2024-12-01,867367,1
LOCK-2024-00403,Wholesale,2024-10-01,765902,1
LOCK-2024-00404,Direct,2024-01-01,890216,1
LOCK-2024-00405,Correspondent,2024-04-01,590720,1
LOCK-2024-00406,Wholesale,2024-04-01,332037,1
LOCK-2024-00407,Correspondent,2024-09-01,369306,1
LOCK-2024-00408,Retail,2024-11-01,1131179,0
LOCK-2024-00409,Direct,2024-07-01,1011518,1
LOCK-2024-00410,Retail,2024-07-01,1033927,0
LOCK-2024-00411,Correspondent,2024-08-01,658383,1
LOCK-2024-00412,Correspondent,2024-11-01,385653,1
LOCK-2024-00413,Correspondent,2024-07-01,665300,1
LOCK-2024-00414,Direct,2024-01-01,1134177,1
LOCK-2024-00415,Direct,2024-08-01,548770,1
LOCK-2024-00416,Wholesale,2024-04-01,518415,1
LOCK-2024-00417,Correspondent,2024-12-01,1101870,0
LOCK-2024-00418,Retail,2024-10-01,636794,1
LOCK-2024-00419,Direct,2024-10-01,951664,1
LOCK-2024-00420,Retail,2024-12-01,1086738,1
LOCK-2024-00421,Wholesale,2024-07-01,274549,1
LOCK-2024-00422,Retail,2024-09-01,665088,1
LOCK-2024-00423,Correspondent,2024-12-01,1191940,0
LOCK-2024-00424,Correspondent,2024-06-01,981127,1
LOCK-2024-00425,Retail,2024-07-01,424478,0
LOCK-2024-00426,Direct,2024-03-01,852091,1
LOCK-2024-00427,Direct,2024-09-01,1013865,1
LOCK-2024-00428,Direct,2024-11-01,310820,1
LOCK-2024-00429,Wholesale,2024-05-01,680424,1
LOCK-2024-00430,Retail,2024-03-01,986625,0
LOCK-2024-00431,Direct,2024-02-01,738892,0
LOCK-2024-00432,Retail,2024-12-01,714775,1
LOCK-2024-00433,Direct,2024-04-01,365887,1
LOCK-2024-00434,Retail,2024-03-01,627683,0
LOCK-2024-00435,Retail,2024-10-01,554057,0
LOCK-2024-00436,Wholesale,2024-06-01,572934,1
LOCK-2024-00437,Wholesale,2024-08-01,419711,0
LOCK-2024-00438,Direct,2024-06-01,1082004,1
LOCK-2024-00439,Wholesale,2024-03-01,1020507,1
LOCK-2024-00440,Retail,2024-09-01,506976,0
LOCK-2024-00441,Direct,2024-10-01,308240,0
LOCK-2024-00442,Wholesale,2024-09-01,1142117,1
LOCK-2024-00443,Correspondent,2024-10-01,392049,1
LOCK-2024-00444,Direct,2024-07-01,793591,1
LOCK-2024-00445,Correspondent,2024-04-01,709240,1
LOCK-2024-00446,Retail,2024-04-01,779858,1
LOCK-2024-00447,Wholesale,2024-12-01,1184231,1
LOCK-2024-00448,Direct,2024-04-01,814147,1
LOCK-2024-00449,Wholesale,2024-06-01,709443,1
LOCK-2024-00450,Wholesale,2024-08-01,155262,0
LOCK-2024-00451,Wholesale,2024-09-01,881699,1
LOCK-2024-00452,Correspondent,2024-05-01,1103724,1
LOCK-2024-00453,Correspondent,2024-06-01,627480,1
LOCK-2024-00454,Retail,2024-02-01,935813,1
LOCK-2024-00455,Retail,2024-07-01,621577,0
LOCK-2024-00456,Correspondent,2024-02-01,901724,1
LOCK-2024-00457,Wholesale,2024-02-01,484926,0
LOCK-2024-00458,Direct,2024-11-01,208124,1
LOCK-2024-00459,Correspondent,2024-03-01,1038035,0
LOCK-2024-00460,Direct,2024-01-01,492085,0
LOCK-2024-00461,Direct,2024-08-01,680355,0
LOCK-2024-00462,Correspondent,2024-08-01,1139345,1
LOCK-2024-00463,Correspondent,2024-02-01,681037,1
LOCK-2024-00464,Correspondent,2024-08-01,205152,1
LOCK-2024-00465,Direct,2024-06-01,509960,1
LOCK-2024-00466,Wholesale,2024-04-01,539289,1
LOCK-2024-00467,Retail,2024-05-01,235838,0
LOCK-2024-00468,Direct,2024-07-01,1160477,1
LOCK-2024-00469,Direct,2024-11-01,1088020,0
LOCK-2024-00470,Retail,2024-07-01,1165076,1
LOCK-2024-00471,Correspondent,2024-03-01,1029822,0
LOCK-2024-00472,Wholesale,2024-08-01,211843,1
LOCK-2024-00473,Wholesale,2024-10-01,657451,0
LOCK-2024-00474,Wholesale,2024-01-01,497089,1
LOCK-2024-00475,Retail,2024-12-01,419407,1
LOCK-2024-00476,Retail,2024-12-01,1092277,1
LOCK-2024-00477,Wholesale,2024-05-01,413494,0
LOCK-2024-00478,Wholesale,2024-02-01,773283,1
LOCK-2024-00479,Wholesale,2024-02-01,422763,1
LOCK-2024-00480,Correspondent,2024-04-01,1063041,1
LOCK-2024-00481,Correspondent,2024-11-01,841365,1
LOCK-2024-00482,Correspondent,2024-10-01,281134,1
LOCK-2024-00483,Wholesale,2024-03-01,911169,1
LOCK-2024-00484,Direct,2024-09-01,919269,1
LOCK-2024-00485,Retail,2024-10-01,496888,1
LOCK-2024-00486,Retail,2024-04-01,530589,1
LOCK-2024-00487,Wholesale,2024-05-01,451571,0
LOCK-2024-00488,Correspondent,2024-08-01,742672,0
LOCK-2024-00489,Wholesale,2024-11-01,1157854,1
LOCK-2024-00490,Retail,2024-02-01,360924,1
LOCK-2024-00491,Retail,2024-01-01,185471,1
LOCK-2024-00492,Retail,2024-05-01,1136479,1
LOCK-2024-00493,Correspondent,2024-09-01,455614,0
LOCK-2024-00494,Retail,2024-03-01,1088830,0
LOCK-2024-00495,Direct,2024-11-01,213613,1
LOCK-2024-00496,Correspondent,2024-11-01,903258,1
LOCK-2024-00497,Direct,2024-06-01,1143614,1
LOCK-2024-00498,Wholesale,2024-03-01,1145331,0
LOCK-2024-00499,Direct,2024-01-01,843685,1
LOCK-2024-00500,Direct,2024-06-01,568534,1
LOCK-2024-00501,Direct,2024-06-01,504106,1
LOCK-2024-00502,Retail,2024-01-01,491620,1
LOCK-2024-00503,Direct,2024-04-01,512708,1
LOCK-2024-00504,Retail,2024-08-01,988666,1
LOCK-2024-00505,Correspondent,2024-03-01,1075579,1
LOCK-2024-00506,Wholesale,2024-06-01,734287,0
LOCK-2024-00507,Retail,2024-03-01,422712,1
LOCK-2024-00508,Wholesale,2024-02-01,442957,1
LOCK-2024-00509,Direct,2024-10-01,1091476,1
LOCK-2024-00510,Retail,2024-11-01,695254,1
LOCK-2024-00511,Retail,2024-12-01,439986,1
LOCK-2024-00512,Correspondent,2024-11-01,1177696,1
LOCK-2024-00513,Wholesale,2024-08-01,226326,1
LOCK-2024-00514,Wholesale,2024-05-01,200861,1
LOCK-2024-00515,Correspondent,2024-10-01,798464,0
LOCK-2024-00516,Direct,2024-06-01,1153761,0
LOCK-2024-00517,Correspondent,2024-04-01,885843,1
LOCK-2024-00518,Wholesale,2024-09-01,247478,1
LOCK-2024-00519,Retail,2024-08-01,315077,1
LOCK-2024-00520,Direct,2024-06-01,801731,0
LOCK-2024-00521,Wholesale,2024-08-01,722163,1
LOCK-2024-00522,Direct,2024-09-01,1023311,1
LOCK-2024-00523,Wholesale,2024-10-01,539028,1
LOCK-2024-00524,Wholesale,2024-01-01,301289,1
LOCK-2024-00525,Correspondent,2024-09-01,537142,1
LOCK-2024-00526,Retail,2024-09-01,1029443,1
LOCK-2024-00527,Direct,2024-04-01,542363,1
LOCK-2024-00528,Correspondent,2024-06-01,948075,0
LOCK-2024-00529,Wholesale,2024-04-01,586116,0
LOCK-2024-00530,Direct,2024-11-01,1198806,1
LOCK-2024-00531,Retail,2024-08-01,529109,1
LOCK-2024-00532,Correspondent,2024-11-01,1148493,1
LOCK-2024-00533,Direct,2024-11-01,875341,1
LOCK-2024-00534,Wholesale,2024-07-01,877443,1
LOCK-2024-00535,Wholesale,2024-08-01,1019656,1
LOCK-2024-00536,Wholesale,2024-09-01,623875,1
LOCK-2024-00537,Direct,2024-02-01,669598,1
LOCK-2024-00538,Direct,2024-03-01,708663,0
LOCK-2024-00539,Direct,2024-05-01,540360,1
LOCK-2024-00540,Correspondent,2024-06-01,633567,0
LOCK-2024-00541,Correspondent,2024-12-01,187184,1
LOCK-2024-00542,Retail,2024-04-01,784137,1
LOCK-2024-00543,Wholesale,2024-09-01,1024976,0
LOCK-2024-00544,Retail,2024-05-01,1153079,1
LOCK-2024-00545,Correspondent,2024-06-01,210889,1
LOCK-2024-00546,Correspondent,2024-09-01,754249,1
LOCK-2024-00547,Retail,2024-12-01,568905,0
LOCK-2024-00548,Wholesale,2024-06-01,230748,1
LOCK-2024-00549,Wholesale,2024-12-01,724584,1
LOCK-2024-00550,Retail,2024-06-01,1160310,1
LOCK-2024-00551,Wholesale,2024-03-01,1000911,1
LOCK-2024-00552,Direct,2024-08-01,678247,1
LOCK-2024-00553,Wholesale,2024-03-01,486567,1
LOCK-2024-00554,Correspondent,2024-05-01,383377,1
LOCK-2024-00555,Wholesale,2024-11-01,773908,1
LOCK-2024-00556,Wholesale,2024-11-01,740914,1
LOCK-2024-00557,Retail,2024-09-01,173565,0
LOCK-2024-00558,Retail,2024-05-01,1035756,0
LOCK-2024-00559,Wholesale,2024-05-01,589586,1
LOCK-2024-00560,Direct,2024-09-01,430486,1
LOCK-2024-00561,Correspondent,2024-02-01,565938,1
LOCK-2024-00562,Wholesale,2024-05-01,167215,0
LOCK-2024-00563,Retail,2024-08-01,476901,0
LOCK-2024-00564,Direct,2024-09-01,963451,0
LOCK-2024-00565,Retail,2024-08-01,648199,1
LOCK-2024-00566,Wholesale,2024-08-01,976664,1
LOCK-2024-00567,Retail,2024-08-01,756115,1
LOCK-2024-00568,Direct,2024-06-01,394250,1
LOCK-2024-00569,Correspondent,2024-09-01,287722,1
LOCK-2024-00570,Direct,2024-05-01,410911,1
LOCK-2024-00571,Retail,2024-11-01,280677,1
LOCK-2024-00572,Correspondent,2024-11-01,974264,1
LOCK-2024-00573,Wholesale,2024-11-01,853124,1
LOCK-2024-00574,Retail,2024-06-01,636805,1
LOCK-2024-00575,Direct,2024-07-01,1179753,1
LOCK-2024-00576,Retail,2024-02-01,389151,1
LOCK-2024-00577,Correspondent,2024-11-01,163087,0
LOCK-2024-00578,Direct,2024-02-01,406397,1
LOCK-2024-00579,Retail,2024-12-01,160532,1
LOCK-2024-00580,Direct,2024-05-01,188883,0
LOCK-2024-00581,Wholesale,2024-10-01,346935,1
LOCK-2024-00582,Retail,2024-04-01,546418,1
LOCK-2024-00583,Correspondent,2024-03-01,399933,1
LOCK-2024-00584,Wholesale,2024-03-01,371820,1
LOCK-2024-00585,Retail,2024-07-01,674668,1
LOCK-2024-00586,Wholesale,2024-04-01,1195976,0
LOCK-2024-00587,Direct,2024-05-01,1144368,0
LOCK-2024-00588,Direct,2024-09-01,403577,0
LOCK-2024-00589,Correspondent,2024-04-01,1115356,0
LOCK-2024-00590,Retail,2024-02-01,1128579,0
LOCK-2024-00591,Correspondent,2024-05-01,315982,0
LOCK-2024-00592,Direct,2024-04-01,404088,1
LOCK-2024-00593,Retail,2024-04-01,644517,0
LOCK-2024-00594,Correspondent,2024-09-01,265988,1
LOCK-2024-00595,Direct,2024-02-01,429254,1
LOCK-2024-00596,Retail,2024-01-01,318963,1
LOCK-2024-00597,Correspondent,2024-07-01,640331,1
LOCK-2024-00598,Correspondent,2024-03-01,540459,0
LOCK-2024-00599,Direct,2024-08-01,1066794,0
LOCK-2024-00600,Retail,2024-04-01,470008,0
LOCK-2024-00601,Wholesale,2024-05-01,677321,0
LOCK-2024-00602,Correspondent,2024-02-01,1152352,0
LOCK-2024-00603,Direct,2024-05-01,375912,0
LOCK-2024-00604,Correspondent,2024-11-01,1129997,0
LOCK-2024-00605,Wholesale,2024-07-01,591045,0
LOCK-2024-00606,Wholesale,2024-04-01,624559,1
LOCK-2024-00607,Direct,2024-11-01,639858,0
LOCK-2024-00608,Retail,2024-09-01,183327,1
LOCK-2024-00609,Retail,2024-10-01,808437,1
LOCK-2024-00610,Retail,2024-08-01,963991,1
LOCK-2024-00611,Correspondent,2024-06-01,327388,0
LOCK-2024-00612,Wholesale,2024-05-01,785556,1
LOCK-2024-00613,Direct,2024-09-01,409287,1
LOCK-2024-00614,Correspondent,2024-12-01,592402,0
LOCK-2024-00615,Wholesale,2024-11-01,570503,1
LOCK-2024-00616,Correspondent,2024-04-01,540459,1
LOCK-2024-00617,Correspondent,2024-07-01,819640,0
LOCK-2024-00618,Retail,2024-06-01,672364,0
LOCK-2024-00619,Wholesale,2024-07-01,980621,1
LOCK-2024-00620,Retail,2024-05-01,732557,1
LOCK-2024-00621,Correspondent,2024-03-01,272782,0
LOCK-2024-00622,Wholesale,2024-04-01,883735,0
LOCK-2024-00623,Correspondent,2024-10-01,543838,1
LOCK-2024-00624,Retail,2024-09-01,725788,1
LOCK-2024-00625,Correspondent,2024-06-01,219118,1
LOCK-2024-00626,Retail,2024-02-01,848486,1
LOCK-2024-00627,Retail,2024-09-01,1053184,1
LOCK-2024-00628,Correspondent,2024-08-01,898729,1
LOCK-2024-00629,Retail,2024-09-01,275933,0
LOCK-2024-00630,Direct,2024-05-01,293253,0
LOCK-2024-00631,Correspondent,2024-03-01,920710,1
LOCK-2024-00632,Retail,2024-03-01,751197,1
LOCK-2024-00633,Direct,2024-03-01,167614,1
LOCK-2024-00634,Correspondent,2024-07-01,275597,1
LOCK-2024-00635,Direct,2024-02-01,863521,0
LOCK-2024-00636,Correspondent,2024-01-01,843879,1
LOCK-2024-00637,Retail,2024-12-01,630205,1
LOCK-2024-00638,Retail,2024-02-01,1000041,0
LOCK-2024-00639,Direct,2024-07-01,658885,0
LOCK-2024-00640,Correspondent,2024-12-01,1166873,1
LOCK-2024-00641,Direct,2024-11-01,579080,0
LOCK-2024-00642,Direct,2024-05-01,322990,1
LOCK-2024-00643,Correspondent,2024-01-01,414694,0
LOCK-2024-00644,Wholesale,2024-08-01,876313,1
LOCK-2024-00645,Direct,2024-12-01,633821,0
LOCK-2024-00646,Retail,2024-11-01,280391,1
LOCK-2024-00647,Direct,2024-01-01,581230,1
LOCK-2024-00648,Correspondent,2024-03-01,549295,1
LOCK-2024-00649,Direct,2024-03-01,653653,1
LOCK-2024-00650,Retail,2024-01-01,508559,1
LOCK-2024-00651,Wholesale,2024-08-01,245303,0
LOCK-2024-00652,Correspondent,2024-01-01,973095,1
LOCK-2024-00653,Direct,2024-07-01,879181,1
LOCK-2024-00654,Correspondent,2024-07-01,887067,1
LOCK-2024-00655,Wholesale,2024-11-01,154524,1
LOCK-2024-00656,Correspondent,2024-04-01,543627,0
LOCK-2024-00657,Correspondent,2024-08-01,377347,0
LOCK-2024-00658,Direct,2024-09-01,567328,1
LOCK-2024-00659,Direct,2024-09-01,894695,1
LOCK-2024-00660,Retail,2024-12-01,248306,1
LOCK-2024-00661,Correspondent,2024-01-01,600819,1
LOCK-2024-00662,Direct,2024-12-01,1192549,1
LOCK-2024-00663,Wholesale,2024-12-01,357434,1
LOCK-2024-00664,Correspondent,2024-02-01,559089,0
LOCK-2024-00665,Wholesale,2024-06-01,269037,0
LOCK-2024-00666,Correspondent,2024-02-01,1158361,0
LOCK-2024-00667,Correspondent,2024-04-01,563309,0
LOCK-2024-00668,Direct,2024-04-01,716339,0
LOCK-2024-00669,Wholesale,2024-08-01,685829,0
LOCK-2024-00670,Correspondent,2024-05-01,227902,0
LOCK-2024-00671,Wholesale,2024-02-01,1074001,0
LOCK-2024-00672,Retail,2024-12-01,904230,1
LOCK-2024-00673,Retail,2024-09-01,459665,0
LOCK-2024-00674,Retail,2024-11-01,720928,1
LOCK-2024-00675,Correspondent,2024-03-01,873437,1
LOCK-2024-00676,Retail,2024-07-01,907801,1
LOCK-2024-00677,Wholesale,2024-10-01,710700,0
LOCK-2024-00678,Wholesale,2024-02-01,510116,1
LOCK-2024-00679,Direct,2024-01-01,713879,1
LOCK-2024-00680,Direct,2024-09-01,607009,1
LOCK-2024-00681,Direct,2024-10-01,293032,1
LOCK-2024-00682,Wholesale,2024-10-01,421237,0
LOCK-2024-00683,Retail,2024-04-01,283390,0
LOCK-2024-00684,Direct,2024-06-01,643996,1
LOCK-2024-00685,Wholesale,2024-11-01,586383,1
LOCK-2024-00686,Direct,2024-09-01,1039547,1
LOCK-2024-00687,Direct,2024-11-01,361649,1
LOCK-2024-00688,Retail,2024-12-01,433124,0
LOCK-2024-00689,Wholesale,2024-02-01,580628,1
LOCK-2024-00690,Retail,2024-05-01,336149,0
LOCK-2024-00691,Correspondent,2024-07-01,841561,1
LOCK-2024-00692,Direct,2024-11-01,1183079,1
LOCK-2024-00693,Correspondent,2024-10-01,531647,1
LOCK-2024-00694,Wholesale,2024-12-01,599739,0
LOCK-2024-00695,Wholesale,2024-06-01,553137,0
LOCK-2024-00696,Wholesale,2024-03-01,757087,1
LOCK-2024-00697,Retail,2024-12-01,1122196,0
LOCK-2024-00698,Retail,2024-05-01,170738,1
LOCK-2024-00699,Correspondent,2024-06-01,908055,0
LOCK-2024-00700,Retail,2024-11-01,669393,1
LOCK-2024-00701,Correspondent,2024-05-01,1188168,1
LOCK-2024-00702,Correspondent,2024-04-01,917346,0
LOCK-2024-00703,Retail,2024-04-01,706275,1
LOCK-2024-00704,Direct,2024-02-01,1050343,0
LOCK-2024-00705,Retail,2024-10-01,971595,0
LOCK-2024-00706,Retail,2024-07-01,553372,1
LOCK-2024-00707,Retail,2024-01-01,225062,1
LOCK-2024-00708,Wholesale,2024-10-01,266285,1
LOCK-2024-00709,Direct,2024-06-01,1072771,0
LOCK-2024-00710,Correspondent,2024-09-01,752342,1
LOCK-2024-00711,Retail,2024-04-01,836047,1
LOCK-2024-00712,Direct,2024-04-01,891228,1
LOCK-2024-00713,Correspondent,2024-01-01,1102695,1
LOCK-2024-00714,Correspondent,2024-01-01,955656,1
LOCK-2024-00715,Correspondent,2024-10-01,686251,1
LOCK-2024-00716,Retail,2024-06-01,1008685,1
LOCK-2024-00717,Wholesale,2024-06-01,671461,1
LOCK-2024-00718,Direct,2024-06-01,780557,1
LOCK-2024-00719,Direct,2024-08-01,544163,0
LOCK-2024-00720,Direct,2024-11-01,346213,1
LOCK-2024-00721,Correspondent,2024-05-01,941369,1
LOCK-2024-00722,Correspondent,2024-09-01,942546,0
LOCK-2024-00723,Retail,2024-07-01,732455,0
LOCK-2024-00724,Direct,2024-02-01,637820,1
LOCK-2024-00725,Retail,2024-02-01,468972,1
LOCK-2024-00726,Wholesale,2024-03-01,955272,1
LOCK-2024-00727,Direct,2024-02-01,169557,0
LOCK-2024-00728,Correspondent,2024-09-01,1149982,1
LOCK-2024-00729,Wholesale,2024-10-01,1125377,0
LOCK-2024-00730,Wholesale,2024-09-01,191127,0
LOCK-2024-00731,Wholesale,2024-11-01,595572,0
LOCK-2024-00732,Direct,2024-12-01,965147,1
LOCK-2024-00733,Retail,2024-12-01,1124798,1
LOCK-2024-00734,Wholesale,2024-06-01,527800,1
LOCK-2024-00735,Direct,2024-04-01,329503,1
LOCK-2024-00736,Retail,2024-02-01,862963,1
LOCK-2024-00737,Retail,2024-07-01,1161476,1
LOCK-2024-00738,Retail,2024-06-01,291830,1
LOCK-2024-00739,Retail,2024-04-01,512288,1
LOCK-2024-00740,Retail,2024-10-01,310995,1
LOCK-2024-00741,Wholesale,2024-01-01,665922,1
LOCK-2024-00742,Retail,2024-03-01,1135239,1
LOCK-2024-00743,Direct,2024-06-01,475555,1
LOCK-2024-00744,Correspondent,2024-03-01,700855,1
LOCK-2024-00745,Correspondent,2024-05-01,990856,0
LOCK-2024-00746,Wholesale,2024-09-01,762887,1
LOCK-2024-00747,Correspondent,2024-02-01,1192948,1
LOCK-2024-00748,Wholesale,2024-03-01,428248,1
LOCK-2024-00749,Retail,2024-03-01,357118,1
LOCK-2024-00750,Retail,2024-11-01,1110395,1
LOCK-2024-00751,Wholesale,2024-05-01,424916,0
LOCK-2024-00752,Retail,2024-07-01,765534,1
LOCK-2024-00753,Direct,2024-06-01,960953,1
LOCK-2024-00754,Wholesale,2024-01-01,246821,1
LOCK-2024-00755,Wholesale,2024-07-01,1112577,0
LOCK-2024-00756,Direct,2024-09-01,1021851,1
LOCK-2024-00757,Correspondent,2024-08-01,589806,1
LOCK-2024-00758,Correspondent,2024-10-01,679308,1
LOCK-2024-00759,Direct,2024-02-01,682435,1
LOCK-2024-00760,Wholesale,2024-01-01,1175956,1
LOCK-2024-00761,Wholesale,2024-10-01,1116192,0
LOCK-2024-00762,Direct,2024-02-01,325398,1
LOCK-2024-00763,Direct,2024-11-01,904666,0
LOCK-2024-00764,Direct,2024-07-01,525735,1
LOCK-2024-00765,Correspondent,2024-02-01,666130,0
LOCK-2024-00766,Retail,2024-10-01,787448,1
LOCK-2024-00767,Retail,2024-09-01,1193303,1
LOCK-2024-00768,Correspondent,2024-10-01,629030,1
LOCK-2024-00769,Direct,2024-09-01,309119,1
LOCK-2024-00770,Retail,2024-11-01,993063,1
LOCK-2024-00771,Correspondent,2024-05-01,1177626,0
LOCK-2024-00772,Retail,2024-08-01,293715,1
LOCK-2024-00773,Wholesale,2024-10-01,645860,0
LOCK-2024-00774,Retail,2024-10-01,153281,1
LOCK-2024-00775,Wholesale,2024-05-01,152294,1
LOCK-2024-00776,Direct,2024-07-01,726988,0
LOCK-2024-00777,Wholesale,2024-04-01,352882,0
LOCK-2024-00778,Direct,2024-11-01,337583,1
LOCK-2024-00779,Wholesale,2024-01-01,1119514,1
LOCK-2024-00780,Retail,2024-11-01,336739,1
LOCK-2024-00781,Correspondent,2024-10-01,557995,1
LOCK-2024-00782,Correspondent,2024-08-01,1094666,1
LOCK-2024-00783,Direct,2024-05-01,292865,0
LOCK-2024-00784,Retail,2024-07-01,545719,1
LOCK-2024-00785,Wholesale,2024-05-01,188891,0
LOCK-2024-00786,Direct,2024-12-01,965424,1
LOCK-2024-00787,Retail,2024-03-01,401970,1
LOCK-2024-00788,Retail,2024-07-01,894196,1
LOCK-2024-00789,Correspondent,2024-01-01,708600,1
LOCK-2024-00790,Correspondent,2024-09-01,455100,1
LOCK-2024-00791,Direct,2024-08-01,979887,0
LOCK-2024-00792,Correspondent,2024-06-01,599133,1
LOCK-2024-00793,Correspondent,2024-10-01,1089034,1
LOCK-2024-00794,Wholesale,2024-12-01,1141245,1
LOCK-2024-00795,Correspondent,2024-02-01,711924,0
LOCK-2024-00796,Wholesale,2024-10-01,757423,1
LOCK-2024-00797,Correspondent,2024-06-01,1007204,1
LOCK-2024-00798,Correspondent,2024-01-01,286921,1
LOCK-2024-00799,Correspondent,2024-12-01,755157,1
LOCK-2024-00800,Correspondent,2024-11-01,760995,1
LOCK-2024-00801,Retail,2024-02-01,626851,1
LOCK-2024-00802,Direct,2024-10-01,987945,0
LOCK-2024-00803,Wholesale,2024-11-01,1111266,1
LOCK-2024-00804,Direct,2024-11-01,663478,1
LOCK-2024-00805,Correspondent,2024-11-01,590361,1
LOCK-2024-00806,Wholesale,2024-08-01,1050155,1
LOCK-2024-00807,Direct,2024-03-01,613431,1
LOCK-2024-00808,Direct,2024-01-01,1006578,1
LOCK-2024-00809,Correspondent,2024-10-01,1069102,1
LOCK-2024-00810,Wholesale,2024-10-01,808233,0
LOCK-2024-00811,Correspondent,2024-12-01,358023,1
LOCK-2024-00812,Direct,2024-03-01,1131097,1
LOCK-2024-00813,Retail,2024-04-01,197319,0
LOCK-2024-00814,Correspondent,2024-03-01,1197097,1
LOCK-2024-00815,Wholesale,2024-01-01,398455,1
LOCK-2024-00816,Retail,2024-08-01,333975,1
LOCK-2024-00817,Correspondent,2024-11-01,612534,1
LOCK-2024-00818,Wholesale,2024-03-01,1178684,1
LOCK-2024-00819,Retail,2024-02-01,666987,0
LOCK-2024-00820,Correspondent,2024-09-01,944498,1
LOCK-2024-00821,Direct,2024-11-01,359455,1
LOCK-2024-00822,Correspondent,2024-11-01,1123444,0
LOCK-2024-00823,Direct,2024-06-01,927480,1
LOCK-2024-00824,Direct,2024-12-01,1178532,1
LOCK-2024-00825,Direct,2024-12-01,842397,1
LOCK-2024-00826,Wholesale,2024-12-01,232331,1
LOCK-2024-00827,Correspondent,2024-02-01,617960,1
LOCK-2024-00828,Wholesale,2024-03-01,320500,1
LOCK-2024-00829,Direct,2024-06-01,850574,1
LOCK-2024-00830,Correspondent,2024-04-01,375835,1
LOCK-2024-00831,Correspondent,2024-03-01,699345,0
LOCK-2024-00832,Retail,2024-04-01,228060,1
LOCK-2024-00833,Retail,2024-12-01,382472,0
LOCK-2024-00834,Wholesale,2024-05-01,1115227,0
LOCK-2024-00835,Wholesale,2024-01-01,874737,1
LOCK-2024-00836,Retail,2024-11-01,588759,1
LOCK-2024-00837,Wholesale,2024-01-01,621272,1
LOCK-2024-00838,Retail,2024-06-01,312853,1
LOCK-2024-00839,Direct,2024-05-01,556349,1
LOCK-2024-00840,Direct,2024-03-01,963471,1
LOCK-2024-00841,Direct,2024-01-01,556864,0
LOCK-2024-00842,Direct,2024-10-01,390355,1
LOCK-2024-00843,Retail,2024-06-01,169130,0
LOCK-2024-00844,Correspondent,2024-06-01,1174511,1
LOCK-2024-00845,Direct,2024-03-01,626690,0
LOCK-2024-00846,Retail,2024-12-01,1024274,1
LOCK-2024-00847,Correspondent,2024-05-01,620861,0
LOCK-2024-00848,Retail,2024-07-01,955414,1
LOCK-2024-00849,Wholesale,2024-09-01,161760,1
LOCK-2024-00850,Direct,2024-06-01,867963,1
LOCK-2024-00851,Direct,2024-08-01,887694,0
LOCK-2024-00852,Retail,2024-11-01,565224,1
LOCK-2024-00853,Wholesale,2024-09-01,1058151,0
LOCK-2024-00854,Wholesale,2024-11-01,1132879,1
LOCK-2024-00855,Correspondent,2024-08-01,805220,0
LOCK-2024-00856,Correspondent,2024-12-01,825328,0
LOCK-2024-00857,Wholesale,2024-08-01,278106,0
LOCK-2024-00858,Retail,2024-02-01,732362,1
LOCK-2024-00859,Retail,2024-01-01,979368,1
LOCK-2024-00860,Retail,2024-07-01,477440,0
LOCK-2024-00861,Direct,2024-06-01,254221,1
LOCK-2024-00862,Direct,2024-11-01,872664,1
LOCK-2024-00863,Wholesale,2024-12-01,797773,1
LOCK-2024-00864,Correspondent,2024-02-01,322152,1
LOCK-2024-00865,Wholesale,2024-08-01,887835,1
LOCK-2024-00866,Correspondent,2024-04-01,515114,1
LOCK-2024-00867,Wholesale,2024-10-01,831680,0
LOCK-2024-00868,Direct,2024-11-01,188825,0
LOCK-2024-00869,Wholesale,2024-01-01,908056,1
LOCK-2024-00870,Direct,2024-10-01,456139,1
LOCK-2024-00871,Retail,2024-09-01,643419,1
LOCK-2024-00872,Wholesale,2024-03-01,297778,0
LOCK-2024-00873,Direct,2024-04-01,453154,1
LOCK-2024-00874,Correspondent,2024-03-01,451013,1
LOCK-2024-00875,Correspondent,2024-09-01,466508,0
LOCK-2024-00876,Direct,2024-11-01,1110526,0
LOCK-2024-00877,Retail,2024-10-01,397051,1
LOCK-2024-00878,Retail,2024-07-01,1075859,1
LOCK-2024-00879,Correspondent,2024-07-01,496328,0
LOCK-2024-00880,Wholesale,2024-03-01,1128016,0
LOCK-2024-00881,Correspondent,2024-04-01,1099463,0
LOCK-2024-00882,Retail,2024-10-01,168143,1
LOCK-2024-00883,Wholesale,2024-02-01,796864,0
LOCK-2024-00884,Wholesale,2024-09-01,448165,0
LOCK-2024-00885,Retail,2024-05-01,466497,1
LOCK-2024-00886,Wholesale,2024-01-01,1189849,0
LOCK-2024-00887,Correspondent,2024-03-01,519724,1
LOCK-2024-00888,Direct,2024-04-01,896857,0
LOCK-2024-00889,Correspondent,2024-07-01,539384,0
LOCK-2024-00890,Wholesale,2024-11-01,337605,0
LOCK-2024-00891,Correspondent,2024-05-01,1105647,1
LOCK-2024-00892,Wholesale,2024-10-01,435504,1
LOCK-2024-00893,Wholesale,2024-04-01,881241,1
LOCK-2024-00894,Wholesale,2024-01-01,920969,1
LOCK-2024-00895,Direct,2024-01-01,170123,1
LOCK-2024-00896,Direct,2024-05-01,740702,0
LOCK-2024-00897,Wholesale,2024-06-01,680610,0
LOCK-2024-00898,Wholesale,2024-02-01,741246,1
LOCK-2024-00899,Retail,2024-12-01,863084,0
LOCK-2024-00900,Correspondent,2024-08-01,1017088,0
LOCK-2024-00901,Direct,2024-05-01,239411,0
LOCK-2024-00902,Retail,2024-08-01,330173,0
LOCK-2024-00903,Wholesale,2024-03-01,1114512,0
LOCK-2024-00904,Direct,2024-01-01,211327,1
LOCK-2024-00905,Direct,2024-04-01,458907,1
LOCK-2024-00906,Retail,2024-03-01,469296,1
LOCK-2024-00907,Wholesale,2024-09-01,177277,1
LOCK-2024-00908,Direct,2024-08-01,1027408,1
LOCK-2024-00909,Retail,2024-05-01,225469,0
LOCK-2024-00910,Wholesale,2024-03-01,477701,1
LOCK-2024-00911,Wholesale,2024-06-01,235355,1
LOCK-2024-00912,Correspondent,2024-05-01,191546,0
LOCK-2024-00913,Direct,2024-12-01,1078607,1
LOCK-2024-00914,Direct,2024-11-01,481721,1
LOCK-2024-00915,Wholesale,2024-04-01,817972,1
LOCK-2024-00916,Retail,2024-08-01,697769,1
LOCK-2024-00917,Correspondent,2024-07-01,444990,0
LOCK-2024-00918,Correspondent,2024-11-01,208832,1
LOCK-2024-00919,Retail,2024-05-01,1109249,1
LOCK-2024-00920,Wholesale,2024-03-01,1029539,0
LOCK-2024-00921,Correspondent,2024-07-01,772037,1
LOCK-2024-00922,Correspondent,2024-10-01,165013,1
LOCK-2024-00923,Retail,2024-10-01,897360,1
LOCK-2024-00924,Correspondent,2024-12-01,1006165,1
LOCK-2024-00925,Wholesale,2024-01-01,280566,1
LOCK-2024-00926,Direct,2024-01-01,993336,0
LOCK-2024-00927,Wholesale,2024-11-01,495914,0
LOCK-2024-00928,Correspondent,2024-08-01,239880,1
LOCK-2024-00929,Wholesale,2024-10-01,347487,1
LOCK-2024-00930,Wholesale,2024-02-01,1163911,0
LOCK-2024-00931,Retail,2024-09-01,208338,0
LOCK-2024-00932,Direct,2024-09-01,1014459,1
LOCK-2024-00933,Retail,2024-08-01,235130,1
LOCK-2024-00934,Retail,2024-07-01,504020,1
LOCK-2024-00935,Direct,2024-12-01,714469,0
LOCK-2024-00936,Retail,2024-03-01,1066961,0
LOCK-2024-00937,Correspondent,2024-09-01,306338,0
LOCK-2024-00938,Correspondent,2024-05-01,699133,1
LOCK-2024-00939,Wholesale,2024-05-01,363148,0
LOCK-2024-00940,Wholesale,2024-01-01,337930,1
LOCK-2024-00941,Direct,2024-07-01,1104928,0
LOCK-2024-00942,Direct,2024-08-01,1092737,1
LOCK-2024-00943,Correspondent,2024-04-01,380417,1
LOCK-2024-00944,Direct,2024-12-01,741465,1
LOCK-2024-00945,Direct,2024-06-01,423416,0
LOCK-2024-00946,Direct,2024-02-01,1187176,0
LOCK-2024-00947,Correspondent,2024-12-01,983243,0
LOCK-2024-00948,Wholesale,2024-11-01,617523,1
LOCK-2024-00949,Direct,2024-08-01,883452,1
LOCK-2024-00950,Direct,2024-11-01,567923,1
LOCK-2024-00951,Direct,2024-08-01,854846,1
LOCK-2024-00952,Correspondent,2024-09-01,795897,1
LOCK-2024-00953,Direct,2024-05-01,748375,0
LOCK-2024-00954,Wholesale,2024-10-01,248698,1
LOCK-2024-00955,Retail,2024-05-01,853906,1
LOCK-2024-00956,Retail,2024-01-01,757430,1
LOCK-2024-00957,Retail,2024-06-01,865516,1
LOCK-2024-00958,Wholesale,2024-12-01,674694,0
LOCK-2024-00959,Retail,2024-12-01,675465,0
LOCK-2024-00960,Wholesale,2024-10-01,739210,1
LOCK-2024-00961,Retail,2024-03-01,862268,0
LOCK-2024-00962,Correspondent,2024-03-01,968150,1
LOCK-2024-00963,Wholesale,2024-08-01,281999,0
LOCK-2024-00964,Correspondent,2024-08-01,1030525,1
LOCK-2024-00965,Direct,2024-12-01,944903,0
LOCK-2024-00966,Correspondent,2024-04-01,745516,1
LOCK-2024-00967,Correspondent,2024-07-01,364349,1
LOCK-2024-00968,Correspondent,2024-11-01,482385,0
LOCK-2024-00969,Correspondent,2024-12-01,403781,1
LOCK-2024-00970,Wholesale,2024-12-01,1110037,1
LOCK-2024-00971,Retail,2024-01-01,152850,1
LOCK-2024-00972,Wholesale,2024-05-01,1084148,1
LOCK-2024-00973,Correspondent,2024-09-01,649506,1
LOCK-2024-00974,Correspondent,2024-12-01,281545,0
LOCK-2024-00975,Correspondent,2024-12-01,452641,0
LOCK-2024-00976,Retail,2024-07-01,757605,0
LOCK-2024-00977,Direct,2024-05-01,992823,1
LOCK-2024-00978,Correspondent,2024-07-01,619846,0
LOCK-2024-00979,Correspondent,2024-02-01,1177874,1
LOCK-2024-00980,Retail,2024-04-01,151287,1
LOCK-2024-00981,Retail,2024-07-01,1039583,1
LOCK-2024-00982,Retail,2024-08-01,1160765,1
LOCK-2024-00983,Retail,2024-01-01,157951,0
LOCK-2024-00984,Wholesale,2024-11-01,990461,0
LOCK-2024-00985,Retail,2024-09-01,615015,1
LOCK-2024-00986,Wholesale,2024-12-01,495317,1
LOCK-2024-00987,Wholesale,2024-01-01,1103966,1
LOCK-2024-00988,Direct,2024-12-01,407371,1
LOCK-2024-00989,Wholesale,2024-10-01,266282,0
LOCK-2024-00990,Wholesale,2024-04-01,480187,1
LOCK-2024-00991,Correspondent,2024-05-01,798618,1
LOCK-2024-00992,Wholesale,2024-03-01,803849,1
LOCK-2024-00993,Retail,2024-09-01,795722,0
LOCK-2024-00994,Direct,2024-10-01,1133482,1
LOCK-2024-00995,Wholesale,2024-12-01,307114,1
LOCK-2024-00996,Correspondent,2024-01-01,806704,0
LOCK-2024-00997,Retail,2024-10-01,365043,1
LOCK-2024-00998,Direct,2024-03-01,465433,0
LOCK-2024-00999,Correspondent,2024-04-01,183342,1
LOCK-2024-01000,Correspondent,2024-05-01,777850,1
LOCK-2024-01001,Wholesale,2024-02-01,1140478,0
LOCK-2024-01002,Wholesale,2024-07-01,1126236,1
LOCK-2024-01003,Wholesale,2024-02-01,990257,1
LOCK-2024-01004,Wholesale,2024-05-01,496615,1
LOCK-2024-01005,Direct,2024-06-01,524303,1
LOCK-2024-01006,Retail,2024-10-01,554174,1
LOCK-2024-01007,Correspondent,2024-04-01,1141630,1
LOCK-2024-01008,Direct,2024-10-01,526603,1
LOCK-2024-01009,Correspondent,2024-01-01,805458,0
LOCK-2024-01010,Retail,2024-01-01,424771,1
LOCK-2024-01011,Correspondent,2024-04-01,1121906,0
LOCK-2024-01012,Retail,2024-06-01,767771,1
LOCK-2024-01013,Wholesale,2024-12-01,1001289,1
LOCK-2024-01014,Direct,2024-07-01,717154,0
LOCK-2024-01015,Direct,2024-02-01,1098187,1
LOCK-2024-01016,Direct,2024-01-01,819681,1
LOCK-2024-01017,Wholesale,2024-04-01,1013307,0
LOCK-2024-01018,Retail,2024-10-01,950652,1
LOCK-2024-01019,Correspondent,2024-09-01,1025575,1
LOCK-2024-01020,Direct,2024-07-01,221435,0
LOCK-2024-01021,Wholesale,2024-05-01,389118,1
LOCK-2024-01022,Retail,2024-12-01,1156642,0
LOCK-2024-01023,Retail,2024-04-01,661740,1
LOCK-2024-01024,Retail,2024-07-01,538928,1
LOCK-2024-01025,Retail,2024-12-01,697344,1
LOCK-2024-01026,Direct,2024-12-01,806272,1
LOCK-2024-01027,Direct,2024-12-01,910465,1
LOCK-2024-01028,Retail,2024-03-01,425643,1
LOCK-2024-01029,Direct,2024-09-01,1157274,1
LOCK-2024-01030,Direct,2024-06-01,954705,1
LOCK-2024-01031,Wholesale,2024-06-01,1120706,0
LOCK-2024-01032,Correspondent,2024-03-01,228964,1
LOCK-2024-01033,Retail,2024-02-01,907591,0
LOCK-2024-01034,Correspondent,2024-11-01,747789,0
LOCK-2024-01035,Direct,2024-04-01,819207,0
LOCK-2024-01036,Wholesale,2024-12-01,515955,1
LOCK-2024-01037,Correspondent,2024-11-01,1174351,1
LOCK-2024-01038,Direct,2024-04-01,867054,1
LOCK-2024-01039,Wholesale,2024-09-01,198002,0
LOCK-2024-01040,Direct,2024-11-01,265186,1
LOCK-2024-01041,Wholesale,2024-04-01,1161769,1
LOCK-2024-01042,Correspondent,2024-10-01,518453,1
LOCK-2024-01043,Retail,2024-03-01,717431,1
LOCK-2024-01044,Wholesale,2024-08-01,637574,1
LOCK-2024-01045,Retail,2024-10-01,653654,1
LOCK-2024-01046,Retail,2024-09-01,810491,1
LOCK-2024-01047,Correspondent,2024-07-01,490782,0
LOCK-2024-01048,Direct,2024-12-01,1060525,0
LOCK-2024-01049,Retail,2024-03-01,476322,1
LOCK-2024-01050,Retail,2024-11-01,987929,0
LOCK-2024-01051,Wholesale,2024-06-01,869139,1
LOCK-2024-01052,Direct,2024-07-01,541338,1
LOCK-2024-01053,Retail,2024-11-01,222376,1
LOCK-2024-01054,Wholesale,2024-07-01,752623,1
LOCK-2024-01055,Direct,2024-12-01,424124,1
LOCK-2024-01056,Direct,2024-06-01,1031219,1
LOCK-2024-01057,Wholesale,2024-05-01,675505,1
LOCK-2024-01058,Wholesale,2024-12-01,334773,1
LOCK-2024-01059,Correspondent,2024-12-01,598317,1
LOCK-2024-01060,Correspondent,2024-12-01,686836,1
LOCK-2024-01061,Wholesale,2024-08-01,637082,1
LOCK-2024-01062,Retail,2024-01-01,1177094,1
LOCK-2024-01063,Wholesale,2024-04-01,1035274,1
LOCK-2024-01064,Correspondent,2024-04-01,536529,1
LOCK-2024-01065,Direct,2024-07-01,1035883,1
LOCK-2024-01066,Direct,2024-03-01,530714,1
LOCK-2024-01067,Direct,2024-02-01,899389,0
LOCK-2024-01068,Retail,2024-11-01,1106221,0
LOCK-2024-01069,Direct,2024-09-01,165055,1
LOCK-2024-01070,Wholesale,2024-12-01,354535,0
LOCK-2024-01071,Wholesale,2024-05-01,996957,0
LOCK-2024-01072,Wholesale,2024-06-01,1153628,0
LOCK-2024-01073,Retail,2024-04-01,1142227,0
LOCK-2024-01074,Direct,2024-04-01,416958,0
LOCK-2024-01075,Correspondent,2024-05-01,770843,1
LOCK-2024-01076,Wholesale,2024-05-01,969014,1
LOCK-2024-01077,Retail,2024-12-01,1123776,1
LOCK-2024-01078,Direct,2024-05-01,427940,1
LOCK-2024-01079,Direct,2024-02-01,535341,0
LOCK-2024-01080,Wholesale,2024-05-01,1052684,1
LOCK-2024-01081,Retail,2024-10-01,1095076,1
LOCK-2024-01082,Correspondent,2024-02-01,712655,0
LOCK-2024-01083,Retail,2024-11-01,421918,1
LOCK-2024-01084,Retail,2024-01-01,725243,1
LOCK-2024-01085,Correspondent,2024-04-01,1147955,1
LOCK-2024-01086,Correspondent,2024-08-01,1101023,1
LOCK-2024-01087,Retail,2024-04-01,215963,1
LOCK-2024-01088,Direct,2024-03-01,1059710,0
LOCK-2024-01089,Retail,2024-02-01,883952,1
LOCK-2024-01090,Correspondent,2024-09-01,465375,0
LOCK-2024-01091,Correspondent,2024-01-01,221467,1
LOCK-2024-01092,Correspondent,2024-03-01,899265,1
LOCK-2024-01093,Retail,2024-08-01,917121,1
LOCK-2024-01094,Retail,2024-11-01,445810,1
LOCK-2024-01095,Retail,2024-07-01,893713,0
LOCK-2024-01096,Wholesale,2024-11-01,817539,0
LOCK-2024-01097,Direct,2024-02-01,850271,0
LOCK-2024-01098,Wholesale,2024-03-01,1066309,0
LOCK-2024-01099,Direct,2024-03-01,1011733,1
LOCK-2024-01100,Direct,2024-12-01,661666,1
LOCK-2024-01101,Direct,2024-01-01,464028,0
LOCK-2024-01102,Direct,2024-03-01,622214,1
LOCK-2024-01103,Correspondent,2024-12-01,230043,1
LOCK-2024-01104,Wholesale,2024-04-01,991776,1
LOCK-2024-01105,Wholesale,2024-05-01,1121205,1
LOCK-2024-01106,Direct,2024-01-01,482979,0
LOCK-2024-01107,Correspondent,2024-12-01,687101,1
LOCK-2024-01108,Direct,2024-10-01,919076,1
LOCK-2024-01109,Direct,2024-10-01,548121,1
LOCK-2024-01110,Retail,2024-12-01,1043700,0
LOCK-2024-01111,Direct,2024-05-01,862805,1
LOCK-2024-01112,Correspondent,2024-08-01,524620,0
LOCK-2024-01113,Direct,2024-02-01,1084434,0
LOCK-2024-01114,Retail,2024-08-01,318778,1
LOCK-2024-01115,Correspondent,2024-03-01,200846,1
LOCK-2024-01116,Direct,2024-10-01,1198551,1
LOCK-2024-01117,Wholesale,2024-06-01,605137,0
LOCK-2024-01118,Wholesale,2024-07-01,392964,1
LOCK-2024-01119,Wholesale,2024-11-01,368693,0
LOCK-2024-01120,Retail,2024-11-01,734644,0
LOCK-2024-01121,Correspondent,2024-07-01,922260,1
LOCK-2024-01122,Direct,2024-07-01,1119692,1
LOCK-2024-01123,Wholesale,2024-04-01,463622,1
LOCK-2024-01124,Direct,2024-08-01,839769,1
LOCK-2024-01125,Direct,2024-12-01,986568,1
LOCK-2024-01126,Correspondent,2024-08-01,443579,1
LOCK-2024-01127,Correspondent,2024-12-01,269934,0
LOCK-2024-01128,Correspondent,2024-10-01,494672,1
LOCK-2024-01129,Retail,2024-04-01,649150,1
LOCK-2024-01130,Wholesale,2024-11-01,464788,0
LOCK-2024-01131,Wholesale,2024-07-01,794211,1
LOCK-2024-01132,Correspondent,2024-12-01,926085,1
LOCK-2024-01133,Retail,2024-04-01,754528,0
LOCK-2024-01134,Direct,2024-04-01,1144042,0
LOCK-2024-01135,Direct,2024-05-01,510911,1
LOCK-2024-01136,Wholesale,2024-07-01,995098,0
LOCK-2024-01137,Correspondent,2024-03-01,385133,1
LOCK-2024-01138,Direct,2024-07-01,581638,1
LOCK-2024-01139,Correspondent,2024-06-01,414837,1
LOCK-2024-01140,Retail,2024-04-01,1113962,1
LOCK-2024-01141,Wholesale,2024-03-01,870883,1
LOCK-2024-01142,Direct,2024-09-01,404077,1
LOCK-2024-01143,Correspondent,2024-05-01,290351,1
LOCK-2024-01144,Wholesale,2024-12-01,633500,1
LOCK-2024-01145,Direct,2024-01-01,475792,0
LOCK-2024-01146,Correspondent,2024-09-01,210855,1
LOCK-2024-01147,Retail,2024-06-01,621526,1
LOCK-2024-01148,Wholesale,2024-05-01,585222,1
LOCK-2024-01149,Direct,2024-02-01,1185959,1
LOCK-2024-01150,Wholesale,2024-09-01,1196118,1
LOCK-2024-01151,Direct,2024-11-01,338521,1
LOCK-2024-01152,Correspondent,2024-07-01,472208,1
LOCK-2024-01153,Correspondent,2024-11-01,281309,1
LOCK-2024-01154,Retail,2024-11-01,774094,1
LOCK-2024-01155,Retail,2024-03-01,816641,1
LOCK-2024-01156,Wholesale,2024-09-01,674746,1
LOCK-2024-01157,Correspondent,2024-05-01,612887,0
LOCK-2024-01158,Retail,2024-08-01,332787,1
LOCK-2024-01159,Wholesale,2024-09-01,381695,1
LOCK-2024-01160,Wholesale,2024-01-01,394380,0
LOCK-2024-01161,Correspondent,2024-03-01,679251,1
LOCK-2024-01162,Wholesale,2024-03-01,160688,0
LOCK-2024-01163,Wholesale,2024-06-01,446678,1
LOCK-2024-01164,Retail,2024-03-01,659794,1
LOCK-2024-01165,Retail,2024-06-01,841588,0
LOCK-2024-01166,Retail,2024-06-01,903885,1
LOCK-2024-01167,Retail,2024-04-01,545700,1
LOCK-2024-01168,Wholesale,2024-12-01,532707,1
LOCK-2024-01169,Retail,2024-11-01,393064,0
LOCK-2024-01170,Wholesale,2024-06-01,1107209,0
LOCK-2024-01171,Wholesale,2024-03-01,492606,1
LOCK-2024-01172,Correspondent,2024-12-01,1132548,1
LOCK-2024-01173,Direct,2024-09-01,307851,1
LOCK-2024-01174,Correspondent,2024-04-01,952611,0
LOCK-2024-01175,Wholesale,2024-12-01,876409,1
LOCK-2024-01176,Wholesale,2024-10-01,1036883,1
LOCK-2024-01177,Direct,2024-10-01,323629,1
LOCK-2024-01178,Retail,2024-09-01,867295,0
LOCK-2024-01179,Retail,2024-09-01,618950,1
LOCK-2024-01180,Wholesale,2024-01-01,332164,1
LOCK-2024-01181,Direct,2024-09-01,483270,1
LOCK-2024-01182,Direct,2024-02-01,390553,1
LOCK-2024-01183,Wholesale,2024-07-01,298034,1
LOCK-2024-01184,Correspondent,2024-10-01,579451,1
LOCK-2024-01185,Correspondent,2024-10-01,1123134,0
LOCK-2024-01186,Wholesale,2024-04-01,321506,1
LOCK-2024-01187,Retail,2024-02-01,449661,1
LOCK-2024-01188,Correspondent,2024-07-01,1164067,0
LOCK-2024-01189,Direct,2024-10-01,749486,1
LOCK-2024-01190,Wholesale,2024-06-01,935671,1
LOCK-2024-01191,Wholesale,2024-09-01,1067514,0
LOCK-2024-01192,Correspondent,2024-10-01,397276,1
LOCK-2024-01193,Correspondent,2024-08-01,258496,1
LOCK-2024-01194,Retail,2024-07-01,685781,1
LOCK-2024-01195,Direct,2024-09-01,949613,0
LOCK-2024-01196,Wholesale,2024-03-01,478556,1
LOCK-2024-01197,Direct,2024-01-01,587496,1
LOCK-2024-01198,Correspondent,2024-03-01,1045934,1
LOCK-2024-01199,Correspondent,2024-12-01,443658,1
LOCK-2024-01200,Retail,2024-11-01,578825,0
LOCK-2024-01201,Wholesale,2024-01-01,1019448,1
LOCK-2024-01202,Retail,2024-08-01,978222,0
LOCK-2024-01203,Retail,2024-12-01,870549,0
LOCK-2024-01204,Retail,2024-01-01,798465,1
LOCK-2024-01205,Retail,2024-11-01,739440,1
LOCK-2024-01206,Retail,2024-10-01,208401,1
LOCK-2024-01207,Direct,2024-04-01,402247,1
LOCK-2024-01208,Retail,2024-06-01,574168,1
LOCK-2024-01209,Wholesale,2024-09-01,664375,0
LOCK-2024-01210,Direct,2024-04-01,456186,1
LOCK-2024-01211,Wholesale,2024-09-01,1051493,1
LOCK-2024-01212,Retail,2024-07-01,516609,1
LOCK-2024-01213,Retail,2024-07-01,693696,0
LOCK-2024-01214,Wholesale,2024-05-01,850987,1
LOCK-2024-01215,Wholesale,2024-01-01,548601,1
LOCK-2024-01216,Retail,2024-08-01,626456,0
LOCK-2024-01217,Wholesale,2024-04-01,1034746,0
LOCK-2024-01218,Direct,2024-02-01,725037,1
LOCK-2024-01219,Correspondent,2024-11-01,625211,1
LOCK-2024-01220,Direct,2024-06-01,171343,0
LOCK-2024-01221,Correspondent,2024-09-01,634170,1
LOCK-2024-01222,Wholesale,2024-10-01,517897,0
LOCK-2024-01223,Correspondent,2024-07-01,210769,1
LOCK-2024-01224,Wholesale,2024-06-01,401813,1
LOCK-2024-01225,Wholesale,2024-05-01,858409,1
LOCK-2024-01226,Wholesale,2024-08-01,577783,1
LOCK-2024-01227,Wholesale,2024-08-01,1092357,1
LOCK-2024-01228,Retail,2024-01-01,361524,0
LOCK-2024-01229,Correspondent,2024-10-01,364826,1
LOCK-2024-01230,Direct,2024-09-01,778549,1
LOCK-2024-01231,Direct,2024-06-01,446144,1
LOCK-2024-01232,Retail,2024-05-01,1106046,0
LOCK-2024-01233,Correspondent,2024-08-01,640535,0
LOCK-2024-01234,Correspondent,2024-11-01,793524,0
LOCK-2024-01235,Correspondent,2024-05-01,1123856,1
LOCK-2024-01236,Wholesale,2024-04-01,1077030,1
LOCK-2024-01237,Correspondent,2024-03-01,471917,1
LOCK-2024-01238,Correspondent,2024-08-01,1050433,1
LOCK-2024-01239,Direct,2024-01-01,160014,1
LOCK-2024-01240,Correspondent,2024-09-01,843439,0
LOCK-2024-01241,Correspondent,2024-08-01,332801,1
LOCK-2024-01242,Direct,2024-09-01,816851,1
LOCK-2024-01243,Direct,2024-02-01,503960,1
LOCK-2024-01244,Retail,2024-09-01,1042431,1
LOCK-2024-01245,Retail,2024-04-01,779425,1
LOCK-2024-01246,Wholesale,2024-09-01,309255,1
LOCK-2024-01247,Retail,2024-12-01,429615,0
LOCK-2024-01248,Retail,2024-10-01,826613,0
LOCK-2024-01249,Retail,2024-06-01,170386,1
LOCK-2024-01250,Wholesale,2024-03-01,230714,1
LOCK-2024-01251,Direct,2024-05-01,605331,1
LOCK-2024-01252,Retail,2024-11-01,1159159,1
LOCK-2024-01253,Direct,2024-05-01,966597,0
LOCK-2024-01254,Retail,2024-02-01,969546,0
LOCK-2024-01255,Correspondent,2024-02-01,709238,1
LOCK-2024-01256,Direct,2024-12-01,857073,1
LOCK-2024-01257,Direct,2024-11-01,226310,0
LOCK-2024-01258,Direct,2024-10-01,306204,1
LOCK-2024-01259,Direct,2024-02-01,1172654,0
LOCK-2024-01260,Wholesale,2024-06-01,232290,1
LOCK-2024-01261,Wholesale,2024-02-01,393271,0
LOCK-2024-01262,Wholesale,2024-10-01,160773,1
LOCK-2024-01263,Direct,2024-07-01,250663,1
LOCK-2024-01264,Retail,2024-07-01,837730,1
LOCK-2024-01265,Direct,2024-01-01,957113,0
LOCK-2024-01266,Wholesale,2024-10-01,782074,0
LOCK-2024-01267,Retail,2024-12-01,267888,1
LOCK-2024-01268,Direct,2024-04-01,742766,1
LOCK-2024-01269,Retail,2024-12-01,260273,1
LOCK-2024-01270,Retail,2024-08-01,738245,0
LOCK-2024-01271,Retail,2024-05-01,666700,1
LOCK-2024-01272,Retail,2024-12-01,379113,1
LOCK-2024-01273,Correspondent,2024-11-01,965568,1
LOCK-2024-01274,Wholesale,2024-12-01,1181662,0
LOCK-2024-01275,Correspondent,2024-04-01,1117894,1
LOCK-2024-01276,Correspondent,2024-12-01,316076,0
LOCK-2024-01277,Correspondent,2024-12-01,775932,0
LOCK-2024-01278,Direct,2024-04-01,568703,1
LOCK-2024-01279,Direct,2024-11-01,377624,0
LOCK-2024-01280,Correspondent,2024-11-01,415556,1
LOCK-2024-01281,Correspondent,2024-02-01,1178866,1
LOCK-2024-01282,Wholesale,2024-09-01,931704,1
LOCK-2024-01283,Correspondent,2024-05-01,1130890,1
LOCK-2024-01284,Retail,2024-03-01,154435,0
LOCK-2024-01285,Correspondent,2024-01-01,1053863,1
LOCK-2024-01286,Retail,2024-01-01,1047632,1
LOCK-2024-01287,Correspondent,2024-11-01,728565,0
LOCK-2024-01288,Retail,2024-10-01,382023,1
LOCK-2024-01289,Direct,2024-02-01,476900,0
LOCK-2024-01290,Wholesale,2024-03-01,902349,0
LOCK-2024-01291,Direct,2024-01-01,388027,1
LOCK-2024-01292,Correspondent,2024-07-01,662921,0
LOCK-2024-01293,Direct,2024-02-01,618402,1
LOCK-2024-01294,Wholesale,2024-07-01,465703,1
LOCK-2024-01295,Retail,2024-03-01,211434,1
LOCK-2024-01296,Wholesale,2024-08-01,265983,0
LOCK-2024-01297,Correspondent,2024-09-01,163280,0
LOCK-2024-01298,Retail,2024-12-01,577660,0
LOCK-2024-01299,Direct,2024-02-01,799032,1
LOCK-2024-01300,Direct,2024-01-01,541713,1
LOCK-2024-01301,Correspondent,2024-01-01,1028926,0
LOCK-2024-01302,Retail,2024-04-01,442332,1
LOCK-2024-01303,Correspondent,2024-01-01,548856,0
LOCK-2024-01304,Wholesale,2024-02-01,419152,1
LOCK-2024-01305,Retail,2024-03-01,604479,1
LOCK-2024-01306,Correspondent,2024-09-01,325225,1
LOCK-2024-01307,Correspondent,2024-01-01,588223,1
LOCK-2024-01308,Retail,2024-07-01,872343,1
LOCK-2024-01309,Correspondent,2024-11-01,412395,1
LOCK-2024-01310,Wholesale,2024-10-01,210264,1
LOCK-2024-01311,Direct,2024-09-01,665857,0
LOCK-2024-01312,Correspondent,2024-10-01,303241,1
LOCK-2024-01313,Wholesale,2024-11-01,870652,1
LOCK-2024-01314,Retail,2024-01-01,419635,1
LOCK-2024-01315,Direct,2024-06-01,715485,1
LOCK-2024-01316,Correspondent,2024-04-01,796245,1
LOCK-2024-01317,Wholesale,2024-07-01,664863,1
LOCK-2024-01318,Correspondent,2024-02-01,1108500,1
LOCK-2024-01319,Correspondent,2024-01-01,431930,0
LOCK-2024-01320,Retail,2024-06-01,578895,0
LOCK-2024-01321,Retail,2024-06-01,400942,0
LOCK-2024-01322,Correspondent,2024-05-01,644339,0
LOCK-2024-01323,Correspondent,2024-12-01,645649,1
LOCK-2024-01324,Retail,2024-08-01,1058397,0
LOCK-2024-01325,Correspondent,2024-09-01,232419,1
LOCK-2024-01326,Direct,2024-03-01,851379,1
LOCK-2024-01327,Direct,2024-05-01,300932,0
LOCK-2024-01328,Direct,2024-12-01,383702,1
LOCK-2024-01329,Retail,2024-06-01,788162,1
LOCK-2024-01330,Wholesale,2024-07-01,383840,1
LOCK-2024-01331,Correspondent,2024-05-01,740576,1
LOCK-2024-01332,Retail,2024-04-01,617461,1
LOCK-2024-01333,Wholesale,2024-08-01,389149,0
LOCK-2024-01334,Wholesale,2024-10-01,1007832,1
LOCK-2024-01335,Retail,2024-04-01,776807,1
LOCK-2024-01336,Correspondent,2024-11-01,570156,1
LOCK-2024-01337,Direct,2024-10-01,760796,0
LOCK-2024-01338,Retail,2024-05-01,282494,1
LOCK-2024-01339,Retail,2024-05-01,778906,0
LOCK-2024-01340,Wholesale,2024-12-01,230722,0
LOCK-2024-01341,Wholesale,2024-01-01,496554,0
LOCK-2024-01342,Direct,2024-10-01,552931,1
LOCK-2024-01343,Retail,2024-07-01,1116988,1
LOCK-2024-01344,Wholesale,2024-05-01,906894,1
LOCK-2024-01345,Wholesale,2024-08-01,808426,1
LOCK-2024-01346,Direct,2024-02-01,397742,1
LOCK-2024-01347,Direct,2024-11-01,241445,1
LOCK-2024-01348,Wholesale,2024-04-01,803459,1
LOCK-2024-01349,Retail,2024-03-01,666257,1
LOCK-2024-01350,Wholesale,2024-07-01,151474,0
LOCK-2024-01351,Retail,2024-12-01,282196,1
LOCK-2024-01352,Direct,2024-07-01,1045378,1
LOCK-2024-01353,Correspondent,2024-10-01,282712,1
LOCK-2024-01354,Correspondent,2024-05-01,176034,1
LOCK-2024-01355,Wholesale,2024-06-01,172461,1
LOCK-2024-01356,Wholesale,2024-06-01,578665,1
LOCK-2024-01357,Wholesale,2024-10-01,787747,1
LOCK-2024-01358,Correspondent,2024-05-01,682628,1
LOCK-2024-01359,Correspondent,2024-10-01,530078,0
LOCK-2024-01360,Direct,2024-12-01,588100,1
LOCK-2024-01361,Wholesale,2024-01-01,1071494,1
LOCK-2024-01362,Direct,2024-12-01,416745,0
LOCK-2024-01363,Wholesale,2024-04-01,589017,1
LOCK-2024-01364,Wholesale,2024-09-01,1062014,1
LOCK-2024-01365,Retail,2024-11-01,309791,1
LOCK-2024-01366,Direct,2024-02-01,726103,0
LOCK-2024-01367,Correspondent,2024-02-01,986399,1
LOCK-2024-01368,Wholesale,2024-02-01,1098877,1
LOCK-2024-01369,Retail,2024-06-01,549044,0
LOCK-2024-01370,Direct,2024-12-01,1170119,0
LOCK-2024-01371,Direct,2024-01-01,478092,1
LOCK-2024-01372,Retail,2024-07-01,725728,0
LOCK-2024-01373,Wholesale,2024-03-01,242390,1
LOCK-2024-01374,Wholesale,2024-10-01,597729,1
LOCK-2024-01375,Retail,2024-04-01,231793,0
LOCK-2024-01376,Retail,2024-03-01,1125676,1
LOCK-2024-01377,Retail,2024-01-01,935946,1
LOCK-2024-01378,Retail,2024-04-01,868670,1
LOCK-2024-01379,Direct,2024-07-01,768503,1
LOCK-2024-01380,Direct,2024-09-01,502228,1
LOCK-2024-01381,Direct,2024-11-01,1126443,0
LOCK-2024-01382,Correspondent,2024-07-01,1118156,1
LOCK-2024-01383,Wholesale,2024-05-01,870473,1
LOCK-2024-01384,Wholesale,2024-05-01,1172460,0
LOCK-2024-01385,Direct,2024-08-01,1078749,1
LOCK-2024-01386,Correspondent,2024-04-01,562254,1
LOCK-2024-01387,Retail,2024-04-01,742310,1
LOCK-2024-01388,Retail,2024-05-01,1048557,0
LOCK-2024-01389,Retail,2024-09-01,833954,1
LOCK-2024-01390,Correspondent,2024-04-01,178156,1
LOCK-2024-01391,Retail,2024-03-01,1108880,0
LOCK-2024-01392,Wholesale,2024-12-01,582323,0
LOCK-2024-01393,Wholesale,2024-07-01,1070385,0
LOCK-2024-01394,Correspondent,2024-01-01,903285,1
LOCK-2024-01395,Retail,2024-03-01,720004,1
LOCK-2024-01396,Direct,2024-02-01,495843,1
LOCK-2024-01397,Retail,2024-01-01,633445,1
LOCK-2024-01398,Direct,2024-05-01,447144,0
LOCK-2024-01399,Correspondent,2024-10-01,695226,1
LOCK-2024-01400,Wholesale,2024-04-01,973418,1
LOCK-2024-01401,Wholesale,2024-08-01,741340,0
LOCK-2024-01402,Retail,2024-12-01,813168,0
LOCK-2024-01403,Correspondent,2024-01-01,874777,0
LOCK-2024-01404,Correspondent,2024-05-01,587127,1
LOCK-2024-01405,Correspondent,2024-09-01,430248,1
LOCK-2024-01406,Correspondent,2024-01-01,381372,1
LOCK-2024-01407,Direct,2024-03-01,871680,1
LOCK-2024-01408,Wholesale,2024-07-01,995483,1
LOCK-2024-01409,Direct,2024-05-01,436788,1
LOCK-2024-01410,Retail,2024-06-01,1015840,1
LOCK-2024-01411,Wholesale,2024-09-01,421805,0
LOCK-2024-01412,Wholesale,2024-06-01,1181857,0
LOCK-2024-01413,Direct,2024-10-01,1192208,0
LOCK-2024-01414,Correspondent,2024-12-01,995942,0
LOCK-2024-01415,Direct,2024-08-01,1117226,1
LOCK-2024-01416,Direct,2024-10-01,813325,1
LOCK-2024-01417,Retail,2024-04-01,726190,0
LOCK-2024-01418,Retail,2024-02-01,471092,0
LOCK-2024-01419,Correspondent,2024-08-01,493615,1
LOCK-2024-01420,Retail,2024-07-01,801393,1
LOCK-2024-01421,Direct,2024-01-01,440029,1
LOCK-2024-01422,Direct,2024-03-01,188266,1
LOCK-2024-01423,Correspondent,2024-03-01,1179741,0
LOCK-2024-01424,Wholesale,2024-04-01,350738,0
LOCK-2024-01425,Correspondent,2024-01-01,530494,1
LOCK-2024-01426,Wholesale,2024-01-01,470587,1
LOCK-2024-01427,Retail,2024-07-01,492557,0
LOCK-2024-01428,Correspondent,2024-12-01,580241,1
LOCK-2024-01429,Correspondent,2024-10-01,231499,1
LOCK-2024-01430,Correspondent,2024-04-01,284304,1
LOCK-2024-01431,Retail,2024-05-01,319220,1
LOCK-2024-01432,Correspondent,2024-06-01,872748,1
LOCK-2024-01433,Direct,2024-07-01,932613,1
LOCK-2024-01434,Retail,2024-03-01,184148,1
LOCK-2024-01435,Wholesale,2024-03-01,883418,0
LOCK-2024-01436,Retail,2024-12-01,220778,0
LOCK-2024-01437,Retail,2024-06-01,501041,1
LOCK-2024-01438,Correspondent,2024-06-01,687282,1
LOCK-2024-01439,Retail,2024-08-01,482547,0
LOCK-2024-01440,Correspondent,2024-12-01,223992,1
LOCK-2024-01441,Retail,2024-05-01,726453,1
LOCK-2024-01442,Retail,2024-10-01,694652,0
LOCK-2024-01443,Retail,2024-01-01,372213,1
LOCK-2024-01444,Wholesale,2024-10-01,1064096,1
LOCK-2024-01445,Direct,2024-09-01,1115597,1
LOCK-2024-01446,Wholesale,2024-03-01,1173157,0
LOCK-2024-01447,Wholesale,2024-03-01,335641,1
LOCK-2024-01448,Retail,2024-04-01,531933,1
LOCK-2024-01449,Correspondent,2024-11-01,974512,1
LOCK-2024-01450,Direct,2024-09-01,232025,1
LOCK-2024-01451,Correspondent,2024-07-01,759962,1
LOCK-2024-01452,Wholesale,2024-10-01,264259,1
LOCK-2024-01453,Direct,2024-11-01,327323,1
LOCK-2024-01454,Correspondent,2024-11-01,243778,1
LOCK-2024-01455,Direct,2024-06-01,195413,0
LOCK-2024-01456,Correspondent,2024-01-01,316952,1
LOCK-2024-01457,Wholesale,2024-02-01,202012,1
LOCK-2024-01458,Retail,2024-10-01,613566,1
LOCK-2024-01459,Retail,2024-01-01,641493,0
LOCK-2024-01460,Retail,2024-06-01,945630,1
LOCK-2024-01461,Direct,2024-05-01,718318,1
LOCK-2024-01462,Retail,2024-01-01,830114,1
LOCK-2024-01463,Direct,2024-03-01,734295,0
LOCK-2024-01464,Wholesale,2024-03-01,636369,1
LOCK-2024-01465,Correspondent,2024-11-01,889923,1
LOCK-2024-01466,Wholesale,2024-08-01,1029251,0
LOCK-2024-01467,Retail,2024-09-01,890595,1
LOCK-2024-01468,Direct,2024-08-01,284864,1
LOCK-2024-01469,Direct,2024-02-01,882517,1
LOCK-2024-01470,Retail,2024-08-01,529173,1
LOCK-2024-01471,Correspondent,2024-08-01,632008,1
LOCK-2024-01472,Retail,2024-04-01,501006,1
LOCK-2024-01473,Retail,2024-11-01,950731,1
LOCK-2024-01474,Wholesale,2024-01-01,925142,1
LOCK-2024-01475,Direct,2024-01-01,660508,1
LOCK-2024-01476,Wholesale,2024-05-01,191030,1
LOCK-2024-01477,Direct,2024-07-01,856737,1
LOCK-2024-01478,Wholesale,2024-12-01,701213,1
LOCK-2024-01479,Wholesale,2024-08-01,162732,1
LOCK-2024-01480,Direct,2024-03-01,917913,1
LOCK-2024-01481,Correspondent,2024-10-01,516834,1
LOCK-2024-01482,Retail,2024-04-01,879889,0
LOCK-2024-01483,Wholesale,2024-10-01,1069433,1
LOCK-2024-01484,Retail,2024-06-01,807556,0
LOCK-2024-01485,Direct,2024-05-01,221898,1
LOCK-2024-01486,Retail,2024-01-01,522494,1
LOCK-2024-01487,Direct,2024-12-01,636993,1
LOCK-2024-01488,Retail,2024-01-01,1124426,1
LOCK-2024-01489,Wholesale,2024-01-01,861785,1
LOCK-2024-01490,Direct,2024-03-01,248408,1
LOCK-2024-01491,Correspondent,2024-09-01,658999,0
LOCK-2024-01492,Wholesale,2024-03-01,547891,1
LOCK-2024-01493,Direct,2024-09-01,1013945,0
LOCK-2024-01494,Direct,2024-03-01,606553,0
LOCK-2024-01495,Correspondent,2024-06-01,737101,1
LOCK-2024-01496,Wholesale,2024-10-01,1060966,1
LOCK-2024-01497,Retail,2024-09-01,235685,1
LOCK-2024-01498,Retail,2024-06-01,1148179,1
LOCK-2024-01499,Correspondent,2024-09-01,535736,1
LOCK-2024-01500,Retail,2024-01-01,246304,1
LOCK-2024-01501,Wholesale,2024-07-01,249789,1
LOCK-2024-01502,Direct,2024-07-01,626330,1
LOCK-2024-01503,Wholesale,2024-12-01,495301,0
LOCK-2024-01504,Direct,2024-06-01,916251,1
LOCK-2024-01505,Correspondent,2024-06-01,679446,1
LOCK-2024-01506,Direct,2024-01-01,1035731,1
LOCK-2024-01507,Retail,2024-09-01,741682,1
LOCK-2024-01508,Wholesale,2024-10-01,871131,1
LOCK-2024-01509,Wholesale,2024-02-01,1070835,1
LOCK-2024-01510,Correspondent,2024-01-01,348780,1
LOCK-2024-01511,Retail,2024-04-01,384260,1
LOCK-2024-01512,Wholesale,2024-05-01,960178,1
LOCK-2024-01513,Retail,2024-05-01,865385,1
LOCK-2024-01514,Wholesale,2024-05-01,944602,0
LOCK-2024-01515,Correspondent,2024-02-01,687533,0
LOCK-2024-01516,Retail,2024-04-01,775033,0
LOCK-2024-01517,Direct,2024-04-01,179419,1
LOCK-2024-01518,Correspondent,2024-03-01,686257,1
LOCK-2024-01519,Wholesale,2024-11-01,199351,0
LOCK-2024-01520,Retail,2024-01-01,914247,1
LOCK-2024-01521,Wholesale,2024-12-01,643726,0
LOCK-2024-01522,Retail,2024-09-01,491940,1
LOCK-2024-01523,Wholesale,2024-01-01,1119717,1
LOCK-2024-01524,Wholesale,2024-03-01,1114183,0
LOCK-2024-01525,Wholesale,2024-11-01,454051,1
LOCK-2024-01526,Wholesale,2024-08-01,239967,0
LOCK-2024-01527,Correspondent,2024-11-01,300312,0
LOCK-2024-01528,Wholesale,2024-05-01,350890,1
LOCK-2024-01529,Direct,2024-04-01,1034911,1
LOCK-2024-01530,Direct,2024-06-01,1163649,1
LOCK-2024-01531,Direct,2024-09-01,167829,1
LOCK-2024-01532,Retail,2024-03-01,480543,1
LOCK-2024-01533,Retail,2024-01-01,174496,1
LOCK-2024-01534,Correspondent,2024-05-01,1031291,0
LOCK-2024-01535,Retail,2024-07-01,436817,1
LOCK-2024-01536,Correspondent,2024-09-01,624621,0
LOCK-2024-01537,Direct,2024-11-01,1163435,0
LOCK-2024-01538,Correspondent,2024-07-01,1069547,1
LOCK-2024-01539,Wholesale,2024-12-01,844620,0
LOCK-2024-01540,Wholesale,2024-06-01,216548,1
LOCK-2024-01541,Wholesale,2024-08-01,684506,1
LOCK-2024-01542,Retail,2024-07-01,515547,0
LOCK-2024-01543,Retail,2024-12-01,1023413,1
LOCK-2024-01544,Correspondent,2024-10-01,1054327,0
LOCK-2024-01545,Correspondent,2024-08-01,482605,1
LOCK-2024-01546,Direct,2024-07-01,221717,1
LOCK-2024-01547,Direct,2024-06-01,652421,1
LOCK-2024-01548,Retail,2024-05-01,948192,1
LOCK-2024-01549,Retail,2024-09-01,902463,0
LOCK-2024-01550,Retail,2024-12-01,216665,1
LOCK-2024-01551,Direct,2024-08-01,335324,1
LOCK-2024-01552,Direct,2024-09-01,582893,1
LOCK-2024-01553,Retail,2024-11-01,625756,1
LOCK-2024-01554,Wholesale,2024-10-01,467126,1
LOCK-2024-01555,Correspondent,2024-10-01,1003632,0
LOCK-2024-01556,Wholesale,2024-07-01,857011,0
LOCK-2024-01557,Correspondent,2024-06-01,1038314,1
LOCK-2024-01558,Wholesale,2024-12-01,1131458,1
LOCK-2024-01559,Wholesale,2024-02-01,800521,1
LOCK-2024-01560,Retail,2024-12-01,669650,1
LOCK-2024-01561,Direct,2024-08-01,923016,1
LOCK-2024-01562,Retail,2024-07-01,1099474,0
LOCK-2024-01563,Correspondent,2024-01-01,1125429,1
LOCK-2024-01564,Correspondent,2024-09-01,881599,0
LOCK-2024-01565,Correspondent,2024-10-01,170733,1
LOCK-2024-01566,Wholesale,2024-04-01,212813,1
LOCK-2024-01567,Wholesale,2024-03-01,491545,1
LOCK-2024-01568,Correspondent,2024-11-01,218323,0
LOCK-2024-01569,Correspondent,2024-10-01,856035,1
LOCK-2024-01570,Correspondent,2024-11-01,388921,1
LOCK-2024-01571,Correspondent,2024-12-01,164150,1
LOCK-2024-01572,Retail,2024-02-01,702998,0
LOCK-2024-01573,Correspondent,2024-08-01,407322,1
LOCK-2024-01574,Retail,2024-03-01,1198553,1
LOCK-2024-01575,Retail,2024-07-01,936501,0
LOCK-2024-01576,Direct,2024-11-01,625139,0
LOCK-2024-01577,Wholesale,2024-05-01,874403,0
LOCK-2024-01578,Direct,2024-11-01,316198,1
LOCK-2024-01579,Retail,2024-03-01,886613,1
LOCK-2024-01580,Correspondent,2024-10-01,734285,1
LOCK-2024-01581,Retail,2024-04-01,365915,0
LOCK-2024-01582,Direct,2024-07-01,787411,1
LOCK-2024-01583,Direct,2024-05-01,727464,1
LOCK-2024-01584,Direct,2024-06-01,305640,1
LOCK-2024-01585,Wholesale,2024-10-01,932074,1
LOCK-2024-01586,Correspondent,2024-05-01,229434,0
LOCK-2024-01587,Correspondent,2024-03-01,512776,1
LOCK-2024-01588,Retail,2024-03-01,1059021,1
LOCK-2024-01589,Direct,2024-06-01,1142649,1
LOCK-2024-01590,Correspondent,2024-09-01,810247,1
LOCK-2024-01591,Direct,2024-09-01,598068,1
LOCK-2024-01592,Direct,2024-11-01,1033190,1
LOCK-2024-01593,Correspondent,2024-11-01,485878,0
LOCK-2024-01594,Retail,2024-01-01,466874,0
LOCK-2024-01595,Direct,2024-02-01,1183029,1
LOCK-2024-01596,Correspondent,2024-07-01,228516,1
LOCK-2024-01597,Direct,2024-05-01,542452,0
LOCK-2024-01598,Direct,2024-07-01,1088755,0
LOCK-2024-01599,Wholesale,2024-03-01,292320,0
LOCK-2024-01600,Direct,2024-10-01,1102544,1
LOCK-2024-01601,Correspondent,2024-01-01,1084219,0
LOCK-2024-01602,Wholesale,2024-03-01,466835,1
LOCK-2024-01603,Wholesale,2024-02-01,832460,0
LOCK-2024-01604,Wholesale,2024-07-01,444941,1
LOCK-2024-01605,Retail,2024-12-01,186851,0
LOCK-2024-01606,Retail,2024-03-01,455375,1
LOCK-2024-01607,Wholesale,2024-06-01,276463,0
LOCK-2024-01608,Correspondent,2024-02-01,806384,1
LOCK-2024-01609,Correspondent,2024-08-01,669364,0
LOCK-2024-01610,Correspondent,2024-03-01,1193618,1
LOCK-2024-01611,Retail,2024-09-01,376360,1
LOCK-2024-01612,Retail,2024-03-01,721808,1
LOCK-2024-01613,Correspondent,2024-06-01,160227,1
LOCK-2024-01614,Retail,2024-06-01,1069925,1
LOCK-2024-01615,Wholesale,2024-11-01,274772,1
LOCK-2024-01616,Retail,2024-08-01,184206,1
LOCK-2024-01617,Wholesale,2024-03-01,163754,1
LOCK-2024-01618,Wholesale,2024-01-01,507484,1
LOCK-2024-01619,Direct,2024-11-01,1150290,1
LOCK-2024-01620,Retail,2024-08-01,972741,1
LOCK-2024-01621,Retail,2024-07-01,598312,1
LOCK-2024-01622,Correspondent,2024-08-01,544180,0
LOCK-2024-01623,Retail,2024-12-01,221400,1
LOCK-2024-01624,Retail,2024-12-01,263645,1
LOCK-2024-01625,Retail,2024-09-01,307055,0
LOCK-2024-01626,Correspondent,2024-11-01,573583,1
LOCK-2024-01627,Direct,2024-12-01,585543,0
LOCK-2024-01628,Retail,2024-08-01,956821,1
LOCK-2024-01629,Wholesale,2024-12-01,221197,0
LOCK-2024-01630,Retail,2024-05-01,639328,1
LOCK-2024-01631,Retail,2024-12-01,520387,1
LOCK-2024-01632,Correspondent,2024-11-01,255731,1
LOCK-2024-01633,Direct,2024-05-01,461390,1
LOCK-2024-01634,Wholesale,2024-09-01,268451,1
LOCK-2024-01635,Correspondent,2024-03-01,940051,1
LOCK-2024-01636,Wholesale,2024-10-01,868862,0
LOCK-2024-01637,Direct,2024-12-01,1164028,1
LOCK-2024-01638,Retail,2024-02-01,467408,0
LOCK-2024-01639,Direct,2024-07-01,470568,1
LOCK-2024-01640,Direct,2024-10-01,1148396,1
LOCK-2024-01641,Direct,2024-06-01,160394,1
LOCK-2024-01642,Direct,2024-09-01,1094203,1
LOCK-2024-01643,Wholesale,2024-07-01,667769,1
LOCK-2024-01644,Retail,2024-05-01,1135886,1
LOCK-2024-01645,Wholesale,2024-06-01,711342,0
LOCK-2024-01646,Retail,2024-10-01,357992,1
LOCK-2024-01647,Wholesale,2024-01-01,950865,0
LOCK-2024-01648,Direct,2024-07-01,1177381,1
LOCK-2024-01649,Wholesale,2024-10-01,480100,1
LOCK-2024-01650,Direct,2024-06-01,856687,1
LOCK-2024-01651,Retail,2024-12-01,295494,0
LOCK-2024-01652,Wholesale,2024-11-01,479608,1
LOCK-2024-01653,Retail,2024-06-01,748010,0
LOCK-2024-01654,Wholesale,2024-07-01,952404,1
LOCK-2024-01655,Retail,2024-01-01,645696,0
LOCK-2024-01656,Correspondent,2024-12-01,911468,1
LOCK-2024-01657,Wholesale,2024-08-01,771613,1
LOCK-2024-01658,Direct,2024-03-01,592512,1
LOCK-2024-01659,Direct,2024-09-01,1193829,1
LOCK-2024-01660,Correspondent,2024-12-01,1056018,1
LOCK-2024-01661,Correspondent,2024-04-01,652271,1
LOCK-2024-01662,Direct,2024-09-01,977594,1
LOCK-2024-01663,Correspondent,2024-07-01,854318,1
LOCK-2024-01664,Wholesale,2024-06-01,951302,1
LOCK-2024-01665,Retail,2024-09-01,805681,1
LOCK-2024-01666,Correspondent,2024-04-01,759127,1
LOCK-2024-01667,Correspondent,2024-03-01,218766,0
LOCK-2024-01668,Retail,2024-02-01,414139,1
LOCK-2024-01669,Direct,2024-08-01,512332,0
LOCK-2024-01670,Retail,2024-02-01,434464,1
LOCK-2024-01671,Direct,2024-05-01,816961,1
LOCK-2024-01672,Retail,2024-06-01,308329,1
LOCK-2024-01673,Wholesale,2024-06-01,1190854,1
LOCK-2024-01674,Retail,2024-07-01,478399,1
LOCK-2024-01675,Retail,2024-06-01,1112696,1
LOCK-2024-01676,Retail,2024-12-01,1164499,1
LOCK-2024-01677,Direct,2024-10-01,845968,0
LOCK-2024-01678,Direct,2024-07-01,874554,1
LOCK-2024-01679,Correspondent,2024-01-01,298578,0
LOCK-2024-01680,Direct,2024-03-01,462181,1
LOCK-2024-01681,Correspondent,2024-09-01,1117729,1
LOCK-2024-01682,Correspondent,2024-11-01,270891,1
LOCK-2024-01683,Wholesale,2024-06-01,988261,1
LOCK-2024-01684,Retail,2024-06-01,710456,1
LOCK-2024-01685,Direct,2024-06-01,723224,0
LOCK-2024-01686,Retail,2024-01-01,210928,1
LOCK-2024-01687,Correspondent,2024-08-01,721667,1
LOCK-2024-01688,Direct,2024-04-01,494778,1
LOCK-2024-01689,Wholesale,2024-11-01,760837,1
LOCK-2024-01690,Correspondent,2024-05-01,1163689,1
LOCK-2024-01691,Direct,2024-03-01,200770,0
LOCK-2024-01692,Retail,2024-11-01,772279,1
LOCK-2024-01693,Wholesale,2024-01-01,1081151,1
LOCK-2024-01694,Direct,2024-09-01,762900,0
LOCK-2024-01695,Wholesale,2024-09-01,970256,1
LOCK-2024-01696,Correspondent,2024-11-01,1059174,0
LOCK-2024-01697,Wholesale,2024-04-01,849631,0
LOCK-2024-01698,Direct,2024-02-01,1178288,0
LOCK-2024-01699,Wholesale,2024-04-01,857796,1
LOCK-2024-01700,Direct,2024-05-01,441054,1
LOCK-2024-01701,Wholesale,2024-05-01,454315,1
LOCK-2024-01702,Direct,2024-04-01,1011743,1
LOCK-2024-01703,Direct,2024-12-01,537902,1
LOCK-2024-01704,Wholesale,2024-03-01,244534,1
LOCK-2024-01705,Retail,2024-08-01,595399,1
LOCK-2024-01706,Wholesale,2024-11-01,1108988,0
LOCK-2024-01707,Retail,2024-08-01,1160594,1
LOCK-2024-01708,Direct,2024-06-01,412446,0
LOCK-2024-01709,Wholesale,2024-10-01,1188908,1
LOCK-2024-01710,Direct,2024-11-01,336378,1
LOCK-2024-01711,Wholesale,2024-10-01,178533,0
LOCK-2024-01712,Direct,2024-02-01,1188337,0
LOCK-2024-01713,Correspondent,2024-03-01,163604,1
LOCK-2024-01714,Direct,2024-03-01,499793,1
LOCK-2024-01715,Retail,2024-01-01,1052275,0
LOCK-2024-01716,Retail,2024-08-01,396033,1
LOCK-2024-01717,Retail,2024-08-01,939020,0
LOCK-2024-01718,Correspondent,2024-05-01,988360,1
LOCK-2024-01719,Wholesale,2024-12-01,201176,1
LOCK-2024-01720,Direct,2024-06-01,501559,0
LOCK-2024-01721,Wholesale,2024-02-01,519877,0
LOCK-2024-01722,Retail,2024-08-01,198092,0
LOCK-2024-01723,Direct,2024-05-01,487234,1
LOCK-2024-01724,Retail,2024-10-01,1196490,0
LOCK-2024-01725,Retail,2024-03-01,1177385,1
LOCK-2024-01726,Wholesale,2024-06-01,836771,0
LOCK-2024-01727,Direct,2024-12-01,1043756,1
LOCK-2024-01728,Correspondent,2024-11-01,390702,1
LOCK-2024-01729,Retail,2024-03-01,187010,1
LOCK-2024-01730,Wholesale,2024-12-01,325968,1
LOCK-2024-01731,Correspondent,2024-10-01,618394,1
LOCK-2024-01732,Direct,2024-04-01,875286,1
LOCK-2024-01733,Retail,2024-12-01,811706,1
LOCK-2024-01734,Retail,2024-07-01,1050698,1
LOCK-2024-01735,Wholesale,2024-06-01,502279,0
LOCK-2024-01736,Wholesale,2024-09-01,753173,1
LOCK-2024-01737,Retail,2024-07-01,242308,1
LOCK-2024-01738,Direct,2024-12-01,818425,0
LOCK-2024-01739,Retail,2024-10-01,680219,1
LOCK-2024-01740,Retail,2024-06-01,1066024,1
LOCK-2024-01741,Retail,2024-05-01,1193441,1
LOCK-2024-01742,Direct,2024-12-01,548845,1
LOCK-2024-01743,Correspondent,2024-02-01,365536,1
LOCK-2024-01744,Retail,2024-05-01,162089,0
LOCK-2024-01745,Correspondent,2024-11-01,1185172,1
LOCK-2024-01746,Retail,2024-12-01,309131,1
LOCK-2024-01747,Direct,2024-05-01,1035479,0
LOCK-2024-01748,Correspondent,2024-08-01,330051,0
LOCK-2024-01749,Correspondent,2024-07-01,1061173,1
LOCK-2024-01750,Correspondent,2024-05-01,738725,0
LOCK-2024-01751,Direct,2024-04-01,291288,1
LOCK-2024-01752,Retail,2024-05-01,505035,0
LOCK-2024-01753,Retail,2024-01-01,395744,0
LOCK-2024-01754,Correspondent,2024-12-01,512978,0
LOCK-2024-01755,Direct,2024-04-01,958288,1
LOCK-2024-01756,Correspondent,2024-05-01,935151,1
LOCK-2024-01757,Retail,2024-07-01,1101362,1
LOCK-2024-01758,Direct,2024-01-01,1003096,1
LOCK-2024-01759,Wholesale,2024-08-01,385849,0
LOCK-2024-01760,Direct,2024-11-01,363165,1
LOCK-2024-01761,Correspondent,2024-09-01,644099,1
LOCK-2024-01762,Retail,2024-06-01,892599,1
LOCK-2024-01763,Direct,2024-01-01,1155535,0
LOCK-2024-01764,Direct,2024-05-01,468050,1
LOCK-2024-01765,Retail,2024-08-01,856254,0
LOCK-2024-01766,Correspondent,2024-09-01,154877,1
LOCK-2024-01767,Wholesale,2024-03-01,637450,1
LOCK-2024-01768,Wholesale,2024-11-01,476563,1
LOCK-2024-01769,Direct,2024-07-01,806841,1
LOCK-2024-01770,Wholesale,2024-01-01,288035,1
LOCK-2024-01771,Direct,2024-04-01,254245,1
LOCK-2024-01772,Direct,2024-10-01,1090936,1
LOCK-2024-01773,Correspondent,2024-09-01,1196926,1
LOCK-2024-01774,Direct,2024-08-01,712443,1
LOCK-2024-01775,Retail,2024-06-01,761474,1
LOCK-2024-01776,Wholesale,2024-05-01,755872,1
LOCK-2024-01777,Retail,2024-09-01,654485,1
LOCK-2024-01778,Wholesale,2024-04-01,597778,1
LOCK-2024-01779,Wholesale,2024-10-01,873509,0
LOCK-2024-01780,Correspondent,2024-01-01,1001917,1
LOCK-2024-01781,Correspondent,2024-09-01,469882,0
LOCK-2024-01782,Wholesale,2024-01-01,846677,1
LOCK-2024-01783,Direct,2024-02-01,672146,1
LOCK-2024-01784,Wholesale,2024-04-01,968559,1
LOCK-2024-01785,Correspondent,2024-12-01,1174587,1
LOCK-2024-01786,Retail,2024-12-01,885526,1
LOCK-2024-01787,Direct,2024-06-01,511728,1
LOCK-2024-01788,Retail,2024-11-01,902917,1
LOCK-2024-01789,Retail,2024-02-01,947294,0
LOCK-2024-01790,Direct,2024-08-01,1181646,1
LOCK-2024-01791,Wholesale,2024-09-01,914422,0
LOCK-2024-01792,Correspondent,2024-08-01,1195497,1
LOCK-2024-01793,Correspondent,2024-05-01,1160323,1
LOCK-2024-01794,Retail,2024-08-01,1023768,1
LOCK-2024-01795,Wholesale,2024-03-01,261075,0
LOCK-2024-01796,Direct,2024-07-01,1040024,0
LOCK-2024-01797,Wholesale,2024-12-01,836234,1
LOCK-2024-01798,Direct,2024-08-01,679613,0
LOCK-2024-01799,Correspondent,2024-02-01,393531,0
LOCK-2024-01800,Wholesale,2024-05-01,230813,0
LOCK-2024-01801,Wholesale,2024-05-01,612266,1
LOCK-2024-01802,Retail,2024-10-01,1034358,1
LOCK-2024-01803,Wholesale,2024-10-01,1087527,1
LOCK-2024-01804,Direct,2024-06-01,703642,0
LOCK-2024-01805,Wholesale,2024-04-01,1152609,1
LOCK-2024-01806,Retail,2024-09-01,978828,1
LOCK-2024-01807,Correspondent,2024-01-01,239629,1
LOCK-2024-01808,Wholesale,2024-03-01,1055765,0
LOCK-2024-01809,Direct,2024-10-01,803529,0
LOCK-2024-01810,Correspondent,2024-09-01,975448,0
LOCK-2024-01811,Correspondent,2024-02-01,242437,1
LOCK-2024-01812,Direct,2024-01-01,788291,1
LOCK-2024-01813,Wholesale,2024-04-01,825612,0
LOCK-2024-01814,Wholesale,2024-05-01,560140,0
LOCK-2024-01815,Retail,2024-07-01,705405,0
LOCK-2024-01816,Direct,2024-03-01,1069889,1
LOCK-2024-01817,Correspondent,2024-10-01,389695,0
LOCK-2024-01818,Correspondent,2024-05-01,822122,1
LOCK-2024-01819,Retail,2024-12-01,707814,1
LOCK-2024-01820,Wholesale,2024-11-01,232940,1
LOCK-2024-01821,Direct,2024-02-01,919277,0
LOCK-2024-01822,Correspondent,2024-03-01,965086,0
LOCK-2024-01823,Wholesale,2024-03-01,646475,1
LOCK-2024-01824,Wholesale,2024-01-01,553058,1
LOCK-2024-01825,Direct,2024-10-01,1073116,1
LOCK-2024-01826,Retail,2024-09-01,694214,1
LOCK-2024-01827,Direct,2024-09-01,918471,0
LOCK-2024-01828,Correspondent,2024-12-01,369601,1
LOCK-2024-01829,Correspondent,2024-09-01,484918,1
LOCK-2024-01830,Direct,2024-05-01,505415,0
LOCK-2024-01831,Wholesale,2024-10-01,599987,1
LOCK-2024-01832,Retail,2024-04-01,796650,1
LOCK-2024-01833,Direct,2024-02-01,1023859,1
LOCK-2024-01834,Wholesale,2024-06-01,1002455,1
LOCK-2024-01835,Retail,2024-01-01,881621,1
LOCK-2024-01836,Retail,2024-01-01,268629,1
LOCK-2024-01837,Correspondent,2024-09-01,814804,0
LOCK-2024-01838,Wholesale,2024-02-01,597151,1
LOCK-2024-01839,Wholesale,2024-06-01,703465,1
LOCK-2024-01840,Correspondent,2024-10-01,721878,0
LOCK-2024-01841,Direct,2024-06-01,994507,1
LOCK-2024-01842,Retail,2024-08-01,476444,1
LOCK-2024-01843,Wholesale,2024-07-01,428048,1
LOCK-2024-01844,Wholesale,2024-06-01,652338,1
LOCK-2024-01845,Correspondent,2024-03-01,687234,1
LOCK-2024-01846,Correspondent,2024-02-01,568363,0
LOCK-2024-01847,Retail,2024-03-01,1103412,0
LOCK-2024-01848,Retail,2024-11-01,857813,0
LOCK-2024-01849,Wholesale,2024-05-01,192863,1
LOCK-2024-01850,Retail,2024-12-01,1098671,1
LOCK-2024-01851,Correspondent,2024-06-01,154591,0
LOCK-2024-01852,Retail,2024-05-01,906622,1
LOCK-2024-01853,Retail,2024-08-01,174707,1
LOCK-2024-01854,Direct,2024-04-01,822268,1
LOCK-2024-01855,Direct,2024-08-01,657483,1
LOCK-2024-01856,Correspondent,2024-05-01,686489,0
LOCK-2024-01857,Wholesale,2024-03-01,558431,1
LOCK-2024-01858,Direct,2024-01-01,518736,1
LOCK-2024-01859,Direct,2024-02-01,154334,1
LOCK-2024-01860,Correspondent,2024-07-01,840222,1
LOCK-2024-01861,Direct,2024-01-01,1091279,1
LOCK-2024-01862,Wholesale,2024-09-01,1136735,1
LOCK-2024-01863,Wholesale,2024-11-01,467641,0
LOCK-2024-01864,Wholesale,2024-04-01,489397,1
LOCK-2024-01865,Wholesale,2024-09-01,226373,1
LOCK-2024-01866,Direct,2024-01-01,507283,1
LOCK-2024-01867,Correspondent,2024-02-01,715898,0
LOCK-2024-01868,Direct,2024-02-01,1025155,0
LOCK-2024-01869,Correspondent,2024-01-01,587308,0
LOCK-2024-01870,Retail,2024-07-01,744841,1
LOCK-2024-01871,Wholesale,2024-12-01,526719,1
LOCK-2024-01872,Correspondent,2024-11-01,442222,0
LOCK-2024-01873,Direct,2024-10-01,887371,1
LOCK-2024-01874,Wholesale,2024-12-01,158843,1
LOCK-2024-01875,Direct,2024-08-01,567086,1
LOCK-2024-01876,Retail,2024-09-01,352819,1
LOCK-2024-01877,Correspondent,2024-07-01,900226,1
LOCK-2024-01878,Correspondent,2024-03-01,866392,1
LOCK-2024-01879,Direct,2024-10-01,560585,0
LOCK-2024-01880,Correspondent,2024-06-01,927136,1
LOCK-2024-01881,Wholesale,2024-08-01,436402,1
LOCK-2024-01882,Wholesale,2024-08-01,1014429,1
LOCK-2024-01883,Correspondent,2024-11-01,1174954,1
LOCK-2024-01884,Retail,2024-02-01,551192,1
LOCK-2024-01885,Correspondent,2024-04-01,284567,0
LOCK-2024-01886,Wholesale,2024-05-01,514677,1
LOCK-2024-01887,Direct,2024-10-01,908027,0
LOCK-2024-01888,Correspondent,2024-02-01,806130,0
LOCK-2024-01889,Retail,2024-05-01,562028,1
LOCK-2024-01890,Correspondent,2024-09-01,452770,1
LOCK-2024-01891,Correspondent,2024-04-01,207703,0
LOCK-2024-01892,Retail,2024-10-01,484802,1
LOCK-2024-01893,Direct,2024-02-01,699090,1
LOCK-2024-01894,Direct,2024-12-01,700266,0
LOCK-2024-01895,Wholesale,2024-06-01,294479,1
LOCK-2024-01896,Direct,2024-05-01,1147706,1
LOCK-2024-01897,Direct,2024-11-01,426786,1
LOCK-2024-01898,Correspondent,2024-06-01,645301,0
LOCK-2024-01899,Direct,2024-06-01,157056,1
LOCK-2024-01900,Direct,2024-10-01,523518,1
LOCK-2024-01901,Wholesale,2024-02-01,450173,1
LOCK-2024-01902,Direct,2024-04-01,228207,0
LOCK-2024-01903,Retail,2024-10-01,1067294,1
LOCK-2024-01904,Direct,2024-07-01,247219,0
LOCK-2024-01905,Wholesale,2024-11-01,423127,1
LOCK-2024-01906,Correspondent,2024-12-01,195446,0
LOCK-2024-01907,Direct,2024-07-01,341173,1
LOCK-2024-01908,Correspondent,2024-02-01,1169753,1
LOCK-2024-01909,Correspondent,2024-03-01,945535,1
LOCK-2024-01910,Retail,2024-09-01,385345,0
LOCK-2024-01911,Wholesale,2024-01-01,1054080,1
LOCK-2024-01912,Wholesale,2024-08-01,1042551,1
LOCK-2024-01913,Retail,2024-10-01,482032,1
LOCK-2024-01914,Wholesale,2024-07-01,371284,1
LOCK-2024-01915,Direct,2024-01-01,462314,1
LOCK-2024-01916,Wholesale,2024-04-01,578360,1
LOCK-2024-01917,Retail,2024-05-01,1049296,1
LOCK-2024-01918,Wholesale,2024-10-01,1040036,1
LOCK-2024-01919,Retail,2024-12-01,893296,1
LOCK-2024-01920,Direct,2024-06-01,879756,1
LOCK-2024-01921,Direct,2024-10-01,197597,1
LOCK-2024-01922,Direct,2024-01-01,1185561,0
LOCK-2024-01923,Retail,2024-03-01,781251,1
LOCK-2024-01924,Retail,2024-01-01,841673,1
LOCK-2024-01925,Correspondent,2024-04-01,1135794,1
LOCK-2024-01926,Correspondent,2024-03-01,679502,0
LOCK-2024-01927,Correspondent,2024-06-01,269631,1
LOCK-2024-01928,Direct,2024-10-01,1035170,1
LOCK-2024-01929,Direct,2024-09-01,820595,1
LOCK-2024-01930,Wholesale,2024-11-01,310548,0
LOCK-2024-01931,Retail,2024-05-01,875689,1
LOCK-2024-01932,Retail,2024-07-01,200427,1
LOCK-2024-01933,Direct,2024-11-01,478832,1
LOCK-2024-01934,Correspondent,2024-05-01,1099591,1
LOCK-2024-01935,Wholesale,2024-08-01,920671,1
LOCK-2024-01936,Retail,2024-07-01,187717,1
LOCK-2024-01937,Correspondent,2024-04-01,634962,0
LOCK-2024-01938,Correspondent,2024-12-01,179547,1
LOCK-2024-01939,Retail,2024-05-01,907825,1
LOCK-2024-01940,Retail,2024-01-01,810700,0
LOCK-2024-01941,Wholesale,2024-04-01,374569,0
LOCK-2024-01942,Retail,2024-12-01,860421,1
LOCK-2024-01943,Correspondent,2024-04-01,810245,1
LOCK-2024-01944,Correspondent,2024-11-01,209379,1
LOCK-2024-01945,Wholesale,2024-07-01,433446,1
LOCK-2024-01946,Wholesale,2024-03-01,1050373,1
LOCK-2024-01947,Retail,2024-01-01,287793,1
LOCK-2024-01948,Retail,2024-02-01,329434,0
LOCK-2024-01949,Wholesale,2024-11-01,219023,1
LOCK-2024-01950,Direct,2024-05-01,1100473,1
LOCK-2024-01951,Retail,2024-10-01,372003,0
LOCK-2024-01952,Wholesale,2024-08-01,549985,0
LOCK-2024-01953,Retail,2024-12-01,1139306,1
LOCK-2024-01954,Retail,2024-02-01,626764,1
LOCK-2024-01955,Direct,2024-06-01,980382,1
LOCK-2024-01956,Retail,2024-11-01,193778,1
LOCK-2024-01957,Direct,2024-01-01,1055024,1
LOCK-2024-01958,Direct,2024-01-01,300938,1
LOCK-2024-01959,Correspondent,2024-11-01,846602,1
LOCK-2024-01960,Retail,2024-08-01,865196,1
LOCK-2024-01961,Direct,2024-06-01,870896,0
LOCK-2024-01962,Direct,2024-12-01,686063,1
LOCK-2024-01963,Correspondent,2024-04-01,204198,1
LOCK-2024-01964,Retail,2024-03-01,865910,1
LOCK-2024-01965,Retail,2024-01-01,633265,1
LOCK-2024-01966,Correspondent,2024-12-01,704102,1
LOCK-2024-01967,Retail,2024-10-01,679258,0
LOCK-2024-01968,Retail,2024-08-01,957088,1
LOCK-2024-01969,Correspondent,2024-12-01,902347,1
LOCK-2024-01970,Correspondent,2024-07-01,696365,0
LOCK-2024-01971,Correspondent,2024-06-01,293122,0
LOCK-2024-01972,Wholesale,2024-06-01,1160737,1
LOCK-2024-01973,Direct,2024-12-01,586445,0
LOCK-2024-01974,Correspondent,2024-03-01,830991,1
LOCK-2024-01975,Retail,2024-12-01,649261,0
LOCK-2024-01976,Direct,2024-08-01,1181790,1
LOCK-2024-01977,Retail,2024-05-01,1036102,0
LOCK-2024-01978,Wholesale,2024-01-01,175457,1
LOCK-2024-01979,Retail,2024-06-01,774668,1
LOCK-2024-01980,Correspondent,2024-08-01,1095223,1
LOCK-2024-01981,Wholesale,2024-06-01,570745,0
LOCK-2024-01982,Correspondent,2024-01-01,716475,1
LOCK-2024-01983,Direct,2024-04-01,951831,1
LOCK-2024-01984,Direct,2024-01-01,815572,1
LOCK-2024-01985,Correspondent,2024-01-01,194599,0
LOCK-2024-01986,Retail,2024-06-01,802598,0
LOCK-2024-01987,Direct,2024-11-01,913372,1
LOCK-2024-01988,Wholesale,2024-11-01,843126,1
LOCK-2024-01989,Wholesale,2024-01-01,1128921,1
LOCK-2024-01990,Wholesale,2024-10-01,859622,1
LOCK-2024-01991,Correspondent,2024-10-01,738373,1
LOCK-2024-01992,Correspondent,2024-01-01,490335,0
LOCK-2024-01993,Retail,2024-11-01,926608,1
LOCK-2024-01994,Wholesale,2024-09-01,264695,0
LOCK-2024-01995,Correspondent,2024-11-01,986235,1
LOCK-2024-01996,Wholesale,2024-07-01,991765,1
LOCK-2024-01997,Retail,2024-12-01,1094443,1
LOCK-2024-01998,Direct,2024-12-01,790316,0
LOCK-2024-01999,Retail,2024-02-01,836027,0
LOCK-2024-02000,Retail,2024-09-01,888153,0
LOCK-2024-02001,Wholesale,2024-05-01,858852,0
LOCK-2024-02002,Wholesale,2024-03-01,857335,0
LOCK-2024-02003,Retail,2024-07-01,190155,1
LOCK-2024-02004,Wholesale,2024-09-01,242040,0
LOCK-2024-02005,Direct,2024-01-01,1037519,0
LOCK-2024-02006,Wholesale,2024-05-01,202031,1
LOCK-2024-02007,Retail,2024-09-01,1044381,1
LOCK-2024-02008,Direct,2024-02-01,333523,1
LOCK-2024-02009,Retail,2024-08-01,873840,0
LOCK-2024-02010,Wholesale,2024-04-01,381096,1
LOCK-2024-02011,Correspondent,2024-11-01,547012,0
LOCK-2024-02012,Retail,2024-01-01,1082584,0
LOCK-2024-02013,Direct,2024-05-01,231053,1
LOCK-2024-02014,Retail,2024-12-01,774810,0
LOCK-2024-02015,Direct,2024-02-01,1113789,1
LOCK-2024-02016,Correspondent,2024-05-01,253210,1
LOCK-2024-02017,Wholesale,2024-02-01,439669,1
LOCK-2024-02018,Correspondent,2024-11-01,193519,1
LOCK-2024-02019,Wholesale,2024-06-01,272461,0
LOCK-2024-02020,Retail,2024-03-01,967354,1
LOCK-2024-02021,Direct,2024-10-01,1165194,1
LOCK-2024-02022,Correspondent,2024-03-01,182630,1
LOCK-2024-02023,Correspondent,2024-11-01,406437,1
LOCK-2024-02024,Correspondent,2024-09-01,376476,0
LOCK-2024-02025,Wholesale,2024-07-01,363672,1
LOCK-2024-02026,Direct,2024-08-01,994855,0
LOCK-2024-02027,Retail,2024-03-01,892751,1
LOCK-2024-02028,Correspondent,2024-02-01,1025386,1
LOCK-2024-02029,Direct,2024-06-01,789155,0
LOCK-2024-02030,Correspondent,2024-02-01,347375,1
LOCK-2024-02031,Correspondent,2024-06-01,444280,0
LOCK-2024-02032,Retail,2024-05-01,267244,1
LOCK-2024-02033,Correspondent,2024-03-01,398276,1
LOCK-2024-02034,Retail,2024-05-01,1115375,1
LOCK-2024-02035,Wholesale,2024-08-01,677220,1
LOCK-2024-02036,Correspondent,2024-08-01,996881,1
LOCK-2024-02037,Wholesale,2024-10-01,406397,0
LOCK-2024-02038,Retail,2024-04-01,442217,0
LOCK-2024-02039,Retail,2024-05-01,327637,0
LOCK-2024-02040,Direct,2024-12-01,238164,0
LOCK-2024-02041,Wholesale,2024-08-01,270814,1
LOCK-2024-02042,Direct,2024-08-01,201502,1
LOCK-2024-02043,Correspondent,2024-04-01,461849,1
LOCK-2024-02044,Retail,2024-02-01,493077,0
LOCK-2024-02045,Retail,2024-06-01,681855,1
LOCK-2024-02046,Direct,2024-01-01,251565,1
LOCK-2024-02047,Wholesale,2024-06-01,316619,0
LOCK-2024-02048,Wholesale,2024-06-01,205243,1
LOCK-2024-02049,Correspondent,2024-04-01,376618,1
LOCK-2024-02050,Retail,2024-02-01,1099374,0
LOCK-2024-02051,Retail,2024-05-01,1066011,1
LOCK-2024-02052,Direct,2024-04-01,850194,1
LOCK-2024-02053,Correspondent,2024-04-01,194259,0
LOCK-2024-02054,Retail,2024-11-01,806917,1
LOCK-2024-02055,Direct,2024-02-01,358149,1
LOCK-2024-02056,Retail,2024-10-01,1169970,1
LOCK-2024-02057,Direct,2024-07-01,254180,1
LOCK-2024-02058,Retail,2024-11-01,796826,1
LOCK-2024-02059,Direct,2024-01-01,918828,1
LOCK-2024-02060,Correspondent,2024-05-01,197044,1
LOCK-2024-02061,Direct,2024-04-01,663359,0
LOCK-2024-02062,Wholesale,2024-04-01,477387,1
LOCK-2024-02063,Wholesale,2024-10-01,714905,1
LOCK-2024-02064,Retail,2024-09-01,717424,1
LOCK-2024-02065,Correspondent,2024-11-01,748890,0
LOCK-2024-02066,Correspondent,2024-07-01,228552,1
LOCK-2024-02067,Direct,2024-03-01,898969,0
LOCK-2024-02068,Correspondent,2024-06-01,931301,0
LOCK-2024-02069,Wholesale,2024-06-01,894669,0
LOCK-2024-02070,Correspondent,2024-01-01,432964,1
LOCK-2024-02071,Correspondent,2024-08-01,583575,1
LOCK-2024-02072,Retail,2024-08-01,219274,1
LOCK-2024-02073,Direct,2024-10-01,813448,0
LOCK-2024-02074,Wholesale,2024-06-01,565058,1
LOCK-2024-02075,Wholesale,2024-10-01,1128240,1
LOCK-2024-02076,Wholesale,2024-12-01,870497,1
LOCK-2024-02077,Wholesale,2024-07-01,992894,0
LOCK-2024-02078,Correspondent,2024-06-01,1042511,1
LOCK-2024-02079,Retail,2024-02-01,577870,1
LOCK-2024-02080,Wholesale,2024-03-01,727992,1
LOCK-2024-02081,Direct,2024-11-01,1173512,0
LOCK-2024-02082,Retail,2024-02-01,744819,0
LOCK-2024-02083,Correspondent,2024-11-01,438857,1
LOCK-2024-02084,Correspondent,2024-05-01,952585,1
LOCK-2024-02085,Wholesale,2024-02-01,163792,1
LOCK-2024-02086,Direct,2024-04-01,298237,1
LOCK-2024-02087,Correspondent,2024-07-01,1072699,0
LOCK-2024-02088,Retail,2024-05-01,344293,1
LOCK-2024-02089,Correspondent,2024-01-01,243433,1
LOCK-2024-02090,Wholesale,2024-11-01,815090,1
LOCK-2024-02091,Retail,2024-05-01,501164,1
LOCK-2024-02092,Retail,2024-12-01,720950,1
LOCK-2024-02093,Correspondent,2024-02-01,166312,0
LOCK-2024-02094,Wholesale,2024-06-01,1195158,1
LOCK-2024-02095,Direct,2024-05-01,749138,0
LOCK-2024-02096,Wholesale,2024-04-01,859651,1
LOCK-2024-02097,Wholesale,2024-06-01,297056,1
LOCK-2024-02098,Correspondent,2024-06-01,493676,1
LOCK-2024-02099,Wholesale,2024-11-01,1138691,1
LOCK-2024-02100,Direct,2024-03-01,462925,1
LOCK-2024-02101,Correspondent,2024-05-01,695470,1
LOCK-2024-02102,Retail,2024-12-01,810336,1
LOCK-2024-02103,Correspondent,2024-01-01,813612,0
LOCK-2024-02104,Wholesale,2024-06-01,239976,1
LOCK-2024-02105,Wholesale,2024-12-01,642408,1
LOCK-2024-02106,Correspondent,2024-07-01,358177,1
LOCK-2024-02107,Direct,2024-09-01,897767,1
LOCK-2024-02108,Direct,2024-11-01,404589,1
LOCK-2024-02109,Retail,2024-03-01,741585,0
LOCK-2024-02110,Wholesale,2024-04-01,853545,1
LOCK-2024-02111,Correspondent,2024-11-01,311777,0
LOCK-2024-02112,Retail,2024-01-01,963422,0
LOCK-2024-02113,Correspondent,2024-12-01,773248,0
LOCK-2024-02114,Retail,2024-05-01,1078863,1
LOCK-2024-02115,Direct,2024-04-01,554829,1
LOCK-2024-02116,Correspondent,2024-10-01,612975,0
LOCK-2024-02117,Correspondent,2024-09-01,987830,1
LOCK-2024-02118,Correspondent,2024-10-01,848821,1
LOCK-2024-02119,Retail,2024-02-01,1033308,0
LOCK-2024-02120,Correspondent,2024-06-01,466447,1
LOCK-2024-02121,Wholesale,2024-07-01,1092740,1
LOCK-2024-02122,Retail,2024-03-01,1024657,1
LOCK-2024-02123,Retail,2024-06-01,1127252,1
LOCK-2024-02124,Direct,2024-05-01,720458,1
LOCK-2024-02125,Correspondent,2024-07-01,485797,1
LOCK-2024-02126,Retail,2024-06-01,272490,1
LOCK-2024-02127,Direct,2024-07-01,601937,1
LOCK-2024-02128,Correspondent,2024-06-01,822545,0
LOCK-2024-02129,Wholesale,2024-03-01,937447,1
LOCK-2024-02130,Wholesale,2024-11-01,463209,1
LOCK-2024-02131,Correspondent,2024-02-01,1147852,0
LOCK-2024-02132,Correspondent,2024-08-01,776469,0
LOCK-2024-02133,Wholesale,2024-02-01,758932,1
LOCK-2024-02134,Wholesale,2024-05-01,950562,1
LOCK-2024-02135,Wholesale,2024-08-01,1078304,1
LOCK-2024-02136,Retail,2024-07-01,860976,1
LOCK-2024-02137,Correspondent,2024-02-01,739580,0
LOCK-2024-02138,Direct,2024-08-01,763603,1
LOCK-2024-02139,Correspondent,2024-01-01,445129,0
LOCK-2024-02140,Wholesale,2024-11-01,743106,1
LOCK-2024-02141,Correspondent,2024-08-01,724605,1
LOCK-2024-02142,Correspondent,2024-02-01,253047,1
LOCK-2024-02143,Direct,2024-12-01,995499,1
LOCK-2024-02144,Direct,2024-04-01,723024,1
LOCK-2024-02145,Wholesale,2024-10-01,764530,1
LOCK-2024-02146,Direct,2024-10-01,889857,1
LOCK-2024-02147,Retail,2024-01-01,735809,1
LOCK-2024-02148,Retail,2024-04-01,826199,1
LOCK-2024-02149,Correspondent,2024-07-01,378748,1
LOCK-2024-02150,Direct,2024-07-01,500510,1
LOCK-2024-02151,Wholesale,2024-01-01,155844,1
LOCK-2024-02152,Correspondent,2024-04-01,362212,0
LOCK-2024-02153,Direct,2024-06-01,915262,1
LOCK-2024-02154,Retail,2024-07-01,975827,1
LOCK-2024-02155,Wholesale,2024-02-01,790902,0
LOCK-2024-02156,Retail,2024-10-01,664914,0
LOCK-2024-02157,Retail,2024-10-01,597178,0
LOCK-2024-02158,Wholesale,2024-08-01,461901,1
LOCK-2024-02159,Correspondent,2024-05-01,230662,1
LOCK-2024-02160,Correspondent,2024-11-01,566114,1
LOCK-2024-02161,Wholesale,2024-05-01,572332,1
LOCK-2024-02162,Correspondent,2024-04-01,249330,1
LOCK-2024-02163,Direct,2024-09-01,197500,1
LOCK-2024-02164,Direct,2024-09-01,578900,1
LOCK-2024-02165,Direct,2024-06-01,301257,1
LOCK-2024-02166,Direct,2024-02-01,582572,1
LOCK-2024-02167,Retail,2024-05-01,789794,1
LOCK-2024-02168,Retail,2024-08-01,884366,0
LOCK-2024-02169,Correspondent,2024-07-01,262401,1
LOCK-2024-02170,Retail,2024-10-01,968571,1
LOCK-2024-02171,Direct,2024-06-01,412666,1
LOCK-2024-02172,Retail,2024-11-01,576181,0
LOCK-2024-02173,Direct,2024-11-01,828277,0
LOCK-2024-02174,Wholesale,2024-12-01,352226,1
LOCK-2024-02175,Correspondent,2024-05-01,274781,0
LOCK-2024-02176,Direct,2024-06-01,257841,1
LOCK-2024-02177,Correspondent,2024-11-01,414709,0
LOCK-2024-02178,Retail,2024-11-01,733632,1
LOCK-2024-02179,Wholesale,2024-09-01,995618,1
LOCK-2024-02180,Wholesale,2024-06-01,1114129,1
LOCK-2024-02181,Correspondent,2024-11-01,456312,1
LOCK-2024-02182,Direct,2024-07-01,307258,0
LOCK-2024-02183,Direct,2024-02-01,224068,0
LOCK-2024-02184,Retail,2024-04-01,524065,1
LOCK-2024-02185,Correspondent,2024-04-01,331010,1
LOCK-2024-02186,Correspondent,2024-03-01,793563,1
LOCK-2024-02187,Correspondent,2024-12-01,668336,1
LOCK-2024-02188,Direct,2024-09-01,536975,1
LOCK-2024-02189,Direct,2024-04-01,473275,1
LOCK-2024-02190,Direct,2024-05-01,594356,1
LOCK-2024-02191,Retail,2024-11-01,821878,0
LOCK-2024-02192,Wholesale,2024-04-01,899970,1
LOCK-2024-02193,Retail,2024-09-01,178323,1
LOCK-2024-02194,Correspondent,2024-11-01,410373,1
LOCK-2024-02195,Retail,2024-12-01,642261,0
LOCK-2024-02196,Retail,2024-12-01,1019963,1
LOCK-2024-02197,Correspondent,2024-06-01,402882,1
LOCK-2024-02198,Direct,2024-12-01,831372,1
LOCK-2024-02199,Wholesale,2024-03-01,871711,1
LOCK-2024-02200,Correspondent,2024-05-01,410024,1
LOCK-2024-02201,Correspondent,2024-07-01,365407,1
LOCK-2024-02202,Wholesale,2024-12-01,712009,0
LOCK-2024-02203,Correspondent,2024-02-01,847311,1
LOCK-2024-02204,Direct,2024-03-01,633590,0
LOCK-2024-02205,Direct,2024-02-01,334197,1
LOCK-2024-02206,Wholesale,2024-03-01,1063312,1
LOCK-2024-02207,Direct,2024-02-01,634781,0
LOCK-2024-02208,Retail,2024-12-01,821647,1
LOCK-2024-02209,Wholesale,2024-07-01,443633,0
LOCK-2024-02210,Wholesale,2024-11-01,614003,1
LOCK-2024-02211,Retail,2024-09-01,1103713,1
LOCK-2024-02212,Wholesale,2024-08-01,737284,1
LOCK-2024-02213,Wholesale,2024-11-01,649262,0
LOCK-2024-02214,Direct,2024-03-01,399880,1
LOCK-2024-02215,Wholesale,2024-10-01,794393,1
LOCK-2024-02216,Wholesale,2024-06-01,376469,1
LOCK-2024-02217,Wholesale,2024-09-01,708831,1
LOCK-2024-02218,Direct,2024-09-01,1076546,0
LOCK-2024-02219,Correspondent,2024-01-01,472970,1
LOCK-2024-02220,Wholesale,2024-12-01,196841,0
LOCK-2024-02221,Direct,2024-08-01,936643,1
LOCK-2024-02222,Retail,2024-04-01,1125999,1
LOCK-2024-02223,Retail,2024-01-01,412182,0
LOCK-2024-02224,Direct,2024-10-01,932613,0
LOCK-2024-02225,Retail,2024-02-01,928903,0
LOCK-2024-02226,Correspondent,2024-08-01,175323,1
LOCK-2024-02227,Wholesale,2024-04-01,170557,1
LOCK-2024-02228,Wholesale,2024-06-01,490043,1
LOCK-2024-02229,Wholesale,2024-09-01,418022,0
LOCK-2024-02230,Wholesale,2024-10-01,476429,0
LOCK-2024-02231,Correspondent,2024-07-01,238043,1
LOCK-2024-02232,Direct,2024-08-01,1180586,0
LOCK-2024-02233,Direct,2024-05-01,1013683,1
LOCK-2024-02234,Direct,2024-04-01,400836,1
LOCK-2024-02235,Direct,2024-03-01,400220,1
LOCK-2024-02236,Retail,2024-03-01,552731,1
LOCK-2024-02237,Direct,2024-06-01,419664,1
LOCK-2024-02238,Wholesale,2024-02-01,1113900,0
LOCK-2024-02239,Direct,2024-02-01,694331,0
LOCK-2024-02240,Retail,2024-05-01,1097245,0
LOCK-2024-02241,Correspondent,2024-02-01,343081,1
LOCK-2024-02242,Correspondent,2024-02-01,858928,0
LOCK-2024-02243,Wholesale,2024-06-01,188043,1
LOCK-2024-02244,Direct,2024-03-01,734794,1
LOCK-2024-02245,Correspondent,2024-10-01,1094311,1
LOCK-2024-02246,Correspondent,2024-12-01,892457,1
LOCK-2024-02247,Wholesale,2024-12-01,301840,0
LOCK-2024-02248,Correspondent,2024-04-01,436193,1
LOCK-2024-02249,Correspondent,2024-12-01,1196819,1
LOCK-2024-02250,Correspondent,2024-04-01,553979,0
LOCK-2024-02251,Wholesale,2024-03-01,445215,0
LOCK-2024-02252,Correspondent,2024-02-01,615290,1
LOCK-2024-02253,Direct,2024-03-01,705748,1
LOCK-2024-02254,Wholesale,2024-12-01,495491,1
LOCK-2024-02255,Direct,2024-12-01,828089,1
LOCK-2024-02256,Direct,2024-12-01,762618,1
LOCK-2024-02257,Direct,2024-08-01,169251,1
LOCK-2024-02258,Correspondent,2024-10-01,439035,1
LOCK-2024-02259,Direct,2024-03-01,234734,1
LOCK-2024-02260,Direct,2024-05-01,259796,1
LOCK-2024-02261,Retail,2024-03-01,330866,1
LOCK-2024-02262,Direct,2024-12-01,957280,1
LOCK-2024-02263,Correspondent,2024-12-01,764470,1
LOCK-2024-02264,Direct,2024-05-01,1064991,1
LOCK-2024-02265,Retail,2024-06-01,1076313,1
LOCK-2024-02266,Correspondent,2024-10-01,436925,1
LOCK-2024-02267,Direct,2024-12-01,489900,1
LOCK-2024-02268,Retail,2024-04-01,311194,1
LOCK-2024-02269,Retail,2024-10-01,410142,0
LOCK-2024-02270,Correspondent,2024-08-01,248784,1
LOCK-2024-02271,Wholesale,2024-09-01,327362,0
LOCK-2024-02272,Wholesale,2024-06-01,312084,1
LOCK-2024-02273,Correspondent,2024-01-01,572468,1
LOCK-2024-02274,Direct,2024-06-01,208313,1
LOCK-2024-02275,Wholesale,2024-02-01,456673,1
LOCK-2024-02276,Correspondent,2024-01-01,782076,1
LOCK-2024-02277,Direct,2024-11-01,904034,1
LOCK-2024-02278,Retail,2024-12-01,566014,1
LOCK-2024-02279,Retail,2024-05-01,671194,1
LOCK-2024-02280,Retail,2024-10-01,683820,0
LOCK-2024-02281,Retail,2024-05-01,378994,0
LOCK-2024-02282,Direct,2024-06-01,208667,1
LOCK-2024-02283,Correspondent,2024-02-01,728300,1
LOCK-2024-02284,Wholesale,2024-10-01,710977,0
LOCK-2024-02285,Direct,2024-06-01,861542,0
LOCK-2024-02286,Direct,2024-05-01,300246,0
LOCK-2024-02287,Retail,2024-06-01,768797,1
LOCK-2024-02288,Direct,2024-11-01,287229,1
LOCK-2024-02289,Direct,2024-03-01,1145927,1
LOCK-2024-02290,Direct,2024-03-01,924829,0
LOCK-2024-02291,Wholesale,2024-02-01,519090,1
LOCK-2024-02292,Wholesale,2024-09-01,341701,0
LOCK-2024-02293,Correspondent,2024-05-01,512347,0
LOCK-2024-02294,Wholesale,2024-01-01,399201,1
LOCK-2024-02295,Retail,2024-09-01,562887,0
LOCK-2024-02296,Direct,2024-05-01,173852,0
LOCK-2024-02297,Correspondent,2024-02-01,177361,0
LOCK-2024-02298,Wholesale,2024-04-01,1163436,0
LOCK-2024-02299,Correspondent,2024-09-01,247683,0
LOCK-2024-02300,Correspondent,2024-02-01,797180,1
LOCK-2024-02301,Retail,2024-03-01,698004,1
LOCK-2024-02302,Direct,2024-09-01,391637,1
LOCK-2024-02303,Correspondent,2024-02-01,607915,1
LOCK-2024-02304,Retail,2024-02-01,742572,0
LOCK-2024-02305,Retail,2024-09-01,1062814,1
LOCK-2024-02306,Direct,2024-11-01,894650,1
LOCK-2024-02307,Retail,2024-11-01,363522,0
LOCK-2024-02308,Correspondent,2024-12-01,1082621,1
LOCK-2024-02309,Wholesale,2024-07-01,1012935,0
LOCK-2024-02310,Wholesale,2024-03-01,721235,1
LOCK-2024-02311,Correspondent,2024-03-01,740340,1
LOCK-2024-02312,Correspondent,2024-06-01,312269,1
LOCK-2024-02313,Retail,2024-09-01,653552,1
LOCK-2024-02314,Direct,2024-02-01,1095764,1
LOCK-2024-02315,Wholesale,2024-11-01,285174,1
LOCK-2024-02316,Correspondent,2024-03-01,851927,0
LOCK-2024-02317,Direct,2024-08-01,741969,0
LOCK-2024-02318,Wholesale,2024-06-01,988838,1
LOCK-2024-02319,Wholesale,2024-02-01,335131,1
LOCK-2024-02320,Correspondent,2024-08-01,1045187,1
LOCK-2024-02321,Correspondent,2024-05-01,1063849,1
LOCK-2024-02322,Wholesale,2024-10-01,370122,1
LOCK-2024-02323,Direct,2024-02-01,511915,1
LOCK-2024-02324,Wholesale,2024-06-01,1134795,1
LOCK-2024-02325,Correspondent,2024-02-01,224218,1
LOCK-2024-02326,Retail,2024-02-01,715515,1
LOCK-2024-02327,Retail,2024-12-01,593577,1
LOCK-2024-02328,Wholesale,2024-09-01,1121720,0
LOCK-2024-02329,Retail,2024-03-01,265048,1
LOCK-2024-02330,Direct,2024-04-01,885105,0
LOCK-2024-02331,Retail,2024-03-01,214113,0
LOCK-2024-02332,Correspondent,2024-11-01,654111,0
LOCK-2024-02333,Retail,2024-12-01,242775,1
LOCK-2024-02334,Wholesale,2024-02-01,1086266,1
LOCK-2024-02335,Correspondent,2024-05-01,903818,0
LOCK-2024-02336,Retail,2024-06-01,959458,1
LOCK-2024-02337,Correspondent,2024-08-01,1094880,1
LOCK-2024-02338,Retail,2024-05-01,1077220,1
LOCK-2024-02339,Correspondent,2024-10-01,904933,0
LOCK-2024-02340,Retail,2024-11-01,581633,1
LOCK-2024-02341,Retail,2024-11-01,190629,1
LOCK-2024-02342,Correspondent,2024-08-01,1073438,0
LOCK-2024-02343,Retail,2024-03-01,1013583,0
LOCK-2024-02344,Direct,2024-10-01,656457,1
LOCK-2024-02345,Direct,2024-04-01,1195370,1
LOCK-2024-02346,Direct,2024-01-01,646203,1
LOCK-2024-02347,Wholesale,2024-03-01,863761,1
LOCK-2024-02348,Retail,2024-11-01,304979,1
LOCK-2024-02349,Retail,2024-08-01,613409,1
LOCK-2024-02350,Direct,2024-08-01,1019195,0
LOCK-2024-02351,Wholesale,2024-03-01,266768,1
LOCK-2024-02352,Wholesale,2024-12-01,174065,1
LOCK-2024-02353,Retail,2024-12-01,845860,1
LOCK-2024-02354,Retail,2024-09-01,921363,1
LOCK-2024-02355,Wholesale,2024-09-01,390988,1
LOCK-2024-02356,Wholesale,2024-04-01,179164,0
LOCK-2024-02357,Wholesale,2024-11-01,320991,1
LOCK-2024-02358,Retail,2024-09-01,1118331,0
LOCK-2024-02359,Wholesale,2024-11-01,345395,1
LOCK-2024-02360,Correspondent,2024-05-01,1041788,0
LOCK-2024-02361,Correspondent,2024-06-01,441384,0
LOCK-2024-02362,Correspondent,2024-06-01,247179,1
LOCK-2024-02363,Direct,2024-07-01,981696,0
LOCK-2024-02364,Correspondent,2024-09-01,1083663,1
LOCK-2024-02365,Retail,2024-06-01,959395,1
LOCK-2024-02366,Correspondent,2024-07-01,268088,0
LOCK-2024-02367,Direct,2024-12-01,1067464,0
LOCK-2024-02368,Retail,2024-04-01,534878,1
LOCK-2024-02369,Retail,2024-09-01,1103574,1
LOCK-2024-02370,Direct,2024-06-01,1047627,1
LOCK-2024-02371,Correspondent,2024-03-01,559023,1
LOCK-2024-02372,Direct,2024-05-01,179092,1
LOCK-2024-02373,Direct,2024-08-01,172022,1
LOCK-2024-02374,Wholesale,2024-06-01,981672,1
LOCK-2024-02375,Retail,2024-05-01,1167790,1
LOCK-2024-02376,Direct,2024-02-01,712950,0
LOCK-2024-02377,Direct,2024-10-01,772366,1
LOCK-2024-02378,Direct,2024-09-01,1116483,1
LOCK-2024-02379,Retail,2024-06-01,220147,1
LOCK-2024-02380,Direct,2024-04-01,1039963,1
LOCK-2024-02381,Retail,2024-12-01,999221,1
LOCK-2024-02382,Direct,2024-08-01,662247,1
LOCK-2024-02383,Direct,2024-09-01,526320,1
LOCK-2024-02384,Retail,2024-11-01,1050959,1
LOCK-2024-02385,Correspondent,2024-07-01,538830,1
LOCK-2024-02386,Retail,2024-09-01,981872,1
LOCK-2024-02387,Retail,2024-11-01,170878,1
LOCK-2024-02388,Direct,2024-01-01,647493,1
LOCK-2024-02389,Wholesale,2024-06-01,292332,1
LOCK-2024-02390,Retail,2024-11-01,275444,1
LOCK-2024-02391,Wholesale,2024-07-01,765707,1
LOCK-2024-02392,Wholesale,2024-03-01,500116,0
LOCK-2024-02393,Correspondent,2024-08-01,473815,1
LOCK-2024-02394,Direct,2024-05-01,714446,0
LOCK-2024-02395,Direct,2024-08-01,829192,1
LOCK-2024-02396,Retail,2024-05-01,794695,1
LOCK-2024-02397,Retail,2024-08-01,933691,0
LOCK-2024-02398,Direct,2024-10-01,759722,0
LOCK-2024-02399,Direct,2024-01-01,532563,1
LOCK-2024-02400,Retail,2024-01-01,489926,1
LOCK-2024-02401,Direct,2024-11-01,667838,1
LOCK-2024-02402,Retail,2024-01-01,1005780,0
LOCK-2024-02403,Correspondent,2024-08-01,704294,1
LOCK-2024-02404,Correspondent,2024-10-01,189217,1
LOCK-2024-02405,Direct,2024-12-01,236178,1
LOCK-2024-02406,Wholesale,2024-10-01,209450,1
LOCK-2024-02407,Correspondent,2024-11-01,449321,1
LOCK-2024-02408,Wholesale,2024-09-01,1100458,0
LOCK-2024-02409,Direct,2024-03-01,857845,1
LOCK-2024-02410,Correspondent,2024-10-01,693644,1
LOCK-2024-02411,Correspondent,2024-02-01,402850,1
LOCK-2024-02412,Retail,2024-11-01,154592,0
LOCK-2024-02413,Direct,2024-06-01,196657,1
LOCK-2024-02414,Direct,2024-08-01,1025723,0
LOCK-2024-02415,Wholesale,2024-01-01,198101,1
LOCK-2024-02416,Direct,2024-08-01,410528,1
LOCK-2024-02417,Wholesale,2024-12-01,892254,1
LOCK-2024-02418,Wholesale,2024-01-01,590020,0
LOCK-2024-02419,Direct,2024-06-01,723090,0
LOCK-2024-02420,Direct,2024-12-01,250517,1
LOCK-2024-02421,Direct,2024-12-01,339047,0
LOCK-2024-02422,Retail,2024-09-01,671390,0
LOCK-2024-02423,Wholesale,2024-03-01,648493,1
LOCK-2024-02424,Direct,2024-07-01,383667,1
LOCK-2024-02425,Retail,2024-06-01,545566,0
LOCK-2024-02426,Direct,2024-07-01,480490,1
LOCK-2024-02427,Direct,2024-02-01,951357,0
LOCK-2024-02428,Wholesale,2024-10-01,740704,1
LOCK-2024-02429,Correspondent,2024-01-01,517123,1
LOCK-2024-02430,Wholesale,2024-04-01,1030611,1
LOCK-2024-02431,Correspondent,2024-03-01,527105,1
LOCK-2024-02432,Correspondent,2024-05-01,450327,1
LOCK-2024-02433,Direct,2024-12-01,948797,1
LOCK-2024-02434,Correspondent,2024-04-01,954092,0
LOCK-2024-02435,Retail,2024-12-01,806516,1
LOCK-2024-02436,Retail,2024-01-01,754003,1
LOCK-2024-02437,Retail,2024-07-01,970470,1
LOCK-2024-02438,Wholesale,2024-11-01,1127508,1
LOCK-2024-02439,Wholesale,2024-07-01,1159992,1
LOCK-2024-02440,Correspondent,2024-11-01,1129933,0
LOCK-2024-02441,Retail,2024-08-01,297881,1
LOCK-2024-02442,Wholesale,2024-09-01,367183,1
LOCK-2024-02443,Direct,2024-01-01,707255,1
LOCK-2024-02444,Direct,2024-11-01,541904,1
LOCK-2024-02445,Correspondent,2024-06-01,986030,1
LOCK-2024-02446,Correspondent,2024-02-01,855750,1
LOCK-2024-02447,Retail,2024-02-01,517024,0
LOCK-2024-02448,Correspondent,2024-12-01,1182657,0
LOCK-2024-02449,Wholesale,2024-11-01,165609,0
LOCK-2024-02450,Correspondent,2024-08-01,571128,1
LOCK-2024-02451,Retail,2024-11-01,703408,0
LOCK-2024-02452,Correspondent,2024-12-01,210707,1
LOCK-2024-02453,Retail,2024-06-01,350576,1
LOCK-2024-02454,Direct,2024-05-01,166604,1
LOCK-2024-02455,Correspondent,2024-08-01,1020026,1
LOCK-2024-02456,Correspondent,2024-05-01,570248,0
LOCK-2024-02457,Correspondent,2024-08-01,1107834,1
LOCK-2024-02458,Direct,2024-05-01,492324,1
LOCK-2024-02459,Correspondent,2024-10-01,1075962,1
LOCK-2024-02460,Correspondent,2024-04-01,586949,1
LOCK-2024-02461,Correspondent,2024-06-01,416326,1
LOCK-2024-02462,Wholesale,2024-09-01,292309,1
LOCK-2024-02463,Correspondent,2024-12-01,1059961,1
LOCK-2024-02464,Correspondent,2024-12-01,949744,1
LOCK-2024-02465,Wholesale,2024-11-01,226498,1
LOCK-2024-02466,Correspondent,2024-07-01,497251,0
LOCK-2024-02467,Direct,2024-12-01,758940,1
LOCK-2024-02468,Correspondent,2024-10-01,953272,0
LOCK-2024-02469,Wholesale,2024-07-01,581755,1
LOCK-2024-02470,Retail,2024-10-01,310222,1
LOCK-2024-02471,Correspondent,2024-06-01,274402,0
LOCK-2024-02472,Direct,2024-01-01,563191,1
LOCK-2024-02473,Wholesale,2024-01-01,820393,1
LOCK-2024-02474,Correspondent,2024-02-01,433451,1
LOCK-2024-02475,Retail,2024-10-01,202702,1
LOCK-2024-02476,Direct,2024-04-01,349399,1
LOCK-2024-02477,Direct,2024-03-01,942546,0
LOCK-2024-02478,Direct,2024-03-01,1107046,1
LOCK-2024-02479,Direct,2024-03-01,1167444,0
LOCK-2024-02480,Retail,2024-09-01,635958,1
LOCK-2024-02481,Wholesale,2024-08-01,609725,0
LOCK-2024-02482,Retail,2024-07-01,655335,1
LOCK-2024-02483,Correspondent,2024-08-01,602571,1
LOCK-2024-02484,Direct,2024-11-01,168796,0
LOCK-2024-02485,Retail,2024-09-01,350127,1
LOCK-2024-02486,Correspondent,2024-08-01,946641,1
LOCK-2024-02487,Correspondent,2024-10-01,1017301,1
LOCK-2024-02488,Retail,2024-07-01,720737,1
LOCK-2024-02489,Correspondent,2024-07-01,175477,1
LOCK-2024-02490,Correspondent,2024-10-01,1177591,1
LOCK-2024-02491,Wholesale,2024-05-01,992227,0
LOCK-2024-02492,Correspondent,2024-11-01,342788,0
LOCK-2024-02493,Retail,2024-09-01,365061,1
LOCK-2024-02494,Retail,2024-10-01,1058473,1
LOCK-2024-02495,Retail,2024-02-01,629027,1
LOCK-2024-02496,Wholesale,2024-12-01,713592,1
LOCK-2024-02497,Correspondent,2024-02-01,683026,1
LOCK-2024-02498,Direct,2024-02-01,1064875,1
LOCK-2024-02499,Direct,2024-10-01,1045606,1
LOCK-2024-02500,Wholesale,2024-11-01,509021,1
LOCK-2024-02501,Wholesale,2024-06-01,696383,1
LOCK-2024-02502,Retail,2024-05-01,598224,1
LOCK-2024-02503,Wholesale,2024-09-01,526677,1
LOCK-2024-02504,Direct,2024-09-01,328415,1
LOCK-2024-02505,Wholesale,2024-08-01,406811,0
LOCK-2024-02506,Direct,2024-06-01,1192586,0
LOCK-2024-02507,Wholesale,2024-06-01,284402,1
LOCK-2024-02508,Correspondent,2024-03-01,722918,1
LOCK-2024-02509,Direct,2024-08-01,395968,1
LOCK-2024-02510,Correspondent,2024-05-01,552609,1
LOCK-2024-02511,Wholesale,2024-12-01,1047798,0
LOCK-2024-02512,Direct,2024-06-01,518766,1
LOCK-2024-02513,Retail,2024-11-01,462334,1
LOCK-2024-02514,Wholesale,2024-07-01,787902,1
LOCK-2024-02515,Direct,2024-11-01,308495,1
LOCK-2024-02516,Wholesale,2024-08-01,571901,1
LOCK-2024-02517,Retail,2024-01-01,1064952,0
LOCK-2024-02518,Correspondent,2024-07-01,858448,1
LOCK-2024-02519,Correspondent,2024-06-01,257546,1
LOCK-2024-02520,Retail,2024-12-01,590370,1
LOCK-2024-02521,Retail,2024-04-01,1024038,1
LOCK-2024-02522,Wholesale,2024-01-01,867544,0
LOCK-2024-02523,Direct,2024-12-01,900919,0
LOCK-2024-02524,Direct,2024-09-01,162750,1
LOCK-2024-02525,Wholesale,2024-09-01,406760,1
LOCK-2024-02526,Retail,2024-04-01,661427,0
LOCK-2024-02527,Retail,2024-06-01,1103760,0
LOCK-2024-02528,Direct,2024-05-01,525008,1
LOCK-2024-02529,Direct,2024-07-01,786600,0
LOCK-2024-02530,Direct,2024-07-01,594448,1
LOCK-2024-02531,Direct,2024-04-01,1163862,1
LOCK-2024-02532,Correspondent,2024-01-01,623984,1
LOCK-2024-02533,Correspondent,2024-03-01,341419,0
LOCK-2024-02534,Retail,2024-01-01,424550,0
LOCK-2024-02535,Correspondent,2024-02-01,653077,1
LOCK-2024-02536,Retail,2024-06-01,407921,1
LOCK-2024-02537,Direct,2024-11-01,344231,1
LOCK-2024-02538,Correspondent,2024-10-01,509521,0
LOCK-2024-02539,Wholesale,2024-07-01,437754,1
LOCK-2024-02540,Wholesale,2024-06-01,735072,1
LOCK-2024-02541,Retail,2024-10-01,304249,1
LOCK-2024-02542,Wholesale,2024-11-01,812890,1
LOCK-2024-02543,Retail,2024-04-01,992678,1
LOCK-2024-02544,Wholesale,2024-10-01,221131,1
LOCK-2024-02545,Wholesale,2024-12-01,1003061,0
LOCK-2024-02546,Retail,2024-05-01,418922,1
LOCK-2024-02547,Correspondent,2024-10-01,772932,0
LOCK-2024-02548,Wholesale,2024-06-01,309418,1
LOCK-2024-02549,Wholesale,2024-02-01,612997,1
LOCK-2024-02550,Retail,2024-08-01,1156315,0
LOCK-2024-02551,Wholesale,2024-11-01,209442,1
LOCK-2024-02552,Retail,2024-05-01,634811,0
LOCK-2024-02553,Retail,2024-09-01,635252,1
LOCK-2024-02554,Wholesale,2024-03-01,204546,1
LOCK-2024-02555,Wholesale,2024-02-01,373035,0
LOCK-2024-02556,Direct,2024-09-01,281497,1
LOCK-2024-02557,Wholesale,2024-11-01,474262,1
LOCK-2024-02558,Retail,2024-02-01,915041,0
LOCK-2024-02559,Retail,2024-12-01,644573,0
LOCK-2024-02560,Correspondent,2024-12-01,308470,1
LOCK-2024-02561,Direct,2024-12-01,263193,1
LOCK-2024-02562,Direct,2024-08-01,1159475,1
LOCK-2024-02563,Retail,2024-08-01,485929,0
LOCK-2024-02564,Retail,2024-09-01,713320,0
LOCK-2024-02565,Wholesale,2024-06-01,382577,1
LOCK-2024-02566,Retail,2024-12-01,337226,0
LOCK-2024-02567,Direct,2024-08-01,405394,0
LOCK-2024-02568,Retail,2024-07-01,155578,0
LOCK-2024-02569,Retail,2024-11-01,983440,1
LOCK-2024-02570,Retail,2024-02-01,302902,1
LOCK-2024-02571,Wholesale,2024-08-01,672524,1
LOCK-2024-02572,Retail,2024-07-01,503953,1
LOCK-2024-02573,Direct,2024-03-01,172450,1
LOCK-2024-02574,Direct,2024-08-01,511880,1
LOCK-2024-02575,Direct,2024-03-01,407711,0
LOCK-2024-02576,Retail,2024-03-01,1163057,1
LOCK-2024-02577,Retail,2024-09-01,340869,1
LOCK-2024-02578,Retail,2024-12-01,841328,1
LOCK-2024-02579,Wholesale,2024-11-01,458062,1
LOCK-2024-02580,Wholesale,2024-11-01,473896,1
LOCK-2024-02581,Direct,2024-04-01,228008,0
LOCK-2024-02582,Retail,2024-03-01,767133,1
LOCK-2024-02583,Direct,2024-07-01,947910,1
LOCK-2024-02584,Direct,2024-05-01,781819,1
LOCK-2024-02585,Retail,2024-09-01,1047101,1
LOCK-2024-02586,Retail,2024-08-01,541104,1
LOCK-2024-02587,Retail,2024-06-01,1128075,0
LOCK-2024-02588,Correspondent,2024-04-01,338289,1
LOCK-2024-02589,Wholesale,2024-11-01,1117884,0
LOCK-2024-02590,Retail,2024-09-01,1184666,1
LOCK-2024-02591,Correspondent,2024-09-01,498940,1
LOCK-2024-02592,Correspondent,2024-01-01,831416,1
LOCK-2024-02593,Retail,2024-01-01,754218,1
LOCK-2024-02594,Wholesale,2024-09-01,402662,1
LOCK-2024-02595,Direct,2024-12-01,880799,0
LOCK-2024-02596,Retail,2024-03-01,418122,1
LOCK-2024-02597,Correspondent,2024-06-01,972531,0
LOCK-2024-02598,Retail,2024-11-01,461697,1
LOCK-2024-02599,Direct,2024-07-01,718404,0
LOCK-2024-02600,Retail,2024-11-01,190164,0
LOCK-2024-02601,Direct,2024-08-01,672043,1
LOCK-2024-02602,Correspondent,2024-10-01,482334,0
LOCK-2024-02603,Wholesale,2024-08-01,375811,1
LOCK-2024-02604,Direct,2024-01-01,382813,1
LOCK-2024-02605,Correspondent,2024-02-01,942012,0
LOCK-2024-02606,Wholesale,2024-02-01,805061,1
LOCK-2024-02607,Retail,2024-02-01,913149,0
LOCK-2024-02608,Direct,2024-05-01,395402,0
LOCK-2024-02609,Direct,2024-11-01,247356,1
LOCK-2024-02610,Direct,2024-07-01,229871,0
LOCK-2024-02611,Retail,2024-01-01,732376,1
LOCK-2024-02612,Wholesale,2024-06-01,392440,0
LOCK-2024-02613,Direct,2024-03-01,829109,0
LOCK-2024-02614,Retail,2024-08-01,540138,1
LOCK-2024-02615,Retail,2024-08-01,800021,1
LOCK-2024-02616,Wholesale,2024-08-01,908983,0
LOCK-2024-02617,Direct,2024-07-01,519160,1
LOCK-2024-02618,Correspondent,2024-03-01,714264,0
LOCK-2024-02619,Wholesale,2024-02-01,291045,1
LOCK-2024-02620,Wholesale,2024-10-01,317247,1
LOCK-2024-02621,Wholesale,2024-01-01,301137,1
LOCK-2024-02622,Retail,2024-12-01,469368,1
LOCK-2024-02623,Wholesale,2024-11-01,671326,1
LOCK-2024-02624,Wholesale,2024-01-01,505836,1
LOCK-2024-02625,Direct,2024-03-01,666507,1
LOCK-2024-02626,Correspondent,2024-03-01,713466,1
LOCK-2024-02627,Retail,2024-04-01,1007068,0
LOCK-2024-02628,Direct,2024-04-01,936004,1
LOCK-2024-02629,Direct,2024-12-01,1123673,1
LOCK-2024-02630,Correspondent,2024-10-01,785328,1
LOCK-2024-02631,Retail,2024-07-01,1090123,1
LOCK-2024-02632,Retail,2024-03-01,272973,1
LOCK-2024-02633,Retail,2024-03-01,172876,0
LOCK-2024-02634,Correspondent,2024-06-01,498843,0
LOCK-2024-02635,Wholesale,2024-11-01,996491,1
LOCK-2024-02636,Correspondent,2024-09-01,437119,1
LOCK-2024-02637,Correspondent,2024-04-01,588821,1
LOCK-2024-02638,Direct,2024-01-01,939275,1
LOCK-2024-02639,Direct,2024-02-01,538417,1
LOCK-2024-02640,Correspondent,2024-01-01,802778,1
LOCK-2024-02641,Direct,2024-05-01,685696,0
LOCK-2024-02642,Correspondent,2024-04-01,1177935,0
LOCK-2024-02643,Wholesale,2024-01-01,454628,1
LOCK-2024-02644,Direct,2024-04-01,488613,1
LOCK-2024-02645,Wholesale,2024-12-01,444335,0
LOCK-2024-02646,Retail,2024-10-01,270276,1
LOCK-2024-02647,Retail,2024-02-01,828831,1
LOCK-2024-02648,Retail,2024-01-01,999063,1
LOCK-2024-02649,Wholesale,2024-11-01,256217,1
LOCK-2024-02650,Direct,2024-01-01,721835,1
LOCK-2024-02651,Direct,2024-07-01,472250,0
LOCK-2024-02652,Correspondent,2024-06-01,877344,1
LOCK-2024-02653,Correspondent,2024-03-01,447989,1
LOCK-2024-02654,Direct,2024-05-01,935660,0
LOCK-2024-02655,Retail,2024-12-01,981399,1
LOCK-2024-02656,Retail,2024-05-01,1199925,1
LOCK-2024-02657,Retail,2024-11-01,809494,1
LOCK-2024-02658,Wholesale,2024-01-01,486090,1
LOCK-2024-02659,Retail,2024-10-01,459755,0
LOCK-2024-02660,Wholesale,2024-04-01,709813,1
LOCK-2024-02661,Correspondent,2024-01-01,800914,1
LOCK-2024-02662,Wholesale,2024-02-01,1196445,1
LOCK-2024-02663,Wholesale,2024-05-01,422427,0
LOCK-2024-02664,Direct,2024-10-01,472519,1
LOCK-2024-02665,Correspondent,2024-01-01,737528,1
LOCK-2024-02666,Direct,2024-02-01,495689,0
LOCK-2024-02667,Retail,2024-10-01,155046,0
LOCK-2024-02668,Correspondent,2024-11-01,422319,1
LOCK-2024-02669,Correspondent,2024-10-01,151608,1
LOCK-2024-02670,Retail,2024-03-01,677196,1
LOCK-2024-02671,Retail,2024-01-01,723910,1
LOCK-2024-02672,Wholesale,2024-05-01,466049,1
LOCK-2024-02673,Correspondent,2024-02-01,426850,1
LOCK-2024-02674,Correspondent,2024-04-01,777534,0
LOCK-2024-02675,Wholesale,2024-05-01,456585,1
LOCK-2024-02676,Correspondent,2024-06-01,226301,0
LOCK-2024-02677,Direct,2024-07-01,172949,1
LOCK-2024-02678,Wholesale,2024-07-01,1193786,0
LOCK-2024-02679,Direct,2024-03-01,1021736,0
LOCK-2024-02680,Correspondent,2024-12-01,622183,1
LOCK-2024-02681,Correspondent,2024-11-01,503349,0
LOCK-2024-02682,Retail,2024-09-01,1116687,1
LOCK-2024-02683,Wholesale,2024-06-01,573171,0
LOCK-2024-02684,Correspondent,2024-09-01,938266,1
LOCK-2024-02685,Retail,2024-10-01,652886,1
LOCK-2024-02686,Correspondent,2024-06-01,771095,0
LOCK-2024-02687,Direct,2024-02-01,513319,0
LOCK-2024-02688,Correspondent,2024-07-01,444332,1
LOCK-2024-02689,Correspondent,2024-03-01,379952,1
LOCK-2024-02690,Correspondent,2024-09-01,1165953,1
LOCK-2024-02691,Retail,2024-08-01,635658,1
LOCK-2024-02692,Wholesale,2024-01-01,315457,1
LOCK-2024-02693,Retail,2024-12-01,411289,0
LOCK-2024-02694,Wholesale,2024-06-01,603602,1
LOCK-2024-02695,Direct,2024-01-01,933000,1
LOCK-2024-02696,Retail,2024-05-01,760630,1
LOCK-2024-02697,Correspondent,2024-10-01,475389,1
LOCK-2024-02698,Wholesale,2024-07-01,612924,1
LOCK-2024-02699,Retail,2024-11-01,1089789,1
LOCK-2024-02700,Direct,2024-11-01,531716,1
LOCK-2024-02701,Wholesale,2024-09-01,637816,1
LOCK-2024-02702,Wholesale,2024-08-01,1085493,1
LOCK-2024-02703,Retail,2024-12-01,872196,0
LOCK-2024-02704,Wholesale,2024-10-01,964382,0
LOCK-2024-02705,Wholesale,2024-01-01,447632,1
LOCK-2024-02706,Correspondent,2024-01-01,522027,1
LOCK-2024-02707,Direct,2024-01-01,825545,0
LOCK-2024-02708,Retail,2024-11-01,1019206,0
LOCK-2024-02709,Direct,2024-10-01,641164,0
LOCK-2024-02710,Correspondent,2024-03-01,313657,0
LOCK-2024-02711,Correspondent,2024-11-01,211530,1
LOCK-2024-02712,Retail,2024-10-01,185421,1
LOCK-2024-02713,Retail,2024-08-01,776948,1
LOCK-2024-02714,Wholesale,2024-07-01,985381,1
LOCK-2024-02715,Wholesale,2024-11-01,321230,0
LOCK-2024-02716,Correspondent,2024-06-01,354267,0
LOCK-2024-02717,Wholesale,2024-09-01,1195718,1
LOCK-2024-02718,Direct,2024-11-01,662630,1
LOCK-2024-02719,Retail,2024-02-01,799697,1
LOCK-2024-02720,Retail,2024-05-01,1190364,0
LOCK-2024-02721,Wholesale,2024-11-01,612249,1
LOCK-2024-02722,Retail,2024-07-01,299752,1
LOCK-2024-02723,Direct,2024-10-01,738195,1
LOCK-2024-02724,Direct,2024-02-01,667465,1
LOCK-2024-02725,Correspondent,2024-10-01,567776,1
LOCK-2024-02726,Correspondent,2024-08-01,519803,1
LOCK-2024-02727,Wholesale,2024-08-01,404373,0
LOCK-2024-02728,Retail,2024-09-01,566649,0
LOCK-2024-02729,Retail,2024-05-01,1138427,0
LOCK-2024-02730,Correspondent,2024-01-01,637617,1
LOCK-2024-02731,Wholesale,2024-09-01,356302,1
LOCK-2024-02732,Direct,2024-10-01,842284,1
LOCK-2024-02733,Correspondent,2024-11-01,777362,0
LOCK-2024-02734,Correspondent,2024-01-01,1197581,1
LOCK-2024-02735,Retail,2024-11-01,472991,1
LOCK-2024-02736,Retail,2024-02-01,953151,1
LOCK-2024-02737,Wholesale,2024-04-01,955302,1
LOCK-2024-02738,Correspondent,2024-05-01,413704,1
LOCK-2024-02739,Correspondent,2024-01-01,181047,1
LOCK-2024-02740,Correspondent,2024-10-01,443341,0
LOCK-2024-02741,Retail,2024-03-01,935261,1
LOCK-2024-02742,Correspondent,2024-09-01,806424,0
LOCK-2024-02743,Correspondent,2024-12-01,1184599,0
LOCK-2024-02744,Retail,2024-11-01,701651,0
LOCK-2024-02745,Wholesale,2024-07-01,1151136,1
LOCK-2024-02746,Wholesale,2024-11-01,528628,1
LOCK-2024-02747,Direct,2024-01-01,330333,1
LOCK-2024-02748,Direct,2024-09-01,226722,0
LOCK-2024-02749,Correspondent,2024-12-01,215928,1
LOCK-2024-02750,Retail,2024-04-01,675293,1
LOCK-2024-02751,Retail,2024-09-01,803288,1
LOCK-2024-02752,Correspondent,2024-02-01,550676,1
LOCK-2024-02753,Correspondent,2024-02-01,596230,0
LOCK-2024-02754,Correspondent,2024-04-01,337517,1
LOCK-2024-02755,Direct,2024-01-01,439873,1
LOCK-2024-02756,Correspondent,2024-05-01,618660,0
LOCK-2024-02757,Direct,2024-10-01,747622,1
LOCK-2024-02758,Direct,2024-08-01,740311,1
LOCK-2024-02759,Wholesale,2024-06-01,840201,1
LOCK-2024-02760,Correspondent,2024-04-01,1028069,0
LOCK-2024-02761,Direct,2024-12-01,419419,0
LOCK-2024-02762,Direct,2024-01-01,817267,0
LOCK-2024-02763,Direct,2024-09-01,1169293,1
LOCK-2024-02764,Direct,2024-11-01,767518,1
LOCK-2024-02765,Direct,2024-03-01,1166311,0
LOCK-2024-02766,Retail,2024-11-01,455942,1
LOCK-2024-02767,Wholesale,2024-02-01,275267,1
LOCK-2024-02768,Wholesale,2024-10-01,204814,0
LOCK-2024-02769,Direct,2024-10-01,864547,1
LOCK-2024-02770,Direct,2024-06-01,662306,1
LOCK-2024-02771,Retail,2024-02-01,847426,0
LOCK-2024-02772,Correspondent,2024-10-01,1125231,0
LOCK-2024-02773,Retail,2024-03-01,741244,1
LOCK-2024-02774,Wholesale,2024-11-01,1036368,1
LOCK-2024-02775,Wholesale,2024-03-01,1118613,1
LOCK-2024-02776,Wholesale,2024-01-01,1010186,1
LOCK-2024-02777,Direct,2024-05-01,875131,0
LOCK-2024-02778,Retail,2024-12-01,1146096,0
LOCK-2024-02779,Wholesale,2024-03-01,374706,1
LOCK-2024-02780,Direct,2024-03-01,557922,0
LOCK-2024-02781,Correspondent,2024-07-01,510106,0
LOCK-2024-02782,Direct,2024-02-01,1043417,1
LOCK-2024-02783,Direct,2024-08-01,417023,1
LOCK-2024-02784,Retail,2024-10-01,892196,1
LOCK-2024-02785,Correspondent,2024-09-01,1095352,1
LOCK-2024-02786,Direct,2024-03-01,788115,0
LOCK-2024-02787,Wholesale,2024-05-01,685613,1
LOCK-2024-02788,Direct,2024-02-01,774167,0
LOCK-2024-02789,Direct,2024-01-01,627464,1
LOCK-2024-02790,Direct,2024-11-01,1017017,1
LOCK-2024-02791,Retail,2024-05-01,201827,1
LOCK-2024-02792,Retail,2024-04-01,400079,1
LOCK-2024-02793,Wholesale,2024-02-01,811833,1
LOCK-2024-02794,Correspondent,2024-04-01,905205,0
LOCK-2024-02795,Direct,2024-02-01,1170576,1
LOCK-2024-02796,Wholesale,2024-04-01,1026777,1
LOCK-2024-02797,Correspondent,2024-12-01,662787,0
LOCK-2024-02798,Retail,2024-08-01,1028527,1
LOCK-2024-02799,Retail,2024-05-01,180072,1
LOCK-2024-02800,Correspondent,2024-02-01,835881,0
LOCK-2024-02801,Correspondent,2024-04-01,957138,1
LOCK-2024-02802,Direct,2024-01-01,693022,1
LOCK-2024-02803,Direct,2024-05-01,462865,1
LOCK-2024-02804,Direct,2024-07-01,721069,1
LOCK-2024-02805,Retail,2024-05-01,947184,1
LOCK-2024-02806,Retail,2024-10-01,153251,1
LOCK-2024-02807,Correspondent,2024-02-01,691854,1
LOCK-2024-02808,Correspondent,2024-05-01,804178,0
LOCK-2024-02809,Correspondent,2024-09-01,1196288,1
LOCK-2024-02810,Retail,2024-05-01,1089271,1
LOCK-2024-02811,Direct,2024-03-01,419822,0
LOCK-2024-02812,Wholesale,2024-01-01,429661,1
LOCK-2024-02813,Direct,2024-04-01,898578,1
LOCK-2024-02814,Correspondent,2024-12-01,871443,0
LOCK-2024-02815,Wholesale,2024-02-01,389612,1
LOCK-2024-02816,Correspondent,2024-06-01,664359,1
LOCK-2024-02817,Retail,2024-03-01,656355,1
LOCK-2024-02818,Wholesale,2024-09-01,564015,0
LOCK-2024-02819,Retail,2024-06-01,1143748,0
LOCK-2024-02820,Retail,2024-12-01,389627,1
LOCK-2024-02821,Retail,2024-09-01,567607,1
LOCK-2024-02822,Direct,2024-11-01,924284,0
LOCK-2024-02823,Correspondent,2024-06-01,469936,1
LOCK-2024-02824,Direct,2024-07-01,1106879,0
LOCK-2024-02825,Retail,2024-11-01,1132179,1
LOCK-2024-02826,Retail,2024-08-01,934822,1
LOCK-2024-02827,Retail,2024-01-01,1096013,1
LOCK-2024-02828,Correspondent,2024-03-01,258319,0
LOCK-2024-02829,Direct,2024-05-01,558473,1
LOCK-2024-02830,Retail,2024-01-01,506638,0
LOCK-2024-02831,Direct,2024-07-01,1014480,1
LOCK-2024-02832,Correspondent,2024-06-01,791210,1
LOCK-2024-02833,Retail,2024-05-01,829737,0
LOCK-2024-02834,Direct,2024-12-01,163888,0
LOCK-2024-02835,Wholesale,2024-10-01,558236,1
LOCK-2024-02836,Direct,2024-09-01,1025809,1
LOCK-2024-02837,Direct,2024-11-01,585882,1
LOCK-2024-02838,Direct,2024-06-01,997100,0
LOCK-2024-02839,Retail,2024-12-01,691922,1
LOCK-2024-02840,Direct,2024-09-01,775913,1
LOCK-2024-02841,Retail,2024-11-01,493037,1
LOCK-2024-02842,Wholesale,2024-11-01,632562,1
LOCK-2024-02843,Direct,2024-12-01,680213,1
LOCK-2024-02844,Wholesale,2024-09-01,644675,1
LOCK-2024-02845,Direct,2024-01-01,462615,1
LOCK-2024-02846,Direct,2024-01-01,943556,1
LOCK-2024-02847,Direct,2024-12-01,1097275,1
LOCK-2024-02848,Correspondent,2024-12-01,459034,0
LOCK-2024-02849,Retail,2024-04-01,771683,1
LOCK-2024-02850,Direct,2024-01-01,988043,1
LOCK-2024-02851,Direct,2024-05-01,511034,1
LOCK-2024-02852,Retail,2024-10-01,1083471,0
LOCK-2024-02853,Correspondent,2024-11-01,242966,0
LOCK-2024-02854,Correspondent,2024-12-01,840099,1
LOCK-2024-02855,Correspondent,2024-05-01,408779,0
LOCK-2024-02856,Retail,2024-03-01,177779,1
LOCK-2024-02857,Correspondent,2024-04-01,769341,0
LOCK-2024-02858,Wholesale,2024-05-01,615281,0
LOCK-2024-02859,Correspondent,2024-09-01,1118204,0
LOCK-2024-02860,Direct,2024-07-01,335417,0
LOCK-2024-02861,Wholesale,2024-04-01,981802,1
LOCK-2024-02862,Wholesale,2024-06-01,780475,0
LOCK-2024-02863,Retail,2024-03-01,884024,1
LOCK-2024-02864,Retail,2024-09-01,606344,1
LOCK-2024-02865,Direct,2024-07-01,467664,1
LOCK-2024-02866,Direct,2024-06-01,642436,1
LOCK-2024-02867,Correspondent,2024-01-01,821284,1
LOCK-2024-02868,Retail,2024-11-01,584686,1
LOCK-2024-02869,Direct,2024-09-01,908707,0
LOCK-2024-02870,Direct,2024-10-01,170762,1
LOCK-2024-02871,Correspondent,2024-09-01,1061453,1
LOCK-2024-02872,Correspondent,2024-06-01,193059,1
LOCK-2024-02873,Wholesale,2024-10-01,250380,1
LOCK-2024-02874,Retail,2024-03-01,528016,1
LOCK-2024-02875,Retail,2024-05-01,1066412,1
LOCK-2024-02876,Correspondent,2024-11-01,1022246,1
LOCK-2024-02877,Retail,2024-12-01,363284,1
LOCK-2024-02878,Retail,2024-01-01,644075,0
LOCK-2024-02879,Wholesale,2024-05-01,566480,1
LOCK-2024-02880,Direct,2024-06-01,1197629,0
LOCK-2024-02881,Wholesale,2024-12-01,876308,1
LOCK-2024-02882,Retail,2024-06-01,357095,1
LOCK-2024-02883,Wholesale,2024-07-01,382364,0
LOCK-2024-02884,Retail,2024-05-01,821999,0
LOCK-2024-02885,Wholesale,2024-02-01,1142322,0
LOCK-2024-02886,Wholesale,2024-02-01,598980,1
LOCK-2024-02887,Retail,2024-08-01,454996,1
LOCK-2024-02888,Correspondent,2024-09-01,759188,1
LOCK-2024-02889,Wholesale,2024-09-01,1017006,1
LOCK-2024-02890,Retail,2024-02-01,572080,1
LOCK-2024-02891,Correspondent,2024-11-01,1041160,1
LOCK-2024-02892,Correspondent,2024-01-01,905512,1
LOCK-2024-02893,Wholesale,2024-05-01,157481,1
LOCK-2024-02894,Correspondent,2024-07-01,786388,1
LOCK-2024-02895,Wholesale,2024-03-01,809064,0
LOCK-2024-02896,Correspondent,2024-10-01,943126,1
LOCK-2024-02897,Wholesale,2024-07-01,773295,1
LOCK-2024-02898,Retail,2024-12-01,168525,0
LOCK-2024-02899,Direct,2024-01-01,849746,1
LOCK-2024-02900,Direct,2024-02-01,577768,0
LOCK-2024-02901,Wholesale,2024-12-01,165763,0
LOCK-2024-02902,Correspondent,2024-04-01,507228,1
LOCK-2024-02903,Correspondent,2024-04-01,177472,0
LOCK-2024-02904,Direct,2024-05-01,1107275,1
LOCK-2024-02905,Correspondent,2024-10-01,1101656,1
LOCK-2024-02906,Correspondent,2024-12-01,618880,0
LOCK-2024-02907,Correspondent,2024-10-01,854098,1
LOCK-2024-02908,Direct,2024-09-01,787057,0
LOCK-2024-02909,Direct,2024-08-01,1151299,1
LOCK-2024-02910,Direct,2024-09-01,655555,1
LOCK-2024-02911,Correspondent,2024-02-01,853669,0
LOCK-2024-02912,Retail,2024-02-01,176229,0
LOCK-2024-02913,Wholesale,2024-08-01,675729,1
LOCK-2024-02914,Wholesale,2024-10-01,262933,1
LOCK-2024-02915,Direct,2024-11-01,419585,0
LOCK-2024-02916,Direct,2024-10-01,592048,1
LOCK-2024-02917,Retail,2024-05-01,993186,1
LOCK-2024-02918,Wholesale,2024-03-01,265305,1
LOCK-2024-02919,Wholesale,2024-08-01,1116401,1
LOCK-2024-02920,Retail,2024-04-01,229417,1
LOCK-2024-02921,Retail,2024-03-01,297193,1
LOCK-2024-02922,Direct,2024-04-01,723064,1
LOCK-2024-02923,Retail,2024-10-01,1142838,1
LOCK-2024-02924,Correspondent,2024-07-01,329678,0
LOCK-2024-02925,Direct,2024-03-01,737426,1
LOCK-2024-02926,Direct,2024-07-01,748380,1
LOCK-2024-02927,Wholesale,2024-09-01,1154966,1
LOCK-2024-02928,Retail,2024-02-01,267857,1
LOCK-2024-02929,Wholesale,2024-12-01,534588,1
LOCK-2024-02930,Direct,2024-08-01,758739,1
LOCK-2024-02931,Wholesale,2024-03-01,471688,1
LOCK-2024-02932,Retail,2024-07-01,1099265,1
LOCK-2024-02933,Correspondent,2024-11-01,425922,0
LOCK-2024-02934,Wholesale,2024-01-01,388895,1
LOCK-2024-02935,Correspondent,2024-05-01,799071,1
LOCK-2024-02936,Wholesale,2024-10-01,373302,0
LOCK-2024-02937,Correspondent,2024-09-01,299798,1
LOCK-2024-02938,Wholesale,2024-02-01,739878,1
LOCK-2024-02939,Retail,2024-03-01,423597,1
LOCK-2024-02940,Correspondent,2024-02-01,171642,0
LOCK-2024-02941,Correspondent,2024-05-01,929241,0
LOCK-2024-02942,Correspondent,2024-04-01,355314,1
LOCK-2024-02943,Retail,2024-10-01,207993,0
LOCK-2024-02944,Correspondent,2024-05-01,269540,1
LOCK-2024-02945,Wholesale,2024-10-01,1124175,1
LOCK-2024-02946,Wholesale,2024-01-01,1033402,0
LOCK-2024-02947,Retail,2024-01-01,668019,1
LOCK-2024-02948,Direct,2024-08-01,1123692,1
LOCK-2024-02949,Wholesale,2024-02-01,840986,1
LOCK-2024-02950,Correspondent,2024-09-01,328733,1
LOCK-2024-02951,Correspondent,2024-04-01,714130,1
LOCK-2024-02952,Correspondent,2024-11-01,1029122,1
LOCK-2024-02953,Direct,2024-02-01,399887,1
LOCK-2024-02954,Wholesale,2024-10-01,601220,1
LOCK-2024-02955,Direct,2024-02-01,625254,1
LOCK-2024-02956,Wholesale,2024-02-01,671876,1
LOCK-2024-02957,Wholesale,2024-07-01,466376,1
LOCK-2024-02958,Wholesale,2024-08-01,785632,1
LOCK-2024-02959,Wholesale,2024-12-01,888485,0
LOCK-2024-02960,Retail,2024-07-01,566444,1
LOCK-2024-02961,Correspondent,2024-10-01,829968,0
LOCK-2024-02962,Direct,2024-01-01,1105023,1
LOCK-2024-02963,Retail,2024-07-01,930500,1
LOCK-2024-02964,Correspondent,2024-09-01,1036060,1
LOCK-2024-02965,Direct,2024-07-01,1017463,1
LOCK-2024-02966,Retail,2024-08-01,608755,1
LOCK-2024-02967,Correspondent,2024-03-01,763511,1
LOCK-2024-02968,Retail,2024-12-01,959265,1
LOCK-2024-02969,Direct,2024-10-01,434947,1
LOCK-2024-02970,Retail,2024-04-01,1180237,1
LOCK-2024-02971,Direct,2024-12-01,851837,1
LOCK-2024-02972,Direct,2024-07-01,156921,0
LOCK-2024-02973,Direct,2024-10-01,1039881,1
LOCK-2024-02974,Correspondent,2024-08-01,507736,1
LOCK-2024-02975,Wholesale,2024-11-01,778940,1
LOCK-2024-02976,Direct,2024-09-01,219238,0
LOCK-2024-02977,Direct,2024-07-01,384193,1
LOCK-2024-02978,Correspondent,2024-12-01,1054978,0
LOCK-2024-02979,Retail,2024-05-01,226273,1
LOCK-2024-02980,Retail,2024-04-01,623523,1
LOCK-2024-02981,Correspondent,2024-09-01,760682,1
LOCK-2024-02982,Wholesale,2024-04-01,695451,0
LOCK-2024-02983,Direct,2024-04-01,249900,1
LOCK-2024-02984,Correspondent,2024-05-01,853613,1
LOCK-2024-02985,Retail,2024-01-01,770941,1
LOCK-2024-02986,Wholesale,2024-11-01,790966,1
LOCK-2024-02987,Wholesale,2024-04-01,635836,0
LOCK-2024-02988,Correspondent,2024-07-01,191954,1
LOCK-2024-02989,Retail,2024-12-01,428097,1
LOCK-2024-02990,Retail,2024-09-01,615309,1
LOCK-2024-02991,Retail,2024-08-01,517196,0
LOCK-2024-02992,Correspondent,2024-03-01,1161288,1
LOCK-2024-02993,Direct,2024-01-01,265014,1
LOCK-2024-02994,Direct,2024-12-01,313977,1
LOCK-2024-02995,Wholesale,2024-06-01,979881,0
LOCK-2024-02996,Wholesale,2024-03-01,399079,1
LOCK-2024-02997,Direct,2024-03-01,1131165,0
LOCK-2024-02998,Retail,2024-10-01,389327,1
LOCK-2024-02999,Direct,2024-02-01,871773,0
LOCK-2024-03000,Wholesale,2024-11-01,1049924,1
LOCK-2024-03001,Correspondent,2024-01-01,1141556,1
LOCK-2024-03002,Wholesale,2024-07-01,304407,1
LOCK-2024-03003,Direct,2024-08-01,1101759,0
LOCK-2024-03004,Wholesale,2024-10-01,270553,1
LOCK-2024-03005,Correspondent,2024-02-01,934150,1
LOCK-2024-03006,Correspondent,2024-12-01,462224,1
LOCK-2024-03007,Retail,2024-12-01,766567,1
LOCK-2024-03008,Direct,2024-12-01,1168900,0
LOCK-2024-03009,Correspondent,2024-06-01,326317,1
LOCK-2024-03010,Wholesale,2024-07-01,200808,0
LOCK-2024-03011,Wholesale,2024-04-01,530287,1
LOCK-2024-03012,Direct,2024-11-01,478913,0
LOCK-2024-03013,Correspondent,2024-01-01,174012,1
LOCK-2024-03014,Wholesale,2024-06-01,275755,1
LOCK-2024-03015,Retail,2024-07-01,690055,1
LOCK-2024-03016,Correspondent,2024-06-01,1037450,1
LOCK-2024-03017,Wholesale,2024-07-01,726600,1
LOCK-2024-03018,Direct,2024-08-01,1154465,1
LOCK-2024-03019,Retail,2024-05-01,302979,0
LOCK-2024-03020,Wholesale,2024-01-01,244615,1
LOCK-2024-03021,Direct,2024-05-01,951497,0
LOCK-2024-03022,Wholesale,2024-05-01,435173,1
LOCK-2024-03023,Retail,2024-03-01,494877,1
LOCK-2024-03024,Retail,2024-10-01,813238,1
LOCK-2024-03025,Direct,2024-01-01,610832,0
LOCK-2024-03026,Wholesale,2024-10-01,562431,1
LOCK-2024-03027,Retail,2024-03-01,319782,1
LOCK-2024-03028,Wholesale,2024-09-01,653870,1
LOCK-2024-03029,Direct,2024-09-01,1064623,1
LOCK-2024-03030,Correspondent,2024-05-01,1047257,1
LOCK-2024-03031,Wholesale,2024-11-01,1164994,0
LOCK-2024-03032,Wholesale,2024-09-01,342080,1
LOCK-2024-03033,Correspondent,2024-06-01,532843,1
LOCK-2024-03034,Retail,2024-02-01,718309,0
LOCK-2024-03035,Retail,2024-02-01,200901,0
LOCK-2024-03036,Wholesale,2024-01-01,909742,0
LOCK-2024-03037,Wholesale,2024-12-01,384699,1
LOCK-2024-03038,Retail,2024-05-01,746677,1
LOCK-2024-03039,Correspondent,2024-04-01,385837,0
LOCK-2024-03040,Wholesale,2024-04-01,796696,1
LOCK-2024-03041,Retail,2024-06-01,1046450,0
LOCK-2024-03042,Direct,2024-12-01,353684,1
LOCK-2024-03043,Direct,2024-06-01,448830,0
LOCK-2024-03044,Retail,2024-02-01,542250,1
LOCK-2024-03045,Retail,2024-05-01,642249,1
LOCK-2024-03046,Wholesale,2024-07-01,216344,1
LOCK-2024-03047,Wholesale,2024-08-01,319001,1
LOCK-2024-03048,Direct,2024-03-01,1050894,1
LOCK-2024-03049,Direct,2024-07-01,440644,1
LOCK-2024-03050,Direct,2024-12-01,388708,0
LOCK-2024-03051,Retail,2024-09-01,326676,0
LOCK-2024-03052,Direct,2024-04-01,754821,1
LOCK-2024-03053,Correspondent,2024-10-01,1087305,0
LOCK-2024-03054,Wholesale,2024-08-01,679147,0
LOCK-2024-03055,Direct,2024-04-01,501916,1
LOCK-2024-03056,Correspondent,2024-08-01,213153,1
LOCK-2024-03057,Wholesale,2024-12-01,508510,1
LOCK-2024-03058,Direct,2024-07-01,604233,0
LOCK-2024-03059,Direct,2024-02-01,1082220,0
LOCK-2024-03060,Wholesale,2024-06-01,424255,1
LOCK-2024-03061,Wholesale,2024-04-01,656558,0
LOCK-2024-03062,Correspondent,2024-01-01,194536,0
LOCK-2024-03063,Direct,2024-04-01,913412,1
LOCK-2024-03064,Correspondent,2024-12-01,1073584,1
LOCK-2024-03065,Direct,2024-06-01,836570,1
LOCK-2024-03066,Direct,2024-12-01,425981,0
LOCK-2024-03067,Direct,2024-06-01,627939,0
LOCK-2024-03068,Direct,2024-12-01,836652,1
LOCK-2024-03069,Retail,2024-04-01,816713,0
LOCK-2024-03070,Wholesale,2024-09-01,568847,1
LOCK-2024-03071,Retail,2024-02-01,1076788,1
LOCK-2024-03072,Correspondent,2024-08-01,854310,1
LOCK-2024-03073,Wholesale,2024-05-01,915563,1
LOCK-2024-03074,Wholesale,2024-07-01,439249,0
LOCK-2024-03075,Direct,2024-10-01,494216,1
LOCK-2024-03076,Correspondent,2024-09-01,666319,1
LOCK-2024-03077,Direct,2024-12-01,349043,1
LOCK-2024-03078,Wholesale,2024-11-01,677275,0
LOCK-2024-03079,Correspondent,2024-10-01,537833,0
LOCK-2024-03080,Wholesale,2024-11-01,974443,1
LOCK-2024-03081,Correspondent,2024-07-01,1102136,1
LOCK-2024-03082,Correspondent,2024-02-01,855445,1
LOCK-2024-03083,Retail,2024-08-01,286862,0
LOCK-2024-03084,Wholesale,2024-10-01,1006654,1
LOCK-2024-03085,Wholesale,2024-05-01,814262,1
LOCK-2024-03086,Wholesale,2024-10-01,409917,1
LOCK-2024-03087,Wholesale,2024-08-01,699247,1
LOCK-2024-03088,Wholesale,2024-07-01,781366,0
LOCK-2024-03089,Retail,2024-07-01,1153934,1
LOCK-2024-03090,Correspondent,2024-08-01,1060802,0
LOCK-2024-03091,Direct,2024-09-01,910315,1
LOCK-2024-03092,Wholesale,2024-10-01,544641,1
LOCK-2024-03093,Wholesale,2024-11-01,1062423,1
LOCK-2024-03094,Direct,2024-03-01,359655,1
LOCK-2024-03095,Retail,2024-04-01,349305,0
LOCK-2024-03096,Correspondent,2024-03-01,429951,1
LOCK-2024-03097,Direct,2024-11-01,784608,1
LOCK-2024-03098,Correspondent,2024-05-01,424802,0
LOCK-2024-03099,Retail,2024-04-01,1124857,0
LOCK-2024-03100,Correspondent,2024-07-01,774470,1
LOCK-2024-03101,Direct,2024-05-01,901786,0
LOCK-2024-03102,Direct,2024-02-01,953609,1
LOCK-2024-03103,Correspondent,2024-04-01,480319,1
LOCK-2024-03104,Correspondent,2024-03-01,578121,1
LOCK-2024-03105,Wholesale,2024-11-01,982354,0
LOCK-2024-03106,Retail,2024-05-01,771710,1
LOCK-2024-03107,Wholesale,2024-04-01,743070,1
LOCK-2024-03108,Wholesale,2024-05-01,545535,0
LOCK-2024-03109,Retail,2024-12-01,257696,1
LOCK-2024-03110,Correspondent,2024-10-01,913051,1
LOCK-2024-03111,Correspondent,2024-01-01,923740,1
LOCK-2024-03112,Wholesale,2024-11-01,995812,0
LOCK-2024-03113,Retail,2024-01-01,939010,1
LOCK-2024-03114,Direct,2024-10-01,615514,0
LOCK-2024-03115,Correspondent,2024-02-01,584470,0
LOCK-2024-03116,Correspondent,2024-11-01,464376,1
LOCK-2024-03117,Retail,2024-12-01,346507,1
LOCK-2024-03118,Direct,2024-12-01,1067870,0
LOCK-2024-03119,Retail,2024-10-01,179561,0
LOCK-2024-03120,Retail,2024-05-01,806734,0
LOCK-2024-03121,Direct,2024-01-01,1134685,0
LOCK-2024-03122,Direct,2024-05-01,679685,0
LOCK-2024-03123,Correspondent,2024-02-01,953275,0
LOCK-2024-03124,Direct,2024-10-01,479819,1
LOCK-2024-03125,Retail,2024-10-01,1193123,1
LOCK-2024-03126,Wholesale,2024-05-01,1155352,1
LOCK-2024-03127,Wholesale,2024-05-01,1022752,1
LOCK-2024-03128,Direct,2024-12-01,567712,0
LOCK-2024-03129,Wholesale,2024-02-01,930978,1
LOCK-2024-03130,Wholesale,2024-11-01,819460,1
LOCK-2024-03131,Wholesale,2024-06-01,356107,1
LOCK-2024-03132,Retail,2024-01-01,550914,1
LOCK-2024-03133,Wholesale,2024-05-01,477790,1
LOCK-2024-03134,Correspondent,2024-07-01,605377,1
LOCK-2024-03135,Wholesale,2024-04-01,453228,0
LOCK-2024-03136,Direct,2024-10-01,851775,1
LOCK-2024-03137,Direct,2024-05-01,644900,1
LOCK-2024-03138,Wholesale,2024-06-01,437372,1
LOCK-2024-03139,Correspondent,2024-08-01,328882,1
LOCK-2024-03140,Retail,2024-11-01,867237,0
LOCK-2024-03141,Retail,2024-04-01,876976,1
LOCK-2024-03142,Correspondent,2024-12-01,815949,1
LOCK-2024-03143,Wholesale,2024-08-01,1032022,1
LOCK-2024-03144,Retail,2024-03-01,794076,1
LOCK-2024-03145,Direct,2024-06-01,1115197,0
LOCK-2024-03146,Retail,2024-04-01,597817,1
LOCK-2024-03147,Wholesale,2024-03-01,484676,1
LOCK-2024-03148,Retail,2024-01-01,520152,1
LOCK-2024-03149,Wholesale,2024-10-01,271005,1
LOCK-2024-03150,Wholesale,2024-05-01,679834,1
LOCK-2024-03151,Correspondent,2024-07-01,233455,1
LOCK-2024-03152,Correspondent,2024-11-01,1021161,0
LOCK-2024-03153,Retail,2024-06-01,517646,1
LOCK-2024-03154,Direct,2024-03-01,775173,1
LOCK-2024-03155,Direct,2024-10-01,1055210,1
LOCK-2024-03156,Direct,2024-07-01,491254,1
LOCK-2024-03157,Correspondent,2024-11-01,1053884,1
LOCK-2024-03158,Correspondent,2024-09-01,543389,0
LOCK-2024-03159,Wholesale,2024-05-01,441752,1
LOCK-2024-03160,Retail,2024-03-01,265556,0
LOCK-2024-03161,Direct,2024-11-01,536673,1
LOCK-2024-03162,Wholesale,2024-01-01,197846,0
LOCK-2024-03163,Retail,2024-12-01,972680,1
LOCK-2024-03164,Correspondent,2024-09-01,856678,1
LOCK-2024-03165,Correspondent,2024-07-01,468805,0
LOCK-2024-03166,Wholesale,2024-05-01,1126108,1
LOCK-2024-03167,Correspondent,2024-09-01,867009,1
LOCK-2024-03168,Direct,2024-11-01,723128,0
LOCK-2024-03169,Direct,2024-06-01,817156,1
LOCK-2024-03170,Retail,2024-08-01,360579,1
LOCK-2024-03171,Correspondent,2024-10-01,1151542,1
LOCK-2024-03172,Wholesale,2024-09-01,666721,0
LOCK-2024-03173,Retail,2024-02-01,170867,0
LOCK-2024-03174,Retail,2024-08-01,815475,0
LOCK-2024-03175,Wholesale,2024-11-01,962707,0
LOCK-2024-03176,Correspondent,2024-02-01,203239,0
LOCK-2024-03177,Retail,2024-06-01,818782,1
LOCK-2024-03178,Wholesale,2024-07-01,826320,1
LOCK-2024-03179,Retail,2024-04-01,211188,1
LOCK-2024-03180,Correspondent,2024-04-01,479506,1
LOCK-2024-03181,Retail,2024-05-01,948275,0
LOCK-2024-03182,Direct,2024-02-01,577896,0
LOCK-2024-03183,Wholesale,2024-09-01,1036574,1
LOCK-2024-03184,Retail,2024-08-01,1021400,0
LOCK-2024-03185,Correspondent,2024-05-01,1134969,1
LOCK-2024-03186,Direct,2024-02-01,1192790,1
LOCK-2024-03187,Correspondent,2024-08-01,1021276,1
LOCK-2024-03188,Direct,2024-03-01,671888,1
LOCK-2024-03189,Retail,2024-03-01,535957,1
LOCK-2024-03190,Retail,2024-04-01,706733,1
LOCK-2024-03191,Correspondent,2024-04-01,341572,1
LOCK-2024-03192,Retail,2024-07-01,415930,1
LOCK-2024-03193,Wholesale,2024-01-01,529698,1
LOCK-2024-03194,Wholesale,2024-03-01,462449,1
LOCK-2024-03195,Direct,2024-12-01,805620,1
LOCK-2024-03196,Wholesale,2024-03-01,679984,1
LOCK-2024-03197,Retail,2024-07-01,552206,1
LOCK-2024-03198,Correspondent,2024-07-01,758868,1
LOCK-2024-03199,Direct,2024-06-01,763084,0
LOCK-2024-03200,Retail,2024-08-01,418609,1
LOCK-2024-03201,Retail,2024-01-01,305672,1
LOCK-2024-03202,Correspondent,2024-01-01,1151090,1
LOCK-2024-03203,Correspondent,2024-04-01,428642,0
LOCK-2024-03204,Wholesale,2024-06-01,1046634,1
LOCK-2024-03205,Retail,2024-11-01,1079668,1
LOCK-2024-03206,Wholesale,2024-08-01,327787,1
LOCK-2024-03207,Retail,2024-02-01,210832,1
LOCK-2024-03208,Direct,2024-03-01,322273,1
LOCK-2024-03209,Wholesale,2024-10-01,1180546,1
LOCK-2024-03210,Correspondent,2024-01-01,180340,1
LOCK-2024-03211,Correspondent,2024-08-01,928918,0
LOCK-2024-03212,Correspondent,2024-10-01,1038470,1
LOCK-2024-03213,Wholesale,2024-05-01,453521,0
LOCK-2024-03214,Retail,2024-06-01,459742,1
LOCK-2024-03215,Retail,2024-07-01,1198617,0
LOCK-2024-03216,Wholesale,2024-11-01,648600,0
LOCK-2024-03217,Correspondent,2024-01-01,994123,0
LOCK-2024-03218,Direct,2024-05-01,1137681,0
LOCK-2024-03219,Correspondent,2024-06-01,291927,1
LOCK-2024-03220,Wholesale,2024-08-01,344490,1
LOCK-2024-03221,Direct,2024-06-01,1011596,1
LOCK-2024-03222,Correspondent,2024-07-01,579630,0
LOCK-2024-03223,Direct,2024-01-01,1091740,0
LOCK-2024-03224,Correspondent,2024-12-01,1161691,0
LOCK-2024-03225,Correspondent,2024-10-01,997030,0
LOCK-2024-03226,Direct,2024-07-01,578897,1
LOCK-2024-03227,Correspondent,2024-02-01,375095,0
LOCK-2024-03228,Direct,2024-12-01,757735,1
LOCK-2024-03229,Retail,2024-01-01,1137902,0
LOCK-2024-03230,Correspondent,2024-10-01,741401,0
LOCK-2024-03231,Correspondent,2024-06-01,402206,1
LOCK-2024-03232,Direct,2024-10-01,1096462,1
LOCK-2024-03233,Correspondent,2024-04-01,841695,0
LOCK-2024-03234,Direct,2024-05-01,222611,0
LOCK-2024-03235,Wholesale,2024-10-01,987958,1
LOCK-2024-03236,Retail,2024-11-01,261603,0
LOCK-2024-03237,Retail,2024-09-01,714350,0
LOCK-2024-03238,Wholesale,2024-08-01,981583,1
LOCK-2024-03239,Retail,2024-11-01,485350,1
LOCK-2024-03240,Correspondent,2024-09-01,489472,1
LOCK-2024-03241,Retail,2024-03-01,625102,1
LOCK-2024-03242,Wholesale,2024-06-01,903275,1
LOCK-2024-03243,Correspondent,2024-09-01,726811,1
LOCK-2024-03244,Retail,2024-08-01,1058406,1
LOCK-2024-03245,Direct,2024-03-01,539009,1
LOCK-2024-03246,Retail,2024-06-01,868839,0
LOCK-2024-03247,Wholesale,2024-09-01,309262,1
LOCK-2024-03248,Retail,2024-01-01,713467,1
LOCK-2024-03249,Direct,2024-05-01,366496,1
LOCK-2024-03250,Wholesale,2024-02-01,286720,1
LOCK-2024-03251,Direct,2024-10-01,1033661,1
LOCK-2024-03252,Correspondent,2024-09-01,855694,0
LOCK-2024-03253,Retail,2024-06-01,1188786,1
LOCK-2024-03254,Retail,2024-09-01,638181,0
LOCK-2024-03255,Retail,2024-11-01,510031,1
LOCK-2024-03256,Wholesale,2024-04-01,1011312,0
LOCK-2024-03257,Direct,2024-03-01,1126008,1
LOCK-2024-03258,Direct,2024-12-01,582698,0
LOCK-2024-03259,Direct,2024-07-01,793690,1
LOCK-2024-03260,Correspondent,2024-05-01,900401,1
LOCK-2024-03261,Retail,2024-12-01,287990,0
LOCK-2024-03262,Retail,2024-07-01,370585,1
LOCK-2024-03263,Correspondent,2024-04-01,1015723,1
LOCK-2024-03264,Retail,2024-12-01,325301,0
LOCK-2024-03265,Wholesale,2024-12-01,947564,1
LOCK-2024-03266,Correspondent,2024-04-01,1165241,0
LOCK-2024-03267,Retail,2024-03-01,528241,1
LOCK-2024-03268,Wholesale,2024-03-01,641790,1
LOCK-2024-03269,Retail,2024-07-01,1151003,1
LOCK-2024-03270,Retail,2024-03-01,502695,1
LOCK-2024-03271,Wholesale,2024-01-01,546801,0
LOCK-2024-03272,Correspondent,2024-01-01,305513,0
LOCK-2024-03273,Direct,2024-05-01,868676,1
LOCK-2024-03274,Retail,2024-12-01,1041049,1
LOCK-2024-03275,Correspondent,2024-11-01,863495,1
LOCK-2024-03276,Correspondent,2024-08-01,534260,1
LOCK-2024-03277,Direct,2024-01-01,312236,1
LOCK-2024-03278,Direct,2024-04-01,478641,1
LOCK-2024-03279,Retail,2024-04-01,220808,1
LOCK-2024-03280,Wholesale,2024-11-01,938235,1
LOCK-2024-03281,Direct,2024-06-01,1144340,1
LOCK-2024-03282,Direct,2024-02-01,905804,0
LOCK-2024-03283,Wholesale,2024-07-01,452519,1
LOCK-2024-03284,Retail,2024-03-01,287667,1
LOCK-2024-03285,Correspondent,2024-06-01,1111310,1
LOCK-2024-03286,Wholesale,2024-09-01,925560,0
LOCK-2024-03287,Direct,2024-01-01,804765,1
LOCK-2024-03288,Direct,2024-11-01,174100,1
LOCK-2024-03289,Retail,2024-04-01,870476,1
LOCK-2024-03290,Wholesale,2024-02-01,1052901,0
LOCK-2024-03291,Wholesale,2024-07-01,897884,0
LOCK-2024-03292,Wholesale,2024-04-01,974691,1
LOCK-2024-03293,Direct,2024-09-01,1150929,1
LOCK-2024-03294,Direct,2024-05-01,228964,1
LOCK-2024-03295,Retail,2024-02-01,1010919,1
LOCK-2024-03296,Direct,2024-04-01,167511,0
LOCK-2024-03297,Retail,2024-02-01,1194316,1
LOCK-2024-03298,Direct,2024-07-01,927370,0
LOCK-2024-03299,Correspondent,2024-04-01,291602,1
LOCK-2024-03300,Wholesale,2024-10-01,689465,1
LOCK-2024-03301,Correspondent,2024-03-01,1138570,1
LOCK-2024-03302,Retail,2024-05-01,334364,1
LOCK-2024-03303,Wholesale,2024-08-01,244877,1
LOCK-2024-03304,Correspondent,2024-04-01,754021,1
LOCK-2024-03305,Retail,2024-07-01,399895,0
LOCK-2024-03306,Retail,2024-09-01,628897,1
LOCK-2024-03307,Retail,2024-02-01,462741,1
LOCK-2024-03308,Retail,2024-08-01,1032701,0
LOCK-2024-03309,Correspondent,2024-02-01,194068,1
LOCK-2024-03310,Direct,2024-08-01,882044,1
LOCK-2024-03311,Retail,2024-02-01,938065,1
LOCK-2024-03312,Direct,2024-09-01,982787,1
LOCK-2024-03313,Retail,2024-11-01,868173,1
LOCK-2024-03314,Wholesale,2024-01-01,283423,0
LOCK-2024-03315,Retail,2024-12-01,859416,0
LOCK-2024-03316,Wholesale,2024-09-01,545959,1
LOCK-2024-03317,Retail,2024-07-01,879825,1
LOCK-2024-03318,Direct,2024-08-01,548980,0
LOCK-2024-03319,Correspondent,2024-06-01,756802,1
LOCK-2024-03320,Direct,2024-09-01,612544,1
LOCK-2024-03321,Wholesale,2024-12-01,673934,1
LOCK-2024-03322,Correspondent,2024-12-01,850000,0
LOCK-2024-03323,Correspondent,2024-01-01,911792,1
LOCK-2024-03324,Retail,2024-11-01,350224,1
LOCK-2024-03325,Wholesale,2024-07-01,1063240,1
LOCK-2024-03326,Correspondent,2024-09-01,1080760,1
LOCK-2024-03327,Correspondent,2024-04-01,498327,1
LOCK-2024-03328,Direct,2024-03-01,1021460,1
LOCK-2024-03329,Retail,2024-06-01,516424,0
LOCK-2024-03330,Wholesale,2024-10-01,203318,1
LOCK-2024-03331,Direct,2024-10-01,284309,1
LOCK-2024-03332,Retail,2024-10-01,175676,1
LOCK-2024-03333,Retail,2024-12-01,1041643,0
LOCK-2024-03334,Wholesale,2024-05-01,633426,0
LOCK-2024-03335,Correspondent,2024-02-01,600052,1
LOCK-2024-03336,Direct,2024-02-01,534869,1
LOCK-2024-03337,Wholesale,2024-02-01,208444,1
LOCK-2024-03338,Direct,2024-02-01,1076658,1
LOCK-2024-03339,Retail,2024-08-01,401933,1
LOCK-2024-03340,Direct,2024-09-01,466464,1
LOCK-2024-03341,Retail,2024-09-01,1092427,1
LOCK-2024-03342,Correspondent,2024-03-01,563552,1
LOCK-2024-03343,Direct,2024-05-01,1085175,1
LOCK-2024-03344,Direct,2024-12-01,839660,0
LOCK-2024-03345,Direct,2024-01-01,1095106,1
LOCK-2024-03346,Direct,2024-06-01,751280,1
LOCK-2024-03347,Retail,2024-07-01,1007897,0
LOCK-2024-03348,Correspondent,2024-01-01,716992,0
LOCK-2024-03349,Retail,2024-02-01,987107,1
LOCK-2024-03350,Retail,2024-09-01,169492,0
LOCK-2024-03351,Correspondent,2024-03-01,836935,0
LOCK-2024-03352,Correspondent,2024-06-01,1122448,1
LOCK-2024-03353,Retail,2024-09-01,542512,1
LOCK-2024-03354,Direct,2024-06-01,299405,1
LOCK-2024-03355,Retail,2024-08-01,1130090,0
LOCK-2024-03356,Direct,2024-12-01,842800,0
LOCK-2024-03357,Wholesale,2024-04-01,449319,1
LOCK-2024-03358,Direct,2024-06-01,951047,1
LOCK-2024-03359,Retail,2024-12-01,341992,1
LOCK-2024-03360,Wholesale,2024-02-01,235565,1
LOCK-2024-03361,Direct,2024-05-01,233802,1
LOCK-2024-03362,Retail,2024-11-01,1153539,0
LOCK-2024-03363,Direct,2024-02-01,896623,1
LOCK-2024-03364,Correspondent,2024-03-01,166414,0
LOCK-2024-03365,Retail,2024-03-01,1136079,1
LOCK-2024-03366,Correspondent,2024-11-01,1197200,1
LOCK-2024-03367,Direct,2024-03-01,707041,1
LOCK-2024-03368,Wholesale,2024-08-01,1049947,0
LOCK-2024-03369,Correspondent,2024-11-01,665636,0
LOCK-2024-03370,Correspondent,2024-02-01,888277,1
LOCK-2024-03371,Correspondent,2024-04-01,232724,0
LOCK-2024-03372,Correspondent,2024-01-01,301157,1
LOCK-2024-03373,Wholesale,2024-08-01,684200,0
LOCK-2024-03374,Correspondent,2024-01-01,830645,1
LOCK-2024-03375,Retail,2024-11-01,1120672,1
LOCK-2024-03376,Correspondent,2024-02-01,366882,1
LOCK-2024-03377,Direct,2024-02-01,874291,1
LOCK-2024-03378,Direct,2024-10-01,933260,0
LOCK-2024-03379,Wholesale,2024-07-01,369746,0
LOCK-2024-03380,Wholesale,2024-10-01,455622,1
LOCK-2024-03381,Correspondent,2024-05-01,462621,1
LOCK-2024-03382,Retail,2024-10-01,687932,1
LOCK-2024-03383,Retail,2024-12-01,444017,0
LOCK-2024-03384,Correspondent,2024-05-01,294277,0
LOCK-2024-03385,Direct,2024-12-01,801130,0
LOCK-2024-03386,Direct,2024-05-01,243585,1
LOCK-2024-03387,Retail,2024-06-01,852834,0
LOCK-2024-03388,Wholesale,2024-02-01,705086,1
LOCK-2024-03389,Retail,2024-09-01,371122,0
LOCK-2024-03390,Direct,2024-03-01,287644,1
LOCK-2024-03391,Wholesale,2024-12-01,455218,1
LOCK-2024-03392,Wholesale,2024-08-01,702854,1
LOCK-2024-03393,Direct,2024-08-01,1095817,1
LOCK-2024-03394,Wholesale,2024-06-01,561422,1
LOCK-2024-03395,Wholesale,2024-06-01,1121234,1
LOCK-2024-03396,Wholesale,2024-02-01,829937,1
LOCK-2024-03397,Retail,2024-05-01,1155742,1
LOCK-2024-03398,Wholesale,2024-12-01,919196,1
LOCK-2024-03399,Retail,2024-09-01,737448,0
LOCK-2024-03400,Retail,2024-11-01,325667,1
LOCK-2024-03401,Direct,2024-08-01,1046205,0
LOCK-2024-03402,Wholesale,2024-06-01,1013517,0
LOCK-2024-03403,Retail,2024-12-01,1012018,1
LOCK-2024-03404,Wholesale,2024-03-01,440673,1
LOCK-2024-03405,Direct,2024-01-01,839539,1
LOCK-2024-03406,Direct,2024-07-01,204908,1
LOCK-2024-03407,Wholesale,2024-03-01,516085,1
LOCK-2024-03408,Wholesale,2024-12-01,816747,1
LOCK-2024-03409,Direct,2024-10-01,441608,0
LOCK-2024-03410,Correspondent,2024-02-01,835309,0
LOCK-2024-03411,Retail,2024-08-01,816690,1
LOCK-2024-03412,Retail,2024-05-01,792494,0
LOCK-2024-03413,Wholesale,2024-07-01,366635,0
LOCK-2024-03414,Direct,2024-03-01,493190,1
LOCK-2024-03415,Correspondent,2024-04-01,237461,1
LOCK-2024-03416,Direct,2024-10-01,201642,1
LOCK-2024-03417,Direct,2024-07-01,818279,1
LOCK-2024-03418,Wholesale,2024-08-01,936407,1
LOCK-2024-03419,Wholesale,2024-06-01,482253,0
LOCK-2024-03420,Direct,2024-12-01,724560,0
LOCK-2024-03421,Wholesale,2024-01-01,475631,1
LOCK-2024-03422,Retail,2024-11-01,475713,1
LOCK-2024-03423,Wholesale,2024-08-01,906886,1
LOCK-2024-03424,Direct,2024-07-01,845968,0
LOCK-2024-03425,Direct,2024-04-01,414738,1
LOCK-2024-03426,Direct,2024-02-01,1044674,1
LOCK-2024-03427,Wholesale,2024-02-01,777600,1
LOCK-2024-03428,Direct,2024-09-01,977858,1
LOCK-2024-03429,Direct,2024-09-01,242196,1
LOCK-2024-03430,Wholesale,2024-09-01,671898,1
LOCK-2024-03431,Direct,2024-10-01,946498,1
LOCK-2024-03432,Direct,2024-02-01,1181705,1
LOCK-2024-03433,Direct,2024-08-01,544503,1
LOCK-2024-03434,Correspondent,2024-10-01,261848,1
LOCK-2024-03435,Retail,2024-05-01,850916,1
LOCK-2024-03436,Correspondent,2024-02-01,419302,1
LOCK-2024-03437,Retail,2024-04-01,237411,0
LOCK-2024-03438,Correspondent,2024-09-01,693696,1
LOCK-2024-03439,Wholesale,2024-02-01,876313,1
LOCK-2024-03440,Retail,2024-12-01,180171,1
LOCK-2024-03441,Correspondent,2024-03-01,386146,1
LOCK-2024-03442,Retail,2024-06-01,909921,1
LOCK-2024-03443,Wholesale,2024-12-01,253316,0
LOCK-2024-03444,Wholesale,2024-06-01,995159,1
LOCK-2024-03445,Retail,2024-08-01,899551,1
LOCK-2024-03446,Direct,2024-08-01,842176,1
LOCK-2024-03447,Wholesale,2024-05-01,721246,1
LOCK-2024-03448,Correspondent,2024-02-01,1173967,1
LOCK-2024-03449,Correspondent,2024-08-01,419184,1
LOCK-2024-03450,Retail,2024-09-01,642969,0
LOCK-2024-03451,Wholesale,2024-08-01,214430,1
LOCK-2024-03452,Correspondent,2024-09-01,479192,1
LOCK-2024-03453,Correspondent,2024-04-01,580171,1
LOCK-2024-03454,Wholesale,2024-12-01,415899,1
LOCK-2024-03455,Correspondent,2024-05-01,622765,1
LOCK-2024-03456,Wholesale,2024-05-01,225253,0
LOCK-2024-03457,Retail,2024-01-01,1070703,1
LOCK-2024-03458,Wholesale,2024-10-01,842097,1
LOCK-2024-03459,Wholesale,2024-02-01,781832,1
LOCK-2024-03460,Retail,2024-11-01,760411,1
LOCK-2024-03461,Wholesale,2024-06-01,163275,0
LOCK-2024-03462,Retail,2024-10-01,308903,0
LOCK-2024-03463,Direct,2024-11-01,1178965,1
LOCK-2024-03464,Direct,2024-10-01,274407,1
LOCK-2024-03465,Direct,2024-08-01,997438,0
LOCK-2024-03466,Retail,2024-01-01,893176,1
LOCK-2024-03467,Wholesale,2024-01-01,1020816,1
LOCK-2024-03468,Wholesale,2024-08-01,1051029,1
LOCK-2024-03469,Wholesale,2024-05-01,597636,1
LOCK-2024-03470,Retail,2024-07-01,311262,0
LOCK-2024-03471,Correspondent,2024-07-01,796781,0
LOCK-2024-03472,Wholesale,2024-03-01,553718,1
LOCK-2024-03473,Wholesale,2024-05-01,980009,1
LOCK-2024-03474,Correspondent,2024-03-01,462684,1
LOCK-2024-03475,Retail,2024-03-01,665301,1
LOCK-2024-03476,Retail,2024-03-01,842277,1
LOCK-2024-03477,Direct,2024-05-01,355530,1
LOCK-2024-03478,Retail,2024-09-01,246245,1
LOCK-2024-03479,Wholesale,2024-04-01,897807,1
LOCK-2024-03480,Wholesale,2024-01-01,254340,1
LOCK-2024-03481,Correspondent,2024-05-01,409833,0
LOCK-2024-03482,Direct,2024-04-01,226514,1
LOCK-2024-03483,Retail,2024-03-01,581869,0
LOCK-2024-03484,Retail,2024-04-01,310073,1
LOCK-2024-03485,Direct,2024-08-01,376377,1
LOCK-2024-03486,Direct,2024-09-01,983117,1
LOCK-2024-03487,Retail,2024-08-01,1140274,1
LOCK-2024-03488,Direct,2024-01-01,423524,0
LOCK-2024-03489,Correspondent,2024-12-01,674942,0
LOCK-2024-03490,Wholesale,2024-12-01,1164230,1
LOCK-2024-03491,Wholesale,2024-11-01,1143397,0
LOCK-2024-03492,Retail,2024-12-01,266853,1
LOCK-2024-03493,Wholesale,2024-07-01,475574,1
LOCK-2024-03494,Correspondent,2024-07-01,697865,1
LOCK-2024-03495,Retail,2024-10-01,372218,1
LOCK-2024-03496,Correspondent,2024-03-01,184271,0
LOCK-2024-03497,Correspondent,2024-02-01,698238,1
LOCK-2024-03498,Direct,2024-06-01,433792,1
LOCK-2024-03499,Wholesale,2024-11-01,774121,0
LOCK-2024-03500,Direct,2024-12-01,1176286,1
LOCK-2024-03501,Direct,2024-07-01,484240,0
LOCK-2024-03502,Correspondent,2024-06-01,1149708,1
LOCK-2024-03503,Retail,2024-01-01,505069,1
LOCK-2024-03504,Direct,2024-11-01,506456,0
LOCK-2024-03505,Correspondent,2024-05-01,990764,1
LOCK-2024-03506,Correspondent,2024-12-01,223266,1
LOCK-2024-03507,Retail,2024-03-01,972866,1
LOCK-2024-03508,Wholesale,2024-08-01,940766,1
LOCK-2024-03509,Direct,2024-09-01,521617,1
LOCK-2024-03510,Correspondent,2024-03-01,351260,0
LOCK-2024-03511,Correspondent,2024-10-01,901824,1
LOCK-2024-03512,Retail,2024-08-01,953810,0
LOCK-2024-03513,Retail,2024-02-01,709165,1
LOCK-2024-03514,Correspondent,2024-08-01,482759,1
LOCK-2024-03515,Retail,2024-03-01,828391,1
LOCK-2024-03516,Retail,2024-08-01,936313,1
LOCK-2024-03517,Retail,2024-12-01,499385,0
LOCK-2024-03518,Wholesale,2024-10-01,195642,1
LOCK-2024-03519,Correspondent,2024-04-01,530807,0
LOCK-2024-03520,Retail,2024-04-01,650464,0
LOCK-2024-03521,Wholesale,2024-09-01,1091531,0
LOCK-2024-03522,Retail,2024-09-01,1139801,1
LOCK-2024-03523,Correspondent,2024-05-01,778340,0
LOCK-2024-03524,Wholesale,2024-09-01,819987,0
LOCK-2024-03525,Correspondent,2024-03-01,344663,0
LOCK-2024-03526,Correspondent,2024-07-01,614841,0
LOCK-2024-03527,Wholesale,2024-05-01,586338,1
LOCK-2024-03528,Direct,2024-04-01,984494,1
LOCK-2024-03529,Correspondent,2024-07-01,823913,1
LOCK-2024-03530,Wholesale,2024-10-01,448646,1
LOCK-2024-03531,Correspondent,2024-06-01,477765,0
LOCK-2024-03532,Correspondent,2024-09-01,608354,1
LOCK-2024-03533,Direct,2024-07-01,797319,1
LOCK-2024-03534,Wholesale,2024-08-01,759683,0
LOCK-2024-03535,Retail,2024-08-01,1140773,0
LOCK-2024-03536,Direct,2024-01-01,548576,0
LOCK-2024-03537,Wholesale,2024-01-01,898756,0
LOCK-2024-03538,Retail,2024-04-01,356343,1
LOCK-2024-03539,Direct,2024-09-01,816577,1
LOCK-2024-03540,Wholesale,2024-07-01,1030440,0
LOCK-2024-03541,Wholesale,2024-10-01,233997,0
LOCK-2024-03542,Wholesale,2024-02-01,703925,1
LOCK-2024-03543,Direct,2024-04-01,852098,0
LOCK-2024-03544,Direct,2024-02-01,548771,1
LOCK-2024-03545,Wholesale,2024-09-01,423106,1
LOCK-2024-03546,Direct,2024-09-01,394026,0
LOCK-2024-03547,Wholesale,2024-06-01,1132954,0
LOCK-2024-03548,Correspondent,2024-05-01,555047,1
LOCK-2024-03549,Wholesale,2024-01-01,946315,1
LOCK-2024-03550,Wholesale,2024-07-01,474004,1
LOCK-2024-03551,Direct,2024-04-01,389590,1
LOCK-2024-03552,Correspondent,2024-11-01,1011347,0
LOCK-2024-03553,Retail,2024-10-01,402313,1
LOCK-2024-03554,Wholesale,2024-07-01,1155445,1
LOCK-2024-03555,Retail,2024-07-01,243850,0
LOCK-2024-03556,Correspondent,2024-08-01,1131720,1
LOCK-2024-03557,Correspondent,2024-12-01,864668,0
LOCK-2024-03558,Correspondent,2024-11-01,942169,1
LOCK-2024-03559,Direct,2024-05-01,896504,0
LOCK-2024-03560,Wholesale,2024-08-01,1184742,1
LOCK-2024-03561,Direct,2024-10-01,1006254,1
LOCK-2024-03562,Wholesale,2024-07-01,992264,1
LOCK-2024-03563,Wholesale,2024-05-01,641423,0
LOCK-2024-03564,Wholesale,2024-06-01,1113278,1
LOCK-2024-03565,Direct,2024-03-01,1083773,1
LOCK-2024-03566,Correspondent,2024-10-01,545528,1
LOCK-2024-03567,Correspondent,2024-10-01,618627,1
LOCK-2024-03568,Wholesale,2024-02-01,321526,1
LOCK-2024-03569,Correspondent,2024-02-01,769090,1
LOCK-2024-03570,Correspondent,2024-11-01,647192,1
LOCK-2024-03571,Direct,2024-02-01,986078,1
LOCK-2024-03572,Retail,2024-04-01,404028,1
LOCK-2024-03573,Direct,2024-02-01,983853,1
LOCK-2024-03574,Direct,2024-05-01,586985,1
LOCK-2024-03575,Wholesale,2024-02-01,960321,1
LOCK-2024-03576,Wholesale,2024-02-01,990521,1
LOCK-2024-03577,Direct,2024-03-01,254988,0
LOCK-2024-03578,Correspondent,2024-07-01,274927,1
LOCK-2024-03579,Correspondent,2024-04-01,322804,1
LOCK-2024-03580,Wholesale,2024-11-01,1088029,1
LOCK-2024-03581,Wholesale,2024-12-01,391585,1
LOCK-2024-03582,Direct,2024-11-01,1164967,1
LOCK-2024-03583,Wholesale,2024-05-01,677813,1
LOCK-2024-03584,Direct,2024-08-01,359714,1
LOCK-2024-03585,Direct,2024-02-01,1045343,1
LOCK-2024-03586,Retail,2024-09-01,429807,1
LOCK-2024-03587,Wholesale,2024-07-01,381955,1
LOCK-2024-03588,Wholesale,2024-10-01,180608,1
LOCK-2024-03589,Direct,2024-07-01,529130,0
LOCK-2024-03590,Direct,2024-04-01,929581,0
LOCK-2024-03591,Wholesale,2024-07-01,765482,1
LOCK-2024-03592,Retail,2024-05-01,1044492,0
LOCK-2024-03593,Retail,2024-01-01,916724,1
LOCK-2024-03594,Correspondent,2024-09-01,475785,1
LOCK-2024-03595,Correspondent,2024-12-01,424813,1
LOCK-2024-03596,Retail,2024-03-01,373059,1
LOCK-2024-03597,Retail,2024-01-01,623109,0
LOCK-2024-03598,Wholesale,2024-07-01,210986,1
LOCK-2024-03599,Direct,2024-10-01,818464,1
LOCK-2024-03600,Wholesale,2024-11-01,1126259,1
LOCK-2024-03601,Retail,2024-09-01,728037,0
LOCK-2024-03602,Direct,2024-01-01,504014,1
LOCK-2024-03603,Direct,2024-12-01,268694,0
LOCK-2024-03604,Correspondent,2024-08-01,827045,0
LOCK-2024-03605,Retail,2024-02-01,813246,0
LOCK-2024-03606,Wholesale,2024-11-01,472368,0
LOCK-2024-03607,Correspondent,2024-11-01,1068033,1
LOCK-2024-03608,Direct,2024-12-01,355278,0
LOCK-2024-03609,Direct,2024-04-01,388622,1
LOCK-2024-03610,Retail,2024-12-01,763167,1
LOCK-2024-03611,Direct,2024-02-01,1123109,1
LOCK-2024-03612,Retail,2024-11-01,417198,0
LOCK-2024-03613,Direct,2024-10-01,944029,1
LOCK-2024-03614,Wholesale,2024-07-01,621389,1
LOCK-2024-03615,Direct,2024-11-01,648050,1
LOCK-2024-03616,Correspondent,2024-08-01,324808,0
LOCK-2024-03617,Retail,2024-02-01,797118,1
LOCK-2024-03618,Correspondent,2024-11-01,593686,1
LOCK-2024-03619,Direct,2024-04-01,364280,1
LOCK-2024-03620,Direct,2024-10-01,1089224,0
LOCK-2024-03621,Direct,2024-12-01,783946,1
LOCK-2024-03622,Retail,2024-05-01,540344,0
LOCK-2024-03623,Direct,2024-11-01,791462,0
LOCK-2024-03624,Retail,2024-12-01,1042686,1
LOCK-2024-03625,Correspondent,2024-01-01,559733,0
LOCK-2024-03626,Direct,2024-10-01,294739,0
LOCK-2024-03627,Direct,2024-03-01,223235,0
LOCK-2024-03628,Retail,2024-09-01,1147219,1
LOCK-2024-03629,Direct,2024-03-01,785094,1
LOCK-2024-03630,Correspondent,2024-02-01,539431,1
LOCK-2024-03631,Wholesale,2024-06-01,489448,1
LOCK-2024-03632,Direct,2024-09-01,206968,0
LOCK-2024-03633,Wholesale,2024-08-01,1133879,1
LOCK-2024-03634,Correspondent,2024-11-01,675206,1
LOCK-2024-03635,Correspondent,2024-01-01,886297,0
LOCK-2024-03636,Correspondent,2024-05-01,431966,1
LOCK-2024-03637,Retail,2024-10-01,1151908,1
LOCK-2024-03638,Correspondent,2024-09-01,522925,0
LOCK-2024-03639,Wholesale,2024-05-01,605403,0
LOCK-2024-03640,Correspondent,2024-06-01,1057972,0
LOCK-2024-03641,Correspondent,2024-07-01,391557,0
LOCK-2024-03642,Wholesale,2024-03-01,1090846,1
LOCK-2024-03643,Direct,2024-10-01,1041059,1
LOCK-2024-03644,Direct,2024-12-01,240561,1
LOCK-2024-03645,Correspondent,2024-07-01,634651,1
LOCK-2024-03646,Retail,2024-07-01,1169446,0
LOCK-2024-03647,Wholesale,2024-07-01,786766,1
LOCK-2024-03648,Direct,2024-04-01,468882,1
LOCK-2024-03649,Wholesale,2024-06-01,1180736,1
LOCK-2024-03650,Wholesale,2024-11-01,737027,1
LOCK-2024-03651,Retail,2024-11-01,1106231,1
LOCK-2024-03652,Wholesale,2024-12-01,978958,1
LOCK-2024-03653,Wholesale,2024-03-01,499697,1
LOCK-2024-03654,Direct,2024-06-01,1013263,0
LOCK-2024-03655,Wholesale,2024-12-01,750361,0
LOCK-2024-03656,Direct,2024-01-01,913584,0
LOCK-2024-03657,Wholesale,2024-07-01,1101001,1
LOCK-2024-03658,Direct,2024-03-01,889396,1
LOCK-2024-03659,Direct,2024-06-01,840243,1
LOCK-2024-03660,Direct,2024-08-01,227080,1
LOCK-2024-03661,Correspondent,2024-01-01,1121076,1
LOCK-2024-03662,Wholesale,2024-04-01,724058,1
LOCK-2024-03663,Wholesale,2024-02-01,552996,0
LOCK-2024-03664,Wholesale,2024-07-01,1192428,0
LOCK-2024-03665,Retail,2024-10-01,573489,1
LOCK-2024-03666,Retail,2024-12-01,851214,1
LOCK-2024-03667,Wholesale,2024-08-01,269561,1
LOCK-2024-03668,Retail,2024-02-01,1125707,0
LOCK-2024-03669,Direct,2024-02-01,209738,0
LOCK-2024-03670,Retail,2024-07-01,1065491,1
LOCK-2024-03671,Retail,2024-05-01,564097,0
LOCK-2024-03672,Correspondent,2024-03-01,891886,0
LOCK-2024-03673,Retail,2024-07-01,1118549,1
LOCK-2024-03674,Retail,2024-10-01,627137,0
LOCK-2024-03675,Correspondent,2024-01-01,594029,1
LOCK-2024-03676,Retail,2024-03-01,233745,0
LOCK-2024-03677,Wholesale,2024-09-01,169227,0
LOCK-2024-03678,Correspondent,2024-12-01,1049344,1
LOCK-2024-03679,Wholesale,2024-02-01,820610,1
LOCK-2024-03680,Wholesale,2024-11-01,301067,1
LOCK-2024-03681,Direct,2024-06-01,677252,1
LOCK-2024-03682,Retail,2024-04-01,1055908,0
LOCK-2024-03683,Correspondent,2024-09-01,240219,1
LOCK-2024-03684,Retail,2024-09-01,197841,0
LOCK-2024-03685,Retail,2024-02-01,497951,1
LOCK-2024-03686,Correspondent,2024-07-01,951127,1
LOCK-2024-03687,Direct,2024-05-01,161007,1
LOCK-2024-03688,Direct,2024-07-01,1142843,1
LOCK-2024-03689,Direct,2024-04-01,666308,0
LOCK-2024-03690,Retail,2024-04-01,1114192,0
LOCK-2024-03691,Direct,2024-05-01,1073924,1
LOCK-2024-03692,Retail,2024-11-01,861000,1
LOCK-2024-03693,Correspondent,2024-03-01,806855,1
LOCK-2024-03694,Wholesale,2024-10-01,823314,0
LOCK-2024-03695,Correspondent,2024-07-01,423275,1
LOCK-2024-03696,Retail,2024-09-01,973560,0
LOCK-2024-03697,Correspondent,2024-01-01,353463,1
LOCK-2024-03698,Correspondent,2024-09-01,744596,1
LOCK-2024-03699,Correspondent,2024-11-01,914559,1
LOCK-2024-03700,Wholesale,2024-04-01,970769,0
LOCK-2024-03701,Correspondent,2024-12-01,1020080,1
LOCK-2024-03702,Correspondent,2024-12-01,441960,1
LOCK-2024-03703,Wholesale,2024-01-01,245000,1
LOCK-2024-03704,Wholesale,2024-10-01,297470,1
LOCK-2024-03705,Direct,2024-07-01,205668,1
LOCK-2024-03706,Correspondent,2024-05-01,742992,1
LOCK-2024-03707,Retail,2024-04-01,184068,1
LOCK-2024-03708,Direct,2024-07-01,448854,0
LOCK-2024-03709,Wholesale,2024-05-01,1062209,0
LOCK-2024-03710,Retail,2024-04-01,762955,1
LOCK-2024-03711,Correspondent,2024-03-01,929976,0
LOCK-2024-03712,Direct,2024-09-01,418097,1
LOCK-2024-03713,Direct,2024-03-01,469976,1
LOCK-2024-03714,Direct,2024-02-01,1062480,1
LOCK-2024-03715,Correspondent,2024-12-01,838660,1
LOCK-2024-03716,Correspondent,2024-06-01,523820,1
LOCK-2024-03717,Retail,2024-11-01,366867,1
LOCK-2024-03718,Direct,2024-02-01,1065144,0
LOCK-2024-03719,Wholesale,2024-06-01,876225,1
LOCK-2024-03720,Retail,2024-09-01,620191,0
LOCK-2024-03721,Wholesale,2024-07-01,247625,1
LOCK-2024-03722,Wholesale,2024-02-01,1160478,1
LOCK-2024-03723,Wholesale,2024-06-01,248875,1
LOCK-2024-03724,Retail,2024-10-01,498097,0
LOCK-2024-03725,Direct,2024-11-01,770599,1
LOCK-2024-03726,Retail,2024-09-01,221581,1
LOCK-2024-03727,Direct,2024-07-01,759854,0
LOCK-2024-03728,Direct,2024-10-01,893644,0
LOCK-2024-03729,Correspondent,2024-09-01,155757,0
LOCK-2024-03730,Direct,2024-10-01,207286,1
LOCK-2024-03731,Correspondent,2024-01-01,749054,0
LOCK-2024-03732,Correspondent,2024-02-01,859210,1
LOCK-2024-03733,Correspondent,2024-06-01,608841,1
LOCK-2024-03734,Correspondent,2024-10-01,937401,1
LOCK-2024-03735,Retail,2024-11-01,559930,0
LOCK-2024-03736,Wholesale,2024-10-01,843205,1
LOCK-2024-03737,Retail,2024-07-01,917795,1
LOCK-2024-03738,Correspondent,2024-02-01,234659,1
LOCK-2024-03739,Wholesale,2024-09-01,214016,1
LOCK-2024-03740,Retail,2024-05-01,1045952,1
LOCK-2024-03741,Direct,2024-09-01,824809,1
LOCK-2024-03742,Direct,2024-05-01,466030,1
LOCK-2024-03743,Direct,2024-06-01,985630,1
LOCK-2024-03744,Wholesale,2024-10-01,717417,0
LOCK-2024-03745,Direct,2024-03-01,513132,0
LOCK-2024-03746,Wholesale,2024-09-01,980114,0
LOCK-2024-03747,Correspondent,2024-04-01,319003,1
LOCK-2024-03748,Retail,2024-11-01,1123491,1
LOCK-2024-03749,Correspondent,2024-04-01,892069,1
LOCK-2024-03750,Retail,2024-01-01,730393,1
LOCK-2024-03751,Retail,2024-04-01,539097,1
LOCK-2024-03752,Retail,2024-03-01,218813,1
LOCK-2024-03753,Correspondent,2024-01-01,651201,1
LOCK-2024-03754,Wholesale,2024-04-01,905592,1
LOCK-2024-03755,Correspondent,2024-06-01,413798,0
LOCK-2024-03756,Direct,2024-01-01,826873,0
LOCK-2024-03757,Correspondent,2024-12-01,1097512,0
LOCK-2024-03758,Wholesale,2024-01-01,361718,1
LOCK-2024-03759,Retail,2024-02-01,1029804,1
LOCK-2024-03760,Direct,2024-01-01,958500,1
LOCK-2024-03761,Correspondent,2024-12-01,841610,0
LOCK-2024-03762,Retail,2024-11-01,423193,1
LOCK-2024-03763,Direct,2024-10-01,760720,1
LOCK-2024-03764,Wholesale,2024-04-01,171401,0
LOCK-2024-03765,Retail,2024-01-01,272262,1
LOCK-2024-03766,Correspondent,2024-04-01,1136395,0
LOCK-2024-03767,Direct,2024-05-01,650228,1
LOCK-2024-03768,Retail,2024-01-01,1153343,1
LOCK-2024-03769,Retail,2024-03-01,239609,0
LOCK-2024-03770,Retail,2024-11-01,737121,0
LOCK-2024-03771,Correspondent,2024-11-01,859959,1
LOCK-2024-03772,Retail,2024-04-01,1096869,1
LOCK-2024-03773,Wholesale,2024-12-01,911156,1
LOCK-2024-03774,Correspondent,2024-10-01,327420,1
LOCK-2024-03775,Retail,2024-09-01,549748,1
LOCK-2024-03776,Wholesale,2024-04-01,1006595,1
LOCK-2024-03777,Wholesale,2024-01-01,378860,1
LOCK-2024-03778,Correspondent,2024-04-01,832256,1
LOCK-2024-03779,Correspondent,2024-10-01,343655,1
LOCK-2024-03780,Retail,2024-06-01,395451,1
LOCK-2024-03781,Wholesale,2024-10-01,678208,1
LOCK-2024-03782,Direct,2024-02-01,361528,1
LOCK-2024-03783,Direct,2024-11-01,731524,0
LOCK-2024-03784,Retail,2024-11-01,363982,1
LOCK-2024-03785,Wholesale,2024-03-01,196665,1
LOCK-2024-03786,Correspondent,2024-06-01,840834,0
LOCK-2024-03787,Direct,2024-08-01,885515,1
LOCK-2024-03788,Correspondent,2024-01-01,285392,1
LOCK-2024-03789,Correspondent,2024-11-01,227987,0
LOCK-2024-03790,Retail,2024-01-01,218695,1
LOCK-2024-03791,Direct,2024-02-01,869951,0
LOCK-2024-03792,Retail,2024-06-01,1038069,0
LOCK-2024-03793,Wholesale,2024-09-01,398168,1
LOCK-2024-03794,Retail,2024-07-01,473370,1
LOCK-2024-03795,Correspondent,2024-03-01,248212,0
LOCK-2024-03796,Retail,2024-05-01,1153193,1
LOCK-2024-03797,Correspondent,2024-03-01,724134,1
LOCK-2024-03798,Direct,2024-03-01,1163150,0
LOCK-2024-03799,Retail,2024-12-01,154824,0
LOCK-2024-03800,Retail,2024-12-01,660233,1
LOCK-2024-03801,Direct,2024-08-01,527136,0
LOCK-2024-03802,Wholesale,2024-12-01,747848,1
LOCK-2024-03803,Correspondent,2024-05-01,550400,1
LOCK-2024-03804,Correspondent,2024-10-01,1186279,1
LOCK-2024-03805,Correspondent,2024-02-01,918140,0
LOCK-2024-03806,Correspondent,2024-10-01,331559,1
LOCK-2024-03807,Correspondent,2024-02-01,903106,1
LOCK-2024-03808,Retail,2024-06-01,812923,1
LOCK-2024-03809,Direct,2024-11-01,689215,0
LOCK-2024-03810,Retail,2024-05-01,1067152,0
LOCK-2024-03811,Direct,2024-05-01,942202,1
LOCK-2024-03812,Direct,2024-08-01,873058,1
LOCK-2024-03813,Retail,2024-07-01,613949,0
LOCK-2024-03814,Correspondent,2024-07-01,166109,1
LOCK-2024-03815,Retail,2024-11-01,679068,0
LOCK-2024-03816,Direct,2024-10-01,384018,1
LOCK-2024-03817,Direct,2024-12-01,794000,1
LOCK-2024-03818,Direct,2024-08-01,613694,1
LOCK-2024-03819,Retail,2024-07-01,457388,1
LOCK-2024-03820,Retail,2024-01-01,401422,1
LOCK-2024-03821,Retail,2024-01-01,1056204,1
LOCK-2024-03822,Direct,2024-05-01,516248,1
LOCK-2024-03823,Correspondent,2024-09-01,823530,1
LOCK-2024-03824,Wholesale,2024-12-01,446985,1
LOCK-2024-03825,Correspondent,2024-10-01,581286,0
LOCK-2024-03826,Wholesale,2024-01-01,884020,0
LOCK-2024-03827,Wholesale,2024-12-01,315522,1
LOCK-2024-03828,Retail,2024-06-01,982964,1
LOCK-2024-03829,Retail,2024-04-01,528034,1
LOCK-2024-03830,Retail,2024-11-01,255492,0
LOCK-2024-03831,Correspondent,2024-04-01,930947,1
LOCK-2024-03832,Correspondent,2024-12-01,635067,1
LOCK-2024-03833,Correspondent,2024-09-01,1008035,1
LOCK-2024-03834,Direct,2024-12-01,728018,1
LOCK-2024-03835,Correspondent,2024-12-01,689980,1
LOCK-2024-03836,Wholesale,2024-10-01,381045,1
LOCK-2024-03837,Wholesale,2024-07-01,778145,1
LOCK-2024-03838,Correspondent,2024-05-01,783660,0
LOCK-2024-03839,Direct,2024-10-01,410667,1
LOCK-2024-03840,Direct,2024-11-01,1132374,1
LOCK-2024-03841,Correspondent,2024-08-01,513912,1
LOCK-2024-03842,Direct,2024-08-01,815900,0
LOCK-2024-03843,Wholesale,2024-09-01,503931,1
LOCK-2024-03844,Correspondent,2024-01-01,332759,1
LOCK-2024-03845,Direct,2024-08-01,911234,0
LOCK-2024-03846,Direct,2024-07-01,788905,1
LOCK-2024-03847,Retail,2024-04-01,981036,1
LOCK-2024-03848,Wholesale,2024-08-01,1143996,1
LOCK-2024-03849,Retail,2024-07-01,1002480,1
LOCK-2024-03850,Direct,2024-04-01,687469,0
LOCK-2024-03851,Retail,2024-07-01,692441,1
LOCK-2024-03852,Wholesale,2024-03-01,1118159,0
LOCK-2024-03853,Retail,2024-03-01,779901,1
LOCK-2024-03854,Wholesale,2024-12-01,230761,1
LOCK-2024-03855,Correspondent,2024-02-01,753749,1
LOCK-2024-03856,Direct,2024-04-01,916629,0
LOCK-2024-03857,Correspondent,2024-05-01,636665,1
LOCK-2024-03858,Correspondent,2024-11-01,647224,1
LOCK-2024-03859,Correspondent,2024-04-01,1125847,1
LOCK-2024-03860,Direct,2024-06-01,1102145,1
LOCK-2024-03861,Retail,2024-01-01,795538,1
LOCK-2024-03862,Direct,2024-08-01,1051145,1
LOCK-2024-03863,Retail,2024-08-01,863897,1
LOCK-2024-03864,Direct,2024-10-01,166442,0
LOCK-2024-03865,Wholesale,2024-11-01,944015,0
LOCK-2024-03866,Retail,2024-08-01,546782,1
LOCK-2024-03867,Direct,2024-10-01,899240,1
LOCK-2024-03868,Retail,2024-09-01,905191,1
LOCK-2024-03869,Correspondent,2024-04-01,1186475,1
LOCK-2024-03870,Direct,2024-01-01,747334,0
LOCK-2024-03871,Retail,2024-03-01,655770,1
LOCK-2024-03872,Wholesale,2024-10-01,175274,0
LOCK-2024-03873,Retail,2024-07-01,1003298,0
LOCK-2024-03874,Retail,2024-07-01,197514,1
LOCK-2024-03875,Retail,2024-02-01,240144,0
LOCK-2024-03876,Direct,2024-11-01,781900,1
LOCK-2024-03877,Wholesale,2024-05-01,786547,0
LOCK-2024-03878,Wholesale,2024-02-01,1182283,1
LOCK-2024-03879,Retail,2024-10-01,497830,1
LOCK-2024-03880,Retail,2024-02-01,1019398,0
LOCK-2024-03881,Correspondent,2024-03-01,1092398,1
LOCK-2024-03882,Correspondent,2024-07-01,560612,1
LOCK-2024-03883,Direct,2024-12-01,339603,1
LOCK-2024-03884,Retail,2024-12-01,729083,0
LOCK-2024-03885,Correspondent,2024-10-01,678879,1
LOCK-2024-03886,Wholesale,2024-09-01,654830,1
LOCK-2024-03887,Retail,2024-02-01,935913,1
LOCK-2024-03888,Direct,2024-06-01,902998,1
LOCK-2024-03889,Retail,2024-12-01,150515,1
LOCK-2024-03890,Correspondent,2024-04-01,399849,1
LOCK-2024-03891,Correspondent,2024-10-01,440553,1
LOCK-2024-03892,Correspondent,2024-09-01,416811,1
LOCK-2024-03893,Direct,2024-05-01,191979,1
LOCK-2024-03894,Correspondent,2024-01-01,1192709,1
LOCK-2024-03895,Wholesale,2024-05-01,444182,1
LOCK-2024-03896,Retail,2024-04-01,564703,1
LOCK-2024-03897,Direct,2024-11-01,461359,0
LOCK-2024-03898,Direct,2024-01-01,670502,1
LOCK-2024-03899,Direct,2024-09-01,604250,1
LOCK-2024-03900,Retail,2024-11-01,1128421,1
LOCK-2024-03901,Direct,2024-08-01,389415,1
LOCK-2024-03902,Wholesale,2024-09-01,182712,1
LOCK-2024-03903,Correspondent,2024-10-01,290553,1
LOCK-2024-03904,Retail,2024-06-01,1053572,0
LOCK-2024-03905,Correspondent,2024-07-01,258568,1
LOCK-2024-03906,Wholesale,2024-01-01,187737,1
LOCK-2024-03907,Correspondent,2024-10-01,387739,1
LOCK-2024-03908,Direct,2024-12-01,184225,1
LOCK-2024-03909,Wholesale,2024-11-01,766303,1
LOCK-2024-03910,Wholesale,2024-08-01,1097914,1
LOCK-2024-03911,Direct,2024-09-01,456634,0
LOCK-2024-03912,Correspondent,2024-05-01,276327,0
LOCK-2024-03913,Direct,2024-10-01,655544,0
LOCK-2024-03914,Direct,2024-10-01,208025,1
LOCK-2024-03915,Direct,2024-10-01,576465,1
LOCK-2024-03916,Wholesale,2024-01-01,858144,1
LOCK-2024-03917,Direct,2024-12-01,370658,1
LOCK-2024-03918,Correspondent,2024-08-01,222904,1
LOCK-2024-03919,Correspondent,2024-11-01,606243,1
LOCK-2024-03920,Wholesale,2024-06-01,699262,1
LOCK-2024-03921,Direct,2024-03-01,668764,1
LOCK-2024-03922,Direct,2024-02-01,1190817,1
LOCK-2024-03923,Direct,2024-11-01,981203,1
LOCK-2024-03924,Retail,2024-08-01,812432,0
LOCK-2024-03925,Wholesale,2024-02-01,993479,1
LOCK-2024-03926,Retail,2024-04-01,217241,0
LOCK-2024-03927,Retail,2024-06-01,460411,1
LOCK-2024-03928,Correspondent,2024-11-01,383882,1
LOCK-2024-03929,Correspondent,2024-12-01,1154339,1
LOCK-2024-03930,Wholesale,2024-02-01,565317,0
LOCK-2024-03931,Direct,2024-01-01,1050856,1
LOCK-2024-03932,Correspondent,2024-07-01,1158912,0
LOCK-2024-03933,Retail,2024-05-01,722571,1
LOCK-2024-03934,Retail,2024-02-01,631345,0
LOCK-2024-03935,Retail,2024-03-01,556784,1
LOCK-2024-03936,Retail,2024-10-01,470095,1
LOCK-2024-03937,Correspondent,2024-03-01,630439,1
LOCK-2024-03938,Wholesale,2024-12-01,631655,0
LOCK-2024-03939,Correspondent,2024-06-01,965084,0
LOCK-2024-03940,Direct,2024-06-01,458456,1
LOCK-2024-03941,Wholesale,2024-06-01,1103821,1
LOCK-2024-03942,Correspondent,2024-08-01,769592,1
LOCK-2024-03943,Wholesale,2024-03-01,312386,0
LOCK-2024-03944,Correspondent,2024-07-01,1055285,1
LOCK-2024-03945,Retail,2024-12-01,663014,0
LOCK-2024-03946,Correspondent,2024-09-01,555084,0
LOCK-2024-03947,Direct,2024-03-01,213946,1
LOCK-2024-03948,Retail,2024-01-01,467129,1
LOCK-2024-03949,Correspondent,2024-03-01,975054,0
LOCK-2024-03950,Retail,2024-06-01,960034,0
LOCK-2024-03951,Correspondent,2024-02-01,774236,0
LOCK-2024-03952,Retail,2024-03-01,889654,1
LOCK-2024-03953,Correspondent,2024-10-01,678497,1
LOCK-2024-03954,Wholesale,2024-05-01,834364,0
LOCK-2024-03955,Correspondent,2024-09-01,346635,0
LOCK-2024-03956,Direct,2024-07-01,656131,1
LOCK-2024-03957,Retail,2024-05-01,855518,1
LOCK-2024-03958,Direct,2024-08-01,260245,1
LOCK-2024-03959,Wholesale,2024-01-01,710803,0
LOCK-2024-03960,Retail,2024-01-01,380760,0
LOCK-2024-03961,Wholesale,2024-03-01,1173125,1
LOCK-2024-03962,Direct,2024-03-01,1036231,1
LOCK-2024-03963,Correspondent,2024-09-01,663567,0
LOCK-2024-03964,Retail,2024-01-01,889454,1
LOCK-2024-03965,Direct,2024-01-01,926278,0
LOCK-2024-03966,Direct,2024-08-01,910607,1
LOCK-2024-03967,Wholesale,2024-06-01,269370,1
LOCK-2024-03968,Wholesale,2024-12-01,271838,0
LOCK-2024-03969,Retail,2024-01-01,282439,1
LOCK-2024-03970,Correspondent,2024-08-01,590279,1
LOCK-2024-03971,Retail,2024-12-01,816915,1
LOCK-2024-03972,Direct,2024-10-01,744705,1
LOCK-2024-03973,Direct,2024-02-01,416718,0
LOCK-2024-03974,Correspondent,2024-02-01,305369,1
LOCK-2024-03975,Direct,2024-11-01,454914,0
LOCK-2024-03976,Wholesale,2024-07-01,784576,1
LOCK-2024-03977,Wholesale,2024-10-01,430601,1
LOCK-2024-03978,Wholesale,2024-12-01,739533,1
LOCK-2024-03979,Retail,2024-01-01,1109023,0
LOCK-2024-03980,Retail,2024-07-01,895867,1
LOCK-2024-03981,Correspondent,2024-03-01,936558,1
LOCK-2024-03982,Retail,2024-09-01,1034015,1
LOCK-2024-03983,Wholesale,2024-09-01,952028,0
LOCK-2024-03984,Direct,2024-06-01,583276,0
LOCK-2024-03985,Wholesale,2024-05-01,331481,1
LOCK-2024-03986,Correspondent,2024-12-01,1043961,1
LOCK-2024-03987,Direct,2024-11-01,783470,0
LOCK-2024-03988,Direct,2024-12-01,1171927,1
LOCK-2024-03989,Retail,2024-12-01,1108983,1
LOCK-2024-03990,Retail,2024-01-01,1171889,1
LOCK-2024-03991,Wholesale,2024-07-01,318091,0
LOCK-2024-03992,Wholesale,2024-10-01,294794,0
LOCK-2024-03993,Retail,2024-07-01,638974,1
LOCK-2024-03994,Retail,2024-02-01,426998,0
LOCK-2024-03995,Wholesale,2024-02-01,645226,1
LOCK-2024-03996,Direct,2024-11-01,463844,1
LOCK-2024-03997,Wholesale,2024-07-01,750531,1
LOCK-2024-03998,Wholesale,2024-09-01,1182622,1
LOCK-2024-03999,Correspondent,2024-01-01,425755,1
LOCK-2024-04000,Retail,2024-12-01,331565,0
LOCK-2024-04001,Retail,2024-10-01,386528,1
LOCK-2024-04002,Wholesale,2024-10-01,529284,1
LOCK-2024-04003,Retail,2024-09-01,194003,1
LOCK-2024-04004,Retail,2024-04-01,681187,0
LOCK-2024-04005,Direct,2024-05-01,812949,0
LOCK-2024-04006,Correspondent,2024-01-01,348751,0
LOCK-2024-04007,Direct,2024-12-01,897300,1
LOCK-2024-04008,Wholesale,2024-06-01,936854,1
LOCK-2024-04009,Direct,2024-12-01,952933,1
LOCK-2024-04010,Direct,2024-08-01,734235,0
LOCK-2024-04011,Direct,2024-02-01,733823,0
LOCK-2024-04012,Retail,2024-10-01,1086667,1
LOCK-2024-04013,Direct,2024-12-01,787072,1
LOCK-2024-04014,Retail,2024-04-01,873906,0
LOCK-2024-04015,Correspondent,2024-09-01,756390,1
LOCK-2024-04016,Correspondent,2024-01-01,865960,0
LOCK-2024-04017,Retail,2024-08-01,301737,1
LOCK-2024-04018,Wholesale,2024-07-01,960388,1
LOCK-2024-04019,Correspondent,2024-08-01,668785,0
LOCK-2024-04020,Correspondent,2024-03-01,577846,0
LOCK-2024-04021,Retail,2024-02-01,765145,1
LOCK-2024-04022,Direct,2024-07-01,938655,0
LOCK-2024-04023,Retail,2024-05-01,326692,1
LOCK-2024-04024,Direct,2024-04-01,1149005,1
LOCK-2024-04025,Retail,2024-06-01,249113,1
LOCK-2024-04026,Wholesale,2024-07-01,475832,1
LOCK-2024-04027,Correspondent,2024-09-01,365947,1
LOCK-2024-04028,Retail,2024-03-01,525178,0
LOCK-2024-04029,Correspondent,2024-07-01,641144,1
LOCK-2024-04030,Direct,2024-04-01,466059,1
LOCK-2024-04031,Retail,2024-03-01,968883,1
LOCK-2024-04032,Retail,2024-03-01,475546,0
LOCK-2024-04033,Direct,2024-05-01,793427,0
LOCK-2024-04034,Wholesale,2024-10-01,1151618,1
LOCK-2024-04035,Retail,2024-03-01,680933,0
LOCK-2024-04036,Retail,2024-07-01,973555,1
LOCK-2024-04037,Correspondent,2024-01-01,573397,1
LOCK-2024-04038,Correspondent,2024-09-01,647476,1
LOCK-2024-04039,Retail,2024-09-01,1032064,1
LOCK-2024-04040,Retail,2024-06-01,703665,1
LOCK-2024-04041,Correspondent,2024-02-01,1100677,1
LOCK-2024-04042,Retail,2024-02-01,1011709,0
LOCK-2024-04043,Correspondent,2024-08-01,1166091,1
LOCK-2024-04044,Direct,2024-01-01,417654,1
LOCK-2024-04045,Retail,2024-03-01,994094,1
LOCK-2024-04046,Retail,2024-07-01,781478,1
LOCK-2024-04047,Correspondent,2024-05-01,679353,1
LOCK-2024-04048,Retail,2024-07-01,683648,1
LOCK-2024-04049,Wholesale,2024-11-01,457000,1
LOCK-2024-04050,Correspondent,2024-04-01,470345,0
LOCK-2024-04051,Wholesale,2024-02-01,478870,1
LOCK-2024-04052,Wholesale,2024-04-01,800136,1
LOCK-2024-04053,Correspondent,2024-09-01,168090,1
LOCK-2024-04054,Retail,2024-06-01,509988,1
LOCK-2024-04055,Retail,2024-04-01,727393,1
LOCK-2024-04056,Correspondent,2024-05-01,1149440,0
LOCK-2024-04057,Correspondent,2024-11-01,855615,1
LOCK-2024-04058,Wholesale,2024-06-01,821211,0
LOCK-2024-04059,Retail,2024-10-01,676774,1
LOCK-2024-04060,Wholesale,2024-06-01,482839,1
LOCK-2024-04061,Wholesale,2024-04-01,834302,0
LOCK-2024-04062,Wholesale,2024-03-01,501996,0
LOCK-2024-04063,Correspondent,2024-10-01,1179659,1
LOCK-2024-04064,Direct,2024-08-01,576401,0
LOCK-2024-04065,Retail,2024-11-01,1083279,1
LOCK-2024-04066,Direct,2024-07-01,974656,0
LOCK-2024-04067,Retail,2024-12-01,686347,0
LOCK-2024-04068,Retail,2024-05-01,411144,1
LOCK-2024-04069,Direct,2024-08-01,632571,1
LOCK-2024-04070,Correspondent,2024-07-01,606884,1
LOCK-2024-04071,Retail,2024-04-01,911850,1
LOCK-2024-04072,Wholesale,2024-12-01,355093,1
LOCK-2024-04073,Correspondent,2024-04-01,614202,1
LOCK-2024-04074,Direct,2024-12-01,904322,1
LOCK-2024-04075,Wholesale,2024-02-01,805756,1
LOCK-2024-04076,Direct,2024-01-01,1167840,1
LOCK-2024-04077,Retail,2024-04-01,918253,1
LOCK-2024-04078,Direct,2024-04-01,947464,0
LOCK-2024-04079,Retail,2024-11-01,1095737,1
LOCK-2024-04080,Wholesale,2024-09-01,832046,0
LOCK-2024-04081,Direct,2024-09-01,1038324,1
LOCK-2024-04082,Retail,2024-01-01,723080,0
LOCK-2024-04083,Wholesale,2024-08-01,693048,1
LOCK-2024-04084,Direct,2024-02-01,838603,1
LOCK-2024-04085,Correspondent,2024-01-01,715408,0
LOCK-2024-04086,Retail,2024-04-01,427598,0
LOCK-2024-04087,Correspondent,2024-06-01,802907,0
LOCK-2024-04088,Direct,2024-01-01,1080161,1
LOCK-2024-04089,Wholesale,2024-06-01,619599,1
LOCK-2024-04090,Retail,2024-12-01,602423,0
LOCK-2024-04091,Correspondent,2024-02-01,862758,1
LOCK-2024-04092,Direct,2024-02-01,483845,1
LOCK-2024-04093,Wholesale,2024-09-01,498404,1
LOCK-2024-04094,Correspondent,2024-12-01,732502,1
LOCK-2024-04095,Direct,2024-01-01,658679,1
LOCK-2024-04096,Wholesale,2024-06-01,1047424,1
LOCK-2024-04097,Direct,2024-02-01,848305,0
LOCK-2024-04098,Retail,2024-02-01,728404,0
LOCK-2024-04099,Wholesale,2024-10-01,1189220,0
LOCK-2024-04100,Retail,2024-06-01,724223,0
LOCK-2024-04101,Correspondent,2024-07-01,1185252,1
LOCK-2024-04102,Retail,2024-04-01,666181,1
LOCK-2024-04103,Wholesale,2024-03-01,591905,1
LOCK-2024-04104,Retail,2024-09-01,480548,0
LOCK-2024-04105,Wholesale,2024-03-01,971897,0
LOCK-2024-04106,Direct,2024-04-01,741317,1
LOCK-2024-04107,Correspondent,2024-09-01,903692,1
LOCK-2024-04108,Retail,2024-11-01,490232,0
LOCK-2024-04109,Direct,2024-10-01,713946,1
LOCK-2024-04110,Wholesale,2024-04-01,1194229,1
LOCK-2024-04111,Direct,2024-06-01,386211,1
LOCK-2024-04112,Wholesale,2024-06-01,642681,1
LOCK-2024-04113,Retail,2024-07-01,1099389,0
LOCK-2024-04114,Direct,2024-09-01,751852,0
LOCK-2024-04115,Correspondent,2024-01-01,882671,1
LOCK-2024-04116,Correspondent,2024-12-01,1181883,1
LOCK-2024-04117,Correspondent,2024-07-01,341504,1
LOCK-2024-04118,Retail,2024-11-01,1033015,1
LOCK-2024-04119,Retail,2024-08-01,318053,0
LOCK-2024-04120,Correspondent,2024-02-01,906158,1
LOCK-2024-04121,Correspondent,2024-08-01,1046769,0
LOCK-2024-04122,Correspondent,2024-12-01,1083174,1
LOCK-2024-04123,Wholesale,2024-01-01,382543,1
LOCK-2024-04124,Retail,2024-02-01,1192647,1
LOCK-2024-04125,Correspondent,2024-09-01,933018,1
LOCK-2024-04126,Wholesale,2024-01-01,955234,1
LOCK-2024-04127,Retail,2024-10-01,634356,1
LOCK-2024-04128,Direct,2024-04-01,1039911,1
LOCK-2024-04129,Direct,2024-05-01,422203,0
LOCK-2024-04130,Retail,2024-07-01,215790,0
LOCK-2024-04131,Correspondent,2024-07-01,549972,0
LOCK-2024-04132,Correspondent,2024-03-01,946199,0
LOCK-2024-04133,Direct,2024-01-01,479151,1
LOCK-2024-04134,Direct,2024-03-01,165072,1
LOCK-2024-04135,Direct,2024-04-01,755314,1
LOCK-2024-04136,Direct,2024-07-01,445607,0
LOCK-2024-04137,Wholesale,2024-08-01,752002,1
LOCK-2024-04138,Direct,2024-08-01,348262,1
LOCK-2024-04139,Correspondent,2024-04-01,1078057,1
LOCK-2024-04140,Retail,2024-05-01,544185,1
LOCK-2024-04141,Correspondent,2024-05-01,227955,1
LOCK-2024-04142,Direct,2024-10-01,372980,0
LOCK-2024-04143,Correspondent,2024-07-01,999900,0
LOCK-2024-04144,Retail,2024-12-01,785806,1
LOCK-2024-04145,Wholesale,2024-07-01,676981,1
LOCK-2024-04146,Retail,2024-10-01,1079900,1
LOCK-2024-04147,Correspondent,2024-02-01,485937,0
LOCK-2024-04148,Wholesale,2024-06-01,703720,1
LOCK-2024-04149,Correspondent,2024-04-01,518290,1
LOCK-2024-04150,Correspondent,2024-06-01,475649,1
LOCK-2024-04151,Correspondent,2024-01-01,239630,0
LOCK-2024-04152,Retail,2024-06-01,1151232,0
LOCK-2024-04153,Direct,2024-05-01,613633,1
LOCK-2024-04154,Direct,2024-10-01,765586,1
LOCK-2024-04155,Wholesale,2024-07-01,676235,0
LOCK-2024-04156,Direct,2024-12-01,1074352,0
LOCK-2024-04157,Wholesale,2024-02-01,421628,1
LOCK-2024-04158,Wholesale,2024-04-01,487624,1
LOCK-2024-04159,Direct,2024-09-01,1111405,1
LOCK-2024-04160,Correspondent,2024-09-01,1154395,1
LOCK-2024-04161,Correspondent,2024-02-01,223513,1
LOCK-2024-04162,Direct,2024-08-01,880070,0
LOCK-2024-04163,Wholesale,2024-01-01,690196,1
LOCK-2024-04164,Retail,2024-03-01,1073053,1
LOCK-2024-04165,Correspondent,2024-05-01,563093,1
LOCK-2024-04166,Wholesale,2024-08-01,949061,1
LOCK-2024-04167,Correspondent,2024-02-01,454482,0
LOCK-2024-04168,Direct,2024-11-01,521328,0
LOCK-2024-04169,Retail,2024-08-01,853579,1
LOCK-2024-04170,Correspondent,2024-05-01,232109,0
LOCK-2024-04171,Correspondent,2024-04-01,708512,0
LOCK-2024-04172,Correspondent,2024-10-01,562358,1
LOCK-2024-04173,Retail,2024-12-01,199054,1
LOCK-2024-04174,Correspondent,2024-11-01,504133,1
LOCK-2024-04175,Wholesale,2024-07-01,736821,1
LOCK-2024-04176,Correspondent,2024-01-01,643818,1
LOCK-2024-04177,Wholesale,2024-09-01,845586,1
LOCK-2024-04178,Wholesale,2024-09-01,976637,1
LOCK-2024-04179,Retail,2024-12-01,1063209,1
LOCK-2024-04180,Wholesale,2024-04-01,477153,1
LOCK-2024-04181,Direct,2024-02-01,399447,1
LOCK-2024-04182,Direct,2024-02-01,218103,1
LOCK-2024-04183,Wholesale,2024-11-01,1127908,1
LOCK-2024-04184,Correspondent,2024-05-01,852354,1
LOCK-2024-04185,Wholesale,2024-08-01,782266,0
LOCK-2024-04186,Correspondent,2024-06-01,662181,1
LOCK-2024-04187,Wholesale,2024-12-01,689231,0
LOCK-2024-04188,Wholesale,2024-07-01,353999,1
LOCK-2024-04189,Wholesale,2024-05-01,232254,1
LOCK-2024-04190,Retail,2024-09-01,500965,1
LOCK-2024-04191,Wholesale,2024-06-01,278565,1
LOCK-2024-04192,Retail,2024-07-01,404364,1
LOCK-2024-04193,Wholesale,2024-02-01,1084226,1
LOCK-2024-04194,Correspondent,2024-10-01,942032,1
LOCK-2024-04195,Direct,2024-07-01,562003,1
LOCK-2024-04196,Wholesale,2024-08-01,1004743,0
LOCK-2024-04197,Correspondent,2024-02-01,928054,0
LOCK-2024-04198,Direct,2024-01-01,1146390,0
LOCK-2024-04199,Direct,2024-12-01,644451,1
LOCK-2024-04200,Correspondent,2024-09-01,1177199,1
LOCK-2024-04201,Wholesale,2024-01-01,250552,1
LOCK-2024-04202,Retail,2024-10-01,982129,0
LOCK-2024-04203,Wholesale,2024-08-01,632486,0
LOCK-2024-04204,Retail,2024-02-01,209817,1
LOCK-2024-04205,Correspondent,2024-12-01,936756,0
LOCK-2024-04206,Correspondent,2024-02-01,1159984,1
LOCK-2024-04207,Correspondent,2024-08-01,244965,1
LOCK-2024-04208,Retail,2024-10-01,500791,1
LOCK-2024-04209,Retail,2024-11-01,869774,0
LOCK-2024-04210,Direct,2024-11-01,593835,0
LOCK-2024-04211,Wholesale,2024-03-01,957928,0
LOCK-2024-04212,Direct,2024-12-01,921611,1
LOCK-2024-04213,Direct,2024-01-01,345216,1
LOCK-2024-04214,Correspondent,2024-12-01,786927,0
LOCK-2024-04215,Correspondent,2024-02-01,363384,1
LOCK-2024-04216,Retail,2024-09-01,393325,1
LOCK-2024-04217,Wholesale,2024-11-01,639945,0
LOCK-2024-04218,Correspondent,2024-05-01,315535,1
LOCK-2024-04219,Wholesale,2024-03-01,502940,1
LOCK-2024-04220,Wholesale,2024-09-01,862079,0
LOCK-2024-04221,Direct,2024-02-01,464101,1
LOCK-2024-04222,Correspondent,2024-07-01,617792,1
LOCK-2024-04223,Correspondent,2024-03-01,398452,1
LOCK-2024-04224,Direct,2024-08-01,589206,1
LOCK-2024-04225,Wholesale,2024-03-01,912128,1
LOCK-2024-04226,Retail,2024-03-01,1185724,1
LOCK-2024-04227,Direct,2024-09-01,481236,1
LOCK-2024-04228,Retail,2024-03-01,1079794,1
LOCK-2024-04229,Wholesale,2024-10-01,631594,1
LOCK-2024-04230,Wholesale,2024-06-01,945559,0
LOCK-2024-04231,Retail,2024-08-01,179545,1
LOCK-2024-04232,Retail,2024-02-01,946705,1
LOCK-2024-04233,Wholesale,2024-06-01,1006031,1
LOCK-2024-04234,Correspondent,2024-07-01,219183,1
LOCK-2024-04235,Retail,2024-08-01,938241,0
LOCK-2024-04236,Retail,2024-09-01,601359,1
LOCK-2024-04237,Retail,2024-02-01,259242,0
LOCK-2024-04238,Retail,2024-06-01,834036,1
LOCK-2024-04239,Retail,2024-08-01,497656,1
LOCK-2024-04240,Wholesale,2024-01-01,581244,1
LOCK-2024-04241,Correspondent,2024-10-01,663839,1
LOCK-2024-04242,Correspondent,2024-10-01,643615,1
LOCK-2024-04243,Wholesale,2024-02-01,991390,1
LOCK-2024-04244,Wholesale,2024-09-01,595680,1
LOCK-2024-04245,Retail,2024-09-01,925068,1
LOCK-2024-04246,Direct,2024-12-01,1117194,1
LOCK-2024-04247,Retail,2024-04-01,515599,0
LOCK-2024-04248,Wholesale,2024-08-01,270345,0
LOCK-2024-04249,Retail,2024-04-01,202014,1
LOCK-2024-04250,Direct,2024-10-01,658817,1
LOCK-2024-04251,Wholesale,2024-11-01,496600,1
LOCK-2024-04252,Correspondent,2024-07-01,457075,0
LOCK-2024-04253,Correspondent,2024-03-01,979650,1
LOCK-2024-04254,Retail,2024-05-01,634941,1
LOCK-2024-04255,Correspondent,2024-10-01,628645,0
LOCK-2024-04256,Correspondent,2024-09-01,230739,1
LOCK-2024-04257,Retail,2024-01-01,596585,1
LOCK-2024-04258,Correspondent,2024-06-01,1187115,1
LOCK-2024-04259,Correspondent,2024-12-01,704768,1
LOCK-2024-04260,Retail,2024-05-01,318808,1
LOCK-2024-04261,Wholesale,2024-04-01,969166,0
LOCK-2024-04262,Correspondent,2024-01-01,335868,1
LOCK-2024-04263,Retail,2024-04-01,765806,1
LOCK-2024-04264,Correspondent,2024-07-01,665864,1
LOCK-2024-04265,Correspondent,2024-05-01,1107208,1
LOCK-2024-04266,Retail,2024-07-01,998260,1
LOCK-2024-04267,Correspondent,2024-07-01,832817,1
LOCK-2024-04268,Wholesale,2024-07-01,1199262,0
LOCK-2024-04269,Direct,2024-10-01,457840,1
LOCK-2024-04270,Retail,2024-09-01,412008,1
LOCK-2024-04271,Retail,2024-02-01,1004501,1
LOCK-2024-04272,Direct,2024-01-01,273136,1
LOCK-2024-04273,Direct,2024-05-01,702703,0
LOCK-2024-04274,Direct,2024-06-01,165764,1
LOCK-2024-04275,Wholesale,2024-09-01,1008400,1
LOCK-2024-04276,Correspondent,2024-02-01,620202,1
LOCK-2024-04277,Retail,2024-11-01,747673,1
LOCK-2024-04278,Direct,2024-12-01,1028189,1
LOCK-2024-04279,Correspondent,2024-05-01,706529,0
LOCK-2024-04280,Retail,2024-09-01,949336,1
LOCK-2024-04281,Wholesale,2024-09-01,405358,0
LOCK-2024-04282,Retail,2024-03-01,1120505,1
LOCK-2024-04283,Correspondent,2024-01-01,688720,0
LOCK-2024-04284,Direct,2024-11-01,184989,0
LOCK-2024-04285,Correspondent,2024-03-01,921074,1
LOCK-2024-04286,Direct,2024-01-01,703032,1
LOCK-2024-04287,Wholesale,2024-02-01,500897,1
LOCK-2024-04288,Retail,2024-08-01,1040798,1
LOCK-2024-04289,Correspondent,2024-09-01,735388,1
LOCK-2024-04290,Direct,2024-12-01,367154,1
LOCK-2024-04291,Direct,2024-11-01,1160984,1
LOCK-2024-04292,Wholesale,2024-10-01,650261,0
LOCK-2024-04293,Wholesale,2024-07-01,458125,1
LOCK-2024-04294,Direct,2024-01-01,1093533,1
LOCK-2024-04295,Correspondent,2024-01-01,422014,1
LOCK-2024-04296,Retail,2024-04-01,716218,0
LOCK-2024-04297,Correspondent,2024-11-01,1153539,0
LOCK-2024-04298,Correspondent,2024-01-01,665134,0
LOCK-2024-04299,Direct,2024-05-01,1051933,1
LOCK-2024-04300,Wholesale,2024-07-01,273939,1
LOCK-2024-04301,Correspondent,2024-03-01,874769,0
LOCK-2024-04302,Correspondent,2024-11-01,164469,1
LOCK-2024-04303,Direct,2024-06-01,1094539,1
LOCK-2024-04304,Wholesale,2024-10-01,767322,1
LOCK-2024-04305,Wholesale,2024-12-01,1096108,1
LOCK-2024-04306,Direct,2024-12-01,180152,0
LOCK-2024-04307,Retail,2024-09-01,503470,1
LOCK-2024-04308,Retail,2024-02-01,471427,1
LOCK-2024-04309,Direct,2024-04-01,456432,1
LOCK-2024-04310,Correspondent,2024-09-01,1032625,1
LOCK-2024-04311,Direct,2024-10-01,244830,0
LOCK-2024-04312,Wholesale,2024-01-01,1117213,1
LOCK-2024-04313,Correspondent,2024-12-01,988730,0
LOCK-2024-04314,Wholesale,2024-10-01,559918,1
LOCK-2024-04315,Correspondent,2024-02-01,620042,1
LOCK-2024-04316,Correspondent,2024-08-01,326486,0
LOCK-2024-04317,Wholesale,2024-06-01,895309,1
LOCK-2024-04318,Wholesale,2024-01-01,460830,0
LOCK-2024-04319,Wholesale,2024-07-01,678561,1
LOCK-2024-04320,Correspondent,2024-03-01,796879,1
LOCK-2024-04321,Correspondent,2024-03-01,182363,1
LOCK-2024-04322,Direct,2024-09-01,194915,1
LOCK-2024-04323,Wholesale,2024-04-01,974089,1
LOCK-2024-04324,Correspondent,2024-07-01,693427,1
LOCK-2024-04325,Wholesale,2024-08-01,1033817,1
LOCK-2024-04326,Correspondent,2024-05-01,837705,1
LOCK-2024-04327,Retail,2024-02-01,839016,0
LOCK-2024-04328,Direct,2024-11-01,673174,1
LOCK-2024-04329,Retail,2024-03-01,576585,0
LOCK-2024-04330,Direct,2024-05-01,1186436,1
LOCK-2024-04331,Wholesale,2024-12-01,501863,0
LOCK-2024-04332,Direct,2024-11-01,1131511,0
LOCK-2024-04333,Retail,2024-12-01,255692,1
LOCK-2024-04334,Retail,2024-11-01,1195755,1
LOCK-2024-04335,Direct,2024-05-01,190732,1
LOCK-2024-04336,Direct,2024-08-01,468447,0
LOCK-2024-04337,Correspondent,2024-12-01,1095496,1
LOCK-2024-04338,Correspondent,2024-08-01,580753,1
LOCK-2024-04339,Correspondent,2024-11-01,946010,1
LOCK-2024-04340,Direct,2024-11-01,969655,0
LOCK-2024-04341,Retail,2024-06-01,415429,1
LOCK-2024-04342,Correspondent,2024-04-01,559296,0
LOCK-2024-04343,Wholesale,2024-10-01,385475,1
LOCK-2024-04344,Wholesale,2024-04-01,522544,1
LOCK-2024-04345,Retail,2024-10-01,621008,1
LOCK-2024-04346,Retail,2024-01-01,281301,1
LOCK-2024-04347,Correspondent,2024-11-01,456288,1
LOCK-2024-04348,Retail,2024-09-01,374711,1
LOCK-2024-04349,Retail,2024-05-01,477528,1
LOCK-2024-04350,Direct,2024-12-01,675121,1
LOCK-2024-04351,Direct,2024-10-01,412667,1
LOCK-2024-04352,Wholesale,2024-03-01,402839,1
LOCK-2024-04353,Correspondent,2024-07-01,607019,1
LOCK-2024-04354,Direct,2024-05-01,573176,1
LOCK-2024-04355,Direct,2024-12-01,472063,1
LOCK-2024-04356,Correspondent,2024-05-01,1025662,1
LOCK-2024-04357,Wholesale,2024-04-01,1136202,0
LOCK-2024-04358,Wholesale,2024-08-01,508183,1
LOCK-2024-04359,Retail,2024-03-01,872079,1
LOCK-2024-04360,Retail,2024-11-01,217351,0
LOCK-2024-04361,Retail,2024-03-01,490179,0
LOCK-2024-04362,Wholesale,2024-11-01,224669,1
LOCK-2024-04363,Direct,2024-06-01,221095,1
LOCK-2024-04364,Correspondent,2024-04-01,315248,1
LOCK-2024-04365,Direct,2024-07-01,548414,0
LOCK-2024-04366,Direct,2024-07-01,397905,1
LOCK-2024-04367,Retail,2024-04-01,835167,0
LOCK-2024-04368,Direct,2024-08-01,206894,1
LOCK-2024-04369,Retail,2024-06-01,890310,0
LOCK-2024-04370,Retail,2024-04-01,1123026,0
LOCK-2024-04371,Wholesale,2024-01-01,690960,0
LOCK-2024-04372,Direct,2024-10-01,692756,1
LOCK-2024-04373,Correspondent,2024-09-01,1156296,0
LOCK-2024-04374,Wholesale,2024-04-01,1007715,1
LOCK-2024-04375,Wholesale,2024-07-01,1004913,1
LOCK-2024-04376,Correspondent,2024-11-01,751661,1
LOCK-2024-04377,Correspondent,2024-04-01,414843,1
LOCK-2024-04378,Wholesale,2024-03-01,781932,1
LOCK-2024-04379,Wholesale,2024-02-01,478060,0
LOCK-2024-04380,Wholesale,2024-04-01,1128379,1
LOCK-2024-04381,Retail,2024-08-01,1003371,0
LOCK-2024-04382,Retail,2024-05-01,774148,0
LOCK-2024-04383,Retail,2024-02-01,1076538,1
LOCK-2024-04384,Direct,2024-12-01,1183755,1
LOCK-2024-04385,Wholesale,2024-04-01,680048,1
LOCK-2024-04386,Direct,2024-09-01,171206,1
LOCK-2024-04387,Wholesale,2024-09-01,1131802,1
LOCK-2024-04388,Retail,2024-06-01,264416,0
LOCK-2024-04389,Wholesale,2024-10-01,1079359,0
LOCK-2024-04390,Retail,2024-03-01,590766,0
LOCK-2024-04391,Wholesale,2024-08-01,724442,0
LOCK-2024-04392,Wholesale,2024-04-01,773348,1
LOCK-2024-04393,Correspondent,2024-05-01,789434,1
LOCK-2024-04394,Wholesale,2024-04-01,1000517,0
LOCK-2024-04395,Wholesale,2024-10-01,883008,1
LOCK-2024-04396,Correspondent,2024-03-01,763259,1
LOCK-2024-04397,Wholesale,2024-12-01,1051231,0
LOCK-2024-04398,Wholesale,2024-07-01,1112377,0
LOCK-2024-04399,Retail,2024-05-01,1126523,0
LOCK-2024-04400,Retail,2024-04-01,1025388,0
LOCK-2024-04401,Correspondent,2024-09-01,169724,0
LOCK-2024-04402,Direct,2024-11-01,752449,1
LOCK-2024-04403,Retail,2024-12-01,216724,0
LOCK-2024-04404,Direct,2024-07-01,939823,1
LOCK-2024-04405,Wholesale,2024-01-01,1029378,1
LOCK-2024-04406,Direct,2024-05-01,1005637,1
LOCK-2024-04407,Correspondent,2024-06-01,194744,1
LOCK-2024-04408,Wholesale,2024-09-01,817883,0
LOCK-2024-04409,Wholesale,2024-10-01,195707,1
LOCK-2024-04410,Retail,2024-01-01,413840,1
LOCK-2024-04411,Correspondent,2024-09-01,643055,0
LOCK-2024-04412,Wholesale,2024-01-01,834559,0
LOCK-2024-04413,Retail,2024-09-01,467329,1
LOCK-2024-04414,Retail,2024-05-01,319233,1
LOCK-2024-04415,Correspondent,2024-09-01,522196,1
LOCK-2024-04416,Wholesale,2024-03-01,454693,1
LOCK-2024-04417,Correspondent,2024-02-01,389691,1
LOCK-2024-04418,Retail,2024-08-01,669820,0
LOCK-2024-04419,Direct,2024-06-01,204652,1
LOCK-2024-04420,Wholesale,2024-04-01,1075972,0
LOCK-2024-04421,Wholesale,2024-02-01,170333,0
LOCK-2024-04422,Correspondent,2024-12-01,1032616,1
LOCK-2024-04423,Correspondent,2024-08-01,348313,1
LOCK-2024-04424,Retail,2024-12-01,154050,1
LOCK-2024-04425,Direct,2024-06-01,255648,1
LOCK-2024-04426,Correspondent,2024-12-01,587412,1
LOCK-2024-04427,Correspondent,2024-07-01,1164340,0
LOCK-2024-04428,Wholesale,2024-09-01,532849,0
LOCK-2024-04429,Direct,2024-01-01,311626,0
LOCK-2024-04430,Retail,2024-10-01,726484,1
LOCK-2024-04431,Correspondent,2024-05-01,741759,1
LOCK-2024-04432,Direct,2024-01-01,427343,1
LOCK-2024-04433,Direct,2024-08-01,443501,1
LOCK-2024-04434,Direct,2024-09-01,984320,1
LOCK-2024-04435,Wholesale,2024-10-01,1165304,0
LOCK-2024-04436,Retail,2024-10-01,461698,0
LOCK-2024-04437,Wholesale,2024-06-01,843107,1
LOCK-2024-04438,Retail,2024-09-01,738756,1
LOCK-2024-04439,Direct,2024-03-01,565532,1
LOCK-2024-04440,Direct,2024-08-01,750712,0
LOCK-2024-04441,Correspondent,2024-04-01,753845,1
LOCK-2024-04442,Correspondent,2024-05-01,881916,1
LOCK-2024-04443,Correspondent,2024-04-01,370470,0
LOCK-2024-04444,Retail,2024-11-01,892772,1
LOCK-2024-04445,Wholesale,2024-06-01,1094792,1
LOCK-2024-04446,Retail,2024-09-01,468716,1
LOCK-2024-04447,Wholesale,2024-12-01,461050,0
LOCK-2024-04448,Retail,2024-10-01,453071,1
LOCK-2024-04449,Correspondent,2024-03-01,621794,1
LOCK-2024-04450,Wholesale,2024-04-01,443687,1
LOCK-2024-04451,Direct,2024-12-01,551546,1
LOCK-2024-04452,Retail,2024-07-01,440353,1
LOCK-2024-04453,Wholesale,2024-09-01,953830,1
LOCK-2024-04454,Retail,2024-04-01,762537,1
LOCK-2024-04455,Retail,2024-04-01,1062161,1
LOCK-2024-04456,Retail,2024-10-01,542233,0
LOCK-2024-04457,Retail,2024-06-01,1079995,1
LOCK-2024-04458,Direct,2024-11-01,166715,0
LOCK-2024-04459,Direct,2024-11-01,323941,1
LOCK-2024-04460,Direct,2024-12-01,1030027,1
LOCK-2024-04461,Correspondent,2024-10-01,174414,1
LOCK-2024-04462,Wholesale,2024-10-01,1051812,1
LOCK-2024-04463,Correspondent,2024-11-01,640269,1
LOCK-2024-04464,Retail,2024-06-01,669404,0
LOCK-2024-04465,Wholesale,2024-01-01,162550,1
LOCK-2024-04466,Correspondent,2024-07-01,794929,1
LOCK-2024-04467,Wholesale,2024-02-01,269051,0
LOCK-2024-04468,Wholesale,2024-03-01,1025900,0
LOCK-2024-04469,Direct,2024-08-01,525616,1
LOCK-2024-04470,Retail,2024-09-01,555156,1
LOCK-2024-04471,Correspondent,2024-05-01,952884,1
LOCK-2024-04472,Correspondent,2024-08-01,835293,1
LOCK-2024-04473,Retail,2024-12-01,947924,0
LOCK-2024-04474,Direct,2024-10-01,397795,1
LOCK-2024-04475,Retail,2024-12-01,813039,1
LOCK-2024-04476,Correspondent,2024-04-01,1150751,1
LOCK-2024-04477,Correspondent,2024-10-01,670167,1
LOCK-2024-04478,Correspondent,2024-05-01,1012230,1
LOCK-2024-04479,Wholesale,2024-01-01,676091,1
LOCK-2024-04480,Direct,2024-02-01,988612,1
LOCK-2024-04481,Retail,2024-07-01,668102,0
LOCK-2024-04482,Retail,2024-12-01,686644,1
LOCK-2024-04483,Correspondent,2024-07-01,810643,1
LOCK-2024-04484,Retail,2024-12-01,476955,1
LOCK-2024-04485,Retail,2024-03-01,1099749,0
LOCK-2024-04486,Correspondent,2024-01-01,884954,1
LOCK-2024-04487,Retail,2024-12-01,366821,0
LOCK-2024-04488,Wholesale,2024-10-01,871028,1
LOCK-2024-04489,Retail,2024-04-01,1067231,1
LOCK-2024-04490,Wholesale,2024-08-01,782330,1
LOCK-2024-04491,Wholesale,2024-08-01,787754,0
LOCK-2024-04492,Retail,2024-01-01,1057950,1
LOCK-2024-04493,Wholesale,2024-08-01,677469,1
LOCK-2024-04494,Direct,2024-02-01,604577,1
LOCK-2024-04495,Wholesale,2024-06-01,585642,1
LOCK-2024-04496,Correspondent,2024-10-01,163868,1
LOCK-2024-04497,Correspondent,2024-04-01,580979,1
LOCK-2024-04498,Wholesale,2024-02-01,1127254,0
LOCK-2024-04499,Retail,2024-05-01,771287,0
LOCK-2024-04500,Retail,2024-02-01,407646,1
LOCK-2024-04501,Correspondent,2024-02-01,331788,1
LOCK-2024-04502,Retail,2024-06-01,908502,1
LOCK-2024-04503,Wholesale,2024-02-01,839330,0
LOCK-2024-04504,Wholesale,2024-01-01,963951,0
LOCK-2024-04505,Retail,2024-10-01,273387,1
LOCK-2024-04506,Wholesale,2024-08-01,904943,0
LOCK-2024-04507,Wholesale,2024-05-01,881043,1
LOCK-2024-04508,Wholesale,2024-07-01,836141,0
LOCK-2024-04509,Direct,2024-04-01,1197549,1
LOCK-2024-04510,Wholesale,2024-03-01,1111014,1
LOCK-2024-04511,Wholesale,2024-03-01,1079582,0
LOCK-2024-04512,Retail,2024-03-01,264820,1
LOCK-2024-04513,Retail,2024-09-01,599678,0
LOCK-2024-04514,Correspondent,2024-12-01,670460,1
LOCK-2024-04515,Correspondent,2024-10-01,286974,1
LOCK-2024-04516,Wholesale,2024-09-01,559103,1
LOCK-2024-04517,Wholesale,2024-07-01,388116,1
LOCK-2024-04518,Wholesale,2024-02-01,897126,1
LOCK-2024-04519,Wholesale,2024-10-01,476669,0
LOCK-2024-04520,Direct,2024-12-01,1129823,0
LOCK-2024-04521,Correspondent,2024-03-01,818344,1
LOCK-2024-04522,Retail,2024-12-01,152444,1
LOCK-2024-04523,Direct,2024-12-01,465333,1
LOCK-2024-04524,Correspondent,2024-05-01,232473,1
LOCK-2024-04525,Wholesale,2024-05-01,759374,1
LOCK-2024-04526,Retail,2024-10-01,606822,1
LOCK-2024-04527,Retail,2024-09-01,437674,1
LOCK-2024-04528,Correspondent,2024-04-01,179240,1
LOCK-2024-04529,Correspondent,2024-03-01,845313,1
LOCK-2024-04530,Direct,2024-08-01,704541,0
LOCK-2024-04531,Retail,2024-08-01,497299,0
LOCK-2024-04532,Wholesale,2024-01-01,594951,0
LOCK-2024-04533,Direct,2024-08-01,542042,0
LOCK-2024-04534,Correspondent,2024-10-01,1095853,1
LOCK-2024-04535,Correspondent,2024-05-01,865775,1
LOCK-2024-04536,Wholesale,2024-11-01,856422,1
LOCK-2024-04537,Correspondent,2024-10-01,844689,1
LOCK-2024-04538,Direct,2024-10-01,1195447,1
LOCK-2024-04539,Direct,2024-11-01,638633,0
LOCK-2024-04540,Wholesale,2024-04-01,801344,0
LOCK-2024-04541,Wholesale,2024-12-01,779957,0
LOCK-2024-04542,Wholesale,2024-02-01,1153641,1
LOCK-2024-04543,Wholesale,2024-11-01,398945,0
LOCK-2024-04544,Correspondent,2024-12-01,1160864,0
LOCK-2024-04545,Direct,2024-08-01,307953,1
LOCK-2024-04546,Retail,2024-10-01,287089,1
LOCK-2024-04547,Direct,2024-03-01,731033,0
LOCK-2024-04548,Direct,2024-10-01,1013412,1
LOCK-2024-04549,Direct,2024-03-01,931586,1
LOCK-2024-04550,Direct,2024-04-01,1175654,1
LOCK-2024-04551,Correspondent,2024-12-01,491790,1
LOCK-2024-04552,Direct,2024-03-01,160906,0
LOCK-2024-04553,Wholesale,2024-03-01,562239,0
LOCK-2024-04554,Wholesale,2024-06-01,770024,1
LOCK-2024-04555,Direct,2024-10-01,766920,1
LOCK-2024-04556,Correspondent,2024-11-01,728052,1
LOCK-2024-04557,Direct,2024-11-01,835748,1
LOCK-2024-04558,Correspondent,2024-10-01,753486,1
LOCK-2024-04559,Wholesale,2024-05-01,1017251,1
LOCK-2024-04560,Direct,2024-03-01,1120659,1
LOCK-2024-04561,Wholesale,2024-08-01,1160406,1
LOCK-2024-04562,Wholesale,2024-06-01,950297,0
LOCK-2024-04563,Correspondent,2024-12-01,718077,1
LOCK-2024-04564,Direct,2024-03-01,374090,0
LOCK-2024-04565,Wholesale,2024-01-01,782339,0
LOCK-2024-04566,Correspondent,2024-09-01,839317,1
LOCK-2024-04567,Wholesale,2024-04-01,475888,0
LOCK-2024-04568,Wholesale,2024-09-01,357309,0
LOCK-2024-04569,Correspondent,2024-01-01,1042189,0
LOCK-2024-04570,Direct,2024-01-01,1020052,1
LOCK-2024-04571,Direct,2024-11-01,206371,1
LOCK-2024-04572,Correspondent,2024-06-01,854042,1
LOCK-2024-04573,Wholesale,2024-04-01,357210,0
LOCK-2024-04574,Retail,2024-08-01,388361,1
LOCK-2024-04575,Direct,2024-04-01,1108229,1
LOCK-2024-04576,Correspondent,2024-05-01,1164117,1
LOCK-2024-04577,Retail,2024-01-01,1111974,1
LOCK-2024-04578,Correspondent,2024-08-01,601227,0
LOCK-2024-04579,Correspondent,2024-07-01,625240,1
LOCK-2024-04580,Retail,2024-06-01,500456,1
LOCK-2024-04581,Direct,2024-02-01,974014,1
LOCK-2024-04582,Wholesale,2024-06-01,1110255,1
LOCK-2024-04583,Direct,2024-06-01,522200,1
LOCK-2024-04584,Retail,2024-12-01,979579,1
LOCK-2024-04585,Direct,2024-07-01,351401,1
LOCK-2024-04586,Retail,2024-03-01,759478,1
LOCK-2024-04587,Correspondent,2024-04-01,1033240,1
LOCK-2024-04588,Retail,2024-07-01,198205,0
LOCK-2024-04589,Wholesale,2024-07-01,1110557,1
LOCK-2024-04590,Direct,2024-03-01,521970,1
LOCK-2024-04591,Direct,2024-06-01,845559,1
LOCK-2024-04592,Wholesale,2024-10-01,381227,0
LOCK-2024-04593,Wholesale,2024-11-01,1023428,1
LOCK-2024-04594,Correspondent,2024-02-01,218784,1
LOCK-2024-04595,Correspondent,2024-06-01,735928,1
LOCK-2024-04596,Correspondent,2024-07-01,665216,1
LOCK-2024-04597,Correspondent,2024-11-01,1128574,1
LOCK-2024-04598,Wholesale,2024-09-01,1072560,0
LOCK-2024-04599,Correspondent,2024-07-01,529592,1
LOCK-2024-04600,Correspondent,2024-09-01,215860,0
LOCK-2024-04601,Wholesale,2024-09-01,537895,0
LOCK-2024-04602,Retail,2024-10-01,1016260,1
LOCK-2024-04603,Wholesale,2024-11-01,150777,1
LOCK-2024-04604,Direct,2024-10-01,353911,1
LOCK-2024-04605,Direct,2024-12-01,556679,1
LOCK-2024-04606,Wholesale,2024-06-01,826419,1
LOCK-2024-04607,Retail,2024-05-01,311049,1
LOCK-2024-04608,Correspondent,2024-12-01,959690,0
LOCK-2024-04609,Correspondent,2024-02-01,1168329,1
LOCK-2024-04610,Retail,2024-02-01,268361,1
LOCK-2024-04611,Wholesale,2024-12-01,307859,1
LOCK-2024-04612,Wholesale,2024-05-01,622565,0
LOCK-2024-04613,Direct,2024-07-01,533135,1
LOCK-2024-04614,Direct,2024-02-01,763646,0
LOCK-2024-04615,Direct,2024-04-01,523773,0
LOCK-2024-04616,Correspondent,2024-01-01,409825,1
LOCK-2024-04617,Retail,2024-06-01,749933,1
LOCK-2024-04618,Retail,2024-12-01,618995,1
LOCK-2024-04619,Wholesale,2024-02-01,630778,1
LOCK-2024-04620,Retail,2024-02-01,883225,1
LOCK-2024-04621,Direct,2024-06-01,1109082,1
LOCK-2024-04622,Retail,2024-06-01,262215,1
LOCK-2024-04623,Retail,2024-02-01,213975,0
LOCK-2024-04624,Direct,2024-06-01,267504,1
LOCK-2024-04625,Direct,2024-06-01,1144505,1
LOCK-2024-04626,Retail,2024-01-01,575328,1
LOCK-2024-04627,Wholesale,2024-06-01,403534,1
LOCK-2024-04628,Direct,2024-03-01,159108,1
LOCK-2024-04629,Retail,2024-01-01,894201,1
LOCK-2024-04630,Wholesale,2024-08-01,458218,1
LOCK-2024-04631,Retail,2024-05-01,417443,0
LOCK-2024-04632,Wholesale,2024-10-01,1064015,1
LOCK-2024-04633,Direct,2024-11-01,921631,1
LOCK-2024-04634,Correspondent,2024-11-01,500842,1
LOCK-2024-04635,Wholesale,2024-04-01,764276,0
LOCK-2024-04636,Direct,2024-12-01,1195004,1
LOCK-2024-04637,Wholesale,2024-06-01,853788,1
LOCK-2024-04638,Direct,2024-09-01,656842,1
LOCK-2024-04639,Correspondent,2024-03-01,1087017,1
LOCK-2024-04640,Retail,2024-09-01,227002,1
LOCK-2024-04641,Correspondent,2024-01-01,583276,1
LOCK-2024-04642,Correspondent,2024-11-01,562869,1
LOCK-2024-04643,Direct,2024-03-01,696896,1
LOCK-2024-04644,Correspondent,2024-07-01,993681,0
LOCK-2024-04645,Correspondent,2024-10-01,1077862,1
LOCK-2024-04646,Retail,2024-08-01,390619,1
LOCK-2024-04647,Wholesale,2024-03-01,792492,1
LOCK-2024-04648,Correspondent,2024-01-01,1136554,0
LOCK-2024-04649,Wholesale,2024-03-01,1132179,1
LOCK-2024-04650,Wholesale,2024-07-01,396860,0
LOCK-2024-04651,Correspondent,2024-12-01,446668,0
LOCK-2024-04652,Correspondent,2024-06-01,1069256,1
LOCK-2024-04653,Correspondent,2024-05-01,195195,1
LOCK-2024-04654,Correspondent,2024-07-01,441853,1
LOCK-2024-04655,Direct,2024-06-01,478204,1
LOCK-2024-04656,Retail,2024-07-01,853764,0
LOCK-2024-04657,Direct,2024-07-01,1061549,1
LOCK-2024-04658,Direct,2024-10-01,855232,1
LOCK-2024-04659,Wholesale,2024-12-01,718167,0
LOCK-2024-04660,Correspondent,2024-05-01,250109,1
LOCK-2024-04661,Retail,2024-11-01,879222,1
LOCK-2024-04662,Direct,2024-03-01,293897,1
LOCK-2024-04663,Wholesale,2024-02-01,558019,1
LOCK-2024-04664,Retail,2024-01-01,247245,1
LOCK-2024-04665,Correspondent,2024-07-01,180680,1
LOCK-2024-04666,Retail,2024-02-01,869072,1
LOCK-2024-04667,Wholesale,2024-02-01,819213,0
LOCK-2024-04668,Retail,2024-08-01,994957,1
LOCK-2024-04669,Retail,2024-08-01,271530,1
LOCK-2024-04670,Wholesale,2024-07-01,443059,1
LOCK-2024-04671,Wholesale,2024-08-01,171629,1
LOCK-2024-04672,Retail,2024-09-01,582404,1
LOCK-2024-04673,Correspondent,2024-08-01,302182,1
LOCK-2024-04674,Retail,2024-09-01,1100349,0
LOCK-2024-04675,Correspondent,2024-07-01,516762,1
LOCK-2024-04676,Retail,2024-08-01,248164,1
LOCK-2024-04677,Retail,2024-09-01,756026,0
LOCK-2024-04678,Wholesale,2024-01-01,998156,1
LOCK-2024-04679,Correspondent,2024-06-01,194113,1
LOCK-2024-04680,Correspondent,2024-05-01,895278,1
LOCK-2024-04681,Correspondent,2024-05-01,263025,0
LOCK-2024-04682,Correspondent,2024-10-01,676877,0
LOCK-2024-04683,Wholesale,2024-12-01,538999,1
LOCK-2024-04684,Wholesale,2024-06-01,1166068,0
LOCK-2024-04685,Wholesale,2024-09-01,492486,1
LOCK-2024-04686,Retail,2024-12-01,948990,1
LOCK-2024-04687,Wholesale,2024-12-01,1136945,0
LOCK-2024-04688,Retail,2024-08-01,481130,0
LOCK-2024-04689,Wholesale,2024-07-01,1086877,1
LOCK-2024-04690,Retail,2024-06-01,345656,1
LOCK-2024-04691,Retail,2024-05-01,1065120,1
LOCK-2024-04692,Retail,2024-10-01,418136,1
LOCK-2024-04693,Retail,2024-01-01,466782,1
LOCK-2024-04694,Correspondent,2024-02-01,703804,1
LOCK-2024-04695,Retail,2024-06-01,373996,1
LOCK-2024-04696,Retail,2024-03-01,408410,1
LOCK-2024-04697,Correspondent,2024-01-01,375106,1
LOCK-2024-04698,Correspondent,2024-04-01,799151,1
LOCK-2024-04699,Wholesale,2024-08-01,1049294,0
LOCK-2024-04700,Retail,2024-09-01,1054546,1
LOCK-2024-04701,Correspondent,2024-09-01,969994,0
LOCK-2024-04702,Correspondent,2024-12-01,636946,0
LOCK-2024-04703,Retail,2024-10-01,525905,1
LOCK-2024-04704,Retail,2024-05-01,1011364,1
LOCK-2024-04705,Wholesale,2024-10-01,365199,1
LOCK-2024-04706,Wholesale,2024-09-01,789316,1
LOCK-2024-04707,Wholesale,2024-07-01,862030,1
LOCK-2024-04708,Wholesale,2024-11-01,220962,0
LOCK-2024-04709,Correspondent,2024-12-01,971837,1
LOCK-2024-04710,Retail,2024-07-01,274348,1
LOCK-2024-04711,Wholesale,2024-12-01,787488,1
LOCK-2024-04712,Wholesale,2024-08-01,368737,1
LOCK-2024-04713,Direct,2024-03-01,748773,0
LOCK-2024-04714,Retail,2024-09-01,184179,1
LOCK-2024-04715,Retail,2024-01-01,173349,1
LOCK-2024-04716,Correspondent,2024-12-01,1106962,1
LOCK-2024-04717,Correspondent,2024-03-01,667123,1
LOCK-2024-04718,Retail,2024-11-01,529482,1
LOCK-2024-04719,Wholesale,2024-11-01,865034,1
LOCK-2024-04720,Direct,2024-08-01,891058,1
LOCK-2024-04721,Direct,2024-11-01,971747,1
LOCK-2024-04722,Direct,2024-03-01,440954,0
LOCK-2024-04723,Wholesale,2024-01-01,432043,0
LOCK-2024-04724,Retail,2024-07-01,176689,1
LOCK-2024-04725,Wholesale,2024-11-01,944095,0
LOCK-2024-04726,Direct,2024-01-01,473299,0
LOCK-2024-04727,Wholesale,2024-08-01,296495,1
LOCK-2024-04728,Wholesale,2024-10-01,492792,1
LOCK-2024-04729,Retail,2024-11-01,796846,1
LOCK-2024-04730,Wholesale,2024-01-01,359030,0
LOCK-2024-04731,Correspondent,2024-01-01,314847,0
LOCK-2024-04732,Correspondent,2024-01-01,809141,0
LOCK-2024-04733,Wholesale,2024-11-01,938856,1
LOCK-2024-04734,Direct,2024-11-01,234084,1
LOCK-2024-04735,Wholesale,2024-01-01,217717,1
LOCK-2024-04736,Direct,2024-10-01,1023596,0
LOCK-2024-04737,Direct,2024-07-01,671723,1
LOCK-2024-04738,Wholesale,2024-06-01,711657,1
LOCK-2024-04739,Wholesale,2024-09-01,988032,1
LOCK-2024-04740,Correspondent,2024-04-01,1190285,1
LOCK-2024-04741,Direct,2024-06-01,481487,1
LOCK-2024-04742,Retail,2024-02-01,625310,0
LOCK-2024-04743,Retail,2024-12-01,476998,0
LOCK-2024-04744,Retail,2024-01-01,645763,1
LOCK-2024-04745,Direct,2024-06-01,710045,0
LOCK-2024-04746,Wholesale,2024-03-01,1176830,0
LOCK-2024-04747,Wholesale,2024-04-01,889430,0
LOCK-2024-04748,Wholesale,2024-08-01,633004,0
LOCK-2024-04749,Retail,2024-03-01,1130440,1
LOCK-2024-04750,Wholesale,2024-07-01,1184884,1
LOCK-2024-04751,Wholesale,2024-10-01,784154,1
LOCK-2024-04752,Wholesale,2024-02-01,278796,1
LOCK-2024-04753,Direct,2024-11-01,238911,1
LOCK-2024-04754,Direct,2024-05-01,863588,1
LOCK-2024-04755,Wholesale,2024-04-01,1175351,1
LOCK-2024-04756,Correspondent,2024-11-01,857001,1
LOCK-2024-04757,Wholesale,2024-06-01,1124947,0
LOCK-2024-04758,Wholesale,2024-03-01,908678,1
LOCK-2024-04759,Correspondent,2024-06-01,1000601,1
LOCK-2024-04760,Wholesale,2024-03-01,791241,1
LOCK-2024-04761,Correspondent,2024-02-01,1160908,1
LOCK-2024-04762,Retail,2024-08-01,306304,1
LOCK-2024-04763,Correspondent,2024-05-01,640932,1
LOCK-2024-04764,Wholesale,2024-07-01,746553,0
LOCK-2024-04765,Retail,2024-04-01,620557,1
LOCK-2024-04766,Retail,2024-08-01,973270,1
LOCK-2024-04767,Retail,2024-06-01,1093625,1
LOCK-2024-04768,Retail,2024-06-01,784113,0
LOCK-2024-04769,Direct,2024-04-01,631123,1
LOCK-2024-04770,Retail,2024-11-01,732273,1
LOCK-2024-04771,Direct,2024-08-01,635705,0
LOCK-2024-04772,Correspondent,2024-09-01,342817,1
LOCK-2024-04773,Wholesale,2024-09-01,189858,0
LOCK-2024-04774,Retail,2024-01-01,327973,1
LOCK-2024-04775,Retail,2024-07-01,1182494,1
LOCK-2024-04776,Correspondent,2024-03-01,474611,1
LOCK-2024-04777,Correspondent,2024-07-01,750657,0
LOCK-2024-04778,Correspondent,2024-04-01,651771,1
LOCK-2024-04779,Retail,2024-12-01,838832,0
LOCK-2024-04780,Retail,2024-02-01,242541,0
LOCK-2024-04781,Retail,2024-12-01,360747,0
LOCK-2024-04782,Retail,2024-12-01,894620,0
LOCK-2024-04783,Direct,2024-06-01,354878,1
LOCK-2024-04784,Correspondent,2024-08-01,829445,0
LOCK-2024-04785,Correspondent,2024-04-01,728223,1
LOCK-2024-04786,Retail,2024-01-01,323660,1
LOCK-2024-04787,Correspondent,2024-10-01,1098949,1
LOCK-2024-04788,Retail,2024-04-01,396626,1
LOCK-2024-04789,Direct,2024-10-01,221057,1
LOCK-2024-04790,Direct,2024-02-01,1151185,1
LOCK-2024-04791,Wholesale,2024-06-01,1156385,0
LOCK-2024-04792,Direct,2024-06-01,973216,1
LOCK-2024-04793,Direct,2024-01-01,465718,0
LOCK-2024-04794,Correspondent,2024-01-01,995641,0
LOCK-2024-04795,Wholesale,2024-01-01,1171294,0
LOCK-2024-04796,Correspondent,2024-07-01,1171815,1
LOCK-2024-04797,Retail,2024-02-01,613676,0
LOCK-2024-04798,Correspondent,2024-03-01,655576,1
LOCK-2024-04799,Retail,2024-08-01,489591,0
LOCK-2024-04800,Retail,2024-12-01,1019029,1
LOCK-2024-04801,Retail,2024-09-01,417978,0
LOCK-2024-04802,Retail,2024-11-01,1068441,0
LOCK-2024-04803,Correspondent,2024-06-01,590803,1
LOCK-2024-04804,Retail,2024-02-01,663051,0
LOCK-2024-04805,Wholesale,2024-01-01,817969,1
LOCK-2024-04806,Direct,2024-09-01,1000110,1
LOCK-2024-04807,Wholesale,2024-01-01,590472,0
LOCK-2024-04808,Retail,2024-12-01,1153438,1
LOCK-2024-04809,Direct,2024-01-01,598861,0
LOCK-2024-04810,Retail,2024-08-01,634689,1
LOCK-2024-04811,Wholesale,2024-05-01,788344,0
LOCK-2024-04812,Wholesale,2024-10-01,1056661,1
LOCK-2024-04813,Direct,2024-09-01,228021,0
LOCK-2024-04814,Correspondent,2024-10-01,536534,1
LOCK-2024-04815,Retail,2024-10-01,1124463,1
LOCK-2024-04816,Retail,2024-01-01,438500,1
LOCK-2024-04817,Wholesale,2024-02-01,691041,1
LOCK-2024-04818,Retail,2024-01-01,989439,1
LOCK-2024-04819,Correspondent,2024-06-01,547983,1
LOCK-2024-04820,Correspondent,2024-03-01,898109,0
LOCK-2024-04821,Wholesale,2024-04-01,494388,0
LOCK-2024-04822,Correspondent,2024-03-01,1042001,0
LOCK-2024-04823,Direct,2024-06-01,494595,1
LOCK-2024-04824,Direct,2024-11-01,240847,1
LOCK-2024-04825,Wholesale,2024-03-01,729242,1
LOCK-2024-04826,Wholesale,2024-08-01,627785,0
LOCK-2024-04827,Direct,2024-03-01,704015,1
LOCK-2024-04828,Wholesale,2024-12-01,642143,0
LOCK-2024-04829,Direct,2024-05-01,925776,1
LOCK-2024-04830,Direct,2024-11-01,858480,1
LOCK-2024-04831,Wholesale,2024-01-01,549330,1
LOCK-2024-04832,Correspondent,2024-01-01,955716,1
LOCK-2024-04833,Direct,2024-11-01,1105223,1
LOCK-2024-04834,Wholesale,2024-05-01,944220,0
LOCK-2024-04835,Direct,2024-08-01,406863,1
LOCK-2024-04836,Direct,2024-10-01,375105,0
LOCK-2024-04837,Correspondent,2024-08-01,846305,1
LOCK-2024-04838,Correspondent,2024-11-01,1050991,1
LOCK-2024-04839,Wholesale,2024-06-01,711599,0
LOCK-2024-04840,Direct,2024-12-01,734440,0
LOCK-2024-04841,Correspondent,2024-09-01,961279,1
LOCK-2024-04842,Correspondent,2024-06-01,552345,1
LOCK-2024-04843,Retail,2024-10-01,245393,1
LOCK-2024-04844,Wholesale,2024-02-01,390167,0
LOCK-2024-04845,Correspondent,2024-09-01,431699,0
LOCK-2024-04846,Retail,2024-01-01,555082,1
LOCK-2024-04847,Correspondent,2024-12-01,737231,1
LOCK-2024-04848,Wholesale,2024-09-01,615943,0
LOCK-2024-04849,Wholesale,2024-06-01,1116338,1
LOCK-2024-04850,Direct,2024-08-01,1198387,0
LOCK-2024-04851,Wholesale,2024-07-01,330948,1
LOCK-2024-04852,Direct,2024-09-01,934087,1
LOCK-2024-04853,Retail,2024-08-01,447816,1
LOCK-2024-04854,Direct,2024-08-01,1089557,1
LOCK-2024-04855,Retail,2024-02-01,985249,1
LOCK-2024-04856,Wholesale,2024-07-01,1061598,0
LOCK-2024-04857,Direct,2024-06-01,479994,0
LOCK-2024-04858,Correspondent,2024-09-01,804314,1
LOCK-2024-04859,Retail,2024-07-01,475838,1
LOCK-2024-04860,Correspondent,2024-09-01,917078,1
LOCK-2024-04861,Correspondent,2024-09-01,975352,1
LOCK-2024-04862,Wholesale,2024-11-01,983047,1
LOCK-2024-04863,Direct,2024-01-01,926320,0
LOCK-2024-04864,Wholesale,2024-10-01,480914,1
LOCK-2024-04865,Correspondent,2024-02-01,549444,1
LOCK-2024-04866,Direct,2024-02-01,324336,1
LOCK-2024-04867,Correspondent,2024-06-01,757456,1
LOCK-2024-04868,Wholesale,2024-03-01,415290,0
LOCK-2024-04869,Wholesale,2024-11-01,339321,1
LOCK-2024-04870,Direct,2024-05-01,644103,1
LOCK-2024-04871,Direct,2024-01-01,894719,1
LOCK-2024-04872,Correspondent,2024-05-01,654075,0
LOCK-2024-04873,Retail,2024-09-01,190402,0
LOCK-2024-04874,Correspondent,2024-12-01,589147,0
LOCK-2024-04875,Direct,2024-12-01,790769,0
LOCK-2024-04876,Wholesale,2024-04-01,293510,1
LOCK-2024-04877,Retail,2024-03-01,204033,1
LOCK-2024-04878,Wholesale,2024-05-01,862632,1
LOCK-2024-04879,Retail,2024-04-01,1189161,1
LOCK-2024-04880,Correspondent,2024-01-01,758886,1
LOCK-2024-04881,Direct,2024-05-01,263023,0
LOCK-2024-04882,Retail,2024-12-01,474742,1
LOCK-2024-04883,Retail,2024-07-01,208629,1
LOCK-2024-04884,Wholesale,2024-12-01,884204,0
LOCK-2024-04885,Retail,2024-08-01,1146994,0
LOCK-2024-04886,Direct,2024-07-01,261524,1
LOCK-2024-04887,Direct,2024-03-01,360916,1
LOCK-2024-04888,Direct,2024-02-01,992569,1
LOCK-2024-04889,Wholesale,2024-07-01,352147,0
LOCK-2024-04890,Retail,2024-05-01,893739,1
LOCK-2024-04891,Retail,2024-05-01,1027822,1
LOCK-2024-04892,Direct,2024-02-01,1165029,0
LOCK-2024-04893,Wholesale,2024-09-01,339794,1
LOCK-2024-04894,Retail,2024-05-01,633149,0
LOCK-2024-04895,Wholesale,2024-07-01,657489,1
LOCK-2024-04896,Wholesale,2024-03-01,1086177,0
LOCK-2024-04897,Direct,2024-06-01,391717,0
LOCK-2024-04898,Retail,2024-10-01,1167233,0
LOCK-2024-04899,Direct,2024-05-01,412091,0
LOCK-2024-04900,Correspondent,2024-09-01,655927,1
LOCK-2024-04901,Direct,2024-06-01,945012,0
LOCK-2024-04902,Retail,2024-10-01,1168597,1
LOCK-2024-04903,Wholesale,2024-07-01,641385,0
LOCK-2024-04904,Wholesale,2024-06-01,371470,1
LOCK-2024-04905,Retail,2024-08-01,367847,1
LOCK-2024-04906,Direct,2024-07-01,466174,0
LOCK-2024-04907,Retail,2024-05-01,389450,1
LOCK-2024-04908,Correspondent,2024-12-01,1182901,0
LOCK-2024-04909,Direct,2024-12-01,1187377,1
LOCK-2024-04910,Correspondent,2024-11-01,169919,1
LOCK-2024-04911,Correspondent,2024-06-01,1042949,1
LOCK-2024-04912,Correspondent,2024-02-01,903545,1
LOCK-2024-04913,Wholesale,2024-05-01,1042638,1
LOCK-2024-04914,Wholesale,2024-09-01,960913,0
LOCK-2024-04915,Wholesale,2024-03-01,247957,0
LOCK-2024-04916,Retail,2024-07-01,860133,1
LOCK-2024-04917,Direct,2024-12-01,223020,1
LOCK-2024-04918,Direct,2024-08-01,337090,1
LOCK-2024-04919,Correspondent,2024-04-01,1090225,1
LOCK-2024-04920,Correspondent,2024-11-01,268270,1
LOCK-2024-04921,Direct,2024-08-01,1003642,1
LOCK-2024-04922,Wholesale,2024-03-01,982520,1
LOCK-2024-04923,Correspondent,2024-04-01,1169329,1
LOCK-2024-04924,Wholesale,2024-09-01,1147849,1
LOCK-2024-04925,Retail,2024-03-01,187699,0
LOCK-2024-04926,Correspondent,2024-05-01,391744,0
LOCK-2024-04927,Wholesale,2024-03-01,1158650,1
LOCK-2024-04928,Direct,2024-02-01,1059428,0
LOCK-2024-04929,Wholesale,2024-08-01,168450,1
LOCK-2024-04930,Retail,2024-03-01,427549,1
LOCK-2024-04931,Direct,2024-03-01,678124,1
LOCK-2024-04932,Retail,2024-12-01,737261,1
LOCK-2024-04933,Retail,2024-04-01,824150,1
LOCK-2024-04934,Wholesale,2024-09-01,171485,1
LOCK-2024-04935,Correspondent,2024-05-01,997923,1
LOCK-2024-04936,Correspondent,2024-09-01,207182,1
LOCK-2024-04937,Wholesale,2024-02-01,761948,1
LOCK-2024-04938,Retail,2024-08-01,1195655,1
LOCK-2024-04939,Wholesale,2024-07-01,939505,1
LOCK-2024-04940,Direct,2024-12-01,1167890,1
LOCK-2024-04941,Correspondent,2024-03-01,563118,1
LOCK-2024-04942,Direct,2024-06-01,206353,1
LOCK-2024-04943,Correspondent,2024-07-01,1097260,1
LOCK-2024-04944,Wholesale,2024-11-01,258827,1
LOCK-2024-04945,Retail,2024-03-01,892089,1
LOCK-2024-04946,Retail,2024-04-01,887921,1
LOCK-2024-04947,Direct,2024-05-01,1112628,1
LOCK-2024-04948,Retail,2024-02-01,553100,1
LOCK-2024-04949,Direct,2024-03-01,914225,1
LOCK-2024-04950,Retail,2024-09-01,912989,1
LOCK-2024-04951,Correspondent,2024-05-01,845063,1
LOCK-2024-04952,Wholesale,2024-11-01,680200,0
LOCK-2024-04953,Correspondent,2024-11-01,858861,1
LOCK-2024-04954,Direct,2024-09-01,755308,1
LOCK-2024-04955,Direct,2024-04-01,332601,1
LOCK-2024-04956,Correspondent,2024-11-01,203344,1
LOCK-2024-04957,Wholesale,2024-03-01,909848,1
LOCK-2024-04958,Correspondent,2024-06-01,189381,1
LOCK-2024-04959,Wholesale,2024-07-01,997952,0
LOCK-2024-04960,Direct,2024-02-01,462737,1
LOCK-2024-04961,Direct,2024-11-01,1180581,1
LOCK-2024-04962,Correspondent,2024-07-01,226885,0
LOCK-2024-04963,Retail,2024-09-01,1186797,0
LOCK-2024-04964,Retail,2024-08-01,1126165,1
LOCK-2024-04965,Wholesale,2024-07-01,519155,1
LOCK-2024-04966,Retail,2024-05-01,791260,0
LOCK-2024-04967,Retail,2024-04-01,1145190,1
LOCK-2024-04968,Direct,2024-11-01,833953,1
LOCK-2024-04969,Retail,2024-10-01,270605,1
LOCK-2024-04970,Wholesale,2024-06-01,1053367,1
LOCK-2024-04971,Correspondent,2024-02-01,864585,1
LOCK-2024-04972,Wholesale,2024-01-01,896764,1
LOCK-2024-04973,Direct,2024-09-01,615971,1
LOCK-2024-04974,Retail,2024-06-01,1075746,1
LOCK-2024-04975,Correspondent,2024-06-01,166079,0
LOCK-2024-04976,Wholesale,2024-02-01,461551,1
LOCK-2024-04977,Correspondent,2024-01-01,841324,0
LOCK-2024-04978,Wholesale,2024-04-01,635764,0
LOCK-2024-04979,Direct,2024-09-01,843064,0
LOCK-2024-04980,Wholesale,2024-11-01,716693,0
LOCK-2024-04981,Wholesale,2024-03-01,498847,1
LOCK-2024-04982,Correspondent,2024-02-01,1051332,0
LOCK-2024-04983,Wholesale,2024-01-01,512656,1
LOCK-2024-04984,Correspondent,2024-03-01,256964,1
LOCK-2024-04985,Retail,2024-03-01,193921,1
LOCK-2024-04986,Retail,2024-11-01,837402,0
LOCK-2024-04987,Retail,2024-09-01,1098770,1
LOCK-2024-04988,Wholesale,2024-02-01,538285,1
LOCK-2024-04989,Retail,2024-07-01,266255,1
LOCK-2024-04990,Wholesale,2024-07-01,369661,1
LOCK-2024-04991,Direct,2024-01-01,1083594,1
LOCK-2024-04992,Retail,2024-05-01,814572,1
LOCK-2024-04993,Correspondent,2024-11-01,806511,1
LOCK-2024-04994,Correspondent,2024-02-01,684737,1
LOCK-2024-04995,Wholesale,2024-12-01,889491,0
LOCK-2024-04996,Wholesale,2024-06-01,690276,1
LOCK-2024-04997,Wholesale,2024-12-01,676750,0
LOCK-2024-04998,Correspondent,2024-06-01,439732,1
LOCK-2024-04999,Retail,2024-07-01,642779,1
LOCK-2024-05000,Retail,2024-04-01,325107,1
LOCK-2024-05001,Direct,2024-04-01,1170433,1
LOCK-2024-05002,Correspondent,2024-06-01,461421,1
LOCK-2024-05003,Correspondent,2024-02-01,956050,1
LOCK-2024-05004,Retail,2024-06-01,306351,1
LOCK-2024-05005,Correspondent,2024-04-01,412439,1
LOCK-2024-05006,Correspondent,2024-07-01,525878,0
LOCK-2024-05007,Retail,2024-12-01,434792,1
LOCK-2024-05008,Retail,2024-03-01,1184317,1
LOCK-2024-05009,Wholesale,2024-11-01,364214,0
LOCK-2024-05010,Correspondent,2024-06-01,1174818,1
LOCK-2024-05011,Retail,2024-02-01,958859,0
LOCK-2024-05012,Retail,2024-10-01,389371,1
LOCK-2024-05013,Correspondent,2024-02-01,579090,1
LOCK-2024-05014,Direct,2024-03-01,492078,1
LOCK-2024-05015,Correspondent,2024-05-01,185214,0
LOCK-2024-05016,Direct,2024-10-01,1000111,0
LOCK-2024-05017,Direct,2024-11-01,1183945,0
LOCK-2024-05018,Correspondent,2024-01-01,784324,1
LOCK-2024-05019,Correspondent,2024-12-01,949126,1
LOCK-2024-05020,Correspondent,2024-11-01,329578,1
LOCK-2024-05021,Correspondent,2024-02-01,958440,1
LOCK-2024-05022,Retail,2024-08-01,333774,1
LOCK-2024-05023,Retail,2024-03-01,657038,1
LOCK-2024-05024,Correspondent,2024-02-01,438995,1
LOCK-2024-05025,Wholesale,2024-03-01,793889,1
LOCK-2024-05026,Direct,2024-03-01,775833,1
LOCK-2024-05027,Retail,2024-02-01,855455,0
LOCK-2024-05028,Wholesale,2024-05-01,360547,0
LOCK-2024-05029,Retail,2024-10-01,415170,1
LOCK-2024-05030,Correspondent,2024-06-01,656866,0
LOCK-2024-05031,Direct,2024-07-01,1162151,1
LOCK-2024-05032,Correspondent,2024-12-01,1013805,1
LOCK-2024-05033,Correspondent,2024-06-01,456815,1
LOCK-2024-05034,Retail,2024-12-01,579304,1
LOCK-2024-05035,Correspondent,2024-02-01,499279,0
LOCK-2024-05036,Direct,2024-11-01,591880,1
LOCK-2024-05037,Correspondent,2024-07-01,403177,1
LOCK-2024-05038,Retail,2024-12-01,368491,1
LOCK-2024-05039,Retail,2024-11-01,386001,1
LOCK-2024-05040,Direct,2024-05-01,767468,1
LOCK-2024-05041,Correspondent,2024-08-01,426000,1
LOCK-2024-05042,Direct,2024-06-01,295900,1
LOCK-2024-05043,Correspondent,2024-10-01,883966,0
LOCK-2024-05044,Retail,2024-09-01,919448,1
LOCK-2024-05045,Correspondent,2024-07-01,419195,1
LOCK-2024-05046,Retail,2024-06-01,1028530,1
LOCK-2024-05047,Retail,2024-09-01,732203,1
LOCK-2024-05048,Correspondent,2024-04-01,613487,1
LOCK-2024-05049,Retail,2024-10-01,377658,1
LOCK-2024-05050,Direct,2024-11-01,485894,1
LOCK-2024-05051,Wholesale,2024-01-01,479327,0
LOCK-2024-05052,Correspondent,2024-08-01,982374,1
LOCK-2024-05053,Correspondent,2024-02-01,1108678,0
LOCK-2024-05054,Retail,2024-01-01,852679,0
LOCK-2024-05055,Direct,2024-01-01,643417,1
LOCK-2024-05056,Direct,2024-02-01,647074,1
LOCK-2024-05057,Correspondent,2024-06-01,726170,1
LOCK-2024-05058,Wholesale,2024-10-01,734732,0
LOCK-2024-05059,Retail,2024-05-01,1132120,1
LOCK-2024-05060,Direct,2024-08-01,949801,1
LOCK-2024-05061,Wholesale,2024-04-01,814329,1
LOCK-2024-05062,Retail,2024-02-01,1091139,1
LOCK-2024-05063,Wholesale,2024-06-01,176067,1
LOCK-2024-05064,Wholesale,2024-10-01,327261,1
LOCK-2024-05065,Correspondent,2024-06-01,1011326,1
LOCK-2024-05066,Direct,2024-08-01,489886,0
LOCK-2024-05067,Retail,2024-11-01,1020113,1
LOCK-2024-05068,Correspondent,2024-11-01,790323,1
LOCK-2024-05069,Wholesale,2024-07-01,770887,1
LOCK-2024-05070,Wholesale,2024-09-01,460807,0
LOCK-2024-05071,Wholesale,2024-03-01,1047481,1
LOCK-2024-05072,Retail,2024-03-01,250850,1
LOCK-2024-05073,Retail,2024-01-01,572019,1
LOCK-2024-05074,Retail,2024-12-01,237315,0
LOCK-2024-05075,Correspondent,2024-12-01,589350,1
LOCK-2024-05076,Direct,2024-08-01,316805,1
LOCK-2024-05077,Direct,2024-11-01,948379,1
LOCK-2024-05078,Direct,2024-08-01,268400,0
LOCK-2024-05079,Correspondent,2024-05-01,314316,1
LOCK-2024-05080,Correspondent,2024-01-01,1010692,1
LOCK-2024-05081,Retail,2024-06-01,724104,0
LOCK-2024-05082,Correspondent,2024-02-01,1165988,0
LOCK-2024-05083,Retail,2024-03-01,1129868,1
LOCK-2024-05084,Retail,2024-11-01,975096,0
LOCK-2024-05085,Direct,2024-01-01,1114906,0
LOCK-2024-05086,Direct,2024-01-01,1163788,1
LOCK-2024-05087,Retail,2024-02-01,617925,1
LOCK-2024-05088,Direct,2024-03-01,1105636,0
LOCK-2024-05089,Retail,2024-02-01,276206,1
LOCK-2024-05090,Direct,2024-04-01,548122,0
LOCK-2024-05091,Direct,2024-04-01,220632,0
LOCK-2024-05092,Retail,2024-03-01,1138943,0
LOCK-2024-05093,Direct,2024-07-01,857161,1
LOCK-2024-05094,Correspondent,2024-12-01,844698,0
LOCK-2024-05095,Retail,2024-06-01,1097874,0
LOCK-2024-05096,Correspondent,2024-02-01,243125,1
LOCK-2024-05097,Correspondent,2024-03-01,194890,1
LOCK-2024-05098,Retail,2024-07-01,684802,0
LOCK-2024-05099,Correspondent,2024-06-01,948089,1
LOCK-2024-05100,Direct,2024-06-01,695241,0
LOCK-2024-05101,Direct,2024-01-01,156326,1
LOCK-2024-05102,Retail,2024-04-01,711666,1
LOCK-2024-05103,Correspondent,2024-04-01,371900,1
LOCK-2024-05104,Correspondent,2024-07-01,686917,1
LOCK-2024-05105,Retail,2024-01-01,876145,1
LOCK-2024-05106,Direct,2024-06-01,1037512,0
LOCK-2024-05107,Direct,2024-12-01,562404,1
LOCK-2024-05108,Retail,2024-12-01,352967,0
LOCK-2024-05109,Wholesale,2024-08-01,366529,1
LOCK-2024-05110,Direct,2024-06-01,900356,1
LOCK-2024-05111,Correspondent,2024-02-01,192988,1
LOCK-2024-05112,Wholesale,2024-12-01,390633,1
LOCK-2024-05113,Wholesale,2024-08-01,1085475,1
LOCK-2024-05114,Wholesale,2024-09-01,787282,1
LOCK-2024-05115,Retail,2024-05-01,333344,0
LOCK-2024-05116,Correspondent,2024-02-01,1028036,1
LOCK-2024-05117,Direct,2024-06-01,1175558,1
LOCK-2024-05118,Correspondent,2024-10-01,1156276,1
LOCK-2024-05119,Retail,2024-01-01,869561,1
LOCK-2024-05120,Retail,2024-07-01,884031,0
LOCK-2024-05121,Retail,2024-06-01,473761,1
LOCK-2024-05122,Direct,2024-06-01,736274,1
LOCK-2024-05123,Wholesale,2024-12-01,969435,0
LOCK-2024-05124,Direct,2024-02-01,219966,1
LOCK-2024-05125,Correspondent,2024-02-01,1165027,1
LOCK-2024-05126,Correspondent,2024-08-01,485760,1
LOCK-2024-05127,Retail,2024-12-01,166955,1
LOCK-2024-05128,Retail,2024-07-01,172912,0
LOCK-2024-05129,Retail,2024-09-01,219878,1
LOCK-2024-05130,Wholesale,2024-06-01,1191365,1
LOCK-2024-05131,Retail,2024-08-01,650622,1
LOCK-2024-05132,Correspondent,2024-01-01,1012463,1
LOCK-2024-05133,Retail,2024-12-01,795795,0
LOCK-2024-05134,Direct,2024-11-01,707608,0
LOCK-2024-05135,Retail,2024-05-01,826087,1
LOCK-2024-05136,Direct,2024-03-01,667486,1
LOCK-2024-05137,Correspondent,2024-01-01,564322,1
LOCK-2024-05138,Correspondent,2024-08-01,555217,0
LOCK-2024-05139,Correspondent,2024-10-01,185132,1
LOCK-2024-05140,Retail,2024-09-01,930421,1
LOCK-2024-05141,Correspondent,2024-05-01,1119849,1
LOCK-2024-05142,Wholesale,2024-09-01,982381,0
LOCK-2024-05143,Correspondent,2024-01-01,152507,1
LOCK-2024-05144,Retail,2024-01-01,834096,1
LOCK-2024-05145,Wholesale,2024-05-01,949400,1
LOCK-2024-05146,Wholesale,2024-07-01,393167,1
LOCK-2024-05147,Wholesale,2024-08-01,623603,1
LOCK-2024-05148,Correspondent,2024-01-01,789912,1
LOCK-2024-05149,Direct,2024-05-01,877831,1
LOCK-2024-05150,Retail,2024-09-01,1192786,0
LOCK-2024-05151,Direct,2024-08-01,246073,1
LOCK-2024-05152,Correspondent,2024-04-01,761992,0
LOCK-2024-05153,Wholesale,2024-07-01,867266,1
LOCK-2024-05154,Wholesale,2024-03-01,931713,1
LOCK-2024-05155,Correspondent,2024-11-01,329585,1
LOCK-2024-05156,Direct,2024-09-01,563330,1
LOCK-2024-05157,Direct,2024-11-01,532053,0
LOCK-2024-05158,Direct,2024-11-01,311814,1
LOCK-2024-05159,Correspondent,2024-12-01,534777,1
LOCK-2024-05160,Correspondent,2024-08-01,972301,0
LOCK-2024-05161,Retail,2024-03-01,192302,1
LOCK-2024-05162,Retail,2024-12-01,614157,0
LOCK-2024-05163,Wholesale,2024-11-01,806577,1
LOCK-2024-05164,Correspondent,2024-04-01,1188532,1
LOCK-2024-05165,Correspondent,2024-07-01,886425,0
LOCK-2024-05166,Correspondent,2024-03-01,803820,1
LOCK-2024-05167,Direct,2024-10-01,417134,0
LOCK-2024-05168,Retail,2024-08-01,1009894,0
LOCK-2024-05169,Retail,2024-07-01,376683,0
LOCK-2024-05170,Retail,2024-12-01,1061400,1
LOCK-2024-05171,Retail,2024-01-01,1076784,1
LOCK-2024-05172,Correspondent,2024-05-01,737758,1
LOCK-2024-05173,Retail,2024-05-01,701584,0
LOCK-2024-05174,Wholesale,2024-12-01,556978,0
LOCK-2024-05175,Wholesale,2024-11-01,589098,1
LOCK-2024-05176,Wholesale,2024-05-01,1198770,1
LOCK-2024-05177,Correspondent,2024-09-01,1118286,1
LOCK-2024-05178,Correspondent,2024-08-01,1089176,0
LOCK-2024-05179,Correspondent,2024-07-01,222071,1
LOCK-2024-05180,Wholesale,2024-06-01,255354,1
LOCK-2024-05181,Correspondent,2024-10-01,663108,1
LOCK-2024-05182,Wholesale,2024-12-01,1001360,1
LOCK-2024-05183,Correspondent,2024-05-01,782238,0
LOCK-2024-05184,Direct,2024-04-01,474885,1
LOCK-2024-05185,Retail,2024-10-01,814685,1
LOCK-2024-05186,Correspondent,2024-12-01,1004835,1
LOCK-2024-05187,Correspondent,2024-12-01,774573,1
LOCK-2024-05188,Retail,2024-03-01,1188959,1
LOCK-2024-05189,Wholesale,2024-12-01,590847,1
LOCK-2024-05190,Retail,2024-01-01,1026138,0
LOCK-2024-05191,Wholesale,2024-06-01,306646,1
LOCK-2024-05192,Correspondent,2024-09-01,696603,1
LOCK-2024-05193,Wholesale,2024-09-01,1160580,1
LOCK-2024-05194,Retail,2024-02-01,928238,1
LOCK-2024-05195,Correspondent,2024-03-01,195303,0
LOCK-2024-05196,Wholesale,2024-02-01,1192984,1
LOCK-2024-05197,Retail,2024-06-01,732833,1
LOCK-2024-05198,Direct,2024-01-01,341249,0
LOCK-2024-05199,Retail,2024-05-01,813566,1
LOCK-2024-05200,Retail,2024-01-01,1188184,0
LOCK-2024-05201,Direct,2024-02-01,917436,1
LOCK-2024-05202,Direct,2024-02-01,397977,1
LOCK-2024-05203,Retail,2024-05-01,649913,1
LOCK-2024-05204,Retail,2024-09-01,866109,1
LOCK-2024-05205,Correspondent,2024-03-01,1028515,1
LOCK-2024-05206,Correspondent,2024-02-01,233466,1
LOCK-2024-05207,Correspondent,2024-01-01,654704,1
LOCK-2024-05208,Wholesale,2024-11-01,855110,1
LOCK-2024-05209,Wholesale,2024-03-01,682427,1
LOCK-2024-05210,Retail,2024-02-01,846079,0
LOCK-2024-05211,Wholesale,2024-01-01,1185155,1
LOCK-2024-05212,Correspondent,2024-10-01,767072,0
LOCK-2024-05213,Direct,2024-07-01,204395,1
LOCK-2024-05214,Wholesale,2024-04-01,376606,1
LOCK-2024-05215,Correspondent,2024-08-01,457337,1
LOCK-2024-05216,Retail,2024-09-01,437358,1
LOCK-2024-05217,Direct,2024-08-01,907646,1
LOCK-2024-05218,Direct,2024-05-01,395648,1
LOCK-2024-05219,Correspondent,2024-06-01,930251,0
LOCK-2024-05220,Direct,2024-08-01,1003600,0
LOCK-2024-05221,Correspondent,2024-01-01,1145785,0
LOCK-2024-05222,Retail,2024-02-01,1117826,1
LOCK-2024-05223,Correspondent,2024-07-01,772933,0
LOCK-2024-05224,Wholesale,2024-04-01,805763,1
LOCK-2024-05225,Retail,2024-07-01,601189,1
LOCK-2024-05226,Retail,2024-03-01,809090,0
LOCK-2024-05227,Direct,2024-04-01,1079941,1
LOCK-2024-05228,Retail,2024-09-01,780288,1
LOCK-2024-05229,Direct,2024-01-01,1100528,0
LOCK-2024-05230,Retail,2024-10-01,383205,1
LOCK-2024-05231,Wholesale,2024-08-01,369511,1
LOCK-2024-05232,Direct,2024-01-01,697665,1
LOCK-2024-05233,Correspondent,2024-07-01,1087317,1
LOCK-2024-05234,Direct,2024-06-01,541944,1
LOCK-2024-05235,Direct,2024-09-01,664880,1
LOCK-2024-05236,Wholesale,2024-08-01,564026,0
LOCK-2024-05237,Retail,2024-03-01,703522,1
LOCK-2024-05238,Correspondent,2024-08-01,539622,1
LOCK-2024-05239,Direct,2024-04-01,609960,0
LOCK-2024-05240,Correspondent,2024-06-01,1117578,1
LOCK-2024-05241,Direct,2024-11-01,165698,1
LOCK-2024-05242,Wholesale,2024-04-01,385557,1
LOCK-2024-05243,Retail,2024-06-01,519708,1
LOCK-2024-05244,Direct,2024-06-01,601920,1
LOCK-2024-05245,Correspondent,2024-11-01,1165729,1
LOCK-2024-05246,Retail,2024-05-01,633069,1
LOCK-2024-05247,Direct,2024-01-01,1179378,1
LOCK-2024-05248,Wholesale,2024-11-01,352699,1
LOCK-2024-05249,Retail,2024-06-01,1064064,1
LOCK-2024-05250,Direct,2024-05-01,1197125,1
LOCK-2024-05251,Direct,2024-08-01,818905,1
LOCK-2024-05252,Wholesale,2024-04-01,496759,1
LOCK-2024-05253,Retail,2024-08-01,1024244,1
LOCK-2024-05254,Retail,2024-03-01,254067,0
LOCK-2024-05255,Wholesale,2024-03-01,410827,1
LOCK-2024-05256,Retail,2024-01-01,607881,1
LOCK-2024-05257,Correspondent,2024-09-01,240197,0
LOCK-2024-05258,Correspondent,2024-12-01,1040352,1
LOCK-2024-05259,Direct,2024-07-01,736045,1
LOCK-2024-05260,Direct,2024-07-01,1180173,1
LOCK-2024-05261,Correspondent,2024-09-01,752724,0
LOCK-2024-05262,Direct,2024-01-01,1156918,1
LOCK-2024-05263,Wholesale,2024-09-01,544156,1
LOCK-2024-05264,Retail,2024-06-01,612648,0
LOCK-2024-05265,Correspondent,2024-02-01,915746,1
LOCK-2024-05266,Direct,2024-02-01,248151,1
LOCK-2024-05267,Retail,2024-08-01,378263,0
LOCK-2024-05268,Direct,2024-08-01,799051,1
LOCK-2024-05269,Wholesale,2024-04-01,712699,1
LOCK-2024-05270,Direct,2024-12-01,641247,1
LOCK-2024-05271,Wholesale,2024-03-01,879735,0
LOCK-2024-05272,Correspondent,2024-12-01,992408,0
LOCK-2024-05273,Correspondent,2024-12-01,1159065,0
LOCK-2024-05274,Retail,2024-08-01,722841,1
LOCK-2024-05275,Direct,2024-03-01,939844,1
LOCK-2024-05276,Retail,2024-02-01,671767,0
LOCK-2024-05277,Retail,2024-05-01,831423,0
LOCK-2024-05278,Correspondent,2024-09-01,519780,1
LOCK-2024-05279,Direct,2024-06-01,314929,1
LOCK-2024-05280,Direct,2024-07-01,204845,1
LOCK-2024-05281,Direct,2024-06-01,1098352,1
LOCK-2024-05282,Correspondent,2024-01-01,560236,1
LOCK-2024-05283,Wholesale,2024-11-01,959125,0
LOCK-2024-05284,Direct,2024-04-01,208756,1
LOCK-2024-05285,Correspondent,2024-05-01,917936,1
LOCK-2024-05286,Retail,2024-10-01,610905,1
LOCK-2024-05287,Wholesale,2024-05-01,687298,1
LOCK-2024-05288,Wholesale,2024-07-01,1057166,0
LOCK-2024-05289,Wholesale,2024-04-01,349448,0
LOCK-2024-05290,Retail,2024-09-01,1014497,1
LOCK-2024-05291,Direct,2024-05-01,801291,0
LOCK-2024-05292,Direct,2024-08-01,164134,0
LOCK-2024-05293,Retail,2024-06-01,854330,0
LOCK-2024-05294,Wholesale,2024-04-01,613955,0
LOCK-2024-05295,Retail,2024-05-01,796386,1
LOCK-2024-05296,Wholesale,2024-07-01,367437,0
LOCK-2024-05297,Wholesale,2024-01-01,979578,1
LOCK-2024-05298,Wholesale,2024-12-01,1035150,1
LOCK-2024-05299,Retail,2024-07-01,518107,1
LOCK-2024-05300,Correspondent,2024-07-01,217363,0
LOCK-2024-05301,Direct,2024-02-01,987235,1
LOCK-2024-05302,Retail,2024-06-01,1152706,0
LOCK-2024-05303,Direct,2024-07-01,513655,1
LOCK-2024-05304,Direct,2024-09-01,972996,1
LOCK-2024-05305,Correspondent,2024-08-01,267173,1
LOCK-2024-05306,Wholesale,2024-11-01,996771,1
LOCK-2024-05307,Wholesale,2024-11-01,635730,1
LOCK-2024-05308,Wholesale,2024-01-01,1084551,1
LOCK-2024-05309,Retail,2024-09-01,678039,1
LOCK-2024-05310,Direct,2024-01-01,609203,1
LOCK-2024-05311,Wholesale,2024-04-01,1071833,1
LOCK-2024-05312,Retail,2024-10-01,711293,1
LOCK-2024-05313,Direct,2024-02-01,464754,1
LOCK-2024-05314,Correspondent,2024-09-01,1192596,1
LOCK-2024-05315,Wholesale,2024-09-01,1128860,1
LOCK-2024-05316,Wholesale,2024-10-01,1001655,1
LOCK-2024-05317,Wholesale,2024-09-01,415194,0
LOCK-2024-05318,Direct,2024-03-01,337981,1
LOCK-2024-05319,Retail,2024-07-01,454412,0
LOCK-2024-05320,Direct,2024-12-01,503210,1
LOCK-2024-05321,Direct,2024-05-01,634761,0
LOCK-2024-05322,Correspondent,2024-06-01,1135239,0
LOCK-2024-05323,Correspondent,2024-11-01,1102591,1
LOCK-2024-05324,Correspondent,2024-11-01,676878,1
LOCK-2024-05325,Direct,2024-01-01,464619,0
LOCK-2024-05326,Retail,2024-01-01,329403,1
LOCK-2024-05327,Wholesale,2024-09-01,185171,0
LOCK-2024-05328,Retail,2024-12-01,1027447,0
LOCK-2024-05329,Wholesale,2024-12-01,1135010,1
LOCK-2024-05330,Correspondent,2024-09-01,762879,1
LOCK-2024-05331,Direct,2024-12-01,544916,0
LOCK-2024-05332,Wholesale,2024-01-01,312190,1
LOCK-2024-05333,Retail,2024-03-01,1198722,0
LOCK-2024-05334,Correspondent,2024-01-01,993941,1
LOCK-2024-05335,Retail,2024-07-01,218721,1
LOCK-2024-05336,Direct,2024-09-01,714375,1
LOCK-2024-05337,Direct,2024-08-01,1051837,1
LOCK-2024-05338,Correspondent,2024-02-01,914684,1
LOCK-2024-05339,Direct,2024-11-01,336182,1
LOCK-2024-05340,Wholesale,2024-12-01,961552,0
LOCK-2024-05341,Correspondent,2024-06-01,884516,1
LOCK-2024-05342,Wholesale,2024-06-01,717016,1
LOCK-2024-05343,Direct,2024-04-01,222474,0
LOCK-2024-05344,Retail,2024-06-01,713683,0
LOCK-2024-05345,Direct,2024-04-01,483126,1
LOCK-2024-05346,Wholesale,2024-05-01,899527,1
LOCK-2024-05347,Direct,2024-11-01,861552,0
LOCK-2024-05348,Retail,2024-11-01,312345,0
LOCK-2024-05349,Direct,2024-07-01,1156024,1
LOCK-2024-05350,Direct,2024-08-01,682071,1
LOCK-2024-05351,Retail,2024-10-01,1198876,1
LOCK-2024-05352,Direct,2024-02-01,637154,1
LOCK-2024-05353,Correspondent,2024-03-01,292132,0
LOCK-2024-05354,Wholesale,2024-03-01,787164,1
LOCK-2024-05355,Wholesale,2024-12-01,735867,1
LOCK-2024-05356,Retail,2024-09-01,912611,1
LOCK-2024-05357,Direct,2024-05-01,713306,0
LOCK-2024-05358,Direct,2024-11-01,173835,1
LOCK-2024-05359,Retail,2024-05-01,416873,1
LOCK-2024-05360,Correspondent,2024-11-01,842965,1
LOCK-2024-05361,Correspondent,2024-04-01,977040,1
LOCK-2024-05362,Correspondent,2024-01-01,1016764,0
LOCK-2024-05363,Correspondent,2024-11-01,556132,1
LOCK-2024-05364,Retail,2024-12-01,725795,1
LOCK-2024-05365,Retail,2024-01-01,457268,1
LOCK-2024-05366,Correspondent,2024-11-01,175829,1
LOCK-2024-05367,Direct,2024-08-01,911790,1
LOCK-2024-05368,Correspondent,2024-02-01,792978,1
LOCK-2024-05369,Direct,2024-03-01,417849,1
LOCK-2024-05370,Wholesale,2024-11-01,679976,0
LOCK-2024-05371,Correspondent,2024-11-01,1020254,1
LOCK-2024-05372,Correspondent,2024-10-01,421528,1
LOCK-2024-05373,Wholesale,2024-11-01,974718,1
LOCK-2024-05374,Retail,2024-03-01,250403,1
LOCK-2024-05375,Correspondent,2024-12-01,983965,1
LOCK-2024-05376,Correspondent,2024-11-01,797189,1
LOCK-2024-05377,Wholesale,2024-05-01,514487,1
LOCK-2024-05378,Wholesale,2024-10-01,696538,1
LOCK-2024-05379,Correspondent,2024-09-01,1074302,1
LOCK-2024-05380,Correspondent,2024-10-01,857563,0
LOCK-2024-05381,Direct,2024-11-01,787919,0
LOCK-2024-05382,Wholesale,2024-09-01,982003,1
LOCK-2024-05383,Retail,2024-10-01,203669,0
LOCK-2024-05384,Direct,2024-10-01,587331,0
LOCK-2024-05385,Wholesale,2024-09-01,781926,1
LOCK-2024-05386,Wholesale,2024-05-01,211647,1
LOCK-2024-05387,Direct,2024-10-01,257296,1
LOCK-2024-05388,Retail,2024-09-01,900703,1
LOCK-2024-05389,Wholesale,2024-02-01,1185823,1
LOCK-2024-05390,Retail,2024-07-01,1180722,1
LOCK-2024-05391,Direct,2024-06-01,1093889,0
LOCK-2024-05392,Retail,2024-09-01,273654,1
LOCK-2024-05393,Retail,2024-11-01,272184,1
LOCK-2024-05394,Correspondent,2024-07-01,1124323,1
LOCK-2024-05395,Wholesale,2024-04-01,283827,1
LOCK-2024-05396,Direct,2024-08-01,668700,1
LOCK-2024-05397,Retail,2024-02-01,251361,0
LOCK-2024-05398,Correspondent,2024-02-01,301567,1
LOCK-2024-05399,Correspondent,2024-10-01,427742,1
LOCK-2024-05400,Direct,2024-03-01,1128843,1
LOCK-2024-05401,Retail,2024-11-01,1184711,0
LOCK-2024-05402,Wholesale,2024-10-01,844085,1
LOCK-2024-05403,Direct,2024-06-01,319595,1
LOCK-2024-05404,Correspondent,2024-06-01,488707,0
LOCK-2024-05405,Correspondent,2024-07-01,433896,1
LOCK-2024-05406,Wholesale,2024-01-01,1189330,1
LOCK-2024-05407,Correspondent,2024-03-01,603940,1
LOCK-2024-05408,Retail,2024-06-01,1049601,1
LOCK-2024-05409,Wholesale,2024-08-01,1147950,1
LOCK-2024-05410,Wholesale,2024-08-01,678751,1
LOCK-2024-05411,Direct,2024-08-01,524491,1
LOCK-2024-05412,Correspondent,2024-06-01,1002483,0
LOCK-2024-05413,Direct,2024-01-01,1065874,1
LOCK-2024-05414,Direct,2024-01-01,170618,0
LOCK-2024-05415,Wholesale,2024-06-01,548868,0
LOCK-2024-05416,Direct,2024-08-01,1031694,1
LOCK-2024-05417,Direct,2024-02-01,888161,1
LOCK-2024-05418,Wholesale,2024-07-01,314318,1
LOCK-2024-05419,Correspondent,2024-11-01,424883,1
LOCK-2024-05420,Retail,2024-07-01,523516,1
LOCK-2024-05421,Wholesale,2024-11-01,489233,0
LOCK-2024-05422,Wholesale,2024-12-01,325216,1
LOCK-2024-05423,Correspondent,2024-08-01,497480,1
LOCK-2024-05424,Direct,2024-05-01,933318,1
LOCK-2024-05425,Retail,2024-10-01,240605,1
LOCK-2024-05426,Wholesale,2024-06-01,1158058,1
LOCK-2024-05427,Wholesale,2024-01-01,431323,1
LOCK-2024-05428,Wholesale,2024-02-01,888264,0
LOCK-2024-05429,Retail,2024-08-01,583474,1
LOCK-2024-05430,Correspondent,2024-10-01,1054390,1
LOCK-2024-05431,Direct,2024-12-01,1122885,1
LOCK-2024-05432,Correspondent,2024-07-01,818475,0
LOCK-2024-05433,Wholesale,2024-09-01,519642,1
LOCK-2024-05434,Wholesale,2024-12-01,272659,0
LOCK-2024-05435,Direct,2024-11-01,704393,1
LOCK-2024-05436,Wholesale,2024-04-01,677907,1
LOCK-2024-05437,Retail,2024-05-01,1128924,0
LOCK-2024-05438,Wholesale,2024-04-01,178360,1
LOCK-2024-05439,Correspondent,2024-11-01,1064520,0
LOCK-2024-05440,Correspondent,2024-09-01,870523,1
LOCK-2024-05441,Retail,2024-08-01,953191,1
LOCK-2024-05442,Wholesale,2024-04-01,1007964,0
LOCK-2024-05443,Retail,2024-04-01,885449,0
LOCK-2024-05444,Wholesale,2024-07-01,487213,1
LOCK-2024-05445,Direct,2024-08-01,852127,0
LOCK-2024-05446,Retail,2024-09-01,174750,0
LOCK-2024-05447,Direct,2024-07-01,1094895,1
LOCK-2024-05448,Retail,2024-10-01,910407,1
LOCK-2024-05449,Direct,2024-03-01,828561,1
LOCK-2024-05450,Retail,2024-10-01,663526,0
LOCK-2024-05451,Wholesale,2024-05-01,610535,0
LOCK-2024-05452,Direct,2024-09-01,1007577,0
LOCK-2024-05453,Direct,2024-01-01,1164034,0
LOCK-2024-05454,Direct,2024-05-01,1151338,1
LOCK-2024-05455,Direct,2024-06-01,374285,1
LOCK-2024-05456,Direct,2024-08-01,464571,0
LOCK-2024-05457,Direct,2024-10-01,926893,1
LOCK-2024-05458,Retail,2024-09-01,540575,1
LOCK-2024-05459,Direct,2024-04-01,1095379,1
LOCK-2024-05460,Retail,2024-01-01,322716,1
LOCK-2024-05461,Correspondent,2024-06-01,1170772,1
LOCK-2024-05462,Wholesale,2024-08-01,289905,0
LOCK-2024-05463,Correspondent,2024-10-01,901344,0
LOCK-2024-05464,Direct,2024-07-01,943503,1
LOCK-2024-05465,Wholesale,2024-10-01,1184277,0
LOCK-2024-05466,Wholesale,2024-01-01,360653,1
LOCK-2024-05467,Retail,2024-10-01,1103952,1
LOCK-2024-05468,Retail,2024-01-01,355011,1
LOCK-2024-05469,Correspondent,2024-01-01,646224,1
LOCK-2024-05470,Retail,2024-09-01,1054721,1
LOCK-2024-05471,Retail,2024-10-01,981933,1
LOCK-2024-05472,Correspondent,2024-05-01,1048451,1
LOCK-2024-05473,Wholesale,2024-06-01,1167006,0
LOCK-2024-05474,Wholesale,2024-11-01,1165185,1
LOCK-2024-05475,Direct,2024-06-01,256248,0
LOCK-2024-05476,Retail,2024-09-01,823732,1
LOCK-2024-05477,Wholesale,2024-01-01,713745,1
LOCK-2024-05478,Retail,2024-09-01,603208,1
LOCK-2024-05479,Retail,2024-09-01,340930,1
LOCK-2024-05480,Correspondent,2024-10-01,226893,1
LOCK-2024-05481,Direct,2024-10-01,213486,1
LOCK-2024-05482,Retail,2024-07-01,772404,0
LOCK-2024-05483,Direct,2024-03-01,766062,1
LOCK-2024-05484,Wholesale,2024-05-01,283901,1
LOCK-2024-05485,Wholesale,2024-04-01,289302,1
LOCK-2024-05486,Wholesale,2024-03-01,1035832,1
LOCK-2024-05487,Direct,2024-11-01,388731,0
LOCK-2024-05488,Wholesale,2024-04-01,868354,1
LOCK-2024-05489,Wholesale,2024-06-01,1116519,1
LOCK-2024-05490,Direct,2024-04-01,535194,1
LOCK-2024-05491,Direct,2024-05-01,317918,0
LOCK-2024-05492,Retail,2024-04-01,322982,1
LOCK-2024-05493,Retail,2024-01-01,519569,1
LOCK-2024-05494,Direct,2024-10-01,683269,0
LOCK-2024-05495,Direct,2024-03-01,156496,1
LOCK-2024-05496,Correspondent,2024-04-01,814721,1
LOCK-2024-05497,Direct,2024-07-01,614463,1
LOCK-2024-05498,Retail,2024-07-01,777620,1
LOCK-2024-05499,Correspondent,2024-06-01,1044644,1
LOCK-2024-05500,Retail,2024-08-01,475190,1
LOCK-2024-05501,Wholesale,2024-04-01,1189451,1
LOCK-2024-05502,Retail,2024-10-01,197677,0
LOCK-2024-05503,Wholesale,2024-04-01,981278,0
LOCK-2024-05504,Retail,2024-11-01,877684,1
LOCK-2024-05505,Retail,2024-06-01,811748,1
LOCK-2024-05506,Retail,2024-02-01,568129,0
LOCK-2024-05507,Retail,2024-05-01,406415,1
LOCK-2024-05508,Direct,2024-12-01,1088172,1
LOCK-2024-05509,Retail,2024-10-01,796567,0
LOCK-2024-05510,Wholesale,2024-03-01,578711,1
LOCK-2024-05511,Retail,2024-01-01,743196,0
LOCK-2024-05512,Wholesale,2024-11-01,637490,1
LOCK-2024-05513,Direct,2024-03-01,991939,1
LOCK-2024-05514,Wholesale,2024-05-01,655220,1
LOCK-2024-05515,Retail,2024-01-01,1033012,0
LOCK-2024-05516,Retail,2024-08-01,849663,1
LOCK-2024-05517,Wholesale,2024-12-01,845473,1
LOCK-2024-05518,Retail,2024-04-01,476360,1
LOCK-2024-05519,Direct,2024-12-01,155305,0
LOCK-2024-05520,Retail,2024-01-01,586198,1
LOCK-2024-05521,Direct,2024-04-01,834831,1
LOCK-2024-05522,Retail,2024-02-01,812814,1
LOCK-2024-05523,Wholesale,2024-05-01,484311,1
LOCK-2024-05524,Correspondent,2024-11-01,817240,1
LOCK-2024-05525,Wholesale,2024-09-01,336012,1
LOCK-2024-05526,Correspondent,2024-01-01,1058875,0
LOCK-2024-05527,Retail,2024-12-01,983089,1
LOCK-2024-05528,Direct,2024-06-01,261972,0
LOCK-2024-05529,Correspondent,2024-07-01,710699,1
LOCK-2024-05530,Retail,2024-01-01,356838,0
LOCK-2024-05531,Correspondent,2024-07-01,666282,1
LOCK-2024-05532,Retail,2024-09-01,594029,0
LOCK-2024-05533,Correspondent,2024-03-01,207599,1
LOCK-2024-05534,Correspondent,2024-01-01,932920,1
LOCK-2024-05535,Direct,2024-03-01,173607,0
LOCK-2024-05536,Correspondent,2024-08-01,1165179,0
LOCK-2024-05537,Direct,2024-05-01,768378,0
LOCK-2024-05538,Wholesale,2024-06-01,842246,1
LOCK-2024-05539,Direct,2024-07-01,868294,1
LOCK-2024-05540,Correspondent,2024-06-01,687420,1
LOCK-2024-05541,Retail,2024-10-01,266018,0
LOCK-2024-05542,Direct,2024-03-01,323709,1
LOCK-2024-05543,Retail,2024-07-01,335401,1
LOCK-2024-05544,Retail,2024-05-01,205765,1
LOCK-2024-05545,Retail,2024-05-01,587126,1
LOCK-2024-05546,Direct,2024-06-01,633027,0
LOCK-2024-05547,Direct,2024-12-01,940377,0
LOCK-2024-05548,Correspondent,2024-11-01,801814,0
LOCK-2024-05549,Wholesale,2024-11-01,278579,0
LOCK-2024-05550,Retail,2024-03-01,384212,0
LOCK-2024-05551,Direct,2024-10-01,937923,0
LOCK-2024-05552,Correspondent,2024-10-01,1064362,1
LOCK-2024-05553,Wholesale,2024-01-01,1104027,1
LOCK-2024-05554,Wholesale,2024-10-01,810368,1
LOCK-2024-05555,Correspondent,2024-03-01,578489,1
LOCK-2024-05556,Correspondent,2024-02-01,363385,1
LOCK-2024-05557,Direct,2024-02-01,541529,0
LOCK-2024-05558,Retail,2024-02-01,856312,1
LOCK-2024-05559,Wholesale,2024-10-01,792872,0
LOCK-2024-05560,Retail,2024-09-01,360797,1
LOCK-2024-05561,Retail,2024-03-01,836472,1
LOCK-2024-05562,Retail,2024-11-01,223459,1
LOCK-2024-05563,Wholesale,2024-07-01,830011,0
LOCK-2024-05564,Retail,2024-06-01,272811,0
LOCK-2024-05565,Retail,2024-03-01,989982,1
LOCK-2024-05566,Correspondent,2024-01-01,836995,0
LOCK-2024-05567,Wholesale,2024-04-01,393270,1
LOCK-2024-05568,Retail,2024-10-01,695891,1
LOCK-2024-05569,Direct,2024-10-01,1086180,1
LOCK-2024-05570,Retail,2024-01-01,1156047,1
LOCK-2024-05571,Wholesale,2024-01-01,682792,1
LOCK-2024-05572,Retail,2024-08-01,231173,0
LOCK-2024-05573,Retail,2024-02-01,155236,1
LOCK-2024-05574,Correspondent,2024-01-01,326941,1
LOCK-2024-05575,Correspondent,2024-10-01,420663,1
LOCK-2024-05576,Direct,2024-10-01,734972,0
LOCK-2024-05577,Correspondent,2024-11-01,367896,1
LOCK-2024-05578,Correspondent,2024-02-01,793876,1
LOCK-2024-05579,Retail,2024-09-01,288601,1
LOCK-2024-05580,Direct,2024-01-01,821554,1
LOCK-2024-05581,Wholesale,2024-09-01,485267,0
LOCK-2024-05582,Retail,2024-03-01,488577,1
LOCK-2024-05583,Direct,2024-09-01,575609,1
LOCK-2024-05584,Retail,2024-01-01,657261,1
LOCK-2024-05585,Correspondent,2024-02-01,558562,1
LOCK-2024-05586,Direct,2024-08-01,244266,0
LOCK-2024-05587,Retail,2024-10-01,993274,1
LOCK-2024-05588,Wholesale,2024-01-01,852331,1
LOCK-2024-05589,Retail,2024-11-01,828553,1
LOCK-2024-05590,Correspondent,2024-12-01,563362,1
LOCK-2024-05591,Correspondent,2024-02-01,208744,1
LOCK-2024-05592,Retail,2024-06-01,602661,1
LOCK-2024-05593,Correspondent,2024-04-01,257670,0
LOCK-2024-05594,Wholesale,2024-05-01,331661,1
LOCK-2024-05595,Direct,2024-02-01,1195553,1
LOCK-2024-05596,Wholesale,2024-04-01,338616,1
LOCK-2024-05597,Retail,2024-09-01,151446,1
LOCK-2024-05598,Correspondent,2024-02-01,188430,1
LOCK-2024-05599,Wholesale,2024-09-01,466677,1
LOCK-2024-05600,Correspondent,2024-02-01,1193762,1
LOCK-2024-05601,Retail,2024-01-01,1173396,0
LOCK-2024-05602,Wholesale,2024-06-01,990179,1
LOCK-2024-05603,Wholesale,2024-02-01,612500,0
LOCK-2024-05604,Retail,2024-12-01,514919,1
LOCK-2024-05605,Wholesale,2024-02-01,822443,0
LOCK-2024-05606,Wholesale,2024-06-01,487875,1
LOCK-2024-05607,Correspondent,2024-03-01,999349,1
LOCK-2024-05608,Correspondent,2024-07-01,786187,1
LOCK-2024-05609,Correspondent,2024-06-01,896322,1
LOCK-2024-05610,Direct,2024-05-01,583489,1
LOCK-2024-05611,Wholesale,2024-11-01,631347,0
LOCK-2024-05612,Retail,2024-02-01,1034689,1
LOCK-2024-05613,Retail,2024-09-01,332380,1
LOCK-2024-05614,Direct,2024-11-01,873653,0
LOCK-2024-05615,Retail,2024-04-01,318774,1
LOCK-2024-05616,Direct,2024-04-01,755722,1
LOCK-2024-05617,Correspondent,2024-04-01,738918,1
LOCK-2024-05618,Retail,2024-07-01,775123,0
LOCK-2024-05619,Wholesale,2024-09-01,404880,1
LOCK-2024-05620,Wholesale,2024-08-01,481895,0
LOCK-2024-05621,Wholesale,2024-06-01,813243,0
LOCK-2024-05622,Direct,2024-11-01,798850,1
LOCK-2024-05623,Retail,2024-02-01,1124544,1
LOCK-2024-05624,Retail,2024-07-01,1079020,1
LOCK-2024-05625,Wholesale,2024-09-01,893813,0
LOCK-2024-05626,Wholesale,2024-11-01,991511,1
LOCK-2024-05627,Wholesale,2024-01-01,519640,1
LOCK-2024-05628,Retail,2024-06-01,974133,1
LOCK-2024-05629,Retail,2024-07-01,920981,1
LOCK-2024-05630,Correspondent,2024-02-01,1049878,0
LOCK-2024-05631,Correspondent,2024-06-01,338715,1
LOCK-2024-05632,Direct,2024-02-01,555002,1
LOCK-2024-05633,Retail,2024-10-01,354295,0
LOCK-2024-05634,Correspondent,2024-05-01,279788,0
LOCK-2024-05635,Retail,2024-08-01,915183,0
LOCK-2024-05636,Retail,2024-02-01,513589,0
LOCK-2024-05637,Correspondent,2024-07-01,238138,1
LOCK-2024-05638,Retail,2024-04-01,834999,1
LOCK-2024-05639,Wholesale,2024-11-01,691556,0
LOCK-2024-05640,Retail,2024-10-01,897683,0
LOCK-2024-05641,Correspondent,2024-10-01,738931,1
LOCK-2024-05642,Wholesale,2024-10-01,866326,1
LOCK-2024-05643,Direct,2024-10-01,638064,1
LOCK-2024-05644,Retail,2024-03-01,1074332,1
LOCK-2024-05645,Direct,2024-03-01,787407,1
LOCK-2024-05646,Wholesale,2024-11-01,597961,0
LOCK-2024-05647,Direct,2024-04-01,1080618,0
LOCK-2024-05648,Retail,2024-04-01,975020,1
LOCK-2024-05649,Direct,2024-05-01,638241,1
LOCK-2024-05650,Correspondent,2024-07-01,726516,1
LOCK-2024-05651,Wholesale,2024-08-01,272490,1
LOCK-2024-05652,Wholesale,2024-09-01,1175526,1
LOCK-2024-05653,Direct,2024-12-01,960177,0
LOCK-2024-05654,Wholesale,2024-02-01,647760,1
LOCK-2024-05655,Direct,2024-05-01,715188,0
LOCK-2024-05656,Wholesale,2024-02-01,1175834,0
LOCK-2024-05657,Correspondent,2024-04-01,169892,1
LOCK-2024-05658,Direct,2024-08-01,1141359,1
LOCK-2024-05659,Retail,2024-07-01,225416,1
LOCK-2024-05660,Retail,2024-08-01,286478,1
LOCK-2024-05661,Wholesale,2024-04-01,493039,0
LOCK-2024-05662,Correspondent,2024-01-01,1156036,0
LOCK-2024-05663,Correspondent,2024-08-01,204951,1
LOCK-2024-05664,Wholesale,2024-07-01,919418,1
LOCK-2024-05665,Retail,2024-06-01,264557,1
LOCK-2024-05666,Retail,2024-12-01,457971,1
LOCK-2024-05667,Correspondent,2024-01-01,628264,1
LOCK-2024-05668,Wholesale,2024-09-01,999255,1
LOCK-2024-05669,Wholesale,2024-02-01,262146,0
LOCK-2024-05670,Retail,2024-02-01,556137,1
LOCK-2024-05671,Direct,2024-09-01,694589,1
LOCK-2024-05672,Correspondent,2024-12-01,810411,0
LOCK-2024-05673,Correspondent,2024-07-01,1040819,1
LOCK-2024-05674,Retail,2024-01-01,491565,1
LOCK-2024-05675,Correspondent,2024-10-01,534705,1
LOCK-2024-05676,Wholesale,2024-10-01,310894,0
LOCK-2024-05677,Correspondent,2024-04-01,653067,1
LOCK-2024-05678,Direct,2024-09-01,1171787,0
LOCK-2024-05679,Direct,2024-08-01,689724,1
LOCK-2024-05680,Retail,2024-04-01,513463,0
LOCK-2024-05681,Correspondent,2024-11-01,773414,0
LOCK-2024-05682,Wholesale,2024-01-01,1021441,1
LOCK-2024-05683,Retail,2024-04-01,497242,1
LOCK-2024-05684,Correspondent,2024-08-01,539238,0
LOCK-2024-05685,Direct,2024-01-01,859677,0
LOCK-2024-05686,Retail,2024-12-01,782742,1
LOCK-2024-05687,Retail,2024-02-01,1109242,1
LOCK-2024-05688,Direct,2024-05-01,937522,1
LOCK-2024-05689,Retail,2024-03-01,1078582,0
LOCK-2024-05690,Wholesale,2024-01-01,234824,1
LOCK-2024-05691,Direct,2024-09-01,342936,0
LOCK-2024-05692,Direct,2024-02-01,1078813,0
LOCK-2024-05693,Correspondent,2024-10-01,981249,1
LOCK-2024-05694,Correspondent,2024-08-01,691555,1
LOCK-2024-05695,Retail,2024-06-01,915555,1
LOCK-2024-05696,Retail,2024-01-01,1133137,1
LOCK-2024-05697,Wholesale,2024-12-01,837917,1
LOCK-2024-05698,Direct,2024-03-01,321741,1
LOCK-2024-05699,Correspondent,2024-02-01,345150,1
LOCK-2024-05700,Direct,2024-12-01,532954,0
LOCK-2024-05701,Retail,2024-08-01,753496,0
LOCK-2024-05702,Wholesale,2024-09-01,311647,1
LOCK-2024-05703,Wholesale,2024-09-01,739640,1
LOCK-2024-05704,Retail,2024-06-01,536979,0
LOCK-2024-05705,Retail,2024-12-01,639925,1
LOCK-2024-05706,Wholesale,2024-07-01,471262,0
LOCK-2024-05707,Wholesale,2024-12-01,938920,1
LOCK-2024-05708,Wholesale,2024-10-01,801349,0
LOCK-2024-05709,Retail,2024-11-01,397937,1
LOCK-2024-05710,Correspondent,2024-07-01,269683,1
LOCK-2024-05711,Direct,2024-07-01,973043,0
LOCK-2024-05712,Correspondent,2024-11-01,1006419,1
LOCK-2024-05713,Direct,2024-10-01,827335,1
LOCK-2024-05714,Retail,2024-05-01,555497,1
LOCK-2024-05715,Wholesale,2024-01-01,1108915,1
LOCK-2024-05716,Wholesale,2024-04-01,1152222,1
LOCK-2024-05717,Retail,2024-04-01,437226,0
LOCK-2024-05718,Retail,2024-11-01,715629,1
LOCK-2024-05719,Retail,2024-05-01,693612,0
LOCK-2024-05720,Correspondent,2024-06-01,693619,0
LOCK-2024-05721,Retail,2024-04-01,542916,0
LOCK-2024-05722,Retail,2024-01-01,529102,1
LOCK-2024-05723,Correspondent,2024-05-01,302593,1
LOCK-2024-05724,Direct,2024-07-01,638486,0
LOCK-2024-05725,Direct,2024-12-01,721554,0
LOCK-2024-05726,Direct,2024-05-01,488532,1
LOCK-2024-05727,Retail,2024-04-01,185064,0
LOCK-2024-05728,Wholesale,2024-12-01,1056078,0
LOCK-2024-05729,Direct,2024-02-01,320492,0
LOCK-2024-05730,Retail,2024-02-01,258607,1
LOCK-2024-05731,Correspondent,2024-10-01,310472,1
LOCK-2024-05732,Retail,2024-03-01,397496,1
LOCK-2024-05733,Wholesale,2024-02-01,904085,1
LOCK-2024-05734,Wholesale,2024-10-01,552503,1
LOCK-2024-05735,Direct,2024-09-01,741203,1
LOCK-2024-05736,Retail,2024-03-01,593086,1
LOCK-2024-05737,Retail,2024-01-01,1135228,1
LOCK-2024-05738,Wholesale,2024-10-01,304038,0
LOCK-2024-05739,Wholesale,2024-02-01,790842,0
LOCK-2024-05740,Correspondent,2024-05-01,757341,1
LOCK-2024-05741,Retail,2024-11-01,882174,1
LOCK-2024-05742,Wholesale,2024-08-01,1141077,1
LOCK-2024-05743,Correspondent,2024-12-01,912880,1
LOCK-2024-05744,Retail,2024-08-01,886526,1
LOCK-2024-05745,Correspondent,2024-10-01,376432,0
LOCK-2024-05746,Wholesale,2024-05-01,1199840,1
LOCK-2024-05747,Retail,2024-01-01,261546,1
LOCK-2024-05748,Correspondent,2024-06-01,649536,1
LOCK-2024-05749,Direct,2024-02-01,537814,1
LOCK-2024-05750,Correspondent,2024-08-01,657640,1
LOCK-2024-05751,Wholesale,2024-09-01,384207,0
LOCK-2024-05752,Retail,2024-03-01,383831,1
LOCK-2024-05753,Direct,2024-12-01,951916,0
LOCK-2024-05754,Wholesale,2024-11-01,692046,1
LOCK-2024-05755,Retail,2024-10-01,230315,1
LOCK-2024-05756,Direct,2024-11-01,1073899,1
LOCK-2024-05757,Correspondent,2024-01-01,942806,1
LOCK-2024-05758,Direct,2024-07-01,1036102,1
LOCK-2024-05759,Retail,2024-05-01,166028,1
LOCK-2024-05760,Correspondent,2024-10-01,272548,1
LOCK-2024-05761,Retail,2024-12-01,441340,1
LOCK-2024-05762,Correspondent,2024-09-01,1164314,1
LOCK-2024-05763,Wholesale,2024-04-01,392371,1
LOCK-2024-05764,Retail,2024-02-01,346819,0
LOCK-2024-05765,Retail,2024-04-01,1048985,1
LOCK-2024-05766,Correspondent,2024-12-01,606361,1
LOCK-2024-05767,Retail,2024-08-01,254878,0
LOCK-2024-05768,Wholesale,2024-09-01,993655,0
LOCK-2024-05769,Wholesale,2024-05-01,753293,0
LOCK-2024-05770,Correspondent,2024-08-01,595870,1
LOCK-2024-05771,Direct,2024-02-01,590008,1
LOCK-2024-05772,Correspondent,2024-04-01,258264,1
LOCK-2024-05773,Wholesale,2024-11-01,1130061,0
LOCK-2024-05774,Wholesale,2024-04-01,926494,1
LOCK-2024-05775,Correspondent,2024-03-01,611634,0
LOCK-2024-05776,Direct,2024-01-01,1163889,1
LOCK-2024-05777,Direct,2024-07-01,1062148,1
LOCK-2024-05778,Correspondent,2024-11-01,876926,0
LOCK-2024-05779,Direct,2024-06-01,396398,1
LOCK-2024-05780,Direct,2024-08-01,343455,0
LOCK-2024-05781,Retail,2024-12-01,518819,1
LOCK-2024-05782,Correspondent,2024-03-01,267476,1
LOCK-2024-05783,Direct,2024-09-01,326694,1
LOCK-2024-05784,Retail,2024-04-01,635515,0
LOCK-2024-05785,Direct,2024-11-01,902475,0
LOCK-2024-05786,Direct,2024-05-01,476278,1
LOCK-2024-05787,Direct,2024-01-01,239651,0
LOCK-2024-05788,Direct,2024-01-01,803013,1
LOCK-2024-05789,Correspondent,2024-03-01,533598,1
LOCK-2024-05790,Wholesale,2024-03-01,616898,0
LOCK-2024-05791,Retail,2024-01-01,259585,0
LOCK-2024-05792,Correspondent,2024-07-01,726502,1
LOCK-2024-05793,Retail,2024-05-01,1025634,1
LOCK-2024-05794,Correspondent,2024-09-01,806133,1
LOCK-2024-05795,Correspondent,2024-11-01,519235,1
LOCK-2024-05796,Wholesale,2024-06-01,1063601,1
LOCK-2024-05797,Retail,2024-05-01,160913,0
LOCK-2024-05798,Wholesale,2024-01-01,897655,1
LOCK-2024-05799,Wholesale,2024-09-01,170224,1
LOCK-2024-05800,Wholesale,2024-07-01,598982,0
LOCK-2024-05801,Direct,2024-01-01,338007,0
LOCK-2024-05802,Retail,2024-10-01,414737,0
LOCK-2024-05803,Correspondent,2024-03-01,502859,0
LOCK-2024-05804,Correspondent,2024-11-01,334812,1
LOCK-2024-05805,Retail,2024-09-01,826940,1
LOCK-2024-05806,Correspondent,2024-01-01,994710,0
LOCK-2024-05807,Direct,2024-01-01,1044255,1
LOCK-2024-05808,Wholesale,2024-04-01,325660,1
LOCK-2024-05809,Retail,2024-10-01,634585,1
LOCK-2024-05810,Retail,2024-12-01,765092,1
LOCK-2024-05811,Direct,2024-04-01,269764,0
LOCK-2024-05812,Retail,2024-06-01,1146314,1
LOCK-2024-05813,Wholesale,2024-08-01,286123,1
LOCK-2024-05814,Correspondent,2024-02-01,1029297,0
LOCK-2024-05815,Retail,2024-01-01,840298,0
LOCK-2024-05816,Retail,2024-11-01,845371,0
LOCK-2024-05817,Direct,2024-08-01,881649,0
LOCK-2024-05818,Retail,2024-07-01,1125496,1
LOCK-2024-05819,Wholesale,2024-03-01,776917,1
LOCK-2024-05820,Retail,2024-02-01,1084719,1
LOCK-2024-05821,Retail,2024-09-01,936248,1
LOCK-2024-05822,Correspondent,2024-11-01,276675,1
LOCK-2024-05823,Wholesale,2024-09-01,174986,1
LOCK-2024-05824,Wholesale,2024-08-01,1137680,1
LOCK-2024-05825,Correspondent,2024-04-01,404539,0
LOCK-2024-05826,Wholesale,2024-02-01,702190,1
LOCK-2024-05827,Direct,2024-08-01,608401,1
LOCK-2024-05828,Retail,2024-04-01,1147518,0
LOCK-2024-05829,Correspondent,2024-09-01,470191,1
LOCK-2024-05830,Correspondent,2024-10-01,363495,1
LOCK-2024-05831,Direct,2024-12-01,799757,1
LOCK-2024-05832,Wholesale,2024-09-01,490168,1
LOCK-2024-05833,Wholesale,2024-12-01,857247,1
LOCK-2024-05834,Wholesale,2024-10-01,1179916,1
LOCK-2024-05835,Correspondent,2024-08-01,263095,1
LOCK-2024-05836,Direct,2024-01-01,210412,1
LOCK-2024-05837,Retail,2024-10-01,956265,1
LOCK-2024-05838,Correspondent,2024-12-01,490485,1
LOCK-2024-05839,Direct,2024-10-01,605721,1
LOCK-2024-05840,Wholesale,2024-04-01,805783,1
LOCK-2024-05841,Correspondent,2024-08-01,208919,1
LOCK-2024-05842,Correspondent,2024-02-01,1136698,0
LOCK-2024-05843,Correspondent,2024-11-01,439584,0
LOCK-2024-05844,Correspondent,2024-04-01,335033,0
LOCK-2024-05845,Direct,2024-05-01,570052,1
LOCK-2024-05846,Wholesale,2024-12-01,192103,0
LOCK-2024-05847,Retail,2024-11-01,682453,0
LOCK-2024-05848,Retail,2024-11-01,537077,1
LOCK-2024-05849,Direct,2024-05-01,659580,1
LOCK-2024-05850,Retail,2024-03-01,269034,1
LOCK-2024-05851,Correspondent,2024-01-01,485294,0
LOCK-2024-05852,Direct,2024-12-01,390554,1
LOCK-2024-05853,Direct,2024-05-01,913734,1
LOCK-2024-05854,Retail,2024-05-01,969345,1
LOCK-2024-05855,Wholesale,2024-03-01,891562,1
LOCK-2024-05856,Retail,2024-12-01,992862,1
LOCK-2024-05857,Wholesale,2024-05-01,911903,0
LOCK-2024-05858,Wholesale,2024-05-01,820591,0
LOCK-2024-05859,Correspondent,2024-12-01,278108,0
LOCK-2024-05860,Wholesale,2024-06-01,870031,1
LOCK-2024-05861,Direct,2024-07-01,668660,1
LOCK-2024-05862,Retail,2024-02-01,868243,1
LOCK-2024-05863,Direct,2024-11-01,670094,0
LOCK-2024-05864,Correspondent,2024-07-01,321957,1
LOCK-2024-05865,Correspondent,2024-06-01,220587,1
LOCK-2024-05866,Wholesale,2024-11-01,491012,1
LOCK-2024-05867,Retail,2024-01-01,850500,1
LOCK-2024-05868,Correspondent,2024-06-01,165108,0
LOCK-2024-05869,Retail,2024-02-01,787490,1
LOCK-2024-05870,Wholesale,2024-09-01,259885,1
LOCK-2024-05871,Correspondent,2024-04-01,543032,0
LOCK-2024-05872,Wholesale,2024-08-01,710013,0
LOCK-2024-05873,Retail,2024-02-01,1097054,1
LOCK-2024-05874,Wholesale,2024-07-01,786025,1
LOCK-2024-05875,Correspondent,2024-02-01,869040,1
LOCK-2024-05876,Retail,2024-02-01,1173046,0
LOCK-2024-05877,Correspondent,2024-12-01,161980,1
LOCK-2024-05878,Wholesale,2024-03-01,745837,1
LOCK-2024-05879,Wholesale,2024-11-01,156131,1
LOCK-2024-05880,Correspondent,2024-09-01,919336,1
LOCK-2024-05881,Correspondent,2024-11-01,988734,0
LOCK-2024-05882,Retail,2024-04-01,717944,1
LOCK-2024-05883,Retail,2024-11-01,408212,1
LOCK-2024-05884,Direct,2024-11-01,632531,1
LOCK-2024-05885,Correspondent,2024-04-01,925779,1
LOCK-2024-05886,Wholesale,2024-09-01,778815,1
LOCK-2024-05887,Retail,2024-05-01,989112,1
LOCK-2024-05888,Wholesale,2024-01-01,318979,1
LOCK-2024-05889,Correspondent,2024-09-01,177238,1
LOCK-2024-05890,Retail,2024-05-01,370122,1
LOCK-2024-05891,Direct,2024-02-01,811316,1
LOCK-2024-05892,Correspondent,2024-04-01,1156016,1
LOCK-2024-05893,Retail,2024-11-01,488003,1
LOCK-2024-05894,Correspondent,2024-06-01,527552,0
LOCK-2024-05895,Correspondent,2024-04-01,286666,1
LOCK-2024-05896,Direct,2024-09-01,908044,0
LOCK-2024-05897,Wholesale,2024-12-01,200616,1
LOCK-2024-05898,Direct,2024-10-01,214508,1
LOCK-2024-05899,Retail,2024-06-01,769619,1
LOCK-2024-05900,Retail,2024-03-01,555900,1
LOCK-2024-05901,Correspondent,2024-03-01,679413,1
LOCK-2024-05902,Direct,2024-02-01,1115062,1
LOCK-2024-05903,Direct,2024-09-01,942785,0
LOCK-2024-05904,Correspondent,2024-07-01,565072,1
LOCK-2024-05905,Correspondent,2024-11-01,1032094,0
LOCK-2024-05906,Retail,2024-02-01,552341,1
LOCK-2024-05907,Correspondent,2024-07-01,1083919,1
LOCK-2024-05908,Direct,2024-01-01,782373,1
LOCK-2024-05909,Correspondent,2024-04-01,758130,0
LOCK-2024-05910,Direct,2024-06-01,1105888,0
LOCK-2024-05911,Direct,2024-03-01,385883,1
LOCK-2024-05912,Wholesale,2024-11-01,731442,1
LOCK-2024-05913,Correspondent,2024-02-01,1055135,1
LOCK-2024-05914,Correspondent,2024-04-01,843298,1
LOCK-2024-05915,Correspondent,2024-08-01,938701,1
LOCK-2024-05916,Retail,2024-09-01,653815,0
LOCK-2024-05917,Direct,2024-08-01,166127,1
LOCK-2024-05918,Correspondent,2024-08-01,826081,1
LOCK-2024-05919,Correspondent,2024-04-01,321570,0
LOCK-2024-05920,Retail,2024-01-01,706930,1
LOCK-2024-05921,Correspondent,2024-03-01,873839,0
LOCK-2024-05922,Direct,2024-05-01,519142,1
LOCK-2024-05923,Retail,2024-06-01,780979,0
LOCK-2024-05924,Direct,2024-10-01,529251,1
LOCK-2024-05925,Retail,2024-04-01,1037447,0
LOCK-2024-05926,Wholesale,2024-07-01,1066602,1
LOCK-2024-05927,Direct,2024-05-01,510691,1
LOCK-2024-05928,Retail,2024-04-01,538628,1
LOCK-2024-05929,Direct,2024-01-01,388077,1
LOCK-2024-05930,Direct,2024-04-01,517272,1
LOCK-2024-05931,Wholesale,2024-03-01,643960,0
LOCK-2024-05932,Direct,2024-03-01,359888,1
LOCK-2024-05933,Wholesale,2024-11-01,738889,0
LOCK-2024-05934,Correspondent,2024-10-01,550035,1
LOCK-2024-05935,Correspondent,2024-12-01,553999,1
LOCK-2024-05936,Correspondent,2024-11-01,587913,1
LOCK-2024-05937,Direct,2024-11-01,408725,1
LOCK-2024-05938,Wholesale,2024-05-01,612786,0
LOCK-2024-05939,Direct,2024-05-01,567647,0
LOCK-2024-05940,Retail,2024-03-01,330262,0
LOCK-2024-05941,Correspondent,2024-05-01,520535,1
LOCK-2024-05942,Direct,2024-02-01,935992,0
LOCK-2024-05943,Retail,2024-01-01,968871,0
LOCK-2024-05944,Wholesale,2024-03-01,545569,1
LOCK-2024-05945,Correspondent,2024-08-01,590297,1
LOCK-2024-05946,Correspondent,2024-12-01,497741,1
LOCK-2024-05947,Retail,2024-01-01,484605,1
LOCK-2024-05948,Direct,2024-10-01,1157420,0
LOCK-2024-05949,Direct,2024-08-01,847058,1
LOCK-2024-05950,Wholesale,2024-07-01,652345,1
LOCK-2024-05951,Wholesale,2024-06-01,1135208,0
LOCK-2024-05952,Direct,2024-01-01,833354,0
LOCK-2024-05953,Correspondent,2024-10-01,803959,1
LOCK-2024-05954,Correspondent,2024-10-01,538893,1
LOCK-2024-05955,Retail,2024-06-01,712561,0
LOCK-2024-05956,Direct,2024-08-01,315158,1
LOCK-2024-05957,Correspondent,2024-05-01,943017,1
LOCK-2024-05958,Wholesale,2024-02-01,633354,1
LOCK-2024-05959,Retail,2024-02-01,289048,1
LOCK-2024-05960,Correspondent,2024-05-01,189921,1
LOCK-2024-05961,Wholesale,2024-05-01,1025697,1
LOCK-2024-05962,Retail,2024-11-01,477349,1
LOCK-2024-05963,Direct,2024-07-01,1036021,1
LOCK-2024-05964,Retail,2024-11-01,1164578,1
LOCK-2024-05965,Correspondent,2024-04-01,1099120,1
LOCK-2024-05966,Wholesale,2024-08-01,848726,1
LOCK-2024-05967,Wholesale,2024-08-01,368459,1
LOCK-2024-05968,Correspondent,2024-04-01,561222,0
LOCK-2024-05969,Retail,2024-09-01,577790,1
LOCK-2024-05970,Correspondent,2024-08-01,398989,1
LOCK-2024-05971,Retail,2024-05-01,554157,1
LOCK-2024-05972,Correspondent,2024-03-01,620487,0
LOCK-2024-05973,Direct,2024-03-01,1101840,1
LOCK-2024-05974,Wholesale,2024-07-01,491557,1
LOCK-2024-05975,Correspondent,2024-01-01,1052953,0
LOCK-2024-05976,Retail,2024-05-01,1165620,1
LOCK-2024-05977,Wholesale,2024-11-01,315451,0
LOCK-2024-05978,Wholesale,2024-03-01,506060,0
LOCK-2024-05979,Wholesale,2024-04-01,681711,1
LOCK-2024-05980,Direct,2024-05-01,557745,1
LOCK-2024-05981,Direct,2024-01-01,556511,1
LOCK-2024-05982,Wholesale,2024-04-01,618924,0
LOCK-2024-05983,Wholesale,2024-04-01,217439,1
LOCK-2024-05984,Correspondent,2024-07-01,1170119,0
LOCK-2024-05985,Wholesale,2024-08-01,553493,0
LOCK-2024-05986,Wholesale,2024-06-01,302126,0
LOCK-2024-05987,Direct,2024-03-01,1055173,1
LOCK-2024-05988,Retail,2024-01-01,1165455,1
LOCK-2024-05989,Retail,2024-12-01,523500,1
LOCK-2024-05990,Correspondent,2024-11-01,788571,1
LOCK-2024-05991,Correspondent,2024-10-01,292647,0
LOCK-2024-05992,Retail,2024-10-01,506657,1
LOCK-2024-05993,Correspondent,2024-02-01,723935,1
LOCK-2024-05994,Retail,2024-10-01,724598,1
LOCK-2024-05995,Direct,2024-06-01,567590,0
LOCK-2024-05996,Direct,2024-01-01,721491,1
LOCK-2024-05997,Correspondent,2024-03-01,696558,1
LOCK-2024-05998,Retail,2024-11-01,768668,1
LOCK-2024-05999,Wholesale,2024-12-01,357499,1
LOCK-2024-06000,Direct,2024-11-01,201871,0
LOCK-2024-06001,Direct,2024-07-01,717574,1
LOCK-2024-06002,Direct,2024-04-01,343640,0
LOCK-2024-06003,Correspondent,2024-02-01,1005229,1
LOCK-2024-06004,Direct,2024-10-01,1035683,1
LOCK-2024-06005,Wholesale,2024-03-01,293441,0
LOCK-2024-06006,Correspondent,2024-01-01,497629,1
LOCK-2024-06007,Correspondent,2024-08-01,682406,1
LOCK-2024-06008,Wholesale,2024-10-01,855008,0
LOCK-2024-06009,Direct,2024-05-01,377518,1
LOCK-2024-06010,Wholesale,2024-11-01,586092,0
LOCK-2024-06011,Direct,2024-11-01,851155,1
LOCK-2024-06012,Wholesale,2024-08-01,550714,1
LOCK-2024-06013,Wholesale,2024-10-01,599518,1
LOCK-2024-06014,Retail,2024-07-01,646264,1
LOCK-2024-06015,Direct,2024-02-01,684345,1
LOCK-2024-06016,Retail,2024-10-01,613463,1
LOCK-2024-06017,Correspondent,2024-10-01,499371,0
LOCK-2024-06018,Wholesale,2024-11-01,453464,1
LOCK-2024-06019,Direct,2024-06-01,160829,1
LOCK-2024-06020,Correspondent,2024-07-01,624086,0
LOCK-2024-06021,Correspondent,2024-10-01,885669,1
LOCK-2024-06022,Correspondent,2024-04-01,526089,1
LOCK-2024-06023,Wholesale,2024-09-01,877832,1
LOCK-2024-06024,Wholesale,2024-04-01,190279,0
LOCK-2024-06025,Retail,2024-11-01,700159,0
LOCK-2024-06026,Direct,2024-01-01,851976,0
LOCK-2024-06027,Retail,2024-07-01,1074371,1
LOCK-2024-06028,Wholesale,2024-02-01,912665,0
LOCK-2024-06029,Correspondent,2024-09-01,1113850,1
LOCK-2024-06030,Direct,2024-12-01,486637,0
LOCK-2024-06031,Correspondent,2024-08-01,855292,1
LOCK-2024-06032,Retail,2024-03-01,995335,1
LOCK-2024-06033,Direct,2024-12-01,775574,1
LOCK-2024-06034,Retail,2024-03-01,490745,0
LOCK-2024-06035,Direct,2024-04-01,975425,1
LOCK-2024-06036,Correspondent,2024-02-01,594991,0
LOCK-2024-06037,Wholesale,2024-02-01,1077582,1
LOCK-2024-06038,Direct,2024-08-01,794848,1
LOCK-2024-06039,Retail,2024-02-01,1029754,0
LOCK-2024-06040,Correspondent,2024-09-01,872534,1
LOCK-2024-06041,Correspondent,2024-07-01,1049214,1
LOCK-2024-06042,Correspondent,2024-07-01,338797,0
LOCK-2024-06043,Wholesale,2024-08-01,789207,1
LOCK-2024-06044,Direct,2024-01-01,193642,0
LOCK-2024-06045,Direct,2024-09-01,899842,1
LOCK-2024-06046,Retail,2024-04-01,406939,1
LOCK-2024-06047,Direct,2024-10-01,512347,0
LOCK-2024-06048,Retail,2024-11-01,946875,1
LOCK-2024-06049,Retail,2024-09-01,982590,1
LOCK-2024-06050,Correspondent,2024-04-01,189135,1
LOCK-2024-06051,Correspondent,2024-05-01,871863,1
LOCK-2024-06052,Wholesale,2024-11-01,1164905,1
LOCK-2024-06053,Retail,2024-06-01,754741,1
LOCK-2024-06054,Direct,2024-11-01,867048,1
LOCK-2024-06055,Wholesale,2024-01-01,898618,1
LOCK-2024-06056,Direct,2024-12-01,698300,1
LOCK-2024-06057,Wholesale,2024-10-01,1112113,1
LOCK-2024-06058,Wholesale,2024-08-01,583683,1
LOCK-2024-06059,Wholesale,2024-07-01,1190772,1
LOCK-2024-06060,Correspondent,2024-10-01,179608,1
LOCK-2024-06061,Wholesale,2024-10-01,662994,1
LOCK-2024-06062,Correspondent,2024-07-01,891905,1
LOCK-2024-06063,Wholesale,2024-04-01,384612,1
LOCK-2024-06064,Direct,2024-02-01,983031,1
LOCK-2024-06065,Wholesale,2024-02-01,827974,0
LOCK-2024-06066,Direct,2024-11-01,775302,1
LOCK-2024-06067,Direct,2024-03-01,1177426,1
LOCK-2024-06068,Correspondent,2024-12-01,1000840,1
LOCK-2024-06069,Correspondent,2024-02-01,718295,0
LOCK-2024-06070,Direct,2024-03-01,835643,0
LOCK-2024-06071,Direct,2024-02-01,420021,1
LOCK-2024-06072,Retail,2024-09-01,694278,1
LOCK-2024-06073,Retail,2024-04-01,932118,0
LOCK-2024-06074,Wholesale,2024-01-01,320288,1
LOCK-2024-06075,Correspondent,2024-06-01,850876,1
LOCK-2024-06076,Retail,2024-12-01,945437,0
LOCK-2024-06077,Retail,2024-11-01,937494,1
LOCK-2024-06078,Retail,2024-08-01,314814,1
LOCK-2024-06079,Direct,2024-08-01,451030,1
LOCK-2024-06080,Wholesale,2024-10-01,325848,1
LOCK-2024-06081,Retail,2024-02-01,827833,1
LOCK-2024-06082,Wholesale,2024-03-01,745230,1
LOCK-2024-06083,Correspondent,2024-12-01,238945,1
LOCK-2024-06084,Retail,2024-02-01,806256,0
LOCK-2024-06085,Wholesale,2024-06-01,629762,0
LOCK-2024-06086,Retail,2024-01-01,488624,1
LOCK-2024-06087,Direct,2024-04-01,593267,1
LOCK-2024-06088,Direct,2024-02-01,276735,0
LOCK-2024-06089,Retail,2024-10-01,1035832,1
LOCK-2024-06090,Correspondent,2024-11-01,316362,0
LOCK-2024-06091,Wholesale,2024-09-01,421714,1
LOCK-2024-06092,Correspondent,2024-02-01,764250,1
LOCK-2024-06093,Retail,2024-11-01,281913,1
LOCK-2024-06094,Correspondent,2024-09-01,949469,1
LOCK-2024-06095,Wholesale,2024-03-01,608965,0
LOCK-2024-06096,Wholesale,2024-02-01,528642,1
LOCK-2024-06097,Correspondent,2024-07-01,314771,0
LOCK-2024-06098,Wholesale,2024-02-01,547126,1
LOCK-2024-06099,Retail,2024-04-01,481117,0
LOCK-2024-06100,Correspondent,2024-06-01,522157,1
LOCK-2024-06101,Retail,2024-07-01,657930,1
LOCK-2024-06102,Direct,2024-08-01,1025857,1
LOCK-2024-06103,Direct,2024-03-01,496836,1
LOCK-2024-06104,Retail,2024-07-01,594677,1
LOCK-2024-06105,Wholesale,2024-05-01,1049470,0
LOCK-2024-06106,Direct,2024-12-01,452383,0
LOCK-2024-06107,Retail,2024-10-01,559829,1
LOCK-2024-06108,Wholesale,2024-06-01,645601,0
LOCK-2024-06109,Direct,2024-02-01,1140373,0
LOCK-2024-06110,Direct,2024-07-01,227050,1
LOCK-2024-06111,Direct,2024-03-01,650853,1
LOCK-2024-06112,Retail,2024-03-01,1098354,1
LOCK-2024-06113,Retail,2024-04-01,241034,1
LOCK-2024-06114,Correspondent,2024-08-01,282343,1
LOCK-2024-06115,Retail,2024-03-01,605733,0
LOCK-2024-06116,Wholesale,2024-01-01,365929,1
LOCK-2024-06117,Wholesale,2024-07-01,626499,1
LOCK-2024-06118,Retail,2024-06-01,440199,1
LOCK-2024-06119,Wholesale,2024-02-01,296122,0
LOCK-2024-06120,Wholesale,2024-09-01,915382,1
LOCK-2024-06121,Wholesale,2024-03-01,354241,0
LOCK-2024-06122,Wholesale,2024-01-01,878270,0
LOCK-2024-06123,Correspondent,2024-05-01,726376,0
LOCK-2024-06124,Wholesale,2024-05-01,836039,1
LOCK-2024-06125,Correspondent,2024-06-01,338980,1
LOCK-2024-06126,Direct,2024-09-01,788021,1
LOCK-2024-06127,Wholesale,2024-07-01,793883,1
LOCK-2024-06128,Wholesale,2024-08-01,547643,1
LOCK-2024-06129,Retail,2024-02-01,859009,0
LOCK-2024-06130,Correspondent,2024-01-01,271402,0
LOCK-2024-06131,Direct,2024-07-01,639383,1
LOCK-2024-06132,Retail,2024-10-01,1113054,1
LOCK-2024-06133,Direct,2024-05-01,989906,1
LOCK-2024-06134,Retail,2024-11-01,329138,0
LOCK-2024-06135,Direct,2024-04-01,272037,0
LOCK-2024-06136,Wholesale,2024-10-01,1050850,0
LOCK-2024-06137,Wholesale,2024-04-01,1023899,1
LOCK-2024-06138,Retail,2024-04-01,235294,1
LOCK-2024-06139,Retail,2024-11-01,1029019,1
LOCK-2024-06140,Correspondent,2024-04-01,659638,1
LOCK-2024-06141,Retail,2024-05-01,313516,1
LOCK-2024-06142,Direct,2024-08-01,408574,1
LOCK-2024-06143,Wholesale,2024-06-01,895300,0
LOCK-2024-06144,Retail,2024-07-01,738011,1
LOCK-2024-06145,Wholesale,2024-10-01,1095074,1
LOCK-2024-06146,Retail,2024-10-01,947329,0
LOCK-2024-06147,Wholesale,2024-10-01,802797,1
LOCK-2024-06148,Direct,2024-11-01,626203,1
LOCK-2024-06149,Correspondent,2024-08-01,167559,1
LOCK-2024-06150,Correspondent,2024-07-01,1156066,1
LOCK-2024-06151,Retail,2024-05-01,369158,1
LOCK-2024-06152,Wholesale,2024-05-01,560328,1
LOCK-2024-06153,Wholesale,2024-02-01,994522,0
LOCK-2024-06154,Wholesale,2024-12-01,936784,0
LOCK-2024-06155,Wholesale,2024-08-01,981258,0
LOCK-2024-06156,Retail,2024-06-01,803287,0
LOCK-2024-06157,Correspondent,2024-05-01,362060,1
LOCK-2024-06158,Correspondent,2024-12-01,1018110,1
LOCK-2024-06159,Direct,2024-06-01,1177809,0
LOCK-2024-06160,Direct,2024-06-01,209461,1
LOCK-2024-06161,Correspondent,2024-12-01,676873,0
LOCK-2024-06162,Retail,2024-04-01,570811,1
LOCK-2024-06163,Direct,2024-01-01,1196017,0
LOCK-2024-06164,Direct,2024-01-01,967232,1
LOCK-2024-06165,Direct,2024-06-01,234153,0
LOCK-2024-06166,Wholesale,2024-06-01,1076030,1
LOCK-2024-06167,Retail,2024-10-01,1159834,1
LOCK-2024-06168,Wholesale,2024-01-01,843931,1
LOCK-2024-06169,Correspondent,2024-11-01,858466,0
LOCK-2024-06170,Direct,2024-03-01,318400,0
LOCK-2024-06171,Wholesale,2024-08-01,1043401,0
LOCK-2024-06172,Direct,2024-05-01,586902,1
LOCK-2024-06173,Retail,2024-10-01,803417,0
LOCK-2024-06174,Retail,2024-02-01,418186,1
LOCK-2024-06175,Direct,2024-09-01,867483,1
LOCK-2024-06176,Wholesale,2024-10-01,665187,1
LOCK-2024-06177,Retail,2024-10-01,166716,1
LOCK-2024-06178,Direct,2024-04-01,415402,0
LOCK-2024-06179,Direct,2024-06-01,245484,0
LOCK-2024-06180,Retail,2024-08-01,251197,1
LOCK-2024-06181,Correspondent,2024-02-01,603694,1
LOCK-2024-06182,Wholesale,2024-09-01,854653,0
LOCK-2024-06183,Retail,2024-07-01,971408,0
LOCK-2024-06184,Correspondent,2024-11-01,786637,1
LOCK-2024-06185,Retail,2024-07-01,181541,0
LOCK-2024-06186,Direct,2024-05-01,214050,1
LOCK-2024-06187,Retail,2024-01-01,1135651,1
LOCK-2024-06188,Correspondent,2024-12-01,1098852,0
LOCK-2024-06189,Wholesale,2024-09-01,937726,0
LOCK-2024-06190,Direct,2024-06-01,678024,0
LOCK-2024-06191,Direct,2024-07-01,1028826,1
LOCK-2024-06192,Wholesale,2024-01-01,355994,1
LOCK-2024-06193,Wholesale,2024-05-01,370795,1
LOCK-2024-06194,Correspondent,2024-11-01,561544,1
LOCK-2024-06195,Wholesale,2024-11-01,343031,1
LOCK-2024-06196,Retail,2024-09-01,163716,0
LOCK-2024-06197,Correspondent,2024-11-01,561317,0
LOCK-2024-06198,Wholesale,2024-02-01,614010,1
LOCK-2024-06199,Direct,2024-11-01,1165990,0
LOCK-2024-06200,Direct,2024-03-01,342242,0
LOCK-2024-06201,Correspondent,2024-07-01,277278,1
LOCK-2024-06202,Retail,2024-04-01,655673,1
LOCK-2024-06203,Correspondent,2024-10-01,151849,1
LOCK-2024-06204,Retail,2024-11-01,860431,1
LOCK-2024-06205,Retail,2024-01-01,1182921,0
LOCK-2024-06206,Correspondent,2024-06-01,390949,1
LOCK-2024-06207,Wholesale,2024-02-01,945345,0
LOCK-2024-06208,Retail,2024-10-01,544926,1
LOCK-2024-06209,Retail,2024-02-01,892634,1
LOCK-2024-06210,Wholesale,2024-10-01,238928,0
LOCK-2024-06211,Retail,2024-02-01,453284,1
LOCK-2024-06212,Correspondent,2024-12-01,207743,0
LOCK-2024-06213,Wholesale,2024-02-01,270963,1
LOCK-2024-06214,Retail,2024-01-01,151059,1
LOCK-2024-06215,Retail,2024-07-01,1156742,1
LOCK-2024-06216,Retail,2024-05-01,165598,1
LOCK-2024-06217,Wholesale,2024-03-01,203963,0
LOCK-2024-06218,Wholesale,2024-12-01,1056511,1
LOCK-2024-06219,Wholesale,2024-10-01,585640,1
LOCK-2024-06220,Retail,2024-06-01,622318,0
LOCK-2024-06221,Direct,2024-07-01,533922,1
LOCK-2024-06222,Retail,2024-03-01,637237,1
LOCK-2024-06223,Wholesale,2024-08-01,978840,0
LOCK-2024-06224,Retail,2024-12-01,898162,1
LOCK-2024-06225,Wholesale,2024-07-01,406513,0
LOCK-2024-06226,Retail,2024-10-01,1072297,1
LOCK-2024-06227,Retail,2024-03-01,236555,0
LOCK-2024-06228,Direct,2024-02-01,521930,1
LOCK-2024-06229,Retail,2024-10-01,155385,1
LOCK-2024-06230,Direct,2024-08-01,878311,1
LOCK-2024-06231,Direct,2024-11-01,967871,1
LOCK-2024-06232,Correspondent,2024-05-01,1138294,1
LOCK-2024-06233,Direct,2024-03-01,647519,1
LOCK-2024-06234,Retail,2024-07-01,380192,0
LOCK-2024-06235,Retail,2024-12-01,897975,1
LOCK-2024-06236,Direct,2024-01-01,1149353,1
LOCK-2024-06237,Retail,2024-10-01,1189836,1
LOCK-2024-06238,Wholesale,2024-11-01,1188284,1
LOCK-2024-06239,Correspondent,2024-04-01,598318,1
LOCK-2024-06240,Correspondent,2024-08-01,259199,1
LOCK-2024-06241,Wholesale,2024-05-01,204810,1
LOCK-2024-06242,Correspondent,2024-03-01,153656,0
LOCK-2024-06243,Retail,2024-03-01,1131894,1
LOCK-2024-06244,Direct,2024-07-01,886640,1
LOCK-2024-06245,Direct,2024-06-01,309752,1
LOCK-2024-06246,Correspondent,2024-09-01,603141,1
LOCK-2024-06247,Wholesale,2024-03-01,455087,0
LOCK-2024-06248,Correspondent,2024-09-01,657649,1
LOCK-2024-06249,Retail,2024-07-01,632996,1
LOCK-2024-06250,Retail,2024-09-01,383877,0
LOCK-2024-06251,Direct,2024-06-01,635339,1
LOCK-2024-06252,Direct,2024-03-01,945604,0
LOCK-2024-06253,Retail,2024-12-01,1016115,1
LOCK-2024-06254,Wholesale,2024-08-01,360131,0
LOCK-2024-06255,Direct,2024-12-01,446649,1
LOCK-2024-06256,Direct,2024-07-01,1089416,1
LOCK-2024-06257,Direct,2024-04-01,832849,1
LOCK-2024-06258,Wholesale,2024-01-01,277546,1
LOCK-2024-06259,Correspondent,2024-12-01,455971,1
LOCK-2024-06260,Direct,2024-12-01,1130066,0
LOCK-2024-06261,Direct,2024-01-01,575858,0
LOCK-2024-06262,Retail,2024-07-01,610625,1
LOCK-2024-06263,Direct,2024-08-01,583251,0
LOCK-2024-06264,Correspondent,2024-06-01,346146,1
LOCK-2024-06265,Direct,2024-07-01,1186821,1
LOCK-2024-06266,Correspondent,2024-01-01,168067,1
LOCK-2024-06267,Correspondent,2024-04-01,558216,1
LOCK-2024-06268,Wholesale,2024-05-01,570031,0
LOCK-2024-06269,Correspondent,2024-02-01,1112572,1
LOCK-2024-06270,Correspondent,2024-09-01,275345,1
LOCK-2024-06271,Wholesale,2024-10-01,932862,1
LOCK-2024-06272,Retail,2024-05-01,1044838,1
LOCK-2024-06273,Wholesale,2024-04-01,1144146,0
LOCK-2024-06274,Wholesale,2024-12-01,859377,1
LOCK-2024-06275,Direct,2024-07-01,893363,1
LOCK-2024-06276,Correspondent,2024-11-01,475585,1
LOCK-2024-06277,Direct,2024-08-01,277647,0
LOCK-2024-06278,Wholesale,2024-10-01,769805,1
LOCK-2024-06279,Correspondent,2024-03-01,1012394,1
LOCK-2024-06280,Retail,2024-03-01,1051752,0
LOCK-2024-06281,Correspondent,2024-08-01,487088,1
LOCK-2024-06282,Wholesale,2024-08-01,791295,1
LOCK-2024-06283,Correspondent,2024-07-01,648147,1
LOCK-2024-06284,Retail,2024-08-01,902177,1
LOCK-2024-06285,Wholesale,2024-06-01,374788,0
LOCK-2024-06286,Direct,2024-05-01,1027732,1
LOCK-2024-06287,Retail,2024-05-01,1009685,1
LOCK-2024-06288,Wholesale,2024-12-01,680820,1
LOCK-2024-06289,Correspondent,2024-11-01,833612,1
LOCK-2024-06290,Direct,2024-09-01,524311,1
LOCK-2024-06291,Wholesale,2024-04-01,748092,0
LOCK-2024-06292,Wholesale,2024-12-01,431687,1
LOCK-2024-06293,Retail,2024-11-01,661327,1
LOCK-2024-06294,Direct,2024-09-01,1134533,1
LOCK-2024-06295,Retail,2024-07-01,823692,1
LOCK-2024-06296,Correspondent,2024-12-01,753928,1
LOCK-2024-06297,Retail,2024-03-01,950046,1
LOCK-2024-06298,Direct,2024-11-01,747556,0
LOCK-2024-06299,Retail,2024-10-01,1166111,1
LOCK-2024-06300,Wholesale,2024-10-01,976545,1
LOCK-2024-06301,Wholesale,2024-01-01,232241,1
LOCK-2024-06302,Correspondent,2024-06-01,731452,1
LOCK-2024-06303,Retail,2024-11-01,908049,1
LOCK-2024-06304,Retail,2024-03-01,804506,1
LOCK-2024-06305,Retail,2024-09-01,309241,1
LOCK-2024-06306,Wholesale,2024-08-01,920311,1
LOCK-2024-06307,Retail,2024-03-01,764403,1
LOCK-2024-06308,Retail,2024-10-01,587727,1
LOCK-2024-06309,Correspondent,2024-01-01,748264,1
LOCK-2024-06310,Direct,2024-09-01,451341,1
LOCK-2024-06311,Direct,2024-03-01,332935,1
LOCK-2024-06312,Direct,2024-04-01,815642,1
LOCK-2024-06313,Retail,2024-06-01,323721,1
LOCK-2024-06314,Correspondent,2024-12-01,688319,0
LOCK-2024-06315,Wholesale,2024-04-01,191508,0
LOCK-2024-06316,Wholesale,2024-05-01,1021082,1
LOCK-2024-06317,Wholesale,2024-10-01,745866,1
LOCK-2024-06318,Wholesale,2024-02-01,571865,1
LOCK-2024-06319,Wholesale,2024-04-01,1045177,1
LOCK-2024-06320,Wholesale,2024-05-01,887564,0
LOCK-2024-06321,Retail,2024-06-01,504582,1
LOCK-2024-06322,Wholesale,2024-07-01,399771,1
LOCK-2024-06323,Correspondent,2024-08-01,754726,1
LOCK-2024-06324,Retail,2024-04-01,513150,1
LOCK-2024-06325,Retail,2024-03-01,518008,0
LOCK-2024-06326,Retail,2024-05-01,1010916,0
LOCK-2024-06327,Retail,2024-08-01,576988,1
LOCK-2024-06328,Wholesale,2024-01-01,522037,1
LOCK-2024-06329,Wholesale,2024-01-01,331806,1
LOCK-2024-06330,Direct,2024-06-01,368475,0
LOCK-2024-06331,Wholesale,2024-05-01,906098,0
LOCK-2024-06332,Wholesale,2024-04-01,883893,1
LOCK-2024-06333,Correspondent,2024-06-01,988466,1
LOCK-2024-06334,Correspondent,2024-10-01,464377,1
LOCK-2024-06335,Direct,2024-10-01,780647,0
LOCK-2024-06336,Direct,2024-01-01,453584,1
LOCK-2024-06337,Correspondent,2024-11-01,583229,0
LOCK-2024-06338,Direct,2024-02-01,1047883,0
LOCK-2024-06339,Retail,2024-05-01,486728,1
LOCK-2024-06340,Retail,2024-12-01,812407,0
LOCK-2024-06341,Direct,2024-09-01,468275,0
LOCK-2024-06342,Wholesale,2024-02-01,776110,1
LOCK-2024-06343,Wholesale,2024-02-01,178450,1
LOCK-2024-06344,Wholesale,2024-09-01,308235,1
LOCK-2024-06345,Direct,2024-10-01,961175,1
LOCK-2024-06346,Correspondent,2024-11-01,215553,0
LOCK-2024-06347,Retail,2024-09-01,904253,0
LOCK-2024-06348,Retail,2024-01-01,155579,1
LOCK-2024-06349,Direct,2024-04-01,877306,1
LOCK-2024-06350,Retail,2024-12-01,835144,1
LOCK-2024-06351,Retail,2024-05-01,1074901,0
LOCK-2024-06352,Direct,2024-06-01,854188,1
LOCK-2024-06353,Direct,2024-04-01,841130,0
LOCK-2024-06354,Correspondent,2024-07-01,482143,1
LOCK-2024-06355,Wholesale,2024-07-01,547642,1
LOCK-2024-06356,Correspondent,2024-06-01,342316,1
LOCK-2024-06357,Wholesale,2024-08-01,692576,1
LOCK-2024-06358,Wholesale,2024-12-01,720262,1
LOCK-2024-06359,Retail,2024-11-01,1110478,1
LOCK-2024-06360,Retail,2024-02-01,613323,1
LOCK-2024-06361,Direct,2024-04-01,521135,0
LOCK-2024-06362,Wholesale,2024-05-01,288313,1
LOCK-2024-06363,Wholesale,2024-11-01,567224,0
LOCK-2024-06364,Direct,2024-08-01,1098460,1
LOCK-2024-06365,Direct,2024-02-01,878770,1
LOCK-2024-06366,Wholesale,2024-10-01,650157,1
LOCK-2024-06367,Direct,2024-09-01,744226,1
LOCK-2024-06368,Retail,2024-04-01,496169,0
LOCK-2024-06369,Wholesale,2024-09-01,233841,1
LOCK-2024-06370,Correspondent,2024-02-01,220837,1
LOCK-2024-06371,Retail,2024-12-01,499198,1
LOCK-2024-06372,Direct,2024-05-01,1154988,1
LOCK-2024-06373,Retail,2024-06-01,1114846,1
LOCK-2024-06374,Retail,2024-03-01,155819,1
LOCK-2024-06375,Direct,2024-03-01,410128,0
LOCK-2024-06376,Retail,2024-03-01,229829,0
LOCK-2024-06377,Retail,2024-04-01,259668,1
LOCK-2024-06378,Correspondent,2024-08-01,818071,1
LOCK-2024-06379,Direct,2024-07-01,255419,1
LOCK-2024-06380,Correspondent,2024-01-01,704177,1
LOCK-2024-06381,Direct,2024-08-01,296311,1
LOCK-2024-06382,Correspondent,2024-12-01,1062127,1
LOCK-2024-06383,Correspondent,2024-06-01,1015750,0
LOCK-2024-06384,Wholesale,2024-06-01,709142,0
LOCK-2024-06385,Retail,2024-04-01,435405,1
LOCK-2024-06386,Wholesale,2024-09-01,282568,1
LOCK-2024-06387,Retail,2024-07-01,338694,1
LOCK-2024-06388,Wholesale,2024-06-01,913181,1
LOCK-2024-06389,Retail,2024-10-01,777125,0
LOCK-2024-06390,Retail,2024-04-01,472504,1
LOCK-2024-06391,Wholesale,2024-10-01,888776,0
LOCK-2024-06392,Retail,2024-03-01,1104687,1
LOCK-2024-06393,Retail,2024-07-01,1100034,1
LOCK-2024-06394,Wholesale,2024-02-01,264272,1
LOCK-2024-06395,Wholesale,2024-12-01,574305,1
LOCK-2024-06396,Direct,2024-03-01,316952,0
LOCK-2024-06397,Direct,2024-09-01,941314,1
LOCK-2024-06398,Retail,2024-06-01,717436,1
LOCK-2024-06399,Direct,2024-11-01,812167,1
LOCK-2024-06400,Correspondent,2024-04-01,569472,1
LOCK-2024-06401,Direct,2024-05-01,500163,1
LOCK-2024-06402,Retail,2024-04-01,625880,1
LOCK-2024-06403,Wholesale,2024-07-01,843231,0
LOCK-2024-06404,Correspondent,2024-10-01,957713,1
LOCK-2024-06405,Wholesale,2024-01-01,938300,0
LOCK-2024-06406,Wholesale,2024-05-01,463997,1
LOCK-2024-06407,Correspondent,2024-03-01,237398,1
LOCK-2024-06408,Wholesale,2024-05-01,1059184,1
LOCK-2024-06409,Wholesale,2024-12-01,813462,1
LOCK-2024-06410,Direct,2024-06-01,792013,1
LOCK-2024-06411,Correspondent,2024-01-01,517404,0
LOCK-2024-06412,Retail,2024-05-01,1022237,1
LOCK-2024-06413,Wholesale,2024-11-01,336837,1
LOCK-2024-06414,Retail,2024-06-01,1183865,1
LOCK-2024-06415,Wholesale,2024-04-01,549033,0
LOCK-2024-06416,Wholesale,2024-01-01,1101703,1
LOCK-2024-06417,Retail,2024-01-01,856303,1
LOCK-2024-06418,Retail,2024-06-01,151422,1
LOCK-2024-06419,Correspondent,2024-01-01,700529,1
LOCK-2024-06420,Retail,2024-06-01,513947,1
LOCK-2024-06421,Wholesale,2024-12-01,840708,1
LOCK-2024-06422,Correspondent,2024-09-01,1172027,1
LOCK-2024-06423,Wholesale,2024-01-01,822033,0
LOCK-2024-06424,Direct,2024-06-01,710468,0
LOCK-2024-06425,Wholesale,2024-05-01,985479,1
LOCK-2024-06426,Correspondent,2024-08-01,205881,0
LOCK-2024-06427,Wholesale,2024-12-01,530095,1
LOCK-2024-06428,Direct,2024-01-01,463971,1
LOCK-2024-06429,Wholesale,2024-12-01,947615,0
LOCK-2024-06430,Retail,2024-07-01,372785,1
LOCK-2024-06431,Correspondent,2024-11-01,503852,1
LOCK-2024-06432,Retail,2024-12-01,637833,1
LOCK-2024-06433,Direct,2024-05-01,996132,1
LOCK-2024-06434,Wholesale,2024-06-01,1124195,1
LOCK-2024-06435,Wholesale,2024-10-01,346658,1
LOCK-2024-06436,Direct,2024-11-01,404547,1
LOCK-2024-06437,Direct,2024-11-01,672818,1
LOCK-2024-06438,Retail,2024-03-01,1002349,0
LOCK-2024-06439,Retail,2024-07-01,666562,0
LOCK-2024-06440,Correspondent,2024-07-01,324576,1
LOCK-2024-06441,Correspondent,2024-11-01,749802,0
LOCK-2024-06442,Retail,2024-06-01,510830,0
LOCK-2024-06443,Wholesale,2024-03-01,944587,1
LOCK-2024-06444,Retail,2024-06-01,495733,0
LOCK-2024-06445,Correspondent,2024-10-01,309829,1
LOCK-2024-06446,Retail,2024-08-01,873874,1
LOCK-2024-06447,Wholesale,2024-07-01,919959,1
LOCK-2024-06448,Wholesale,2024-03-01,614373,1
LOCK-2024-06449,Retail,2024-12-01,714381,0
LOCK-2024-06450,Direct,2024-06-01,1022070,1
LOCK-2024-06451,Wholesale,2024-02-01,985716,1
LOCK-2024-06452,Direct,2024-01-01,410766,1
LOCK-2024-06453,Retail,2024-07-01,669760,1
LOCK-2024-06454,Wholesale,2024-10-01,760367,1
LOCK-2024-06455,Wholesale,2024-03-01,407629,1
LOCK-2024-06456,Correspondent,2024-07-01,1024228,0
LOCK-2024-06457,Wholesale,2024-11-01,736859,1
LOCK-2024-06458,Direct,2024-09-01,256344,1
LOCK-2024-06459,Direct,2024-11-01,774734,0
LOCK-2024-06460,Direct,2024-06-01,462937,1
LOCK-2024-06461,Wholesale,2024-09-01,1137598,0
LOCK-2024-06462,Direct,2024-10-01,874075,1
LOCK-2024-06463,Wholesale,2024-01-01,350953,1
LOCK-2024-06464,Retail,2024-02-01,977649,0
LOCK-2024-06465,Correspondent,2024-07-01,1017169,1
LOCK-2024-06466,Wholesale,2024-03-01,562849,0
LOCK-2024-06467,Wholesale,2024-07-01,469494,1
LOCK-2024-06468,Wholesale,2024-10-01,918183,0
LOCK-2024-06469,Direct,2024-04-01,332553,1
LOCK-2024-06470,Correspondent,2024-08-01,799431,1
LOCK-2024-06471,Correspondent,2024-08-01,296540,1
LOCK-2024-06472,Direct,2024-12-01,913978,1
LOCK-2024-06473,Correspondent,2024-05-01,683054,1
LOCK-2024-06474,Wholesale,2024-02-01,1099791,1
LOCK-2024-06475,Correspondent,2024-11-01,906141,1
LOCK-2024-06476,Correspondent,2024-05-01,729589,1
LOCK-2024-06477,Retail,2024-09-01,842267,1
LOCK-2024-06478,Retail,2024-06-01,405463,0
LOCK-2024-06479,Correspondent,2024-09-01,316416,1
LOCK-2024-06480,Wholesale,2024-12-01,1027479,0
LOCK-2024-06481,Wholesale,2024-06-01,834433,1
LOCK-2024-06482,Wholesale,2024-05-01,956009,1
LOCK-2024-06483,Correspondent,2024-10-01,1008563,1
LOCK-2024-06484,Correspondent,2024-08-01,989639,0
LOCK-2024-06485,Correspondent,2024-03-01,1124840,0
LOCK-2024-06486,Correspondent,2024-07-01,613315,1
LOCK-2024-06487,Correspondent,2024-02-01,301450,1
LOCK-2024-06488,Direct,2024-05-01,156947,1
LOCK-2024-06489,Correspondent,2024-05-01,701667,1
LOCK-2024-06490,Retail,2024-11-01,1194511,1
LOCK-2024-06491,Correspondent,2024-02-01,284062,1
LOCK-2024-06492,Direct,2024-03-01,1095440,0
LOCK-2024-06493,Wholesale,2024-01-01,745950,1
LOCK-2024-06494,Correspondent,2024-05-01,1067969,0
LOCK-2024-06495,Direct,2024-11-01,212240,1
LOCK-2024-06496,Wholesale,2024-12-01,479460,0
LOCK-2024-06497,Wholesale,2024-01-01,181848,1
LOCK-2024-06498,Direct,2024-12-01,602751,0
LOCK-2024-06499,Retail,2024-01-01,266002,0
LOCK-2024-06500,Retail,2024-05-01,929116,1
LOCK-2024-06501,Retail,2024-12-01,490724,0
LOCK-2024-06502,Direct,2024-05-01,180253,0
LOCK-2024-06503,Retail,2024-04-01,1173935,1
LOCK-2024-06504,Wholesale,2024-08-01,589564,0
LOCK-2024-06505,Retail,2024-09-01,847014,0
LOCK-2024-06506,Correspondent,2024-03-01,218622,1
LOCK-2024-06507,Wholesale,2024-03-01,175006,1
LOCK-2024-06508,Direct,2024-03-01,679865,1
LOCK-2024-06509,Correspondent,2024-08-01,1122775,1
LOCK-2024-06510,Retail,2024-03-01,271164,1
LOCK-2024-06511,Wholesale,2024-01-01,572925,0
LOCK-2024-06512,Wholesale,2024-09-01,622757,1
LOCK-2024-06513,Direct,2024-02-01,1150211,1
LOCK-2024-06514,Correspondent,2024-12-01,540355,1
LOCK-2024-06515,Correspondent,2024-02-01,155952,1
LOCK-2024-06516,Direct,2024-10-01,177531,0
LOCK-2024-06517,Retail,2024-07-01,598961,1
LOCK-2024-06518,Wholesale,2024-08-01,557972,1
LOCK-2024-06519,Correspondent,2024-02-01,427196,1
LOCK-2024-06520,Retail,2024-03-01,806361,0
LOCK-2024-06521,Wholesale,2024-12-01,685735,0
LOCK-2024-06522,Direct,2024-08-01,663522,0
LOCK-2024-06523,Direct,2024-10-01,438813,1
LOCK-2024-06524,Direct,2024-08-01,641286,0
LOCK-2024-06525,Retail,2024-03-01,1080045,0
LOCK-2024-06526,Correspondent,2024-02-01,379182,1
LOCK-2024-06527,Correspondent,2024-03-01,482930,0
LOCK-2024-06528,Correspondent,2024-08-01,569630,1
LOCK-2024-06529,Correspondent,2024-01-01,1163291,1
LOCK-2024-06530,Direct,2024-10-01,713541,1
LOCK-2024-06531,Wholesale,2024-03-01,750148,1
LOCK-2024-06532,Wholesale,2024-06-01,809338,1
LOCK-2024-06533,Correspondent,2024-03-01,1021451,1
LOCK-2024-06534,Retail,2024-03-01,614044,0
LOCK-2024-06535,Correspondent,2024-11-01,211552,0
LOCK-2024-06536,Correspondent,2024-04-01,241540,0
LOCK-2024-06537,Wholesale,2024-10-01,540270,1
LOCK-2024-06538,Wholesale,2024-09-01,797009,1
LOCK-2024-06539,Retail,2024-11-01,158118,1
LOCK-2024-06540,Retail,2024-04-01,201901,1
LOCK-2024-06541,Wholesale,2024-12-01,491449,0
LOCK-2024-06542,Retail,2024-07-01,955607,1
LOCK-2024-06543,Retail,2024-05-01,745010,1
LOCK-2024-06544,Direct,2024-06-01,465736,0
LOCK-2024-06545,Retail,2024-06-01,1186711,1
LOCK-2024-06546,Wholesale,2024-11-01,1083652,0
LOCK-2024-06547,Correspondent,2024-08-01,684785,1
LOCK-2024-06548,Retail,2024-04-01,694178,1
LOCK-2024-06549,Retail,2024-12-01,904808,0
LOCK-2024-06550,Direct,2024-12-01,1104598,1
LOCK-2024-06551,Wholesale,2024-06-01,576515,1
LOCK-2024-06552,Direct,2024-02-01,806989,1
LOCK-2024-06553,Correspondent,2024-03-01,248513,1
LOCK-2024-06554,Correspondent,2024-06-01,1015012,0
LOCK-2024-06555,Wholesale,2024-07-01,961852,1
LOCK-2024-06556,Correspondent,2024-06-01,805897,1
LOCK-2024-06557,Wholesale,2024-08-01,157650,1
LOCK-2024-06558,Correspondent,2024-09-01,451038,0
LOCK-2024-06559,Correspondent,2024-02-01,1096991,1
LOCK-2024-06560,Retail,2024-07-01,202543,1
LOCK-2024-06561,Direct,2024-09-01,505166,0
LOCK-2024-06562,Wholesale,2024-08-01,339457,1
LOCK-2024-06563,Retail,2024-01-01,452267,0
LOCK-2024-06564,Retail,2024-05-01,1055669,1
LOCK-2024-06565,Direct,2024-08-01,1178383,0
LOCK-2024-06566,Retail,2024-07-01,892166,1
LOCK-2024-06567,Retail,2024-01-01,893159,1
LOCK-2024-06568,Retail,2024-12-01,203183,1
LOCK-2024-06569,Wholesale,2024-02-01,553681,1
LOCK-2024-06570,Retail,2024-06-01,862978,1
LOCK-2024-06571,Retail,2024-07-01,426027,1
LOCK-2024-06572,Direct,2024-02-01,800671,0
LOCK-2024-06573,Direct,2024-05-01,398210,0
LOCK-2024-06574,Direct,2024-09-01,367613,1
LOCK-2024-06575,Retail,2024-12-01,501556,0
LOCK-2024-06576,Direct,2024-08-01,210604,1
LOCK-2024-06577,Correspondent,2024-12-01,353378,1
LOCK-2024-06578,Wholesale,2024-12-01,777342,0
LOCK-2024-06579,Retail,2024-12-01,939376,1
LOCK-2024-06580,Retail,2024-10-01,798858,1
LOCK-2024-06581,Direct,2024-12-01,452281,1
LOCK-2024-06582,Direct,2024-05-01,395015,1
LOCK-2024-06583,Retail,2024-08-01,1158824,1
LOCK-2024-06584,Direct,2024-05-01,800116,0
LOCK-2024-06585,Wholesale,2024-09-01,400498,1
LOCK-2024-06586,Retail,2024-12-01,573733,1
LOCK-2024-06587,Correspondent,2024-09-01,400727,1
LOCK-2024-06588,Correspondent,2024-01-01,563460,0
LOCK-2024-06589,Direct,2024-10-01,995657,0
LOCK-2024-06590,Direct,2024-10-01,478127,1
LOCK-2024-06591,Direct,2024-02-01,711440,1
LOCK-2024-06592,Wholesale,2024-12-01,1113216,1
LOCK-2024-06593,Direct,2024-03-01,608302,1
LOCK-2024-06594,Correspondent,2024-04-01,1036042,1
LOCK-2024-06595,Wholesale,2024-02-01,1168164,1
LOCK-2024-06596,Direct,2024-05-01,1185194,0
LOCK-2024-06597,Retail,2024-02-01,585336,0
LOCK-2024-06598,Retail,2024-11-01,1164937,0
LOCK-2024-06599,Retail,2024-08-01,473747,1
LOCK-2024-06600,Retail,2024-04-01,240010,1
LOCK-2024-06601,Wholesale,2024-02-01,180219,1
LOCK-2024-06602,Retail,2024-08-01,1035292,1
LOCK-2024-06603,Correspondent,2024-02-01,433916,1
LOCK-2024-06604,Direct,2024-08-01,802855,1
LOCK-2024-06605,Retail,2024-03-01,499798,1
LOCK-2024-06606,Correspondent,2024-06-01,398392,0
LOCK-2024-06607,Direct,2024-05-01,258736,0
LOCK-2024-06608,Correspondent,2024-07-01,449837,1
LOCK-2024-06609,Wholesale,2024-09-01,654087,1
LOCK-2024-06610,Direct,2024-10-01,563985,1
LOCK-2024-06611,Wholesale,2024-04-01,573543,1
LOCK-2024-06612,Direct,2024-03-01,1094358,1
LOCK-2024-06613,Correspondent,2024-02-01,648687,0
LOCK-2024-06614,Retail,2024-02-01,191001,0
LOCK-2024-06615,Wholesale,2024-01-01,1132463,0
LOCK-2024-06616,Wholesale,2024-03-01,794013,1
LOCK-2024-06617,Correspondent,2024-08-01,967995,0
LOCK-2024-06618,Direct,2024-11-01,793314,1
LOCK-2024-06619,Direct,2024-01-01,758513,1
LOCK-2024-06620,Direct,2024-02-01,954549,1
LOCK-2024-06621,Correspondent,2024-12-01,644028,0
LOCK-2024-06622,Correspondent,2024-08-01,1047238,1
LOCK-2024-06623,Wholesale,2024-10-01,442101,1
LOCK-2024-06624,Retail,2024-11-01,1147918,1
LOCK-2024-06625,Wholesale,2024-12-01,312612,1
LOCK-2024-06626,Wholesale,2024-09-01,1068396,0
LOCK-2024-06627,Wholesale,2024-05-01,1129285,1
LOCK-2024-06628,Correspondent,2024-05-01,224765,1
LOCK-2024-06629,Retail,2024-03-01,578138,1
LOCK-2024-06630,Retail,2024-04-01,849450,1
LOCK-2024-06631,Direct,2024-06-01,1163990,1
LOCK-2024-06632,Direct,2024-07-01,307941,0
LOCK-2024-06633,Wholesale,2024-02-01,616905,1
LOCK-2024-06634,Direct,2024-03-01,1006701,1
LOCK-2024-06635,Wholesale,2024-01-01,241820,1
LOCK-2024-06636,Direct,2024-11-01,734877,1
LOCK-2024-06637,Wholesale,2024-07-01,661471,1
LOCK-2024-06638,Direct,2024-04-01,1009415,1
LOCK-2024-06639,Correspondent,2024-02-01,241471,0
LOCK-2024-06640,Wholesale,2024-10-01,1174652,1
LOCK-2024-06641,Retail,2024-07-01,1051528,1
LOCK-2024-06642,Wholesale,2024-04-01,1090614,1
LOCK-2024-06643,Direct,2024-08-01,358365,1
LOCK-2024-06644,Correspondent,2024-01-01,1182932,1
LOCK-2024-06645,Correspondent,2024-05-01,1027698,0
LOCK-2024-06646,Retail,2024-11-01,1162143,1
LOCK-2024-06647,Wholesale,2024-07-01,1089731,1
LOCK-2024-06648,Wholesale,2024-06-01,940454,1
LOCK-2024-06649,Direct,2024-04-01,772078,1
LOCK-2024-06650,Retail,2024-10-01,223347,1
LOCK-2024-06651,Wholesale,2024-07-01,502411,0
LOCK-2024-06652,Wholesale,2024-03-01,193276,1
LOCK-2024-06653,Direct,2024-02-01,365530,1
LOCK-2024-06654,Direct,2024-05-01,945141,0
LOCK-2024-06655,Retail,2024-02-01,547804,0
LOCK-2024-06656,Wholesale,2024-11-01,1122365,1
LOCK-2024-06657,Direct,2024-07-01,1021906,0
LOCK-2024-06658,Direct,2024-07-01,632493,1
LOCK-2024-06659,Wholesale,2024-11-01,928296,0
LOCK-2024-06660,Correspondent,2024-09-01,494296,0
LOCK-2024-06661,Retail,2024-01-01,945070,1
LOCK-2024-06662,Wholesale,2024-11-01,234721,1
LOCK-2024-06663,Wholesale,2024-09-01,1071218,1
LOCK-2024-06664,Retail,2024-06-01,454256,1
LOCK-2024-06665,Retail,2024-09-01,468902,1
LOCK-2024-06666,Correspondent,2024-12-01,844256,1
LOCK-2024-06667,Wholesale,2024-03-01,1129567,1
LOCK-2024-06668,Wholesale,2024-05-01,1168359,1
LOCK-2024-06669,Retail,2024-12-01,775969,0
LOCK-2024-06670,Wholesale,2024-11-01,715460,0
LOCK-2024-06671,Direct,2024-02-01,240467,1
LOCK-2024-06672,Direct,2024-06-01,867395,1
LOCK-2024-06673,Wholesale,2024-08-01,405473,0
LOCK-2024-06674,Direct,2024-10-01,238866,0
LOCK-2024-06675,Correspondent,2024-06-01,218228,0
LOCK-2024-06676,Correspondent,2024-09-01,275356,1
LOCK-2024-06677,Retail,2024-08-01,1133701,1
LOCK-2024-06678,Retail,2024-01-01,862552,0
LOCK-2024-06679,Retail,2024-03-01,900222,1
LOCK-2024-06680,Wholesale,2024-09-01,682630,1
LOCK-2024-06681,Correspondent,2024-02-01,291638,1
LOCK-2024-06682,Correspondent,2024-06-01,765011,0
LOCK-2024-06683,Retail,2024-01-01,380407,1
LOCK-2024-06684,Direct,2024-06-01,884198,1
LOCK-2024-06685,Retail,2024-11-01,1027991,1
LOCK-2024-06686,Direct,2024-03-01,677632,0
LOCK-2024-06687,Wholesale,2024-05-01,913526,1
LOCK-2024-06688,Retail,2024-08-01,1162685,1
LOCK-2024-06689,Wholesale,2024-04-01,1164894,1
LOCK-2024-06690,Retail,2024-04-01,408359,0
LOCK-2024-06691,Wholesale,2024-07-01,1016658,1
LOCK-2024-06692,Direct,2024-01-01,1095995,0
LOCK-2024-06693,Wholesale,2024-01-01,194373,1
LOCK-2024-06694,Retail,2024-02-01,1052287,1
LOCK-2024-06695,Wholesale,2024-08-01,578764,1
LOCK-2024-06696,Retail,2024-12-01,1181822,1
LOCK-2024-06697,Correspondent,2024-02-01,548361,1
LOCK-2024-06698,Correspondent,2024-06-01,798949,1
LOCK-2024-06699,Correspondent,2024-07-01,548684,1
LOCK-2024-06700,Correspondent,2024-03-01,172770,0
LOCK-2024-06701,Retail,2024-04-01,414677,1
LOCK-2024-06702,Retail,2024-10-01,565917,1
LOCK-2024-06703,Wholesale,2024-09-01,518995,1
LOCK-2024-06704,Retail,2024-10-01,944583,1
LOCK-2024-06705,Wholesale,2024-09-01,901790,1
LOCK-2024-06706,Wholesale,2024-02-01,302775,1
LOCK-2024-06707,Correspondent,2024-03-01,389717,1
LOCK-2024-06708,Wholesale,2024-03-01,199516,1
LOCK-2024-06709,Correspondent,2024-11-01,313327,1
LOCK-2024-06710,Direct,2024-10-01,398885,1
LOCK-2024-06711,Wholesale,2024-01-01,930772,0
LOCK-2024-06712,Wholesale,2024-08-01,520666,0
LOCK-2024-06713,Wholesale,2024-04-01,625265,1
LOCK-2024-06714,Correspondent,2024-01-01,763095,1
LOCK-2024-06715,Correspondent,2024-07-01,888656,1
LOCK-2024-06716,Correspondent,2024-01-01,1153685,1
LOCK-2024-06717,Direct,2024-12-01,827302,0
LOCK-2024-06718,Correspondent,2024-08-01,335925,1
LOCK-2024-06719,Correspondent,2024-09-01,186178,0
LOCK-2024-06720,Direct,2024-08-01,837339,0
LOCK-2024-06721,Correspondent,2024-07-01,821464,1
LOCK-2024-06722,Wholesale,2024-04-01,980512,0
LOCK-2024-06723,Direct,2024-10-01,693167,1
LOCK-2024-06724,Retail,2024-10-01,432486,1
LOCK-2024-06725,Retail,2024-12-01,393259,1
LOCK-2024-06726,Correspondent,2024-02-01,481423,0
LOCK-2024-06727,Direct,2024-08-01,197307,1
LOCK-2024-06728,Direct,2024-07-01,411279,0
LOCK-2024-06729,Direct,2024-05-01,549384,1
LOCK-2024-06730,Direct,2024-10-01,658395,1
LOCK-2024-06731,Correspondent,2024-05-01,1133429,1
LOCK-2024-06732,Retail,2024-12-01,315291,0
LOCK-2024-06733,Correspondent,2024-08-01,395025,1
LOCK-2024-06734,Wholesale,2024-04-01,1142079,1
LOCK-2024-06735,Direct,2024-03-01,229295,0
LOCK-2024-06736,Correspondent,2024-01-01,526167,1
LOCK-2024-06737,Retail,2024-09-01,507891,1
LOCK-2024-06738,Retail,2024-11-01,200142,0
LOCK-2024-06739,Retail,2024-12-01,267738,0
LOCK-2024-06740,Correspondent,2024-05-01,328451,1
LOCK-2024-06741,Correspondent,2024-09-01,720422,0
LOCK-2024-06742,Wholesale,2024-12-01,527966,0
LOCK-2024-06743,Wholesale,2024-02-01,1153762,1
LOCK-2024-06744,Retail,2024-03-01,876596,1
LOCK-2024-06745,Direct,2024-12-01,455592,1
LOCK-2024-06746,Retail,2024-04-01,509255,1
LOCK-2024-06747,Correspondent,2024-10-01,505554,1
LOCK-2024-06748,Wholesale,2024-10-01,154364,0
LOCK-2024-06749,Wholesale,2024-12-01,736158,1
LOCK-2024-06750,Retail,2024-10-01,307313,1
LOCK-2024-06751,Direct,2024-01-01,754055,0
LOCK-2024-06752,Correspondent,2024-07-01,328551,1
LOCK-2024-06753,Direct,2024-02-01,175548,1
LOCK-2024-06754,Direct,2024-06-01,300473,0
LOCK-2024-06755,Retail,2024-01-01,334201,0
LOCK-2024-06756,Retail,2024-04-01,664603,1
LOCK-2024-06757,Direct,2024-05-01,890371,1
LOCK-2024-06758,Direct,2024-08-01,961322,1
LOCK-2024-06759,Correspondent,2024-10-01,337660,1
LOCK-2024-06760,Wholesale,2024-05-01,1078144,0
LOCK-2024-06761,Correspondent,2024-02-01,700157,0
LOCK-2024-06762,Retail,2024-03-01,1003661,0
LOCK-2024-06763,Direct,2024-03-01,795392,0
LOCK-2024-06764,Retail,2024-07-01,1121897,0
LOCK-2024-06765,Wholesale,2024-01-01,734895,1
LOCK-2024-06766,Retail,2024-01-01,502144,1
LOCK-2024-06767,Direct,2024-04-01,839089,1
LOCK-2024-06768,Correspondent,2024-05-01,862254,0
LOCK-2024-06769,Direct,2024-11-01,685791,1
LOCK-2024-06770,Direct,2024-12-01,1142548,1
LOCK-2024-06771,Retail,2024-11-01,1131988,0
LOCK-2024-06772,Retail,2024-11-01,1008854,1
LOCK-2024-06773,Retail,2024-06-01,219464,1
LOCK-2024-06774,Correspondent,2024-07-01,397917,0
LOCK-2024-06775,Retail,2024-03-01,758874,1
LOCK-2024-06776,Correspondent,2024-06-01,292722,0
LOCK-2024-06777,Retail,2024-08-01,688969,1
LOCK-2024-06778,Wholesale,2024-05-01,210062,1
LOCK-2024-06779,Retail,2024-06-01,396600,1
LOCK-2024-06780,Wholesale,2024-12-01,409287,0
LOCK-2024-06781,Direct,2024-05-01,368298,1
LOCK-2024-06782,Retail,2024-11-01,1162474,1
LOCK-2024-06783,Direct,2024-01-01,253000,1
LOCK-2024-06784,Correspondent,2024-08-01,751433,1
LOCK-2024-06785,Retail,2024-05-01,980612,1
LOCK-2024-06786,Correspondent,2024-02-01,810225,1
LOCK-2024-06787,Correspondent,2024-05-01,727562,1
LOCK-2024-06788,Direct,2024-07-01,754903,1
LOCK-2024-06789,Retail,2024-10-01,1192936,1
LOCK-2024-06790,Wholesale,2024-07-01,723798,1
LOCK-2024-06791,Direct,2024-02-01,292955,1
LOCK-2024-06792,Direct,2024-02-01,515974,1
LOCK-2024-06793,Wholesale,2024-07-01,740372,1
LOCK-2024-06794,Direct,2024-06-01,485195,1
LOCK-2024-06795,Wholesale,2024-07-01,187067,1
LOCK-2024-06796,Direct,2024-07-01,975768,0
LOCK-2024-06797,Correspondent,2024-07-01,607075,1
LOCK-2024-06798,Direct,2024-08-01,184129,1
LOCK-2024-06799,Direct,2024-02-01,1123798,0
LOCK-2024-06800,Correspondent,2024-04-01,1125809,1
LOCK-2024-06801,Wholesale,2024-02-01,1101147,0
LOCK-2024-06802,Retail,2024-03-01,199344,0
LOCK-2024-06803,Wholesale,2024-11-01,234784,0
LOCK-2024-06804,Correspondent,2024-12-01,580329,1
LOCK-2024-06805,Direct,2024-03-01,589816,1
LOCK-2024-06806,Correspondent,2024-05-01,527269,1
LOCK-2024-06807,Correspondent,2024-10-01,646224,1
LOCK-2024-06808,Direct,2024-09-01,927936,1
LOCK-2024-06809,Correspondent,2024-01-01,283473,1
LOCK-2024-06810,Correspondent,2024-07-01,1045450,1
LOCK-2024-06811,Wholesale,2024-09-01,977696,1
LOCK-2024-06812,Retail,2024-10-01,845071,0
LOCK-2024-06813,Direct,2024-06-01,166206,0
LOCK-2024-06814,Correspondent,2024-06-01,399395,1
LOCK-2024-06815,Retail,2024-02-01,1056123,1
LOCK-2024-06816,Direct,2024-08-01,1031077,0
LOCK-2024-06817,Direct,2024-02-01,686258,0
LOCK-2024-06818,Correspondent,2024-06-01,289792,1
LOCK-2024-06819,Direct,2024-01-01,1173754,1
LOCK-2024-06820,Direct,2024-11-01,926990,1
LOCK-2024-06821,Correspondent,2024-06-01,329531,1
LOCK-2024-06822,Wholesale,2024-03-01,1005265,1
LOCK-2024-06823,Wholesale,2024-07-01,486776,1
LOCK-2024-06824,Correspondent,2024-01-01,808685,1
LOCK-2024-06825,Correspondent,2024-01-01,363638,0
LOCK-2024-06826,Correspondent,2024-02-01,908608,1
LOCK-2024-06827,Correspondent,2024-08-01,558939,0
LOCK-2024-06828,Wholesale,2024-03-01,939492,0
LOCK-2024-06829,Retail,2024-05-01,1044057,1
LOCK-2024-06830,Wholesale,2024-05-01,1097961,1
LOCK-2024-06831,Direct,2024-04-01,743741,1
LOCK-2024-06832,Retail,2024-05-01,1136538,0
LOCK-2024-06833,Correspondent,2024-08-01,301196,1
LOCK-2024-06834,Direct,2024-02-01,677443,1
LOCK-2024-06835,Correspondent,2024-03-01,496270,1
LOCK-2024-06836,Retail,2024-12-01,637622,0
LOCK-2024-06837,Retail,2024-10-01,1024762,1
LOCK-2024-06838,Wholesale,2024-05-01,711251,1
LOCK-2024-06839,Retail,2024-07-01,300705,0
LOCK-2024-06840,Correspondent,2024-07-01,760405,1
LOCK-2024-06841,Retail,2024-11-01,1117023,1
LOCK-2024-06842,Retail,2024-12-01,1110038,0
LOCK-2024-06843,Direct,2024-01-01,860682,0
LOCK-2024-06844,Wholesale,2024-09-01,492065,0
LOCK-2024-06845,Retail,2024-10-01,466670,1
LOCK-2024-06846,Retail,2024-11-01,1038619,0
LOCK-2024-06847,Wholesale,2024-03-01,585843,1
LOCK-2024-06848,Direct,2024-05-01,904370,1
LOCK-2024-06849,Direct,2024-07-01,482160,1
LOCK-2024-06850,Correspondent,2024-07-01,992402,0
LOCK-2024-06851,Wholesale,2024-04-01,253421,0
LOCK-2024-06852,Direct,2024-05-01,287038,1
LOCK-2024-06853,Correspondent,2024-05-01,622526,1
LOCK-2024-06854,Direct,2024-05-01,552620,1
LOCK-2024-06855,Direct,2024-06-01,900302,0
LOCK-2024-06856,Direct,2024-05-01,224693,1
LOCK-2024-06857,Retail,2024-10-01,1127581,1
LOCK-2024-06858,Direct,2024-01-01,582489,0
LOCK-2024-06859,Retail,2024-05-01,453193,1
LOCK-2024-06860,Retail,2024-04-01,404055,1
LOCK-2024-06861,Correspondent,2024-12-01,881946,0
LOCK-2024-06862,Direct,2024-01-01,869120,1
LOCK-2024-06863,Correspondent,2024-08-01,737251,1
LOCK-2024-06864,Correspondent,2024-08-01,1197499,0
LOCK-2024-06865,Wholesale,2024-09-01,532430,1
LOCK-2024-06866,Direct,2024-05-01,960875,1
LOCK-2024-06867,Wholesale,2024-12-01,174971,1
LOCK-2024-06868,Correspondent,2024-11-01,926404,0
LOCK-2024-06869,Direct,2024-02-01,973051,1
LOCK-2024-06870,Retail,2024-08-01,475244,1
LOCK-2024-06871,Direct,2024-12-01,230743,1
LOCK-2024-06872,Wholesale,2024-07-01,571490,0
LOCK-2024-06873,Wholesale,2024-11-01,1176766,1
LOCK-2024-06874,Retail,2024-02-01,892876,1
LOCK-2024-06875,Retail,2024-11-01,750078,1
LOCK-2024-06876,Direct,2024-02-01,476825,1
LOCK-2024-06877,Direct,2024-08-01,457623,0
LOCK-2024-06878,Retail,2024-05-01,509098,0
LOCK-2024-06879,Retail,2024-02-01,682158,1
LOCK-2024-06880,Direct,2024-05-01,877331,0
LOCK-2024-06881,Direct,2024-04-01,241660,1
LOCK-2024-06882,Wholesale,2024-05-01,603462,0
LOCK-2024-06883,Wholesale,2024-11-01,1161376,1
LOCK-2024-06884,Retail,2024-04-01,1131555,1
LOCK-2024-06885,Retail,2024-09-01,868831,1
LOCK-2024-06886,Direct,2024-05-01,570059,1
LOCK-2024-06887,Correspondent,2024-03-01,1197760,0
LOCK-2024-06888,Direct,2024-03-01,344187,1
LOCK-2024-06889,Correspondent,2024-12-01,928182,0
LOCK-2024-06890,Retail,2024-06-01,292332,1
LOCK-2024-06891,Retail,2024-06-01,192385,1
LOCK-2024-06892,Retail,2024-02-01,559370,1
LOCK-2024-06893,Retail,2024-08-01,609521,1
LOCK-2024-06894,Direct,2024-03-01,729683,1
LOCK-2024-06895,Retail,2024-07-01,516884,1
LOCK-2024-06896,Wholesale,2024-02-01,1071945,1
LOCK-2024-06897,Correspondent,2024-01-01,480316,1
LOCK-2024-06898,Wholesale,2024-01-01,395894,0
LOCK-2024-06899,Direct,2024-04-01,265127,1
LOCK-2024-06900,Retail,2024-11-01,982948,1
LOCK-2024-06901,Retail,2024-08-01,314760,0
LOCK-2024-06902,Wholesale,2024-01-01,648452,0
LOCK-2024-06903,Direct,2024-02-01,518512,0
LOCK-2024-06904,Retail,2024-01-01,299797,1
LOCK-2024-06905,Correspondent,2024-10-01,1170899,0
LOCK-2024-06906,Direct,2024-02-01,997276,0
LOCK-2024-06907,Retail,2024-05-01,1057117,0
LOCK-2024-06908,Direct,2024-12-01,248790,1
LOCK-2024-06909,Correspondent,2024-06-01,1142531,1
LOCK-2024-06910,Correspondent,2024-12-01,206069,1
LOCK-2024-06911,Direct,2024-04-01,1087327,1
LOCK-2024-06912,Retail,2024-10-01,847580,1
LOCK-2024-06913,Correspondent,2024-02-01,928606,0
LOCK-2024-06914,Direct,2024-04-01,281876,0
LOCK-2024-06915,Direct,2024-10-01,441781,0
LOCK-2024-06916,Wholesale,2024-04-01,283520,0
LOCK-2024-06917,Direct,2024-10-01,327254,1
LOCK-2024-06918,Correspondent,2024-08-01,707092,1
LOCK-2024-06919,Direct,2024-06-01,775289,1
LOCK-2024-06920,Wholesale,2024-04-01,644955,1
LOCK-2024-06921,Correspondent,2024-01-01,460455,1
LOCK-2024-06922,Retail,2024-07-01,402779,0
LOCK-2024-06923,Retail,2024-05-01,1105023,0
LOCK-2024-06924,Direct,2024-09-01,592533,1
LOCK-2024-06925,Correspondent,2024-04-01,431210,1
LOCK-2024-06926,Retail,2024-10-01,1152474,0
LOCK-2024-06927,Wholesale,2024-10-01,1029359,1
LOCK-2024-06928,Wholesale,2024-11-01,403827,1
LOCK-2024-06929,Correspondent,2024-11-01,266466,1
LOCK-2024-06930,Correspondent,2024-01-01,887451,1
LOCK-2024-06931,Wholesale,2024-02-01,549635,1
LOCK-2024-06932,Correspondent,2024-12-01,1070229,0
LOCK-2024-06933,Wholesale,2024-06-01,888969,1
LOCK-2024-06934,Direct,2024-06-01,762412,0
LOCK-2024-06935,Direct,2024-05-01,730482,1
LOCK-2024-06936,Retail,2024-02-01,377084,1
LOCK-2024-06937,Correspondent,2024-10-01,458437,1
LOCK-2024-06938,Wholesale,2024-10-01,662101,1
LOCK-2024-06939,Retail,2024-08-01,288681,1
LOCK-2024-06940,Wholesale,2024-04-01,374729,1
LOCK-2024-06941,Correspondent,2024-05-01,488281,1
LOCK-2024-06942,Wholesale,2024-09-01,843809,1
LOCK-2024-06943,Direct,2024-05-01,258905,1
LOCK-2024-06944,Wholesale,2024-08-01,495635,0
LOCK-2024-06945,Correspondent,2024-10-01,825989,1
LOCK-2024-06946,Wholesale,2024-10-01,256531,1
LOCK-2024-06947,Retail,2024-10-01,892293,0
LOCK-2024-06948,Direct,2024-08-01,239485,0
LOCK-2024-06949,Direct,2024-09-01,932151,1
LOCK-2024-06950,Correspondent,2024-10-01,669723,0
LOCK-2024-06951,Retail,2024-09-01,624650,1
LOCK-2024-06952,Direct,2024-04-01,1142656,1
LOCK-2024-06953,Wholesale,2024-03-01,499710,1
LOCK-2024-06954,Direct,2024-07-01,405102,0
LOCK-2024-06955,Wholesale,2024-12-01,407835,1
LOCK-2024-06956,Direct,2024-09-01,1017533,1
LOCK-2024-06957,Retail,2024-10-01,1095008,1
LOCK-2024-06958,Wholesale,2024-01-01,523857,1
LOCK-2024-06959,Retail,2024-09-01,573358,1
LOCK-2024-06960,Retail,2024-06-01,480624,1
LOCK-2024-06961,Correspondent,2024-01-01,804976,1
LOCK-2024-06962,Retail,2024-12-01,955491,1
LOCK-2024-06963,Correspondent,2024-01-01,942450,1
LOCK-2024-06964,Retail,2024-04-01,421891,1
LOCK-2024-06965,Retail,2024-09-01,996940,0
LOCK-2024-06966,Retail,2024-05-01,984261,0
LOCK-2024-06967,Wholesale,2024-10-01,1075389,1
LOCK-2024-06968,Wholesale,2024-09-01,923554,1
LOCK-2024-06969,Correspondent,2024-01-01,279387,1
LOCK-2024-06970,Wholesale,2024-01-01,970380,1
LOCK-2024-06971,Direct,2024-07-01,693755,0
LOCK-2024-06972,Retail,2024-10-01,912322,1
LOCK-2024-06973,Wholesale,2024-06-01,586141,0
LOCK-2024-06974,Wholesale,2024-02-01,878890,1
LOCK-2024-06975,Wholesale,2024-02-01,594791,1
LOCK-2024-06976,Retail,2024-05-01,459132,1
LOCK-2024-06977,Wholesale,2024-04-01,903778,1
LOCK-2024-06978,Correspondent,2024-11-01,1052961,1
LOCK-2024-06979,Direct,2024-12-01,807114,1
LOCK-2024-06980,Retail,2024-02-01,657401,0
LOCK-2024-06981,Retail,2024-03-01,317487,0
LOCK-2024-06982,Wholesale,2024-07-01,573938,1
LOCK-2024-06983,Wholesale,2024-03-01,193616,1
LOCK-2024-06984,Correspondent,2024-03-01,304381,1
LOCK-2024-06985,Direct,2024-10-01,1106302,1
LOCK-2024-06986,Direct,2024-05-01,1199534,1
LOCK-2024-06987,Retail,2024-09-01,1165061,1
LOCK-2024-06988,Retail,2024-01-01,364646,1
LOCK-2024-06989,Direct,2024-06-01,964612,0
LOCK-2024-06990,Retail,2024-01-01,533403,0
LOCK-2024-06991,Correspondent,2024-08-01,907088,1
LOCK-2024-06992,Direct,2024-05-01,371182,0
LOCK-2024-06993,Retail,2024-05-01,263219,0
LOCK-2024-06994,Wholesale,2024-04-01,1183598,0
LOCK-2024-06995,Wholesale,2024-03-01,725026,1
LOCK-2024-06996,Direct,2024-11-01,1131760,1
LOCK-2024-06997,Wholesale,2024-11-01,686280,1
LOCK-2024-06998,Direct,2024-06-01,1065891,1
LOCK-2024-06999,Retail,2024-04-01,816795,1
LOCK-2024-07000,Wholesale,2024-11-01,308554,1
LOCK-2024-07001,Direct,2024-07-01,286897,0
LOCK-2024-07002,Direct,2024-06-01,201337,0
LOCK-2024-07003,Retail,2024-11-01,848289,1
LOCK-2024-07004,Retail,2024-11-01,1123321,1
LOCK-2024-07005,Correspondent,2024-09-01,346676,1
LOCK-2024-07006,Retail,2024-10-01,640247,1
LOCK-2024-07007,Direct,2024-09-01,941458,1
LOCK-2024-07008,Correspondent,2024-03-01,197631,0
LOCK-2024-07009,Wholesale,2024-03-01,1124158,0
LOCK-2024-07010,Direct,2024-06-01,1055168,0
LOCK-2024-07011,Direct,2024-07-01,810467,0
LOCK-2024-07012,Wholesale,2024-02-01,714837,1
LOCK-2024-07013,Retail,2024-01-01,658983,0
LOCK-2024-07014,Direct,2024-01-01,1068982,0
LOCK-2024-07015,Correspondent,2024-05-01,530306,1
LOCK-2024-07016,Correspondent,2024-06-01,691228,1
LOCK-2024-07017,Retail,2024-09-01,1028236,0
LOCK-2024-07018,Retail,2024-06-01,853950,0
LOCK-2024-07019,Retail,2024-12-01,908273,1
LOCK-2024-07020,Correspondent,2024-10-01,304094,1
LOCK-2024-07021,Correspondent,2024-06-01,1061274,1
LOCK-2024-07022,Direct,2024-07-01,863537,1
LOCK-2024-07023,Direct,2024-04-01,427812,1
LOCK-2024-07024,Direct,2024-06-01,633204,1
LOCK-2024-07025,Retail,2024-07-01,478144,1
LOCK-2024-07026,Direct,2024-05-01,1140451,1
LOCK-2024-07027,Wholesale,2024-11-01,486335,0
LOCK-2024-07028,Correspondent,2024-12-01,1191577,1
LOCK-2024-07029,Correspondent,2024-02-01,291339,1
LOCK-2024-07030,Correspondent,2024-02-01,822153,0
LOCK-2024-07031,Wholesale,2024-12-01,682685,1
LOCK-2024-07032,Direct,2024-12-01,455418,0
LOCK-2024-07033,Retail,2024-04-01,729703,1
LOCK-2024-07034,Correspondent,2024-12-01,882811,1
LOCK-2024-07035,Correspondent,2024-05-01,151087,1
LOCK-2024-07036,Direct,2024-07-01,698777,1
LOCK-2024-07037,Wholesale,2024-02-01,273148,0
LOCK-2024-07038,Retail,2024-10-01,244940,1
LOCK-2024-07039,Wholesale,2024-02-01,572760,1
LOCK-2024-07040,Wholesale,2024-02-01,842852,1
LOCK-2024-07041,Correspondent,2024-03-01,515548,1
LOCK-2024-07042,Retail,2024-09-01,977693,1
LOCK-2024-07043,Correspondent,2024-03-01,589668,1
LOCK-2024-07044,Wholesale,2024-08-01,867147,0
LOCK-2024-07045,Retail,2024-01-01,313453,1
LOCK-2024-07046,Correspondent,2024-06-01,839512,1
LOCK-2024-07047,Retail,2024-12-01,480455,1
LOCK-2024-07048,Correspondent,2024-07-01,1118700,0
LOCK-2024-07049,Retail,2024-11-01,500079,0
LOCK-2024-07050,Correspondent,2024-08-01,285689,1
LOCK-2024-07051,Direct,2024-03-01,887734,1
LOCK-2024-07052,Retail,2024-02-01,452050,1
LOCK-2024-07053,Retail,2024-03-01,690499,1
LOCK-2024-07054,Wholesale,2024-05-01,431986,1
LOCK-2024-07055,Direct,2024-11-01,522909,1
LOCK-2024-07056,Correspondent,2024-06-01,428830,0
LOCK-2024-07057,Retail,2024-05-01,214715,1
LOCK-2024-07058,Correspondent,2024-03-01,982552,0
LOCK-2024-07059,Correspondent,2024-08-01,552626,1
LOCK-2024-07060,Direct,2024-06-01,524355,1
LOCK-2024-07061,Retail,2024-07-01,833308,1
LOCK-2024-07062,Wholesale,2024-06-01,1014688,1
LOCK-2024-07063,Wholesale,2024-02-01,209716,1
LOCK-2024-07064,Wholesale,2024-02-01,638303,1
LOCK-2024-07065,Wholesale,2024-11-01,448600,0
LOCK-2024-07066,Retail,2024-05-01,650982,1
LOCK-2024-07067,Direct,2024-10-01,491956,0
LOCK-2024-07068,Retail,2024-08-01,425631,1
LOCK-2024-07069,Correspondent,2024-09-01,422652,0
LOCK-2024-07070,Retail,2024-03-01,587664,0
LOCK-2024-07071,Retail,2024-12-01,1145943,1
LOCK-2024-07072,Direct,2024-04-01,858609,1
LOCK-2024-07073,Retail,2024-06-01,557614,1
LOCK-2024-07074,Direct,2024-11-01,716976,0
LOCK-2024-07075,Wholesale,2024-02-01,293532,1
LOCK-2024-07076,Retail,2024-06-01,543205,0
LOCK-2024-07077,Retail,2024-03-01,753829,1
LOCK-2024-07078,Direct,2024-07-01,309784,1
LOCK-2024-07079,Retail,2024-09-01,720788,1
LOCK-2024-07080,Correspondent,2024-01-01,469250,1
LOCK-2024-07081,Correspondent,2024-04-01,575929,1
LOCK-2024-07082,Retail,2024-06-01,265603,1
LOCK-2024-07083,Correspondent,2024-10-01,733890,1
LOCK-2024-07084,Wholesale,2024-05-01,409516,1
LOCK-2024-07085,Direct,2024-01-01,387461,1
LOCK-2024-07086,Retail,2024-07-01,708325,0
LOCK-2024-07087,Wholesale,2024-10-01,1176296,1
LOCK-2024-07088,Direct,2024-02-01,883839,1
LOCK-2024-07089,Retail,2024-10-01,392319,1
LOCK-2024-07090,Retail,2024-05-01,565752,0
LOCK-2024-07091,Retail,2024-05-01,901808,0
LOCK-2024-07092,Direct,2024-08-01,802565,1
LOCK-2024-07093,Retail,2024-12-01,815601,1
LOCK-2024-07094,Correspondent,2024-06-01,910132,0
LOCK-2024-07095,Wholesale,2024-05-01,1034763,1
LOCK-2024-07096,Correspondent,2024-08-01,736188,1
LOCK-2024-07097,Correspondent,2024-02-01,446193,1
LOCK-2024-07098,Direct,2024-06-01,274122,0
LOCK-2024-07099,Correspondent,2024-10-01,168320,0
LOCK-2024-07100,Retail,2024-07-01,646758,1
LOCK-2024-07101,Direct,2024-05-01,996780,0
LOCK-2024-07102,Wholesale,2024-04-01,834451,0
LOCK-2024-07103,Direct,2024-12-01,957264,1
LOCK-2024-07104,Direct,2024-09-01,1185570,1
LOCK-2024-07105,Retail,2024-06-01,210134,0
LOCK-2024-07106,Correspondent,2024-12-01,577205,0
LOCK-2024-07107,Direct,2024-02-01,457292,0
LOCK-2024-07108,Retail,2024-02-01,316033,0
LOCK-2024-07109,Correspondent,2024-10-01,606105,1
LOCK-2024-07110,Direct,2024-06-01,1078144,1
LOCK-2024-07111,Direct,2024-02-01,1115958,1
LOCK-2024-07112,Direct,2024-07-01,746591,1
LOCK-2024-07113,Correspondent,2024-08-01,666410,1
LOCK-2024-07114,Correspondent,2024-12-01,1133279,0
LOCK-2024-07115,Direct,2024-12-01,1073118,1
LOCK-2024-07116,Retail,2024-07-01,497243,1
LOCK-2024-07117,Correspondent,2024-06-01,665283,1
LOCK-2024-07118,Wholesale,2024-10-01,874774,0
LOCK-2024-07119,Wholesale,2024-11-01,1171528,1
LOCK-2024-07120,Wholesale,2024-08-01,475571,1
LOCK-2024-07121,Correspondent,2024-09-01,776212,1
LOCK-2024-07122,Direct,2024-08-01,729323,0
LOCK-2024-07123,Correspondent,2024-05-01,612143,1
LOCK-2024-07124,Direct,2024-01-01,295827,1
LOCK-2024-07125,Wholesale,2024-08-01,369242,1
LOCK-2024-07126,Direct,2024-07-01,360343,1
LOCK-2024-07127,Wholesale,2024-08-01,392821,0
LOCK-2024-07128,Wholesale,2024-12-01,799788,0
LOCK-2024-07129,Correspondent,2024-12-01,250528,1
LOCK-2024-07130,Correspondent,2024-03-01,578128,1
LOCK-2024-07131,Direct,2024-07-01,961113,0
LOCK-2024-07132,Correspondent,2024-02-01,234312,1
LOCK-2024-07133,Correspondent,2024-01-01,1166351,1
LOCK-2024-07134,Retail,2024-11-01,1025835,0
LOCK-2024-07135,Correspondent,2024-06-01,636209,1
LOCK-2024-07136,Wholesale,2024-12-01,843787,1
LOCK-2024-07137,Retail,2024-09-01,743646,1
LOCK-2024-07138,Correspondent,2024-09-01,154191,1
LOCK-2024-07139,Wholesale,2024-04-01,924929,1
LOCK-2024-07140,Direct,2024-12-01,508548,0
LOCK-2024-07141,Correspondent,2024-01-01,853846,1
LOCK-2024-07142,Retail,2024-05-01,1131300,0
LOCK-2024-07143,Wholesale,2024-02-01,169376,1
LOCK-2024-07144,Direct,2024-05-01,320885,0
LOCK-2024-07145,Retail,2024-11-01,629309,1
LOCK-2024-07146,Correspondent,2024-01-01,778652,1
LOCK-2024-07147,Retail,2024-08-01,1041909,1
LOCK-2024-07148,Retail,2024-07-01,170395,0
LOCK-2024-07149,Direct,2024-01-01,1151220,1
LOCK-2024-07150,Correspondent,2024-05-01,493412,1
LOCK-2024-07151,Direct,2024-05-01,216504,1
LOCK-2024-07152,Wholesale,2024-09-01,213966,0
LOCK-2024-07153,Retail,2024-09-01,850838,1
LOCK-2024-07154,Direct,2024-12-01,636650,1
LOCK-2024-07155,Correspondent,2024-04-01,1085907,0
LOCK-2024-07156,Direct,2024-05-01,155098,1
LOCK-2024-07157,Direct,2024-04-01,840271,1
LOCK-2024-07158,Correspondent,2024-05-01,961293,1
LOCK-2024-07159,Correspondent,2024-08-01,1004276,1
LOCK-2024-07160,Wholesale,2024-03-01,300690,1
LOCK-2024-07161,Direct,2024-06-01,945800,1
LOCK-2024-07162,Wholesale,2024-12-01,661453,1
LOCK-2024-07163,Direct,2024-08-01,1167253,1
LOCK-2024-07164,Direct,2024-09-01,382534,1
LOCK-2024-07165,Wholesale,2024-09-01,376876,1
LOCK-2024-07166,Correspondent,2024-07-01,626405,0
LOCK-2024-07167,Correspondent,2024-04-01,925395,1
LOCK-2024-07168,Retail,2024-01-01,1167239,1
LOCK-2024-07169,Correspondent,2024-09-01,310373,0
LOCK-2024-07170,Retail,2024-02-01,218630,0
LOCK-2024-07171,Retail,2024-08-01,987691,1
LOCK-2024-07172,Retail,2024-11-01,677146,1
LOCK-2024-07173,Retail,2024-06-01,1052571,1
LOCK-2024-07174,Retail,2024-08-01,176671,1
LOCK-2024-07175,Direct,2024-06-01,1162240,0
LOCK-2024-07176,Wholesale,2024-05-01,977574,1
LOCK-2024-07177,Retail,2024-08-01,293765,1
LOCK-2024-07178,Correspondent,2024-04-01,699129,1
LOCK-2024-07179,Correspondent,2024-10-01,275811,0
LOCK-2024-07180,Retail,2024-12-01,909371,1
LOCK-2024-07181,Retail,2024-09-01,649167,0
LOCK-2024-07182,Direct,2024-09-01,1084519,1
LOCK-2024-07183,Correspondent,2024-04-01,599469,1
LOCK-2024-07184,Direct,2024-04-01,240332,1
LOCK-2024-07185,Wholesale,2024-05-01,816990,0
LOCK-2024-07186,Direct,2024-03-01,255141,1
LOCK-2024-07187,Wholesale,2024-01-01,950205,1
LOCK-2024-07188,Correspondent,2024-11-01,801857,1
LOCK-2024-07189,Wholesale,2024-08-01,169328,1
LOCK-2024-07190,Retail,2024-10-01,707513,1
LOCK-2024-07191,Wholesale,2024-04-01,790516,1
LOCK-2024-07192,Wholesale,2024-06-01,360467,1
LOCK-2024-07193,Wholesale,2024-11-01,845856,1
LOCK-2024-07194,Wholesale,2024-03-01,1015693,0
LOCK-2024-07195,Retail,2024-10-01,969263,1
LOCK-2024-07196,Wholesale,2024-08-01,847054,1
LOCK-2024-07197,Retail,2024-11-01,709666,0
LOCK-2024-07198,Correspondent,2024-10-01,467894,1
LOCK-2024-07199,Wholesale,2024-09-01,242169,1
LOCK-2024-07200,Correspondent,2024-11-01,406233,1
LOCK-2024-07201,Correspondent,2024-10-01,1141412,1
LOCK-2024-07202,Direct,2024-06-01,1011735,0
LOCK-2024-07203,Direct,2024-07-01,805309,1
LOCK-2024-07204,Correspondent,2024-04-01,332619,0
LOCK-2024-07205,Retail,2024-01-01,890171,1
LOCK-2024-07206,Correspondent,2024-06-01,637813,0
LOCK-2024-07207,Direct,2024-11-01,753739,0
LOCK-2024-07208,Retail,2024-09-01,1147573,1
LOCK-2024-07209,Direct,2024-08-01,358819,1
LOCK-2024-07210,Correspondent,2024-05-01,604112,1
LOCK-2024-07211,Correspondent,2024-07-01,312271,1
LOCK-2024-07212,Correspondent,2024-01-01,437372,0
LOCK-2024-07213,Correspondent,2024-11-01,336132,0
LOCK-2024-07214,Wholesale,2024-01-01,217650,1
LOCK-2024-07215,Retail,2024-07-01,686304,0
LOCK-2024-07216,Direct,2024-11-01,339509,1
LOCK-2024-07217,Retail,2024-05-01,733222,1
LOCK-2024-07218,Correspondent,2024-09-01,824060,1
LOCK-2024-07219,Direct,2024-07-01,1151936,1
LOCK-2024-07220,Direct,2024-02-01,172318,1
LOCK-2024-07221,Correspondent,2024-07-01,233906,1
LOCK-2024-07222,Correspondent,2024-12-01,914672,0
LOCK-2024-07223,Wholesale,2024-05-01,801240,0
LOCK-2024-07224,Direct,2024-07-01,350920,1
LOCK-2024-07225,Correspondent,2024-05-01,1071030,1
LOCK-2024-07226,Correspondent,2024-09-01,918750,1
LOCK-2024-07227,Correspondent,2024-04-01,225823,1
LOCK-2024-07228,Retail,2024-11-01,1000321,0
LOCK-2024-07229,Direct,2024-09-01,579104,1
LOCK-2024-07230,Wholesale,2024-03-01,203800,1
LOCK-2024-07231,Retail,2024-08-01,696065,0
LOCK-2024-07232,Wholesale,2024-11-01,476748,1
LOCK-2024-07233,Correspondent,2024-07-01,757531,0
LOCK-2024-07234,Retail,2024-07-01,1091989,1
LOCK-2024-07235,Retail,2024-02-01,305274,1
LOCK-2024-07236,Correspondent,2024-11-01,859301,1
LOCK-2024-07237,Correspondent,2024-02-01,197676,1
LOCK-2024-07238,Direct,2024-12-01,832545,1
LOCK-2024-07239,Wholesale,2024-01-01,401657,1
LOCK-2024-07240,Wholesale,2024-02-01,880840,1
LOCK-2024-07241,Wholesale,2024-07-01,235370,1
LOCK-2024-07242,Retail,2024-10-01,633099,1
LOCK-2024-07243,Retail,2024-12-01,690110,0
LOCK-2024-07244,Direct,2024-05-01,364377,1
LOCK-2024-07245,Direct,2024-12-01,625325,0
LOCK-2024-07246,Direct,2024-09-01,1153599,0
LOCK-2024-07247,Correspondent,2024-09-01,242917,1
LOCK-2024-07248,Direct,2024-04-01,1168411,1
LOCK-2024-07249,Correspondent,2024-06-01,522544,0
LOCK-2024-07250,Retail,2024-12-01,656659,1
LOCK-2024-07251,Retail,2024-12-01,691737,1
LOCK-2024-07252,Correspondent,2024-03-01,369075,1
LOCK-2024-07253,Retail,2024-01-01,395526,0
LOCK-2024-07254,Correspondent,2024-04-01,1021692,1
LOCK-2024-07255,Wholesale,2024-01-01,883840,1
LOCK-2024-07256,Direct,2024-10-01,546941,1
LOCK-2024-07257,Retail,2024-04-01,443315,0
LOCK-2024-07258,Wholesale,2024-08-01,859764,0
LOCK-2024-07259,Direct,2024-09-01,875499,1
LOCK-2024-07260,Retail,2024-01-01,996591,1
LOCK-2024-07261,Retail,2024-08-01,1064447,0
LOCK-2024-07262,Retail,2024-12-01,1096065,0
LOCK-2024-07263,Retail,2024-02-01,1151745,1
LOCK-2024-07264,Correspondent,2024-08-01,1005293,0
LOCK-2024-07265,Retail,2024-02-01,586760,1
LOCK-2024-07266,Wholesale,2024-04-01,694510,0
LOCK-2024-07267,Retail,2024-09-01,1087444,0
LOCK-2024-07268,Correspondent,2024-03-01,1176912,1
LOCK-2024-07269,Retail,2024-05-01,688677,1
LOCK-2024-07270,Retail,2024-09-01,809580,1
LOCK-2024-07271,Wholesale,2024-03-01,502331,1
LOCK-2024-07272,Wholesale,2024-09-01,1134647,1
LOCK-2024-07273,Retail,2024-03-01,921229,1
LOCK-2024-07274,Wholesale,2024-05-01,345025,0
LOCK-2024-07275,Correspondent,2024-05-01,164231,1
LOCK-2024-07276,Direct,2024-10-01,196688,1
LOCK-2024-07277,Wholesale,2024-08-01,239249,1
LOCK-2024-07278,Direct,2024-04-01,352507,0
LOCK-2024-07279,Direct,2024-03-01,1173232,1
LOCK-2024-07280,Direct,2024-04-01,1094319,1
LOCK-2024-07281,Correspondent,2024-10-01,1176852,1
LOCK-2024-07282,Direct,2024-10-01,443843,0
LOCK-2024-07283,Wholesale,2024-11-01,1083142,0
LOCK-2024-07284,Retail,2024-10-01,582850,1
LOCK-2024-07285,Direct,2024-06-01,858460,0
LOCK-2024-07286,Correspondent,2024-10-01,600058,1
LOCK-2024-07287,Retail,2024-04-01,943750,1
LOCK-2024-07288,Correspondent,2024-02-01,391311,0
LOCK-2024-07289,Direct,2024-07-01,1091950,1
LOCK-2024-07290,Direct,2024-01-01,874180,1
LOCK-2024-07291,Wholesale,2024-01-01,830047,1
LOCK-2024-07292,Correspondent,2024-07-01,621873,0
LOCK-2024-07293,Direct,2024-05-01,1163743,0
LOCK-2024-07294,Wholesale,2024-10-01,1042112,1
LOCK-2024-07295,Correspondent,2024-06-01,557932,0
LOCK-2024-07296,Direct,2024-10-01,834968,1
LOCK-2024-07297,Retail,2024-01-01,1062683,0
LOCK-2024-07298,Wholesale,2024-12-01,1036950,1
LOCK-2024-07299,Wholesale,2024-04-01,432778,1
LOCK-2024-07300,Retail,2024-07-01,222473,1
LOCK-2024-07301,Correspondent,2024-12-01,344717,0
LOCK-2024-07302,Wholesale,2024-05-01,1037072,1
LOCK-2024-07303,Direct,2024-01-01,379239,0
LOCK-2024-07304,Wholesale,2024-04-01,893469,1
LOCK-2024-07305,Direct,2024-09-01,1185499,0
LOCK-2024-07306,Retail,2024-03-01,882816,1
LOCK-2024-07307,Direct,2024-11-01,656227,1
LOCK-2024-07308,Correspondent,2024-03-01,202634,0
LOCK-2024-07309,Correspondent,2024-04-01,330737,1
LOCK-2024-07310,Retail,2024-04-01,621433,0
LOCK-2024-07311,Direct,2024-07-01,1083972,1
LOCK-2024-07312,Wholesale,2024-08-01,214374,1
LOCK-2024-07313,Wholesale,2024-05-01,965158,1
LOCK-2024-07314,Wholesale,2024-01-01,487672,1
LOCK-2024-07315,Wholesale,2024-04-01,592917,0
LOCK-2024-07316,Retail,2024-10-01,607282,1
LOCK-2024-07317,Direct,2024-06-01,354632,0
LOCK-2024-07318,Direct,2024-09-01,730224,1
LOCK-2024-07319,Wholesale,2024-08-01,383738,1
LOCK-2024-07320,Wholesale,2024-09-01,568592,1
LOCK-2024-07321,Retail,2024-01-01,877469,0
LOCK-2024-07322,Direct,2024-04-01,470510,1
LOCK-2024-07323,Direct,2024-10-01,221726,1
LOCK-2024-07324,Direct,2024-01-01,330842,1
LOCK-2024-07325,Direct,2024-09-01,859890,0
LOCK-2024-07326,Correspondent,2024-11-01,980191,0
LOCK-2024-07327,Correspondent,2024-01-01,409704,0
LOCK-2024-07328,Retail,2024-05-01,776384,1
LOCK-2024-07329,Retail,2024-05-01,277297,0
LOCK-2024-07330,Direct,2024-08-01,890153,1
LOCK-2024-07331,Direct,2024-06-01,613862,0
LOCK-2024-07332,Direct,2024-03-01,554222,1
LOCK-2024-07333,Wholesale,2024-07-01,499047,1
LOCK-2024-07334,Direct,2024-07-01,492079,1
LOCK-2024-07335,Direct,2024-08-01,928721,1
LOCK-2024-07336,Wholesale,2024-04-01,1198625,0
LOCK-2024-07337,Wholesale,2024-09-01,377705,0
LOCK-2024-07338,Retail,2024-03-01,857543,0
LOCK-2024-07339,Correspondent,2024-06-01,1086919,1
LOCK-2024-07340,Retail,2024-11-01,689404,1
LOCK-2024-07341,Correspondent,2024-09-01,620118,1
LOCK-2024-07342,Wholesale,2024-07-01,351707,1
LOCK-2024-07343,Wholesale,2024-05-01,549814,1
LOCK-2024-07344,Correspondent,2024-08-01,1043537,1
LOCK-2024-07345,Wholesale,2024-02-01,630711,1
LOCK-2024-07346,Direct,2024-07-01,998538,0
LOCK-2024-07347,Direct,2024-11-01,664604,1
LOCK-2024-07348,Wholesale,2024-03-01,919024,1
LOCK-2024-07349,Correspondent,2024-05-01,690194,1
LOCK-2024-07350,Wholesale,2024-12-01,776839,1
LOCK-2024-07351,Direct,2024-06-01,1086481,1
LOCK-2024-07352,Retail,2024-08-01,404830,0
LOCK-2024-07353,Correspondent,2024-12-01,1100560,1
LOCK-2024-07354,Wholesale,2024-10-01,588002,1
LOCK-2024-07355,Correspondent,2024-06-01,936152,0
LOCK-2024-07356,Wholesale,2024-04-01,1059712,1
LOCK-2024-07357,Retail,2024-05-01,1050698,1
LOCK-2024-07358,Wholesale,2024-07-01,1189888,1
LOCK-2024-07359,Direct,2024-12-01,946098,0
LOCK-2024-07360,Wholesale,2024-05-01,1111347,1
LOCK-2024-07361,Direct,2024-10-01,753487,1
LOCK-2024-07362,Wholesale,2024-05-01,446835,1
LOCK-2024-07363,Retail,2024-04-01,290012,1
LOCK-2024-07364,Retail,2024-06-01,1168820,1
LOCK-2024-07365,Direct,2024-07-01,848260,1
LOCK-2024-07366,Direct,2024-08-01,518276,1
LOCK-2024-07367,Correspondent,2024-08-01,895653,1
LOCK-2024-07368,Retail,2024-08-01,1028741,1
LOCK-2024-07369,Direct,2024-05-01,525194,0
LOCK-2024-07370,Wholesale,2024-09-01,535996,1
LOCK-2024-07371,Retail,2024-02-01,388123,1
LOCK-2024-07372,Retail,2024-05-01,949187,1
LOCK-2024-07373,Retail,2024-11-01,333829,0
LOCK-2024-07374,Direct,2024-04-01,520308,1
LOCK-2024-07375,Correspondent,2024-08-01,636324,0
LOCK-2024-07376,Retail,2024-12-01,300307,0
LOCK-2024-07377,Correspondent,2024-07-01,1059755,1
LOCK-2024-07378,Correspondent,2024-05-01,161750,1
LOCK-2024-07379,Direct,2024-11-01,435705,1
LOCK-2024-07380,Wholesale,2024-09-01,693912,0
LOCK-2024-07381,Direct,2024-08-01,330883,1
LOCK-2024-07382,Wholesale,2024-11-01,496967,0
LOCK-2024-07383,Direct,2024-08-01,991633,1
LOCK-2024-07384,Direct,2024-10-01,1021942,1
LOCK-2024-07385,Correspondent,2024-04-01,333944,1
LOCK-2024-07386,Direct,2024-05-01,953452,1
LOCK-2024-07387,Correspondent,2024-01-01,1027106,0
LOCK-2024-07388,Wholesale,2024-04-01,908830,1
LOCK-2024-07389,Retail,2024-05-01,575383,0
LOCK-2024-07390,Correspondent,2024-03-01,1099783,1
LOCK-2024-07391,Retail,2024-05-01,350004,1
LOCK-2024-07392,Correspondent,2024-01-01,1047236,0
LOCK-2024-07393,Correspondent,2024-01-01,461047,1
LOCK-2024-07394,Wholesale,2024-01-01,445702,1
LOCK-2024-07395,Wholesale,2024-04-01,928572,0
LOCK-2024-07396,Correspondent,2024-01-01,921773,0
LOCK-2024-07397,Correspondent,2024-03-01,289742,0
LOCK-2024-07398,Correspondent,2024-04-01,987002,1
LOCK-2024-07399,Wholesale,2024-07-01,755085,1
LOCK-2024-07400,Correspondent,2024-06-01,450618,0
LOCK-2024-07401,Direct,2024-08-01,236370,0
LOCK-2024-07402,Retail,2024-12-01,167482,1
LOCK-2024-07403,Retail,2024-10-01,459158,1
LOCK-2024-07404,Retail,2024-03-01,395887,1
LOCK-2024-07405,Direct,2024-12-01,645773,1
LOCK-2024-07406,Retail,2024-08-01,1046471,0
LOCK-2024-07407,Wholesale,2024-01-01,1025239,1
LOCK-2024-07408,Wholesale,2024-10-01,522935,1
LOCK-2024-07409,Correspondent,2024-11-01,401871,0
LOCK-2024-07410,Retail,2024-04-01,763644,1
LOCK-2024-07411,Correspondent,2024-09-01,767941,1
LOCK-2024-07412,Direct,2024-09-01,816614,1
LOCK-2024-07413,Correspondent,2024-09-01,858600,0
LOCK-2024-07414,Wholesale,2024-07-01,924567,1
LOCK-2024-07415,Correspondent,2024-06-01,610419,1
LOCK-2024-07416,Retail,2024-06-01,984927,1
LOCK-2024-07417,Direct,2024-03-01,922585,1
LOCK-2024-07418,Direct,2024-08-01,716163,0
LOCK-2024-07419,Wholesale,2024-05-01,1063700,0
LOCK-2024-07420,Correspondent,2024-11-01,790322,1
LOCK-2024-07421,Retail,2024-03-01,364809,0
LOCK-2024-07422,Retail,2024-11-01,253535,1
LOCK-2024-07423,Retail,2024-09-01,250116,1
LOCK-2024-07424,Retail,2024-12-01,952450,1
LOCK-2024-07425,Direct,2024-02-01,1107141,1
LOCK-2024-07426,Direct,2024-05-01,1196215,1
LOCK-2024-07427,Retail,2024-11-01,907377,0
LOCK-2024-07428,Correspondent,2024-01-01,439425,1
LOCK-2024-07429,Wholesale,2024-10-01,530128,1
LOCK-2024-07430,Correspondent,2024-01-01,606210,1
LOCK-2024-07431,Direct,2024-12-01,719470,0
LOCK-2024-07432,Direct,2024-04-01,1064124,1
LOCK-2024-07433,Wholesale,2024-05-01,777811,0
LOCK-2024-07434,Correspondent,2024-04-01,1116711,0
LOCK-2024-07435,Wholesale,2024-02-01,599456,0
LOCK-2024-07436,Correspondent,2024-02-01,1166945,1
LOCK-2024-07437,Retail,2024-10-01,477791,0
LOCK-2024-07438,Correspondent,2024-04-01,264349,0
LOCK-2024-07439,Retail,2024-05-01,1172314,0
LOCK-2024-07440,Wholesale,2024-12-01,715463,0
LOCK-2024-07441,Retail,2024-09-01,761388,1
LOCK-2024-07442,Correspondent,2024-09-01,729831,0
LOCK-2024-07443,Correspondent,2024-02-01,649830,0
LOCK-2024-07444,Direct,2024-08-01,222643,1
LOCK-2024-07445,Correspondent,2024-09-01,182266,1
LOCK-2024-07446,Direct,2024-01-01,1196202,1
LOCK-2024-07447,Retail,2024-03-01,730442,1
LOCK-2024-07448,Wholesale,2024-06-01,372595,0
LOCK-2024-07449,Direct,2024-03-01,1035978,1
LOCK-2024-07450,Retail,2024-07-01,953582,0
LOCK-2024-07451,Correspondent,2024-01-01,337593,1
LOCK-2024-07452,Correspondent,2024-04-01,800669,1
LOCK-2024-07453,Direct,2024-10-01,232702,0
LOCK-2024-07454,Retail,2024-12-01,474170,1
LOCK-2024-07455,Correspondent,2024-03-01,694787,1
LOCK-2024-07456,Direct,2024-03-01,215117,1
LOCK-2024-07457,Correspondent,2024-08-01,288754,1
LOCK-2024-07458,Wholesale,2024-04-01,1001027,1
LOCK-2024-07459,Correspondent,2024-05-01,803898,0
LOCK-2024-07460,Wholesale,2024-01-01,1071482,0
LOCK-2024-07461,Direct,2024-12-01,638295,1
LOCK-2024-07462,Retail,2024-06-01,639379,1
LOCK-2024-07463,Retail,2024-10-01,762699,1
LOCK-2024-07464,Correspondent,2024-04-01,326779,1
LOCK-2024-07465,Direct,2024-03-01,630508,1
LOCK-2024-07466,Retail,2024-01-01,364527,1
LOCK-2024-07467,Correspondent,2024-12-01,792099,1
LOCK-2024-07468,Wholesale,2024-11-01,1008618,1
LOCK-2024-07469,Correspondent,2024-08-01,993964,1
LOCK-2024-07470,Wholesale,2024-12-01,310899,1
LOCK-2024-07471,Direct,2024-12-01,504234,1
LOCK-2024-07472,Correspondent,2024-02-01,1107564,0
LOCK-2024-07473,Wholesale,2024-08-01,715626,1
LOCK-2024-07474,Retail,2024-09-01,798592,1
LOCK-2024-07475,Wholesale,2024-08-01,852098,1
LOCK-2024-07476,Correspondent,2024-11-01,211052,1
LOCK-2024-07477,Direct,2024-05-01,506109,1
LOCK-2024-07478,Retail,2024-11-01,702397,0
LOCK-2024-07479,Direct,2024-05-01,364059,1
LOCK-2024-07480,Correspondent,2024-06-01,1025411,1
LOCK-2024-07481,Wholesale,2024-09-01,681157,1
LOCK-2024-07482,Wholesale,2024-09-01,871968,0
LOCK-2024-07483,Correspondent,2024-12-01,410154,1
LOCK-2024-07484,Direct,2024-11-01,932463,1
LOCK-2024-07485,Retail,2024-11-01,632819,1
LOCK-2024-07486,Correspondent,2024-01-01,825886,1
LOCK-2024-07487,Wholesale,2024-02-01,884728,1
LOCK-2024-07488,Correspondent,2024-04-01,321323,1
LOCK-2024-07489,Correspondent,2024-02-01,1102619,1
LOCK-2024-07490,Correspondent,2024-11-01,1195865,1
LOCK-2024-07491,Direct,2024-02-01,957318,0
LOCK-2024-07492,Retail,2024-02-01,832387,1
LOCK-2024-07493,Wholesale,2024-08-01,516372,1
LOCK-2024-07494,Direct,2024-03-01,768661,1
LOCK-2024-07495,Direct,2024-01-01,569897,1
LOCK-2024-07496,Wholesale,2024-04-01,461190,0
LOCK-2024-07497,Retail,2024-09-01,481680,0
LOCK-2024-07498,Wholesale,2024-05-01,908239,1
LOCK-2024-07499,Wholesale,2024-04-01,862364,0
LOCK-2024-07500,Direct,2024-04-01,556957,1
LOCK-2024-07501,Retail,2024-07-01,1169384,1
LOCK-2024-07502,Retail,2024-02-01,703733,1
LOCK-2024-07503,Direct,2024-05-01,1174731,0
LOCK-2024-07504,Direct,2024-08-01,943869,0
LOCK-2024-07505,Direct,2024-01-01,527446,1
LOCK-2024-07506,Correspondent,2024-04-01,325287,1
LOCK-2024-07507,Retail,2024-05-01,746955,1
LOCK-2024-07508,Retail,2024-12-01,1140528,1
LOCK-2024-07509,Direct,2024-10-01,683920,1
LOCK-2024-07510,Direct,2024-10-01,154416,1
LOCK-2024-07511,Wholesale,2024-10-01,836521,1
LOCK-2024-07512,Direct,2024-06-01,352206,1
LOCK-2024-07513,Wholesale,2024-02-01,836974,0
LOCK-2024-07514,Wholesale,2024-11-01,1032125,0
LOCK-2024-07515,Correspondent,2024-03-01,835542,1
LOCK-2024-07516,Wholesale,2024-08-01,577365,1
LOCK-2024-07517,Wholesale,2024-07-01,171977,0
LOCK-2024-07518,Wholesale,2024-06-01,376888,0
LOCK-2024-07519,Direct,2024-06-01,676018,1
LOCK-2024-07520,Correspondent,2024-02-01,269869,0
LOCK-2024-07521,Wholesale,2024-10-01,378919,1
LOCK-2024-07522,Retail,2024-12-01,809947,1
LOCK-2024-07523,Wholesale,2024-05-01,1196437,1
LOCK-2024-07524,Retail,2024-11-01,1151515,1
LOCK-2024-07525,Wholesale,2024-03-01,211010,1
LOCK-2024-07526,Direct,2024-07-01,210718,1
LOCK-2024-07527,Retail,2024-09-01,536443,1
LOCK-2024-07528,Wholesale,2024-08-01,721015,1
LOCK-2024-07529,Correspondent,2024-09-01,1019217,1
LOCK-2024-07530,Correspondent,2024-09-01,935281,0
LOCK-2024-07531,Correspondent,2024-01-01,779244,0
LOCK-2024-07532,Retail,2024-08-01,206631,0
LOCK-2024-07533,Correspondent,2024-09-01,344046,0
LOCK-2024-07534,Direct,2024-11-01,242027,1
LOCK-2024-07535,Direct,2024-11-01,1088166,1
LOCK-2024-07536,Wholesale,2024-03-01,275954,1
LOCK-2024-07537,Retail,2024-09-01,962121,1
LOCK-2024-07538,Direct,2024-07-01,1148648,1
LOCK-2024-07539,Wholesale,2024-06-01,1035463,1
LOCK-2024-07540,Direct,2024-11-01,518569,1
LOCK-2024-07541,Wholesale,2024-05-01,1131208,0
LOCK-2024-07542,Correspondent,2024-09-01,1120586,0
LOCK-2024-07543,Correspondent,2024-10-01,1082364,1
LOCK-2024-07544,Retail,2024-10-01,164618,1
LOCK-2024-07545,Wholesale,2024-05-01,1179069,0
LOCK-2024-07546,Wholesale,2024-05-01,917563,0
LOCK-2024-07547,Direct,2024-08-01,760654,1
LOCK-2024-07548,Correspondent,2024-10-01,902265,0
LOCK-2024-07549,Wholesale,2024-10-01,1100888,1
LOCK-2024-07550,Direct,2024-06-01,222591,1
LOCK-2024-07551,Wholesale,2024-10-01,997867,1
LOCK-2024-07552,Direct,2024-05-01,841480,1
LOCK-2024-07553,Wholesale,2024-04-01,725902,1
LOCK-2024-07554,Correspondent,2024-12-01,276508,1
LOCK-2024-07555,Wholesale,2024-04-01,1067798,1
LOCK-2024-07556,Retail,2024-04-01,715538,1
LOCK-2024-07557,Wholesale,2024-10-01,489970,0
LOCK-2024-07558,Direct,2024-05-01,710739,1
LOCK-2024-07559,Direct,2024-01-01,779494,1
LOCK-2024-07560,Direct,2024-12-01,910127,1
LOCK-2024-07561,Direct,2024-08-01,1145834,1
LOCK-2024-07562,Retail,2024-02-01,452705,1
LOCK-2024-07563,Direct,2024-09-01,881111,0
LOCK-2024-07564,Correspondent,2024-03-01,392636,1
LOCK-2024-07565,Wholesale,2024-04-01,245329,1
LOCK-2024-07566,Correspondent,2024-03-01,810401,1
LOCK-2024-07567,Direct,2024-08-01,680037,1
LOCK-2024-07568,Retail,2024-12-01,746717,0
LOCK-2024-07569,Wholesale,2024-11-01,763034,1
LOCK-2024-07570,Wholesale,2024-01-01,410356,0
LOCK-2024-07571,Wholesale,2024-11-01,1168867,1
LOCK-2024-07572,Wholesale,2024-08-01,912094,1
LOCK-2024-07573,Direct,2024-03-01,706237,0
LOCK-2024-07574,Retail,2024-12-01,431562,1
LOCK-2024-07575,Correspondent,2024-07-01,974870,0
LOCK-2024-07576,Wholesale,2024-08-01,996663,0
LOCK-2024-07577,Retail,2024-08-01,902708,1
LOCK-2024-07578,Correspondent,2024-10-01,665689,1
LOCK-2024-07579,Direct,2024-06-01,1131477,1
LOCK-2024-07580,Correspondent,2024-08-01,713316,1
LOCK-2024-07581,Correspondent,2024-08-01,416154,1
LOCK-2024-07582,Correspondent,2024-05-01,648994,1
LOCK-2024-07583,Retail,2024-03-01,1086428,0
LOCK-2024-07584,Wholesale,2024-02-01,449709,0
LOCK-2024-07585,Wholesale,2024-08-01,745186,1
LOCK-2024-07586,Direct,2024-08-01,1117813,1
LOCK-2024-07587,Wholesale,2024-04-01,710972,1
LOCK-2024-07588,Retail,2024-07-01,266936,1
LOCK-2024-07589,Retail,2024-05-01,439786,1
LOCK-2024-07590,Correspondent,2024-03-01,505119,0
LOCK-2024-07591,Direct,2024-11-01,1119987,0
LOCK-2024-07592,Wholesale,2024-05-01,765014,1
LOCK-2024-07593,Wholesale,2024-03-01,571632,1
LOCK-2024-07594,Retail,2024-02-01,506844,1
LOCK-2024-07595,Direct,2024-06-01,224608,0
LOCK-2024-07596,Retail,2024-05-01,224818,1
LOCK-2024-07597,Direct,2024-08-01,586290,0
LOCK-2024-07598,Correspondent,2024-03-01,403826,0
LOCK-2024-07599,Correspondent,2024-03-01,700394,1
LOCK-2024-07600,Direct,2024-01-01,208675,0
LOCK-2024-07601,Direct,2024-07-01,675016,1
LOCK-2024-07602,Correspondent,2024-06-01,1050112,0
LOCK-2024-07603,Wholesale,2024-04-01,596077,1
LOCK-2024-07604,Direct,2024-07-01,900251,1
LOCK-2024-07605,Wholesale,2024-12-01,557298,1
LOCK-2024-07606,Correspondent,2024-03-01,853628,1
LOCK-2024-07607,Correspondent,2024-11-01,958333,0
LOCK-2024-07608,Retail,2024-10-01,732393,1
LOCK-2024-07609,Correspondent,2024-09-01,853153,1
LOCK-2024-07610,Wholesale,2024-05-01,447020,0
LOCK-2024-07611,Wholesale,2024-11-01,951542,1
LOCK-2024-07612,Correspondent,2024-06-01,526222,0
LOCK-2024-07613,Direct,2024-05-01,993617,1
LOCK-2024-07614,Wholesale,2024-11-01,671909,1
LOCK-2024-07615,Retail,2024-10-01,774870,0
LOCK-2024-07616,Retail,2024-03-01,353964,1
LOCK-2024-07617,Correspondent,2024-02-01,472609,1
LOCK-2024-07618,Retail,2024-12-01,221885,1
LOCK-2024-07619,Wholesale,2024-08-01,858575,1
LOCK-2024-07620,Correspondent,2024-05-01,315780,1
LOCK-2024-07621,Retail,2024-07-01,819316,1
LOCK-2024-07622,Wholesale,2024-02-01,411319,1
LOCK-2024-07623,Wholesale,2024-04-01,1037663,0
LOCK-2024-07624,Direct,2024-01-01,390138,1
LOCK-2024-07625,Wholesale,2024-10-01,437833,1
LOCK-2024-07626,Correspondent,2024-10-01,316182,1
LOCK-2024-07627,Retail,2024-09-01,1074908,1
LOCK-2024-07628,Retail,2024-06-01,729444,1
LOCK-2024-07629,Retail,2024-05-01,928932,1
LOCK-2024-07630,Retail,2024-07-01,574882,1
LOCK-2024-07631,Correspondent,2024-11-01,476274,1
LOCK-2024-07632,Correspondent,2024-09-01,985974,1
LOCK-2024-07633,Wholesale,2024-11-01,1065626,1
LOCK-2024-07634,Retail,2024-01-01,532734,1
LOCK-2024-07635,Retail,2024-01-01,779750,1
LOCK-2024-07636,Correspondent,2024-05-01,620194,0
LOCK-2024-07637,Retail,2024-10-01,285055,1
LOCK-2024-07638,Direct,2024-05-01,294322,1
LOCK-2024-07639,Correspondent,2024-06-01,592548,0
LOCK-2024-07640,Correspondent,2024-09-01,1027550,0
LOCK-2024-07641,Wholesale,2024-07-01,159766,1
LOCK-2024-07642,Direct,2024-02-01,431280,1
LOCK-2024-07643,Correspondent,2024-10-01,832199,1
LOCK-2024-07644,Correspondent,2024-09-01,712553,0
LOCK-2024-07645,Correspondent,2024-05-01,1161699,0
LOCK-2024-07646,Retail,2024-03-01,887640,1
LOCK-2024-07647,Direct,2024-01-01,351958,1
LOCK-2024-07648,Direct,2024-08-01,770221,0
LOCK-2024-07649,Correspondent,2024-06-01,740726,1
LOCK-2024-07650,Retail,2024-05-01,993429,1
LOCK-2024-07651,Correspondent,2024-10-01,625117,0
LOCK-2024-07652,Direct,2024-02-01,325093,0
LOCK-2024-07653,Correspondent,2024-06-01,759283,0
LOCK-2024-07654,Retail,2024-06-01,962065,1
LOCK-2024-07655,Correspondent,2024-02-01,199480,1
LOCK-2024-07656,Direct,2024-03-01,254758,1
LOCK-2024-07657,Direct,2024-11-01,369849,1
LOCK-2024-07658,Retail,2024-05-01,841847,1
LOCK-2024-07659,Correspondent,2024-04-01,409053,1
LOCK-2024-07660,Wholesale,2024-10-01,852330,1
LOCK-2024-07661,Retail,2024-06-01,922338,0
LOCK-2024-07662,Retail,2024-01-01,642874,1
LOCK-2024-07663,Direct,2024-04-01,757132,1
LOCK-2024-07664,Correspondent,2024-11-01,1003134,1
LOCK-2024-07665,Direct,2024-06-01,1095320,1
LOCK-2024-07666,Retail,2024-01-01,584845,0
LOCK-2024-07667,Correspondent,2024-11-01,1004279,1
LOCK-2024-07668,Direct,2024-08-01,775481,1
LOCK-2024-07669,Direct,2024-01-01,541825,1
LOCK-2024-07670,Wholesale,2024-01-01,693243,1
LOCK-2024-07671,Retail,2024-05-01,328007,1
LOCK-2024-07672,Correspondent,2024-04-01,697976,1
LOCK-2024-07673,Correspondent,2024-11-01,821048,1
LOCK-2024-07674,Retail,2024-06-01,218116,1
LOCK-2024-07675,Correspondent,2024-06-01,1195012,1
LOCK-2024-07676,Correspondent,2024-04-01,689012,1
LOCK-2024-07677,Direct,2024-03-01,882992,1
LOCK-2024-07678,Retail,2024-04-01,670680,1
LOCK-2024-07679,Correspondent,2024-02-01,216696,0
LOCK-2024-07680,Wholesale,2024-11-01,1180831,0
LOCK-2024-07681,Direct,2024-02-01,907450,1
LOCK-2024-07682,Retail,2024-05-01,745804,1
LOCK-2024-07683,Wholesale,2024-05-01,985175,1
LOCK-2024-07684,Retail,2024-10-01,434590,1
LOCK-2024-07685,Retail,2024-07-01,769127,0
LOCK-2024-07686,Retail,2024-08-01,949038,1
LOCK-2024-07687,Direct,2024-06-01,355668,1
LOCK-2024-07688,Wholesale,2024-05-01,1074874,1
LOCK-2024-07689,Direct,2024-07-01,183145,1
LOCK-2024-07690,Retail,2024-10-01,481090,1
LOCK-2024-07691,Wholesale,2024-12-01,826526,0
LOCK-2024-07692,Direct,2024-09-01,153670,1
LOCK-2024-07693,Correspondent,2024-05-01,1051196,0
LOCK-2024-07694,Direct,2024-04-01,929267,1
LOCK-2024-07695,Direct,2024-08-01,753685,1
LOCK-2024-07696,Wholesale,2024-02-01,912554,1
LOCK-2024-07697,Direct,2024-09-01,867895,1
LOCK-2024-07698,Wholesale,2024-11-01,1072704,1
LOCK-2024-07699,Direct,2024-01-01,304982,1
LOCK-2024-07700,Correspondent,2024-10-01,1066476,0
LOCK-2024-07701,Direct,2024-09-01,891462,1
LOCK-2024-07702,Wholesale,2024-06-01,1152838,1
LOCK-2024-07703,Wholesale,2024-01-01,595895,1
LOCK-2024-07704,Retail,2024-04-01,754646,1
LOCK-2024-07705,Wholesale,2024-01-01,1195746,0
LOCK-2024-07706,Wholesale,2024-02-01,457577,0
LOCK-2024-07707,Retail,2024-08-01,267426,1
LOCK-2024-07708,Retail,2024-05-01,624557,1
LOCK-2024-07709,Wholesale,2024-09-01,1136141,1
LOCK-2024-07710,Wholesale,2024-07-01,1187359,1
LOCK-2024-07711,Correspondent,2024-02-01,308590,0
LOCK-2024-07712,Correspondent,2024-05-01,517487,1
LOCK-2024-07713,Direct,2024-08-01,382615,0
LOCK-2024-07714,Direct,2024-10-01,572997,1
LOCK-2024-07715,Direct,2024-02-01,348739,0
LOCK-2024-07716,Direct,2024-09-01,716973,1
LOCK-2024-07717,Wholesale,2024-06-01,1158343,0
LOCK-2024-07718,Correspondent,2024-02-01,803782,1
LOCK-2024-07719,Correspondent,2024-10-01,752938,1
LOCK-2024-07720,Correspondent,2024-04-01,424394,1
LOCK-2024-07721,Correspondent,2024-12-01,1034140,1
LOCK-2024-07722,Direct,2024-05-01,1154808,1
LOCK-2024-07723,Wholesale,2024-04-01,791010,0
LOCK-2024-07724,Correspondent,2024-12-01,327321,1
LOCK-2024-07725,Retail,2024-08-01,1012708,1
LOCK-2024-07726,Retail,2024-09-01,306090,0
LOCK-2024-07727,Wholesale,2024-04-01,731155,0
LOCK-2024-07728,Direct,2024-01-01,1061193,1
LOCK-2024-07729,Direct,2024-06-01,352700,1
LOCK-2024-07730,Correspondent,2024-12-01,598098,1
LOCK-2024-07731,Wholesale,2024-01-01,619147,1
LOCK-2024-07732,Wholesale,2024-02-01,486384,0
LOCK-2024-07733,Correspondent,2024-04-01,670557,0
LOCK-2024-07734,Retail,2024-04-01,1023784,1
LOCK-2024-07735,Retail,2024-06-01,859563,0
LOCK-2024-07736,Direct,2024-11-01,973370,1
LOCK-2024-07737,Direct,2024-10-01,922940,1
LOCK-2024-07738,Correspondent,2024-05-01,169833,0
LOCK-2024-07739,Wholesale,2024-09-01,1193441,1
LOCK-2024-07740,Wholesale,2024-02-01,520051,0
LOCK-2024-07741,Retail,2024-01-01,763028,1
LOCK-2024-07742,Direct,2024-12-01,1190557,0
LOCK-2024-07743,Wholesale,2024-09-01,822399,1
LOCK-2024-07744,Retail,2024-07-01,370438,1
LOCK-2024-07745,Correspondent,2024-06-01,519597,1
LOCK-2024-07746,Wholesale,2024-05-01,788188,1
LOCK-2024-07747,Direct,2024-02-01,1027544,0
LOCK-2024-07748,Direct,2024-06-01,1152721,1
LOCK-2024-07749,Direct,2024-01-01,984113,1
LOCK-2024-07750,Correspondent,2024-06-01,1101969,1
LOCK-2024-07751,Wholesale,2024-06-01,758012,0
LOCK-2024-07752,Direct,2024-07-01,335280,1
LOCK-2024-07753,Direct,2024-06-01,1092216,0
LOCK-2024-07754,Correspondent,2024-08-01,609939,1
LOCK-2024-07755,Retail,2024-04-01,353624,0
LOCK-2024-07756,Correspondent,2024-02-01,1037597,1
LOCK-2024-07757,Retail,2024-09-01,1152857,0
LOCK-2024-07758,Correspondent,2024-06-01,581322,1
LOCK-2024-07759,Correspondent,2024-09-01,483890,1
LOCK-2024-07760,Direct,2024-10-01,268283,0
LOCK-2024-07761,Wholesale,2024-03-01,431010,1
LOCK-2024-07762,Correspondent,2024-02-01,1069184,0
LOCK-2024-07763,Correspondent,2024-07-01,498917,1
LOCK-2024-07764,Direct,2024-08-01,1107990,1
LOCK-2024-07765,Retail,2024-11-01,734973,1
LOCK-2024-07766,Wholesale,2024-05-01,1137543,1
LOCK-2024-07767,Wholesale,2024-01-01,208806,0
LOCK-2024-07768,Retail,2024-04-01,236284,1
LOCK-2024-07769,Correspondent,2024-08-01,776957,0
LOCK-2024-07770,Wholesale,2024-12-01,495937,1
LOCK-2024-07771,Direct,2024-09-01,219451,1
LOCK-2024-07772,Retail,2024-06-01,225366,1
LOCK-2024-07773,Direct,2024-02-01,171771,0
LOCK-2024-07774,Wholesale,2024-04-01,571046,1
LOCK-2024-07775,Correspondent,2024-10-01,523984,1
LOCK-2024-07776,Wholesale,2024-12-01,417180,0
LOCK-2024-07777,Retail,2024-10-01,779820,1
LOCK-2024-07778,Direct,2024-04-01,853066,1
LOCK-2024-07779,Retail,2024-09-01,477775,1
LOCK-2024-07780,Correspondent,2024-04-01,377596,1
LOCK-2024-07781,Retail,2024-02-01,397463,1
LOCK-2024-07782,Correspondent,2024-12-01,508845,0
LOCK-2024-07783,Retail,2024-07-01,959443,1
LOCK-2024-07784,Wholesale,2024-11-01,314987,0
LOCK-2024-07785,Direct,2024-02-01,152683,1
LOCK-2024-07786,Wholesale,2024-06-01,1169295,1
LOCK-2024-07787,Correspondent,2024-10-01,625124,1
LOCK-2024-07788,Correspondent,2024-05-01,317689,1
LOCK-2024-07789,Retail,2024-04-01,907692,0
LOCK-2024-07790,Wholesale,2024-08-01,1024979,1
LOCK-2024-07791,Direct,2024-12-01,612080,1
LOCK-2024-07792,Correspondent,2024-10-01,206275,0
LOCK-2024-07793,Direct,2024-01-01,264614,1
LOCK-2024-07794,Retail,2024-04-01,840979,1
LOCK-2024-07795,Retail,2024-07-01,472127,1
LOCK-2024-07796,Direct,2024-08-01,704251,0
LOCK-2024-07797,Direct,2024-04-01,666908,1
LOCK-2024-07798,Retail,2024-08-01,930422,0
LOCK-2024-07799,Retail,2024-08-01,860503,0
LOCK-2024-07800,Retail,2024-02-01,153146,0
LOCK-2024-07801,Correspondent,2024-08-01,875861,0
LOCK-2024-07802,Retail,2024-06-01,267481,0
LOCK-2024-07803,Retail,2024-11-01,190163,1
LOCK-2024-07804,Direct,2024-04-01,404667,1
LOCK-2024-07805,Direct,2024-09-01,1068256,0
LOCK-2024-07806,Retail,2024-06-01,407137,0
LOCK-2024-07807,Correspondent,2024-04-01,1084483,1
LOCK-2024-07808,Wholesale,2024-12-01,540448,1
LOCK-2024-07809,Wholesale,2024-03-01,611088,0
LOCK-2024-07810,Correspondent,2024-09-01,850577,0
LOCK-2024-07811,Direct,2024-05-01,194703,0
LOCK-2024-07812,Wholesale,2024-07-01,348409,0
LOCK-2024-07813,Correspondent,2024-04-01,689384,0
LOCK-2024-07814,Retail,2024-05-01,1195067,1
LOCK-2024-07815,Retail,2024-03-01,938086,0
LOCK-2024-07816,Retail,2024-07-01,659111,1
LOCK-2024-07817,Direct,2024-05-01,970750,0
LOCK-2024-07818,Wholesale,2024-12-01,735311,1
LOCK-2024-07819,Retail,2024-04-01,939639,1
LOCK-2024-07820,Correspondent,2024-10-01,160599,1
LOCK-2024-07821,Wholesale,2024-05-01,779341,1
LOCK-2024-07822,Wholesale,2024-10-01,939000,1
LOCK-2024-07823,Direct,2024-08-01,817408,1
LOCK-2024-07824,Correspondent,2024-11-01,156200,1
LOCK-2024-07825,Wholesale,2024-02-01,1081767,1
LOCK-2024-07826,Wholesale,2024-09-01,591092,1
LOCK-2024-07827,Wholesale,2024-12-01,666652,1
LOCK-2024-07828,Direct,2024-05-01,529361,1
LOCK-2024-07829,Correspondent,2024-05-01,1199683,1
LOCK-2024-07830,Correspondent,2024-09-01,285917,0
LOCK-2024-07831,Direct,2024-11-01,932382,0
LOCK-2024-07832,Wholesale,2024-03-01,1175357,1
LOCK-2024-07833,Retail,2024-03-01,528128,0
LOCK-2024-07834,Correspondent,2024-10-01,683414,1
LOCK-2024-07835,Retail,2024-02-01,281770,0
LOCK-2024-07836,Correspondent,2024-01-01,875652,1
LOCK-2024-07837,Direct,2024-12-01,872018,1
LOCK-2024-07838,Wholesale,2024-03-01,833057,1
LOCK-2024-07839,Direct,2024-09-01,623606,1
LOCK-2024-07840,Wholesale,2024-11-01,407980,1
LOCK-2024-07841,Wholesale,2024-03-01,633284,1
LOCK-2024-07842,Correspondent,2024-09-01,306968,1
LOCK-2024-07843,Direct,2024-06-01,700451,0
LOCK-2024-07844,Retail,2024-02-01,1035239,1
LOCK-2024-07845,Wholesale,2024-11-01,204141,1
LOCK-2024-07846,Wholesale,2024-01-01,561008,1
LOCK-2024-07847,Correspondent,2024-11-01,350058,1
LOCK-2024-07848,Direct,2024-11-01,749101,1
LOCK-2024-07849,Direct,2024-06-01,827929,0
LOCK-2024-07850,Wholesale,2024-03-01,200413,0
LOCK-2024-07851,Wholesale,2024-10-01,583008,1
LOCK-2024-07852,Retail,2024-01-01,796576,1
LOCK-2024-07853,Retail,2024-02-01,1100089,1
LOCK-2024-07854,Direct,2024-02-01,678810,0
LOCK-2024-07855,Retail,2024-12-01,776905,1
LOCK-2024-07856,Retail,2024-02-01,577183,1
LOCK-2024-07857,Correspondent,2024-03-01,835239,1
LOCK-2024-07858,Correspondent,2024-03-01,1174750,0
LOCK-2024-07859,Direct,2024-07-01,509709,0
LOCK-2024-07860,Wholesale,2024-07-01,1199047,0
LOCK-2024-07861,Wholesale,2024-08-01,440668,0
LOCK-2024-07862,Wholesale,2024-04-01,607798,0
LOCK-2024-07863,Correspondent,2024-05-01,754626,0
LOCK-2024-07864,Correspondent,2024-12-01,391027,1
LOCK-2024-07865,Wholesale,2024-08-01,496456,1
LOCK-2024-07866,Direct,2024-05-01,1076638,1
LOCK-2024-07867,Wholesale,2024-03-01,556810,0
LOCK-2024-07868,Retail,2024-10-01,819513,1
LOCK-2024-07869,Correspondent,2024-11-01,967924,1
LOCK-2024-07870,Correspondent,2024-06-01,503515,0
LOCK-2024-07871,Correspondent,2024-05-01,1181048,1
LOCK-2024-07872,Direct,2024-11-01,696966,0
LOCK-2024-07873,Correspondent,2024-10-01,1052913,1
LOCK-2024-07874,Correspondent,2024-03-01,537469,1
LOCK-2024-07875,Wholesale,2024-03-01,227365,1
LOCK-2024-07876,Wholesale,2024-09-01,701651,1
LOCK-2024-07877,Correspondent,2024-02-01,902525,1
LOCK-2024-07878,Retail,2024-10-01,872415,1
LOCK-2024-07879,Wholesale,2024-11-01,1078021,1
LOCK-2024-07880,Direct,2024-04-01,414566,0
LOCK-2024-07881,Wholesale,2024-12-01,318138,0
LOCK-2024-07882,Correspondent,2024-04-01,928324,1
LOCK-2024-07883,Retail,2024-08-01,784231,1
LOCK-2024-07884,Retail,2024-10-01,644556,1
LOCK-2024-07885,Direct,2024-07-01,806296,0
LOCK-2024-07886,Wholesale,2024-01-01,1156827,1
LOCK-2024-07887,Correspondent,2024-03-01,1088256,0
LOCK-2024-07888,Retail,2024-10-01,284800,1
LOCK-2024-07889,Wholesale,2024-02-01,1159290,1
LOCK-2024-07890,Wholesale,2024-08-01,914673,1
LOCK-2024-07891,Wholesale,2024-08-01,1197433,0
LOCK-2024-07892,Direct,2024-04-01,965779,1
LOCK-2024-07893,Direct,2024-08-01,1199224,1
LOCK-2024-07894,Wholesale,2024-12-01,679758,1
LOCK-2024-07895,Retail,2024-02-01,174863,1
LOCK-2024-07896,Direct,2024-03-01,955683,1
LOCK-2024-07897,Correspondent,2024-01-01,848297,1
LOCK-2024-07898,Correspondent,2024-04-01,1010818,1
LOCK-2024-07899,Correspondent,2024-02-01,181757,0
LOCK-2024-07900,Direct,2024-05-01,674964,1
LOCK-2024-07901,Retail,2024-05-01,227290,1
LOCK-2024-07902,Correspondent,2024-03-01,1075682,0
LOCK-2024-07903,Wholesale,2024-08-01,355501,0
LOCK-2024-07904,Wholesale,2024-05-01,949508,1
LOCK-2024-07905,Retail,2024-08-01,614220,0
LOCK-2024-07906,Retail,2024-03-01,508823,1
LOCK-2024-07907,Retail,2024-10-01,784136,0
LOCK-2024-07908,Direct,2024-03-01,486162,1
LOCK-2024-07909,Wholesale,2024-08-01,365817,1
LOCK-2024-07910,Correspondent,2024-03-01,574014,1
LOCK-2024-07911,Correspondent,2024-01-01,1064118,1
LOCK-2024-07912,Correspondent,2024-10-01,1141912,1
LOCK-2024-07913,Correspondent,2024-09-01,653665,1
LOCK-2024-07914,Correspondent,2024-01-01,653806,0
LOCK-2024-07915,Direct,2024-02-01,1073890,0
LOCK-2024-07916,Wholesale,2024-12-01,883439,0
LOCK-2024-07917,Correspondent,2024-11-01,987739,1
LOCK-2024-07918,Retail,2024-10-01,1042687,0
LOCK-2024-07919,Wholesale,2024-03-01,601125,0
LOCK-2024-07920,Retail,2024-08-01,322391,1
LOCK-2024-07921,Correspondent,2024-01-01,1011725,1
LOCK-2024-07922,Correspondent,2024-08-01,428894,1
LOCK-2024-07923,Retail,2024-03-01,968178,0
LOCK-2024-07924,Direct,2024-07-01,560680,0
LOCK-2024-07925,Wholesale,2024-08-01,455464,1
LOCK-2024-07926,Correspondent,2024-02-01,1092331,0
LOCK-2024-07927,Direct,2024-12-01,575954,1
LOCK-2024-07928,Retail,2024-03-01,1030118,1
LOCK-2024-07929,Direct,2024-08-01,747965,1
LOCK-2024-07930,Retail,2024-03-01,988831,0
LOCK-2024-07931,Wholesale,2024-12-01,674335,1
LOCK-2024-07932,Wholesale,2024-03-01,904370,1
LOCK-2024-07933,Direct,2024-12-01,707743,1
LOCK-2024-07934,Direct,2024-01-01,876453,1
LOCK-2024-07935,Direct,2024-02-01,574243,0
LOCK-2024-07936,Direct,2024-01-01,658353,0
LOCK-2024-07937,Direct,2024-07-01,664743,1
LOCK-2024-07938,Wholesale,2024-01-01,570223,1
LOCK-2024-07939,Correspondent,2024-07-01,247172,1
LOCK-2024-07940,Direct,2024-04-01,784398,1
LOCK-2024-07941,Direct,2024-02-01,1034355,1
LOCK-2024-07942,Wholesale,2024-11-01,911659,1
LOCK-2024-07943,Direct,2024-07-01,733622,1
LOCK-2024-07944,Wholesale,2024-06-01,1076223,0
LOCK-2024-07945,Direct,2024-06-01,348251,1
LOCK-2024-07946,Correspondent,2024-02-01,1074702,0
LOCK-2024-07947,Direct,2024-02-01,1091848,1
LOCK-2024-07948,Wholesale,2024-09-01,723781,1
LOCK-2024-07949,Wholesale,2024-08-01,615506,1
LOCK-2024-07950,Wholesale,2024-05-01,213007,0
LOCK-2024-07951,Retail,2024-11-01,274860,1
LOCK-2024-07952,Retail,2024-06-01,235179,0
LOCK-2024-07953,Correspondent,2024-04-01,946478,1
LOCK-2024-07954,Correspondent,2024-08-01,947976,0
LOCK-2024-07955,Retail,2024-08-01,1114003,1
LOCK-2024-07956,Wholesale,2024-12-01,923620,1
LOCK-2024-07957,Retail,2024-02-01,333639,1
LOCK-2024-07958,Direct,2024-09-01,948920,1
LOCK-2024-07959,Direct,2024-01-01,235343,0
LOCK-2024-07960,Correspondent,2024-01-01,160360,0
LOCK-2024-07961,Wholesale,2024-07-01,716946,1
LOCK-2024-07962,Wholesale,2024-12-01,865580,1
LOCK-2024-07963,Wholesale,2024-06-01,684360,0
LOCK-2024-07964,Wholesale,2024-08-01,1088311,1
LOCK-2024-07965,Retail,2024-01-01,888779,1
LOCK-2024-07966,Wholesale,2024-06-01,393590,0
LOCK-2024-07967,Wholesale,2024-11-01,770634,0
LOCK-2024-07968,Direct,2024-02-01,1074023,0
LOCK-2024-07969,Retail,2024-04-01,385978,1
LOCK-2024-07970,Direct,2024-01-01,1150247,1
LOCK-2024-07971,Wholesale,2024-07-01,366510,1
LOCK-2024-07972,Correspondent,2024-04-01,268158,1
LOCK-2024-07973,Correspondent,2024-07-01,868067,0
LOCK-2024-07974,Correspondent,2024-10-01,1043948,1
LOCK-2024-07975,Retail,2024-06-01,970144,1
LOCK-2024-07976,Wholesale,2024-08-01,921745,0
LOCK-2024-07977,Retail,2024-06-01,354346,1
LOCK-2024-07978,Direct,2024-02-01,1122374,1
LOCK-2024-07979,Direct,2024-01-01,728592,1
LOCK-2024-07980,Direct,2024-03-01,882937,1
LOCK-2024-07981,Direct,2024-01-01,1046811,0
LOCK-2024-07982,Wholesale,2024-02-01,329129,0
LOCK-2024-07983,Retail,2024-04-01,372910,1
LOCK-2024-07984,Wholesale,2024-12-01,320269,0
LOCK-2024-07985,Retail,2024-12-01,227009,1
LOCK-2024-07986,Retail,2024-11-01,637118,1
LOCK-2024-07987,Direct,2024-07-01,1185480,1
LOCK-2024-07988,Retail,2024-03-01,463605,1
LOCK-2024-07989,Correspondent,2024-12-01,1003015,1
LOCK-2024-07990,Direct,2024-01-01,302526,1
LOCK-2024-07991,Correspondent,2024-08-01,1082624,1
LOCK-2024-07992,Correspondent,2024-03-01,1076199,0
LOCK-2024-07993,Wholesale,2024-02-01,753711,0
LOCK-2024-07994,Correspondent,2024-11-01,378405,1
LOCK-2024-07995,Direct,2024-01-01,768379,0
LOCK-2024-07996,Retail,2024-08-01,766520,0
LOCK-2024-07997,Wholesale,2024-12-01,697025,0
LOCK-2024-07998,Retail,2024-04-01,342747,1
LOCK-2024-07999,Retail,2024-05-01,523308,1
LOCK-2024-08000,Retail,2024-08-01,839793,0
LOCK-2024-08001,Correspondent,2024-03-01,817874,1
LOCK-2024-08002,Direct,2024-06-01,1079049,1
LOCK-2024-08003,Wholesale,2024-03-01,944262,0
LOCK-2024-08004,Correspondent,2024-04-01,856432,1
LOCK-2024-08005,Retail,2024-01-01,433003,1
LOCK-2024-08006,Wholesale,2024-08-01,752436,1
LOCK-2024-08007,Correspondent,2024-05-01,699112,1
LOCK-2024-08008,Wholesale,2024-03-01,706692,0
LOCK-2024-08009,Direct,2024-02-01,796791,1
LOCK-2024-08010,Retail,2024-09-01,468466,0
LOCK-2024-08011,Retail,2024-07-01,959642,1
LOCK-2024-08012,Correspondent,2024-05-01,687592,1
LOCK-2024-08013,Wholesale,2024-09-01,666880,1
LOCK-2024-08014,Retail,2024-03-01,1011543,0
LOCK-2024-08015,Correspondent,2024-04-01,705206,1
LOCK-2024-08016,Wholesale,2024-08-01,422554,1
LOCK-2024-08017,Correspondent,2024-10-01,749659,1
LOCK-2024-08018,Retail,2024-09-01,1170882,1
LOCK-2024-08019,Correspondent,2024-02-01,1164926,1
LOCK-2024-08020,Direct,2024-05-01,227476,1
LOCK-2024-08021,Wholesale,2024-11-01,579379,1
LOCK-2024-08022,Correspondent,2024-12-01,162595,1
LOCK-2024-08023,Correspondent,2024-12-01,590814,1
LOCK-2024-08024,Wholesale,2024-06-01,277552,1
LOCK-2024-08025,Wholesale,2024-08-01,462601,0
LOCK-2024-08026,Wholesale,2024-09-01,1118141,1
LOCK-2024-08027,Correspondent,2024-10-01,1188372,1
LOCK-2024-08028,Correspondent,2024-06-01,966746,0
LOCK-2024-08029,Correspondent,2024-08-01,889661,1
LOCK-2024-08030,Correspondent,2024-08-01,260271,1
LOCK-2024-08031,Retail,2024-05-01,987661,1
LOCK-2024-08032,Retail,2024-05-01,1172536,1
LOCK-2024-08033,Correspondent,2024-07-01,456139,0
LOCK-2024-08034,Retail,2024-05-01,206743,0
LOCK-2024-08035,Correspondent,2024-12-01,489296,1
LOCK-2024-08036,Direct,2024-05-01,293384,0
LOCK-2024-08037,Retail,2024-08-01,424296,0
LOCK-2024-08038,Direct,2024-05-01,1086312,1
LOCK-2024-08039,Direct,2024-04-01,465623,1
LOCK-2024-08040,Correspondent,2024-11-01,464749,1
LOCK-2024-08041,Retail,2024-01-01,746352,1
LOCK-2024-08042,Direct,2024-11-01,1152375,0
LOCK-2024-08043,Wholesale,2024-09-01,740710,0
LOCK-2024-08044,Direct,2024-07-01,788698,1
LOCK-2024-08045,Retail,2024-02-01,883060,1
LOCK-2024-08046,Wholesale,2024-08-01,686256,0
LOCK-2024-08047,Correspondent,2024-03-01,610780,1
LOCK-2024-08048,Direct,2024-01-01,1159729,0
LOCK-2024-08049,Correspondent,2024-10-01,1085910,1
LOCK-2024-08050,Wholesale,2024-12-01,728128,0
LOCK-2024-08051,Direct,2024-07-01,1098726,0
LOCK-2024-08052,Wholesale,2024-11-01,654919,0
LOCK-2024-08053,Correspondent,2024-07-01,974149,1
LOCK-2024-08054,Direct,2024-01-01,310401,1
LOCK-2024-08055,Wholesale,2024-11-01,310346,1
LOCK-2024-08056,Wholesale,2024-08-01,1161957,1
LOCK-2024-08057,Direct,2024-09-01,1060566,1
LOCK-2024-08058,Retail,2024-11-01,586451,0
LOCK-2024-08059,Correspondent,2024-05-01,252893,1
LOCK-2024-08060,Wholesale,2024-02-01,1169808,1
LOCK-2024-08061,Wholesale,2024-02-01,775002,1
LOCK-2024-08062,Retail,2024-07-01,899545,0
LOCK-2024-08063,Wholesale,2024-01-01,528039,1
LOCK-2024-08064,Direct,2024-04-01,573447,0
LOCK-2024-08065,Correspondent,2024-06-01,264336,1
LOCK-2024-08066,Direct,2024-02-01,449142,0
LOCK-2024-08067,Correspondent,2024-05-01,824208,1
LOCK-2024-08068,Wholesale,2024-09-01,1101228,1
LOCK-2024-08069,Retail,2024-08-01,736638,1
LOCK-2024-08070,Retail,2024-05-01,611270,1
LOCK-2024-08071,Retail,2024-11-01,395845,1
LOCK-2024-08072,Retail,2024-10-01,602802,1
LOCK-2024-08073,Wholesale,2024-08-01,928645,1
LOCK-2024-08074,Retail,2024-05-01,324020,1
LOCK-2024-08075,Retail,2024-12-01,203721,1
LOCK-2024-08076,Direct,2024-10-01,1198729,0
LOCK-2024-08077,Correspondent,2024-06-01,878289,1
LOCK-2024-08078,Direct,2024-10-01,482013,1
LOCK-2024-08079,Direct,2024-01-01,624634,1
LOCK-2024-08080,Retail,2024-01-01,243494,1
LOCK-2024-08081,Wholesale,2024-01-01,309978,1
LOCK-2024-08082,Direct,2024-02-01,336190,0
LOCK-2024-08083,Retail,2024-01-01,1148070,0
LOCK-2024-08084,Wholesale,2024-03-01,885341,0
LOCK-2024-08085,Wholesale,2024-04-01,713334,1
LOCK-2024-08086,Retail,2024-02-01,240775,1
LOCK-2024-08087,Retail,2024-12-01,582920,1
LOCK-2024-08088,Direct,2024-10-01,704593,1
LOCK-2024-08089,Correspondent,2024-04-01,591691,0
LOCK-2024-08090,Retail,2024-12-01,945182,1
LOCK-2024-08091,Direct,2024-04-01,994474,1
LOCK-2024-08092,Wholesale,2024-02-01,1187080,1
LOCK-2024-08093,Correspondent,2024-06-01,849736,1
LOCK-2024-08094,Wholesale,2024-06-01,870993,1
LOCK-2024-08095,Retail,2024-06-01,918788,1
LOCK-2024-08096,Wholesale,2024-09-01,476573,1
LOCK-2024-08097,Wholesale,2024-08-01,1013014,0
LOCK-2024-08098,Correspondent,2024-07-01,401176,0
LOCK-2024-08099,Wholesale,2024-01-01,731307,1
LOCK-2024-08100,Correspondent,2024-12-01,968425,1
LOCK-2024-08101,Correspondent,2024-08-01,751964,1
LOCK-2024-08102,Wholesale,2024-12-01,817661,1
LOCK-2024-08103,Retail,2024-11-01,1002817,1
LOCK-2024-08104,Correspondent,2024-02-01,353891,0
LOCK-2024-08105,Correspondent,2024-03-01,439078,1
LOCK-2024-08106,Direct,2024-02-01,882485,1
LOCK-2024-08107,Correspondent,2024-01-01,395682,0
LOCK-2024-08108,Direct,2024-12-01,428771,1
LOCK-2024-08109,Wholesale,2024-01-01,782495,1
LOCK-2024-08110,Retail,2024-02-01,563643,1
LOCK-2024-08111,Retail,2024-11-01,1069014,1
LOCK-2024-08112,Wholesale,2024-11-01,680724,1
LOCK-2024-08113,Correspondent,2024-08-01,435616,1
LOCK-2024-08114,Wholesale,2024-04-01,182692,1
LOCK-2024-08115,Correspondent,2024-07-01,402222,1
LOCK-2024-08116,Direct,2024-03-01,692151,0
LOCK-2024-08117,Retail,2024-06-01,1114107,1
LOCK-2024-08118,Direct,2024-09-01,207827,0
LOCK-2024-08119,Direct,2024-02-01,504479,0
LOCK-2024-08120,Direct,2024-11-01,234899,1
LOCK-2024-08121,Correspondent,2024-01-01,480304,0
LOCK-2024-08122,Retail,2024-12-01,293862,1
LOCK-2024-08123,Direct,2024-02-01,820758,0
LOCK-2024-08124,Direct,2024-09-01,1064109,1
LOCK-2024-08125,Correspondent,2024-07-01,868024,0
LOCK-2024-08126,Correspondent,2024-02-01,586824,0
LOCK-2024-08127,Wholesale,2024-12-01,948912,0
LOCK-2024-08128,Direct,2024-07-01,782504,1
LOCK-2024-08129,Correspondent,2024-06-01,969500,1
LOCK-2024-08130,Retail,2024-04-01,402569,0
LOCK-2024-08131,Correspondent,2024-03-01,695603,1
LOCK-2024-08132,Wholesale,2024-01-01,188642,1
LOCK-2024-08133,Wholesale,2024-05-01,1051196,1
LOCK-2024-08134,Retail,2024-07-01,859730,1
LOCK-2024-08135,Wholesale,2024-05-01,681054,1
LOCK-2024-08136,Correspondent,2024-03-01,1028489,0
LOCK-2024-08137,Correspondent,2024-03-01,896443,1
LOCK-2024-08138,Correspondent,2024-03-01,563393,1
LOCK-2024-08139,Wholesale,2024-08-01,862674,1
LOCK-2024-08140,Correspondent,2024-02-01,911599,0
LOCK-2024-08141,Direct,2024-03-01,904694,0
LOCK-2024-08142,Retail,2024-09-01,726443,1
LOCK-2024-08143,Wholesale,2024-01-01,300796,1
LOCK-2024-08144,Retail,2024-12-01,509803,1
LOCK-2024-08145,Wholesale,2024-10-01,275179,1
LOCK-2024-08146,Correspondent,2024-05-01,587878,0
LOCK-2024-08147,Direct,2024-08-01,565757,1
LOCK-2024-08148,Correspondent,2024-08-01,1088899,1
LOCK-2024-08149,Correspondent,2024-03-01,907301,1
LOCK-2024-08150,Retail,2024-10-01,737933,0
LOCK-2024-08151,Correspondent,2024-01-01,400105,1
LOCK-2024-08152,Direct,2024-06-01,183963,1
LOCK-2024-08153,Retail,2024-02-01,542275,0
LOCK-2024-08154,Retail,2024-01-01,303211,1
LOCK-2024-08155,Direct,2024-07-01,1002189,1
LOCK-2024-08156,Direct,2024-04-01,1145340,0
LOCK-2024-08157,Retail,2024-08-01,827886,1
LOCK-2024-08158,Retail,2024-06-01,252633,1
LOCK-2024-08159,Retail,2024-08-01,583724,1
LOCK-2024-08160,Wholesale,2024-11-01,513868,1
LOCK-2024-08161,Correspondent,2024-06-01,1041035,1
LOCK-2024-08162,Retail,2024-11-01,313686,0
LOCK-2024-08163,Wholesale,2024-10-01,1015424,1
LOCK-2024-08164,Retail,2024-10-01,494046,1
LOCK-2024-08165,Wholesale,2024-04-01,662460,1
LOCK-2024-08166,Correspondent,2024-07-01,192558,1
LOCK-2024-08167,Correspondent,2024-04-01,504503,0
LOCK-2024-08168,Retail,2024-07-01,424732,1
LOCK-2024-08169,Direct,2024-09-01,607154,1
LOCK-2024-08170,Correspondent,2024-02-01,575235,0
LOCK-2024-08171,Correspondent,2024-06-01,542225,1
LOCK-2024-08172,Retail,2024-11-01,770382,1
LOCK-2024-08173,Retail,2024-05-01,933548,1
LOCK-2024-08174,Correspondent,2024-12-01,1095547,0
LOCK-2024-08175,Retail,2024-05-01,655867,1
LOCK-2024-08176,Correspondent,2024-07-01,543858,0
LOCK-2024-08177,Direct,2024-06-01,287375,0
LOCK-2024-08178,Direct,2024-06-01,553407,1
LOCK-2024-08179,Direct,2024-04-01,204627,0
LOCK-2024-08180,Direct,2024-03-01,646262,0
LOCK-2024-08181,Wholesale,2024-07-01,771218,0
LOCK-2024-08182,Direct,2024-06-01,215591,0
LOCK-2024-08183,Retail,2024-11-01,868710,0
LOCK-2024-08184,Correspondent,2024-06-01,363963,1
LOCK-2024-08185,Direct,2024-04-01,1104650,0
LOCK-2024-08186,Correspondent,2024-02-01,450646,0
LOCK-2024-08187,Correspondent,2024-04-01,902782,0
LOCK-2024-08188,Direct,2024-03-01,668521,1
LOCK-2024-08189,Retail,2024-12-01,366549,1
LOCK-2024-08190,Correspondent,2024-12-01,1146144,1
LOCK-2024-08191,Wholesale,2024-09-01,307145,1
LOCK-2024-08192,Wholesale,2024-06-01,356853,1
LOCK-2024-08193,Correspondent,2024-03-01,1136381,1
LOCK-2024-08194,Wholesale,2024-05-01,849840,0
LOCK-2024-08195,Wholesale,2024-11-01,459640,1
LOCK-2024-08196,Correspondent,2024-07-01,762413,1
LOCK-2024-08197,Correspondent,2024-08-01,318921,1
LOCK-2024-08198,Wholesale,2024-07-01,725242,0
LOCK-2024-08199,Correspondent,2024-02-01,527225,1
LOCK-2024-08200,Wholesale,2024-01-01,319881,0
LOCK-2024-08201,Direct,2024-04-01,699925,0
LOCK-2024-08202,Wholesale,2024-01-01,847923,1
LOCK-2024-08203,Retail,2024-01-01,1120135,1
LOCK-2024-08204,Retail,2024-08-01,638827,1
LOCK-2024-08205,Correspondent,2024-06-01,239989,1
LOCK-2024-08206,Correspondent,2024-12-01,670488,0
LOCK-2024-08207,Retail,2024-10-01,1141126,0
LOCK-2024-08208,Wholesale,2024-02-01,966774,0
LOCK-2024-08209,Direct,2024-02-01,674756,1
LOCK-2024-08210,Wholesale,2024-03-01,1189447,0
LOCK-2024-08211,Retail,2024-02-01,444509,0
LOCK-2024-08212,Direct,2024-06-01,1107483,1
LOCK-2024-08213,Retail,2024-03-01,312690,0
LOCK-2024-08214,Wholesale,2024-08-01,1156865,1
LOCK-2024-08215,Direct,2024-08-01,1176278,1
LOCK-2024-08216,Correspondent,2024-06-01,787727,1
LOCK-2024-08217,Direct,2024-10-01,299365,1
LOCK-2024-08218,Direct,2024-03-01,296338,1
LOCK-2024-08219,Wholesale,2024-04-01,641187,0
LOCK-2024-08220,Retail,2024-03-01,353790,1
LOCK-2024-08221,Wholesale,2024-12-01,284122,1
LOCK-2024-08222,Retail,2024-01-01,981150,0
LOCK-2024-08223,Correspondent,2024-05-01,992345,0
LOCK-2024-08224,Retail,2024-06-01,835575,1
LOCK-2024-08225,Retail,2024-09-01,591246,1
LOCK-2024-08226,Wholesale,2024-06-01,263505,1
LOCK-2024-08227,Wholesale,2024-01-01,771519,1
LOCK-2024-08228,Direct,2024-09-01,799115,0
LOCK-2024-08229,Retail,2024-10-01,1104499,1
LOCK-2024-08230,Retail,2024-06-01,985726,1
LOCK-2024-08231,Direct,2024-11-01,922368,0
LOCK-2024-08232,Retail,2024-05-01,912620,1
LOCK-2024-08233,Correspondent,2024-12-01,506311,1
LOCK-2024-08234,Direct,2024-11-01,861897,1
LOCK-2024-08235,Retail,2024-08-01,407572,0
LOCK-2024-08236,Wholesale,2024-09-01,940051,1
LOCK-2024-08237,Direct,2024-11-01,194821,1
LOCK-2024-08238,Retail,2024-09-01,950796,1
LOCK-2024-08239,Wholesale,2024-08-01,637080,1
LOCK-2024-08240,Direct,2024-09-01,655016,0
LOCK-2024-08241,Correspondent,2024-12-01,526951,1
LOCK-2024-08242,Correspondent,2024-07-01,353181,1
LOCK-2024-08243,Wholesale,2024-10-01,215403,0
LOCK-2024-08244,Direct,2024-10-01,383960,1
LOCK-2024-08245,Wholesale,2024-11-01,365856,1
LOCK-2024-08246,Correspondent,2024-03-01,694698,1
LOCK-2024-08247,Wholesale,2024-10-01,360162,0
LOCK-2024-08248,Direct,2024-02-01,381071,1
LOCK-2024-08249,Direct,2024-01-01,1050084,1
LOCK-2024-08250,Retail,2024-03-01,231438,1
LOCK-2024-08251,Direct,2024-10-01,1091880,1
LOCK-2024-08252,Retail,2024-10-01,528657,1
LOCK-2024-08253,Direct,2024-06-01,740657,0
LOCK-2024-08254,Correspondent,2024-12-01,439162,1
LOCK-2024-08255,Direct,2024-02-01,571568,1
LOCK-2024-08256,Correspondent,2024-09-01,1158980,1
LOCK-2024-08257,Wholesale,2024-02-01,1150709,0
LOCK-2024-08258,Correspondent,2024-01-01,1183830,1
LOCK-2024-08259,Retail,2024-03-01,442898,1
LOCK-2024-08260,Correspondent,2024-07-01,834787,1
LOCK-2024-08261,Correspondent,2024-02-01,502842,0
LOCK-2024-08262,Direct,2024-01-01,961443,0
LOCK-2024-08263,Wholesale,2024-06-01,822728,1
LOCK-2024-08264,Retail,2024-06-01,193320,0
LOCK-2024-08265,Direct,2024-03-01,997703,1
LOCK-2024-08266,Correspondent,2024-05-01,975910,0
LOCK-2024-08267,Retail,2024-12-01,623217,1
LOCK-2024-08268,Direct,2024-05-01,1104800,1
LOCK-2024-08269,Direct,2024-03-01,766738,1
LOCK-2024-08270,Wholesale,2024-03-01,933730,1
LOCK-2024-08271,Direct,2024-01-01,852560,1
LOCK-2024-08272,Correspondent,2024-08-01,1122203,0
LOCK-2024-08273,Wholesale,2024-02-01,709796,0
LOCK-2024-08274,Correspondent,2024-05-01,928759,1
LOCK-2024-08275,Direct,2024-11-01,802291,1
LOCK-2024-08276,Wholesale,2024-03-01,1123806,1
LOCK-2024-08277,Direct,2024-05-01,1185250,1
LOCK-2024-08278,Retail,2024-04-01,925367,1
LOCK-2024-08279,Retail,2024-05-01,638283,1
LOCK-2024-08280,Correspondent,2024-11-01,402607,0
LOCK-2024-08281,Direct,2024-02-01,770805,1
LOCK-2024-08282,Correspondent,2024-06-01,980831,1
LOCK-2024-08283,Correspondent,2024-10-01,271178,1
LOCK-2024-08284,Wholesale,2024-04-01,650854,1
LOCK-2024-08285,Retail,2024-07-01,165619,1
LOCK-2024-08286,Retail,2024-02-01,952864,1
LOCK-2024-08287,Direct,2024-07-01,230856,1
LOCK-2024-08288,Retail,2024-03-01,1133967,0
LOCK-2024-08289,Retail,2024-05-01,630040,0
LOCK-2024-08290,Direct,2024-05-01,1087114,1
LOCK-2024-08291,Retail,2024-09-01,165360,1
LOCK-2024-08292,Correspondent,2024-04-01,540986,1
LOCK-2024-08293,Wholesale,2024-06-01,1103042,0
LOCK-2024-08294,Retail,2024-01-01,411184,0
LOCK-2024-08295,Wholesale,2024-12-01,1121034,1
LOCK-2024-08296,Retail,2024-10-01,635112,1
LOCK-2024-08297,Wholesale,2024-12-01,446965,1
LOCK-2024-08298,Direct,2024-11-01,164522,1
LOCK-2024-08299,Wholesale,2024-06-01,799915,0
LOCK-2024-08300,Retail,2024-10-01,1090424,1
LOCK-2024-08301,Correspondent,2024-10-01,794133,1
LOCK-2024-08302,Direct,2024-04-01,479125,0
LOCK-2024-08303,Retail,2024-11-01,758793,1
LOCK-2024-08304,Wholesale,2024-10-01,403796,0
LOCK-2024-08305,Direct,2024-07-01,909498,0
LOCK-2024-08306,Retail,2024-10-01,309215,0
LOCK-2024-08307,Wholesale,2024-07-01,801660,0
LOCK-2024-08308,Direct,2024-11-01,310842,1
LOCK-2024-08309,Direct,2024-09-01,608856,1
LOCK-2024-08310,Wholesale,2024-08-01,1135621,1
LOCK-2024-08311,Direct,2024-05-01,1197050,1
LOCK-2024-08312,Wholesale,2024-08-01,1001529,0
LOCK-2024-08313,Correspondent,2024-04-01,998262,0
LOCK-2024-08314,Direct,2024-10-01,569865,1
LOCK-2024-08315,Retail,2024-04-01,970059,1
LOCK-2024-08316,Correspondent,2024-05-01,964366,0
LOCK-2024-08317,Retail,2024-08-01,674278,1
LOCK-2024-08318,Retail,2024-01-01,856200,1
LOCK-2024-08319,Retail,2024-05-01,558645,1
LOCK-2024-08320,Direct,2024-11-01,408286,1
LOCK-2024-08321,Retail,2024-05-01,313593,0
LOCK-2024-08322,Direct,2024-06-01,785418,1
LOCK-2024-08323,Direct,2024-11-01,894031,0
LOCK-2024-08324,Wholesale,2024-05-01,255894,1
LOCK-2024-08325,Wholesale,2024-06-01,512519,0
LOCK-2024-08326,Retail,2024-11-01,517967,1
LOCK-2024-08327,Correspondent,2024-01-01,417207,0
LOCK-2024-08328,Correspondent,2024-05-01,670723,1
LOCK-2024-08329,Wholesale,2024-04-01,856080,1
LOCK-2024-08330,Direct,2024-12-01,704852,1
LOCK-2024-08331,Retail,2024-07-01,1088858,1
LOCK-2024-08332,Direct,2024-12-01,758313,1
LOCK-2024-08333,Retail,2024-04-01,643553,1
LOCK-2024-08334,Wholesale,2024-08-01,620306,1
LOCK-2024-08335,Retail,2024-07-01,1105599,1
LOCK-2024-08336,Correspondent,2024-02-01,1027337,1
LOCK-2024-08337,Correspondent,2024-11-01,1067526,1
LOCK-2024-08338,Direct,2024-03-01,262853,1
LOCK-2024-08339,Correspondent,2024-06-01,443033,1
LOCK-2024-08340,Retail,2024-07-01,433824,1
LOCK-2024-08341,Direct,2024-10-01,442071,1
LOCK-2024-08342,Wholesale,2024-04-01,711512,1
LOCK-2024-08343,Direct,2024-06-01,918707,0
LOCK-2024-08344,Direct,2024-01-01,452876,1
LOCK-2024-08345,Retail,2024-03-01,661362,1
LOCK-2024-08346,Retail,2024-06-01,795834,1
LOCK-2024-08347,Wholesale,2024-03-01,1183594,1
LOCK-2024-08348,Wholesale,2024-01-01,945789,0
LOCK-2024-08349,Direct,2024-05-01,1115879,1
LOCK-2024-08350,Correspondent,2024-01-01,842504,1
LOCK-2024-08351,Correspondent,2024-12-01,328870,1
LOCK-2024-08352,Correspondent,2024-04-01,321683,0
LOCK-2024-08353,Correspondent,2024-08-01,808703,1
LOCK-2024-08354,Correspondent,2024-10-01,944200,1
LOCK-2024-08355,Direct,2024-07-01,1090584,0
LOCK-2024-08356,Retail,2024-10-01,443001,1
LOCK-2024-08357,Wholesale,2024-07-01,987522,0
LOCK-2024-08358,Retail,2024-06-01,766120,1
LOCK-2024-08359,Correspondent,2024-11-01,928212,0
LOCK-2024-08360,Wholesale,2024-12-01,719321,0
LOCK-2024-08361,Direct,2024-07-01,492021,1
LOCK-2024-08362,Retail,2024-02-01,842158,0
LOCK-2024-08363,Correspondent,2024-02-01,351520,0
LOCK-2024-08364,Retail,2024-05-01,195809,1
LOCK-2024-08365,Wholesale,2024-08-01,555325,1
LOCK-2024-08366,Retail,2024-06-01,463053,1
LOCK-2024-08367,Retail,2024-03-01,1062174,1
LOCK-2024-08368,Direct,2024-06-01,623268,1
LOCK-2024-08369,Direct,2024-05-01,594641,1
LOCK-2024-08370,Correspondent,2024-12-01,1023887,0
LOCK-2024-08371,Wholesale,2024-10-01,648607,0
LOCK-2024-08372,Correspondent,2024-07-01,436029,1
LOCK-2024-08373,Wholesale,2024-07-01,1102712,1
LOCK-2024-08374,Wholesale,2024-08-01,160048,1
LOCK-2024-08375,Direct,2024-04-01,790596,1
LOCK-2024-08376,Retail,2024-03-01,282130,1
LOCK-2024-08377,Correspondent,2024-03-01,1072288,0
LOCK-2024-08378,Direct,2024-07-01,830956,0
LOCK-2024-08379,Direct,2024-02-01,856263,1
LOCK-2024-08380,Retail,2024-01-01,1144859,1
LOCK-2024-08381,Correspondent,2024-04-01,658963,1
LOCK-2024-08382,Wholesale,2024-02-01,174792,0
LOCK-2024-08383,Wholesale,2024-03-01,259782,1
LOCK-2024-08384,Correspondent,2024-11-01,754949,1
LOCK-2024-08385,Retail,2024-04-01,379291,0
LOCK-2024-08386,Retail,2024-09-01,1045935,1
LOCK-2024-08387,Wholesale,2024-09-01,897403,1
LOCK-2024-08388,Direct,2024-07-01,912346,1
LOCK-2024-08389,Wholesale,2024-07-01,687641,1
LOCK-2024-08390,Correspondent,2024-03-01,736085,0
LOCK-2024-08391,Correspondent,2024-02-01,309057,1
LOCK-2024-08392,Retail,2024-10-01,751345,0
LOCK-2024-08393,Wholesale,2024-05-01,970173,1
LOCK-2024-08394,Wholesale,2024-03-01,548071,1
LOCK-2024-08395,Wholesale,2024-09-01,644539,1
LOCK-2024-08396,Wholesale,2024-12-01,839050,1
LOCK-2024-08397,Wholesale,2024-11-01,686966,1
LOCK-2024-08398,Retail,2024-02-01,192822,1
LOCK-2024-08399,Correspondent,2024-02-01,519446,1
LOCK-2024-08400,Retail,2024-03-01,855913,1
LOCK-2024-08401,Wholesale,2024-05-01,1063864,1
LOCK-2024-08402,Direct,2024-04-01,1015382,1
LOCK-2024-08403,Wholesale,2024-08-01,407559,1
LOCK-2024-08404,Retail,2024-04-01,1075142,1
LOCK-2024-08405,Wholesale,2024-04-01,775400,1
LOCK-2024-08406,Wholesale,2024-02-01,934672,0
LOCK-2024-08407,Wholesale,2024-02-01,1193704,0
LOCK-2024-08408,Retail,2024-03-01,320162,0
LOCK-2024-08409,Wholesale,2024-02-01,669425,1
LOCK-2024-08410,Wholesale,2024-04-01,536346,1
LOCK-2024-08411,Retail,2024-05-01,1051580,1
LOCK-2024-08412,Correspondent,2024-03-01,1074990,1
LOCK-2024-08413,Wholesale,2024-12-01,878535,1
LOCK-2024-08414,Wholesale,2024-02-01,1193718,1
LOCK-2024-08415,Correspondent,2024-10-01,151278,0
LOCK-2024-08416,Correspondent,2024-02-01,584454,0
LOCK-2024-08417,Correspondent,2024-09-01,544326,1
LOCK-2024-08418,Wholesale,2024-07-01,175495,1
LOCK-2024-08419,Direct,2024-07-01,755281,1
LOCK-2024-08420,Direct,2024-09-01,666663,0
LOCK-2024-08421,Wholesale,2024-05-01,1012724,1
LOCK-2024-08422,Direct,2024-04-01,404949,0
LOCK-2024-08423,Correspondent,2024-06-01,362589,0
LOCK-2024-08424,Wholesale,2024-06-01,1155616,0
LOCK-2024-08425,Retail,2024-03-01,225404,0
LOCK-2024-08426,Correspondent,2024-02-01,276648,1
LOCK-2024-08427,Retail,2024-12-01,371023,0
LOCK-2024-08428,Correspondent,2024-07-01,833718,1
LOCK-2024-08429,Wholesale,2024-01-01,494145,1
LOCK-2024-08430,Correspondent,2024-01-01,1060598,0
LOCK-2024-08431,Wholesale,2024-04-01,1119695,0
LOCK-2024-08432,Retail,2024-02-01,777595,1
LOCK-2024-08433,Retail,2024-03-01,182875,0
LOCK-2024-08434,Correspondent,2024-04-01,904911,1
LOCK-2024-08435,Direct,2024-05-01,1155903,1
LOCK-2024-08436,Wholesale,2024-10-01,253579,0
LOCK-2024-08437,Correspondent,2024-02-01,582164,1
LOCK-2024-08438,Retail,2024-10-01,900535,0
LOCK-2024-08439,Direct,2024-01-01,914241,1
LOCK-2024-08440,Retail,2024-02-01,979755,1
LOCK-2024-08441,Correspondent,2024-05-01,882408,0
LOCK-2024-08442,Correspondent,2024-05-01,863106,0
LOCK-2024-08443,Retail,2024-03-01,602793,1
LOCK-2024-08444,Correspondent,2024-05-01,477693,1
LOCK-2024-08445,Direct,2024-06-01,1118740,0
LOCK-2024-08446,Retail,2024-04-01,566414,1
LOCK-2024-08447,Wholesale,2024-08-01,827573,1
LOCK-2024-08448,Direct,2024-09-01,595552,1
LOCK-2024-08449,Wholesale,2024-04-01,674948,0
LOCK-2024-08450,Retail,2024-11-01,1013939,1
LOCK-2024-08451,Wholesale,2024-06-01,971513,1
LOCK-2024-08452,Retail,2024-09-01,562349,0
LOCK-2024-08453,Wholesale,2024-05-01,1002040,1
LOCK-2024-08454,Retail,2024-02-01,221519,1
LOCK-2024-08455,Direct,2024-04-01,407855,1
LOCK-2024-08456,Wholesale,2024-07-01,767208,0
LOCK-2024-08457,Direct,2024-11-01,669752,1
LOCK-2024-08458,Correspondent,2024-05-01,1019719,1
LOCK-2024-08459,Retail,2024-01-01,754710,1
LOCK-2024-08460,Retail,2024-09-01,515927,1
LOCK-2024-08461,Wholesale,2024-12-01,336614,1
LOCK-2024-08462,Retail,2024-09-01,926686,1
LOCK-2024-08463,Direct,2024-05-01,242926,0
LOCK-2024-08464,Correspondent,2024-11-01,1101880,1
LOCK-2024-08465,Correspondent,2024-06-01,239740,1
LOCK-2024-08466,Direct,2024-05-01,453860,0
LOCK-2024-08467,Retail,2024-08-01,542647,1
LOCK-2024-08468,Retail,2024-07-01,940299,1
LOCK-2024-08469,Retail,2024-01-01,315465,0
LOCK-2024-08470,Retail,2024-02-01,1188290,0
LOCK-2024-08471,Direct,2024-10-01,1113654,0
LOCK-2024-08472,Retail,2024-05-01,954012,0
LOCK-2024-08473,Correspondent,2024-12-01,907103,1
LOCK-2024-08474,Direct,2024-11-01,704165,0
LOCK-2024-08475,Wholesale,2024-03-01,847882,1
LOCK-2024-08476,Retail,2024-08-01,466225,1
LOCK-2024-08477,Wholesale,2024-03-01,489423,0
LOCK-2024-08478,Direct,2024-04-01,1030327,1
LOCK-2024-08479,Correspondent,2024-07-01,813058,1
LOCK-2024-08480,Direct,2024-10-01,652023,1
LOCK-2024-08481,Direct,2024-06-01,766197,0
LOCK-2024-08482,Retail,2024-02-01,1015276,0
LOCK-2024-08483,Retail,2024-04-01,955547,1
LOCK-2024-08484,Correspondent,2024-02-01,1107189,1
LOCK-2024-08485,Retail,2024-01-01,1094766,1
LOCK-2024-08486,Retail,2024-09-01,500874,1
LOCK-2024-08487,Wholesale,2024-05-01,528792,0
LOCK-2024-08488,Direct,2024-12-01,1027598,1
LOCK-2024-08489,Retail,2024-11-01,226004,0
LOCK-2024-08490,Correspondent,2024-09-01,459348,0
LOCK-2024-08491,Wholesale,2024-06-01,548067,1
LOCK-2024-08492,Correspondent,2024-07-01,594575,0
LOCK-2024-08493,Retail,2024-01-01,637234,1
LOCK-2024-08494,Direct,2024-02-01,301327,1
LOCK-2024-08495,Correspondent,2024-07-01,988177,0
LOCK-2024-08496,Correspondent,2024-04-01,939704,1
LOCK-2024-08497,Retail,2024-03-01,786832,1
LOCK-2024-08498,Correspondent,2024-05-01,539668,1
LOCK-2024-08499,Correspondent,2024-09-01,1114733,0
LOCK-2024-08500,Correspondent,2024-02-01,389296,1
LOCK-2024-08501,Retail,2024-02-01,1096940,1
LOCK-2024-08502,Correspondent,2024-12-01,1088547,1
LOCK-2024-08503,Correspondent,2024-04-01,240038,0
LOCK-2024-08504,Wholesale,2024-06-01,864538,1
LOCK-2024-08505,Direct,2024-02-01,288385,0
LOCK-2024-08506,Wholesale,2024-11-01,174869,1
LOCK-2024-08507,Direct,2024-04-01,629506,0
LOCK-2024-08508,Correspondent,2024-09-01,340039,1
LOCK-2024-08509,Direct,2024-11-01,704683,1
LOCK-2024-08510,Retail,2024-08-01,1122796,0
LOCK-2024-08511,Correspondent,2024-09-01,663301,0
LOCK-2024-08512,Direct,2024-04-01,379349,1
LOCK-2024-08513,Direct,2024-12-01,822278,1
LOCK-2024-08514,Direct,2024-11-01,698878,1
LOCK-2024-08515,Direct,2024-04-01,719417,1
LOCK-2024-08516,Direct,2024-05-01,245161,0
LOCK-2024-08517,Direct,2024-07-01,555594,1
LOCK-2024-08518,Wholesale,2024-06-01,486954,1
LOCK-2024-08519,Retail,2024-08-01,554080,1
LOCK-2024-08520,Correspondent,2024-03-01,180608,1
LOCK-2024-08521,Wholesale,2024-03-01,991069,1
LOCK-2024-08522,Wholesale,2024-05-01,276340,1
LOCK-2024-08523,Retail,2024-06-01,705298,0
LOCK-2024-08524,Direct,2024-07-01,1080552,1
LOCK-2024-08525,Correspondent,2024-11-01,439195,1
LOCK-2024-08526,Direct,2024-02-01,596804,0
LOCK-2024-08527,Retail,2024-01-01,308402,1
LOCK-2024-08528,Wholesale,2024-03-01,938228,1
LOCK-2024-08529,Correspondent,2024-03-01,626151,1
LOCK-2024-08530,Wholesale,2024-08-01,273071,1
LOCK-2024-08531,Retail,2024-10-01,505045,1
LOCK-2024-08532,Retail,2024-05-01,832941,0
LOCK-2024-08533,Wholesale,2024-08-01,623897,1
LOCK-2024-08534,Wholesale,2024-05-01,899146,1
LOCK-2024-08535,Wholesale,2024-08-01,1123165,1
LOCK-2024-08536,Direct,2024-02-01,810056,1
LOCK-2024-08537,Correspondent,2024-05-01,844841,0
LOCK-2024-08538,Wholesale,2024-08-01,886073,1
LOCK-2024-08539,Wholesale,2024-02-01,1107494,1
LOCK-2024-08540,Correspondent,2024-10-01,958041,1
LOCK-2024-08541,Direct,2024-04-01,741137,1
LOCK-2024-08542,Direct,2024-01-01,677292,1
LOCK-2024-08543,Retail,2024-01-01,225042,1
LOCK-2024-08544,Correspondent,2024-08-01,236306,1
LOCK-2024-08545,Retail,2024-01-01,1194233,1
LOCK-2024-08546,Retail,2024-12-01,946663,1
LOCK-2024-08547,Wholesale,2024-04-01,516083,1
LOCK-2024-08548,Correspondent,2024-08-01,877998,1
LOCK-2024-08549,Wholesale,2024-09-01,266090,1
LOCK-2024-08550,Direct,2024-07-01,636627,0
LOCK-2024-08551,Direct,2024-10-01,488233,1
LOCK-2024-08552,Wholesale,2024-05-01,527839,0
LOCK-2024-08553,Wholesale,2024-12-01,605359,1
LOCK-2024-08554,Wholesale,2024-07-01,675829,1
LOCK-2024-08555,Wholesale,2024-05-01,422052,1
LOCK-2024-08556,Wholesale,2024-03-01,499078,1
LOCK-2024-08557,Wholesale,2024-07-01,230481,0
LOCK-2024-08558,Retail,2024-09-01,776234,1
LOCK-2024-08559,Wholesale,2024-01-01,296028,1
LOCK-2024-08560,Wholesale,2024-02-01,258992,1
LOCK-2024-08561,Correspondent,2024-08-01,851270,0
LOCK-2024-08562,Correspondent,2024-03-01,576844,1
LOCK-2024-08563,Retail,2024-05-01,558866,1
LOCK-2024-08564,Wholesale,2024-02-01,1063995,1
LOCK-2024-08565,Correspondent,2024-03-01,791467,1
LOCK-2024-08566,Correspondent,2024-02-01,854236,1
LOCK-2024-08567,Retail,2024-08-01,1119722,1
LOCK-2024-08568,Wholesale,2024-04-01,1010263,1
LOCK-2024-08569,Direct,2024-06-01,316309,1
LOCK-2024-08570,Correspondent,2024-02-01,413090,0
LOCK-2024-08571,Retail,2024-07-01,234060,1
LOCK-2024-08572,Direct,2024-05-01,744246,1
LOCK-2024-08573,Direct,2024-01-01,1128775,0
LOCK-2024-08574,Correspondent,2024-12-01,405696,0
LOCK-2024-08575,Correspondent,2024-06-01,253808,1
LOCK-2024-08576,Retail,2024-09-01,397610,0
LOCK-2024-08577,Retail,2024-08-01,217260,1
LOCK-2024-08578,Correspondent,2024-01-01,595989,0
LOCK-2024-08579,Correspondent,2024-11-01,422961,1
LOCK-2024-08580,Correspondent,2024-09-01,1063596,0
LOCK-2024-08581,Wholesale,2024-03-01,840249,0
LOCK-2024-08582,Wholesale,2024-04-01,997714,1
LOCK-2024-08583,Wholesale,2024-07-01,538768,1
LOCK-2024-08584,Wholesale,2024-03-01,428647,0
LOCK-2024-08585,Correspondent,2024-09-01,1126147,1
LOCK-2024-08586,Retail,2024-08-01,987962,1
LOCK-2024-08587,Wholesale,2024-02-01,1176098,1
LOCK-2024-08588,Retail,2024-02-01,398047,1
LOCK-2024-08589,Correspondent,2024-05-01,1064490,1
LOCK-2024-08590,Retail,2024-10-01,1061779,1
LOCK-2024-08591,Direct,2024-03-01,1060874,1
LOCK-2024-08592,Retail,2024-07-01,354104,0
LOCK-2024-08593,Direct,2024-10-01,1020553,1
LOCK-2024-08594,Correspondent,2024-06-01,284343,1
LOCK-2024-08595,Correspondent,2024-03-01,305519,1
LOCK-2024-08596,Direct,2024-11-01,790151,1
LOCK-2024-08597,Correspondent,2024-08-01,1158719,1
LOCK-2024-08598,Correspondent,2024-11-01,738966,1
LOCK-2024-08599,Wholesale,2024-12-01,606627,1
LOCK-2024-08600,Direct,2024-04-01,756854,1
LOCK-2024-08601,Retail,2024-02-01,816329,1
LOCK-2024-08602,Correspondent,2024-01-01,1046149,1
LOCK-2024-08603,Wholesale,2024-08-01,212334,1
LOCK-2024-08604,Correspondent,2024-11-01,811166,0
LOCK-2024-08605,Retail,2024-12-01,1188791,1
LOCK-2024-08606,Wholesale,2024-11-01,247744,1
LOCK-2024-08607,Direct,2024-02-01,1199937,1
LOCK-2024-08608,Retail,2024-05-01,471025,0
LOCK-2024-08609,Retail,2024-12-01,1045386,1
LOCK-2024-08610,Direct,2024-12-01,818936,1
LOCK-2024-08611,Direct,2024-05-01,349701,1
LOCK-2024-08612,Retail,2024-03-01,1052385,1
LOCK-2024-08613,Correspondent,2024-05-01,495819,1
LOCK-2024-08614,Correspondent,2024-01-01,355910,0
LOCK-2024-08615,Correspondent,2024-03-01,732236,0
LOCK-2024-08616,Direct,2024-02-01,867993,1
LOCK-2024-08617,Correspondent,2024-11-01,1072220,1
LOCK-2024-08618,Wholesale,2024-09-01,967444,0
LOCK-2024-08619,Direct,2024-11-01,905370,0
LOCK-2024-08620,Retail,2024-06-01,358074,0
LOCK-2024-08621,Direct,2024-09-01,1012260,1
LOCK-2024-08622,Direct,2024-09-01,835261,0
LOCK-2024-08623,Direct,2024-01-01,180826,1
LOCK-2024-08624,Retail,2024-09-01,577896,1
LOCK-2024-08625,Correspondent,2024-01-01,927008,0
LOCK-2024-08626,Correspondent,2024-01-01,911131,1
LOCK-2024-08627,Retail,2024-05-01,1020020,0
LOCK-2024-08628,Correspondent,2024-02-01,267278,1
LOCK-2024-08629,Wholesale,2024-06-01,195221,0
LOCK-2024-08630,Retail,2024-01-01,691267,1
LOCK-2024-08631,Correspondent,2024-02-01,602030,1
LOCK-2024-08632,Correspondent,2024-06-01,740837,0
LOCK-2024-08633,Wholesale,2024-01-01,587586,0
LOCK-2024-08634,Retail,2024-04-01,367479,1
LOCK-2024-08635,Retail,2024-09-01,207086,0
LOCK-2024-08636,Retail,2024-08-01,911651,1
LOCK-2024-08637,Wholesale,2024-12-01,857884,1
LOCK-2024-08638,Retail,2024-04-01,948133,1
LOCK-2024-08639,Retail,2024-01-01,854760,1
LOCK-2024-08640,Retail,2024-06-01,1123819,1
LOCK-2024-08641,Retail,2024-08-01,1136163,1
LOCK-2024-08642,Correspondent,2024-02-01,729928,1
LOCK-2024-08643,Direct,2024-03-01,749759,0
LOCK-2024-08644,Retail,2024-10-01,593905,0
LOCK-2024-08645,Direct,2024-01-01,1073689,1
LOCK-2024-08646,Correspondent,2024-10-01,172476,1
LOCK-2024-08647,Correspondent,2024-01-01,979849,1
LOCK-2024-08648,Wholesale,2024-10-01,230575,0
LOCK-2024-08649,Direct,2024-06-01,863899,1
LOCK-2024-08650,Direct,2024-10-01,1176641,0
LOCK-2024-08651,Retail,2024-01-01,539630,0
LOCK-2024-08652,Wholesale,2024-07-01,916634,1
LOCK-2024-08653,Wholesale,2024-04-01,952333,0
LOCK-2024-08654,Direct,2024-10-01,886787,1
LOCK-2024-08655,Correspondent,2024-02-01,518673,1
LOCK-2024-08656,Retail,2024-12-01,382958,1
LOCK-2024-08657,Correspondent,2024-05-01,643802,1
LOCK-2024-08658,Wholesale,2024-01-01,541026,0
LOCK-2024-08659,Retail,2024-07-01,371915,0
LOCK-2024-08660,Correspondent,2024-06-01,760560,1
LOCK-2024-08661,Retail,2024-05-01,285467,1
LOCK-2024-08662,Direct,2024-09-01,966345,1
LOCK-2024-08663,Correspondent,2024-12-01,703259,0
LOCK-2024-08664,Wholesale,2024-11-01,506813,1
LOCK-2024-08665,Direct,2024-12-01,1056365,1
LOCK-2024-08666,Wholesale,2024-10-01,288628,1
LOCK-2024-08667,Retail,2024-06-01,979730,1
LOCK-2024-08668,Direct,2024-07-01,185574,0
LOCK-2024-08669,Wholesale,2024-12-01,436715,0
LOCK-2024-08670,Correspondent,2024-04-01,258743,1
LOCK-2024-08671,Wholesale,2024-01-01,572044,1
LOCK-2024-08672,Retail,2024-08-01,195927,0
LOCK-2024-08673,Wholesale,2024-12-01,166520,1
LOCK-2024-08674,Wholesale,2024-05-01,350043,0
LOCK-2024-08675,Correspondent,2024-03-01,952812,0
LOCK-2024-08676,Direct,2024-04-01,248528,1
LOCK-2024-08677,Retail,2024-02-01,434990,0
LOCK-2024-08678,Wholesale,2024-05-01,655994,1
LOCK-2024-08679,Retail,2024-05-01,1139036,1
LOCK-2024-08680,Correspondent,2024-10-01,247616,0
LOCK-2024-08681,Direct,2024-09-01,942171,0
LOCK-2024-08682,Correspondent,2024-10-01,555920,1
LOCK-2024-08683,Direct,2024-01-01,1015805,0
LOCK-2024-08684,Retail,2024-03-01,253435,1
LOCK-2024-08685,Direct,2024-03-01,596053,1
LOCK-2024-08686,Correspondent,2024-11-01,855174,1
LOCK-2024-08687,Correspondent,2024-08-01,1155891,1
LOCK-2024-08688,Correspondent,2024-09-01,941341,0
LOCK-2024-08689,Wholesale,2024-09-01,911870,0
LOCK-2024-08690,Direct,2024-08-01,620446,0
LOCK-2024-08691,Direct,2024-05-01,623191,1
LOCK-2024-08692,Retail,2024-02-01,1003268,1
LOCK-2024-08693,Correspondent,2024-01-01,448061,0
LOCK-2024-08694,Wholesale,2024-11-01,478437,0
LOCK-2024-08695,Retail,2024-01-01,491184,1
LOCK-2024-08696,Correspondent,2024-04-01,1026802,1
LOCK-2024-08697,Wholesale,2024-03-01,377687,1
LOCK-2024-08698,Wholesale,2024-11-01,691758,1
LOCK-2024-08699,Retail,2024-12-01,993498,1
LOCK-2024-08700,Correspondent,2024-08-01,355531,1
LOCK-2024-08701,Direct,2024-07-01,1023165,1
LOCK-2024-08702,Correspondent,2024-02-01,916636,1
LOCK-2024-08703,Wholesale,2024-10-01,762714,1
LOCK-2024-08704,Direct,2024-01-01,1145729,0
LOCK-2024-08705,Retail,2024-03-01,922643,0
LOCK-2024-08706,Wholesale,2024-10-01,558473,1
LOCK-2024-08707,Wholesale,2024-02-01,191773,1
LOCK-2024-08708,Direct,2024-04-01,449708,1
LOCK-2024-08709,Direct,2024-10-01,746989,0
LOCK-2024-08710,Retail,2024-07-01,672504,1
LOCK-2024-08711,Correspondent,2024-04-01,1102289,1
LOCK-2024-08712,Wholesale,2024-01-01,743539,0
LOCK-2024-08713,Retail,2024-01-01,792588,1
LOCK-2024-08714,Direct,2024-01-01,493017,1
LOCK-2024-08715,Retail,2024-03-01,609838,1
LOCK-2024-08716,Correspondent,2024-09-01,174163,1
LOCK-2024-08717,Direct,2024-08-01,1110361,1
LOCK-2024-08718,Correspondent,2024-08-01,444804,1
LOCK-2024-08719,Wholesale,2024-07-01,212710,1
LOCK-2024-08720,Direct,2024-10-01,434963,1
LOCK-2024-08721,Direct,2024-04-01,355133,1
LOCK-2024-08722,Wholesale,2024-06-01,820764,1
LOCK-2024-08723,Retail,2024-05-01,1021108,0
LOCK-2024-08724,Wholesale,2024-12-01,353137,1
LOCK-2024-08725,Retail,2024-04-01,1145269,1
LOCK-2024-08726,Direct,2024-04-01,558107,1
LOCK-2024-08727,Direct,2024-04-01,1011830,1
LOCK-2024-08728,Retail,2024-12-01,1080577,0
LOCK-2024-08729,Direct,2024-03-01,162468,1
LOCK-2024-08730,Direct,2024-06-01,781399,0
LOCK-2024-08731,Correspondent,2024-10-01,321294,0
LOCK-2024-08732,Wholesale,2024-11-01,759264,1
LOCK-2024-08733,Correspondent,2024-02-01,299731,0
LOCK-2024-08734,Wholesale,2024-10-01,913401,1
LOCK-2024-08735,Correspondent,2024-04-01,388219,1
LOCK-2024-08736,Retail,2024-07-01,153251,1
LOCK-2024-08737,Retail,2024-02-01,589387,1
LOCK-2024-08738,Retail,2024-07-01,352560,0
LOCK-2024-08739,Correspondent,2024-08-01,286491,0
LOCK-2024-08740,Wholesale,2024-04-01,609738,1
LOCK-2024-08741,Wholesale,2024-05-01,303421,1
LOCK-2024-08742,Wholesale,2024-07-01,1027376,1
LOCK-2024-08743,Retail,2024-05-01,582894,1
LOCK-2024-08744,Correspondent,2024-05-01,991078,0
LOCK-2024-08745,Wholesale,2024-02-01,816973,1
LOCK-2024-08746,Correspondent,2024-10-01,1182491,1
LOCK-2024-08747,Retail,2024-04-01,1189279,0
LOCK-2024-08748,Wholesale,2024-04-01,320500,0
LOCK-2024-08749,Wholesale,2024-08-01,540172,0
LOCK-2024-08750,Wholesale,2024-01-01,673425,0
LOCK-2024-08751,Retail,2024-05-01,533400,1
LOCK-2024-08752,Wholesale,2024-02-01,259658,0
LOCK-2024-08753,Retail,2024-06-01,694544,0
LOCK-2024-08754,Retail,2024-09-01,504281,0
LOCK-2024-08755,Wholesale,2024-05-01,393831,1
LOCK-2024-08756,Correspondent,2024-02-01,536498,1
LOCK-2024-08757,Correspondent,2024-05-01,774023,0
LOCK-2024-08758,Correspondent,2024-10-01,921913,1
LOCK-2024-08759,Direct,2024-05-01,1039487,0
LOCK-2024-08760,Direct,2024-09-01,1187827,1
LOCK-2024-08761,Correspondent,2024-06-01,649869,0
LOCK-2024-08762,Retail,2024-07-01,793138,1
LOCK-2024-08763,Correspondent,2024-10-01,822931,1
LOCK-2024-08764,Correspondent,2024-07-01,631791,1
LOCK-2024-08765,Wholesale,2024-09-01,300626,0
LOCK-2024-08766,Wholesale,2024-02-01,593239,1
LOCK-2024-08767,Direct,2024-03-01,431869,1
LOCK-2024-08768,Wholesale,2024-07-01,682818,0
LOCK-2024-08769,Direct,2024-11-01,797657,1
LOCK-2024-08770,Wholesale,2024-01-01,1077209,0
LOCK-2024-08771,Direct,2024-08-01,722434,0
LOCK-2024-08772,Retail,2024-05-01,248227,0
LOCK-2024-08773,Retail,2024-04-01,493574,1
LOCK-2024-08774,Retail,2024-12-01,211369,1
LOCK-2024-08775,Wholesale,2024-10-01,620791,1
LOCK-2024-08776,Correspondent,2024-06-01,755843,0
LOCK-2024-08777,Correspondent,2024-03-01,1046420,1
LOCK-2024-08778,Correspondent,2024-01-01,844184,0
LOCK-2024-08779,Wholesale,2024-07-01,702685,1
LOCK-2024-08780,Correspondent,2024-03-01,526514,1
LOCK-2024-08781,Direct,2024-04-01,1123426,0
LOCK-2024-08782,Correspondent,2024-04-01,1155940,1
LOCK-2024-08783,Correspondent,2024-10-01,190818,1
LOCK-2024-08784,Retail,2024-08-01,625904,1
LOCK-2024-08785,Retail,2024-10-01,163781,1
LOCK-2024-08786,Wholesale,2024-05-01,574150,1
LOCK-2024-08787,Wholesale,2024-09-01,205710,1
LOCK-2024-08788,Retail,2024-05-01,381823,1
LOCK-2024-08789,Correspondent,2024-06-01,356498,0
LOCK-2024-08790,Direct,2024-01-01,1072756,1
LOCK-2024-08791,Direct,2024-10-01,155234,1
LOCK-2024-08792,Direct,2024-01-01,320717,0
LOCK-2024-08793,Wholesale,2024-11-01,336430,0
LOCK-2024-08794,Correspondent,2024-02-01,199757,1
LOCK-2024-08795,Direct,2024-05-01,1036181,1
LOCK-2024-08796,Wholesale,2024-05-01,231119,1
LOCK-2024-08797,Retail,2024-12-01,566117,0
LOCK-2024-08798,Retail,2024-04-01,418883,1
LOCK-2024-08799,Retail,2024-07-01,696369,0
LOCK-2024-08800,Retail,2024-12-01,848863,1
LOCK-2024-08801,Retail,2024-05-01,734564,1
LOCK-2024-08802,Retail,2024-05-01,201016,0
LOCK-2024-08803,Direct,2024-04-01,351343,1
LOCK-2024-08804,Correspondent,2024-07-01,822165,1
LOCK-2024-08805,Correspondent,2024-08-01,1121466,1
LOCK-2024-08806,Direct,2024-08-01,348027,1
LOCK-2024-08807,Direct,2024-12-01,526082,1
LOCK-2024-08808,Wholesale,2024-04-01,212015,1
LOCK-2024-08809,Correspondent,2024-09-01,284923,0
LOCK-2024-08810,Correspondent,2024-02-01,1168629,0
LOCK-2024-08811,Wholesale,2024-04-01,906833,0
LOCK-2024-08812,Wholesale,2024-03-01,380364,1
LOCK-2024-08813,Wholesale,2024-01-01,863537,1
LOCK-2024-08814,Retail,2024-05-01,218525,1
LOCK-2024-08815,Correspondent,2024-01-01,508792,1
LOCK-2024-08816,Correspondent,2024-08-01,1140604,1
LOCK-2024-08817,Retail,2024-08-01,901537,1
LOCK-2024-08818,Retail,2024-04-01,887307,1
LOCK-2024-08819,Retail,2024-02-01,240600,1
LOCK-2024-08820,Retail,2024-03-01,1188111,1
LOCK-2024-08821,Wholesale,2024-12-01,568765,0
LOCK-2024-08822,Wholesale,2024-06-01,266601,1
LOCK-2024-08823,Direct,2024-01-01,1102176,0
LOCK-2024-08824,Correspondent,2024-05-01,1102530,0
LOCK-2024-08825,Correspondent,2024-05-01,886396,1
LOCK-2024-08826,Retail,2024-10-01,837052,1
LOCK-2024-08827,Wholesale,2024-10-01,1057064,1
LOCK-2024-08828,Direct,2024-06-01,1062437,1
LOCK-2024-08829,Wholesale,2024-10-01,874834,1
LOCK-2024-08830,Wholesale,2024-09-01,810908,0
LOCK-2024-08831,Correspondent,2024-11-01,846976,1
LOCK-2024-08832,Wholesale,2024-03-01,965674,1
LOCK-2024-08833,Wholesale,2024-01-01,894832,1
LOCK-2024-08834,Retail,2024-04-01,397627,1
LOCK-2024-08835,Retail,2024-06-01,410769,1
LOCK-2024-08836,Direct,2024-11-01,597947,0
LOCK-2024-08837,Direct,2024-08-01,1014393,1
LOCK-2024-08838,Correspondent,2024-12-01,541259,1
LOCK-2024-08839,Direct,2024-01-01,193692,1
LOCK-2024-08840,Direct,2024-04-01,536794,0
LOCK-2024-08841,Correspondent,2024-06-01,677847,1
LOCK-2024-08842,Direct,2024-11-01,764823,1
LOCK-2024-08843,Correspondent,2024-05-01,254734,0
LOCK-2024-08844,Direct,2024-05-01,983314,1
LOCK-2024-08845,Direct,2024-08-01,206185,0
LOCK-2024-08846,Retail,2024-12-01,1163830,1
LOCK-2024-08847,Retail,2024-08-01,785874,1
LOCK-2024-08848,Retail,2024-09-01,436082,1
LOCK-2024-08849,Correspondent,2024-12-01,382099,1
LOCK-2024-08850,Wholesale,2024-06-01,341508,0
LOCK-2024-08851,Wholesale,2024-08-01,1097570,1
LOCK-2024-08852,Retail,2024-08-01,987367,1
LOCK-2024-08853,Retail,2024-09-01,765451,0
LOCK-2024-08854,Wholesale,2024-10-01,691063,1
LOCK-2024-08855,Wholesale,2024-06-01,249925,1
LOCK-2024-08856,Correspondent,2024-01-01,529943,0
LOCK-2024-08857,Direct,2024-06-01,949608,0
LOCK-2024-08858,Correspondent,2024-01-01,1145159,0
LOCK-2024-08859,Direct,2024-03-01,1099932,1
LOCK-2024-08860,Retail,2024-01-01,1197794,1
LOCK-2024-08861,Correspondent,2024-09-01,1005908,1
LOCK-2024-08862,Correspondent,2024-06-01,267293,1
LOCK-2024-08863,Retail,2024-01-01,1186140,1
LOCK-2024-08864,Correspondent,2024-02-01,476914,1
LOCK-2024-08865,Direct,2024-11-01,194732,0
LOCK-2024-08866,Wholesale,2024-05-01,602182,1
LOCK-2024-08867,Retail,2024-03-01,1039414,1
LOCK-2024-08868,Correspondent,2024-10-01,470689,1
LOCK-2024-08869,Retail,2024-11-01,656182,1
LOCK-2024-08870,Correspondent,2024-11-01,367589,1
LOCK-2024-08871,Wholesale,2024-09-01,510105,1
LOCK-2024-08872,Wholesale,2024-12-01,852277,0
LOCK-2024-08873,Wholesale,2024-04-01,465015,1
LOCK-2024-08874,Retail,2024-12-01,1045441,0
LOCK-2024-08875,Correspondent,2024-07-01,991475,1
LOCK-2024-08876,Retail,2024-03-01,273189,0
LOCK-2024-08877,Direct,2024-11-01,1133252,0
LOCK-2024-08878,Direct,2024-04-01,1159361,1
LOCK-2024-08879,Direct,2024-11-01,211290,1
LOCK-2024-08880,Wholesale,2024-12-01,485203,0
LOCK-2024-08881,Direct,2024-11-01,782432,1
LOCK-2024-08882,Correspondent,2024-10-01,295067,1
LOCK-2024-08883,Direct,2024-06-01,726840,0
LOCK-2024-08884,Correspondent,2024-02-01,770561,1
LOCK-2024-08885,Correspondent,2024-06-01,1175620,1
LOCK-2024-08886,Retail,2024-04-01,336516,1
LOCK-2024-08887,Direct,2024-07-01,787338,1
LOCK-2024-08888,Retail,2024-10-01,821037,1
LOCK-2024-08889,Retail,2024-02-01,667321,1
LOCK-2024-08890,Direct,2024-04-01,773327,0
LOCK-2024-08891,Direct,2024-02-01,1085304,0
LOCK-2024-08892,Wholesale,2024-02-01,756216,1
LOCK-2024-08893,Direct,2024-01-01,990910,1
LOCK-2024-08894,Wholesale,2024-03-01,996089,1
LOCK-2024-08895,Correspondent,2024-04-01,1008285,0
LOCK-2024-08896,Direct,2024-10-01,451720,0
LOCK-2024-08897,Wholesale,2024-07-01,157648,1
LOCK-2024-08898,Direct,2024-04-01,1104405,1
LOCK-2024-08899,Correspondent,2024-08-01,776132,0
LOCK-2024-08900,Retail,2024-05-01,1055429,1
LOCK-2024-08901,Direct,2024-02-01,843535,1
LOCK-2024-08902,Wholesale,2024-08-01,1036316,1
LOCK-2024-08903,Direct,2024-10-01,1041636,1
LOCK-2024-08904,Wholesale,2024-07-01,741196,1
LOCK-2024-08905,Wholesale,2024-12-01,161249,1
LOCK-2024-08906,Direct,2024-11-01,811951,1
LOCK-2024-08907,Wholesale,2024-08-01,188411,1
LOCK-2024-08908,Direct,2024-10-01,988747,1
LOCK-2024-08909,Wholesale,2024-07-01,954283,1
LOCK-2024-08910,Direct,2024-08-01,423905,1
LOCK-2024-08911,Retail,2024-08-01,1099440,1
LOCK-2024-08912,Direct,2024-03-01,853641,1
LOCK-2024-08913,Retail,2024-06-01,689972,1
LOCK-2024-08914,Retail,2024-09-01,1005220,0
LOCK-2024-08915,Correspondent,2024-10-01,409168,0
LOCK-2024-08916,Retail,2024-03-01,1104136,1
LOCK-2024-08917,Wholesale,2024-07-01,1164868,1
LOCK-2024-08918,Correspondent,2024-08-01,1091087,1
LOCK-2024-08919,Correspondent,2024-11-01,840674,1
LOCK-2024-08920,Correspondent,2024-08-01,1114077,1
LOCK-2024-08921,Direct,2024-12-01,1083348,1
LOCK-2024-08922,Wholesale,2024-09-01,686717,0
LOCK-2024-08923,Retail,2024-03-01,828269,1
LOCK-2024-08924,Direct,2024-05-01,900280,1
LOCK-2024-08925,Wholesale,2024-09-01,557299,0
LOCK-2024-08926,Direct,2024-05-01,661997,1
LOCK-2024-08927,Retail,2024-12-01,155384,1
LOCK-2024-08928,Correspondent,2024-07-01,778558,0
LOCK-2024-08929,Direct,2024-06-01,920648,0
LOCK-2024-08930,Wholesale,2024-12-01,911784,1
LOCK-2024-08931,Correspondent,2024-02-01,626913,1
LOCK-2024-08932,Correspondent,2024-11-01,951569,0
LOCK-2024-08933,Correspondent,2024-11-01,161646,0
LOCK-2024-08934,Wholesale,2024-11-01,348100,1
LOCK-2024-08935,Retail,2024-05-01,1082069,1
LOCK-2024-08936,Wholesale,2024-05-01,1027573,1
LOCK-2024-08937,Wholesale,2024-11-01,545346,0
LOCK-2024-08938,Correspondent,2024-06-01,570353,1
LOCK-2024-08939,Retail,2024-07-01,563162,1
LOCK-2024-08940,Retail,2024-03-01,549007,1
LOCK-2024-08941,Direct,2024-04-01,326616,1
LOCK-2024-08942,Direct,2024-02-01,724624,1
LOCK-2024-08943,Direct,2024-08-01,1189519,1
LOCK-2024-08944,Direct,2024-10-01,996270,1
LOCK-2024-08945,Correspondent,2024-10-01,1156925,1
LOCK-2024-08946,Wholesale,2024-04-01,534489,1
LOCK-2024-08947,Wholesale,2024-02-01,499323,1
LOCK-2024-08948,Correspondent,2024-02-01,178303,1
LOCK-2024-08949,Correspondent,2024-08-01,525857,0
LOCK-2024-08950,Wholesale,2024-06-01,199572,1
LOCK-2024-08951,Retail,2024-07-01,733944,0
LOCK-2024-08952,Wholesale,2024-04-01,964410,1
LOCK-2024-08953,Retail,2024-08-01,909219,0
LOCK-2024-08954,Wholesale,2024-03-01,652310,1
LOCK-2024-08955,Correspondent,2024-05-01,1182754,1
LOCK-2024-08956,Correspondent,2024-07-01,351656,1
LOCK-2024-08957,Direct,2024-07-01,642032,1
LOCK-2024-08958,Wholesale,2024-09-01,219918,1
LOCK-2024-08959,Wholesale,2024-03-01,373593,1
LOCK-2024-08960,Wholesale,2024-07-01,392527,1
LOCK-2024-08961,Direct,2024-04-01,580542,0
LOCK-2024-08962,Direct,2024-07-01,491347,1
LOCK-2024-08963,Correspondent,2024-07-01,1081076,1
LOCK-2024-08964,Retail,2024-08-01,781980,0
LOCK-2024-08965,Wholesale,2024-10-01,1024010,1
LOCK-2024-08966,Retail,2024-10-01,319356,1
LOCK-2024-08967,Correspondent,2024-07-01,1159943,1
LOCK-2024-08968,Retail,2024-12-01,283138,1
LOCK-2024-08969,Correspondent,2024-03-01,243253,1
LOCK-2024-08970,Direct,2024-02-01,1128881,0
LOCK-2024-08971,Retail,2024-11-01,224108,0
LOCK-2024-08972,Wholesale,2024-12-01,1050662,1
LOCK-2024-08973,Wholesale,2024-12-01,1071005,0
LOCK-2024-08974,Direct,2024-04-01,631454,0
LOCK-2024-08975,Correspondent,2024-02-01,986874,1
LOCK-2024-08976,Direct,2024-02-01,887929,1
LOCK-2024-08977,Correspondent,2024-05-01,302354,1
LOCK-2024-08978,Correspondent,2024-06-01,557318,1
LOCK-2024-08979,Retail,2024-07-01,1047049,1
LOCK-2024-08980,Correspondent,2024-11-01,734156,1
LOCK-2024-08981,Direct,2024-03-01,770393,1
LOCK-2024-08982,Retail,2024-07-01,731432,1
LOCK-2024-08983,Correspondent,2024-02-01,188209,1
LOCK-2024-08984,Correspondent,2024-07-01,263393,1
LOCK-2024-08985,Direct,2024-07-01,497309,0
LOCK-2024-08986,Retail,2024-04-01,810153,1
LOCK-2024-08987,Wholesale,2024-06-01,542090,1
LOCK-2024-08988,Wholesale,2024-06-01,265203,1
LOCK-2024-08989,Retail,2024-03-01,644476,1
LOCK-2024-08990,Direct,2024-05-01,775970,1
LOCK-2024-08991,Wholesale,2024-11-01,1082149,0
LOCK-2024-08992,Wholesale,2024-12-01,283801,0
LOCK-2024-08993,Direct,2024-08-01,1065317,1
LOCK-2024-08994,Correspondent,2024-05-01,305943,1
LOCK-2024-08995,Wholesale,2024-09-01,324488,0
LOCK-2024-08996,Wholesale,2024-06-01,1154723,1
LOCK-2024-08997,Wholesale,2024-08-01,1105673,0
LOCK-2024-08998,Retail,2024-01-01,955492,1
LOCK-2024-08999,Correspondent,2024-10-01,468606,0
LOCK-2024-09000,Direct,2024-07-01,472316,1
LOCK-2024-09001,Correspondent,2024-06-01,830221,1
LOCK-2024-09002,Retail,2024-12-01,568720,1
LOCK-2024-09003,Direct,2024-07-01,686412,1
LOCK-2024-09004,Direct,2024-05-01,711739,1
LOCK-2024-09005,Correspondent,2024-02-01,269395,1
LOCK-2024-09006,Retail,2024-01-01,865582,1
LOCK-2024-09007,Direct,2024-02-01,324972,1
LOCK-2024-09008,Wholesale,2024-02-01,990047,1
LOCK-2024-09009,Retail,2024-09-01,787150,1
LOCK-2024-09010,Wholesale,2024-08-01,1151500,1
LOCK-2024-09011,Wholesale,2024-09-01,918340,0
LOCK-2024-09012,Correspondent,2024-10-01,615237,1
LOCK-2024-09013,Correspondent,2024-03-01,822314,0
LOCK-2024-09014,Correspondent,2024-11-01,630737,0
LOCK-2024-09015,Direct,2024-03-01,295807,0
LOCK-2024-09016,Direct,2024-10-01,520698,0
LOCK-2024-09017,Wholesale,2024-03-01,424602,0
LOCK-2024-09018,Wholesale,2024-03-01,724955,1
LOCK-2024-09019,Wholesale,2024-10-01,645427,0
LOCK-2024-09020,Wholesale,2024-05-01,752749,1
LOCK-2024-09021,Retail,2024-05-01,319247,0
LOCK-2024-09022,Direct,2024-09-01,406790,1
LOCK-2024-09023,Direct,2024-02-01,954538,1
LOCK-2024-09024,Wholesale,2024-05-01,755656,1
LOCK-2024-09025,Wholesale,2024-03-01,474671,1
LOCK-2024-09026,Wholesale,2024-10-01,683576,1
LOCK-2024-09027,Direct,2024-07-01,393533,1
LOCK-2024-09028,Correspondent,2024-10-01,1073291,0
LOCK-2024-09029,Direct,2024-04-01,1005449,1
LOCK-2024-09030,Wholesale,2024-03-01,568934,1
LOCK-2024-09031,Correspondent,2024-01-01,628629,1
LOCK-2024-09032,Direct,2024-03-01,181351,1
LOCK-2024-09033,Wholesale,2024-10-01,855640,1
LOCK-2024-09034,Retail,2024-05-01,978092,1
LOCK-2024-09035,Retail,2024-08-01,1021905,1
LOCK-2024-09036,Wholesale,2024-06-01,408211,1
LOCK-2024-09037,Correspondent,2024-03-01,1033003,0
LOCK-2024-09038,Retail,2024-12-01,802635,1
LOCK-2024-09039,Wholesale,2024-07-01,519724,1
LOCK-2024-09040,Wholesale,2024-11-01,506590,0
LOCK-2024-09041,Correspondent,2024-07-01,658805,0
LOCK-2024-09042,Correspondent,2024-10-01,412652,1
LOCK-2024-09043,Wholesale,2024-09-01,447396,1
LOCK-2024-09044,Correspondent,2024-06-01,1012836,0
LOCK-2024-09045,Direct,2024-09-01,1148840,1
LOCK-2024-09046,Direct,2024-01-01,779548,0
LOCK-2024-09047,Direct,2024-05-01,621695,1
LOCK-2024-09048,Correspondent,2024-05-01,924683,1
LOCK-2024-09049,Wholesale,2024-11-01,159099,1
LOCK-2024-09050,Retail,2024-10-01,1073097,1
LOCK-2024-09051,Correspondent,2024-04-01,690268,1
LOCK-2024-09052,Correspondent,2024-05-01,229466,1
LOCK-2024-09053,Direct,2024-08-01,1070473,0
LOCK-2024-09054,Retail,2024-12-01,577484,1
LOCK-2024-09055,Retail,2024-03-01,802804,1
LOCK-2024-09056,Retail,2024-03-01,1039338,1
LOCK-2024-09057,Wholesale,2024-02-01,567873,1
LOCK-2024-09058,Retail,2024-09-01,1105241,0
LOCK-2024-09059,Correspondent,2024-05-01,1019483,0
LOCK-2024-09060,Wholesale,2024-01-01,292298,0
LOCK-2024-09061,Retail,2024-01-01,383220,1
LOCK-2024-09062,Direct,2024-09-01,396772,1
LOCK-2024-09063,Direct,2024-02-01,358783,1
LOCK-2024-09064,Direct,2024-08-01,963477,1
LOCK-2024-09065,Wholesale,2024-12-01,793308,1
LOCK-2024-09066,Correspondent,2024-11-01,535733,1
LOCK-2024-09067,Correspondent,2024-12-01,796148,0
LOCK-2024-09068,Retail,2024-02-01,775475,1
LOCK-2024-09069,Direct,2024-02-01,806781,0
LOCK-2024-09070,Wholesale,2024-01-01,983367,0
LOCK-2024-09071,Direct,2024-06-01,735506,1
LOCK-2024-09072,Direct,2024-04-01,848923,1
LOCK-2024-09073,Wholesale,2024-02-01,1096837,1
LOCK-2024-09074,Wholesale,2024-10-01,627004,1
LOCK-2024-09075,Wholesale,2024-04-01,356498,1
LOCK-2024-09076,Direct,2024-10-01,202737,1
LOCK-2024-09077,Wholesale,2024-06-01,412556,1
LOCK-2024-09078,Wholesale,2024-10-01,715907,1
LOCK-2024-09079,Direct,2024-01-01,1168022,1
LOCK-2024-09080,Direct,2024-09-01,962662,0
LOCK-2024-09081,Correspondent,2024-09-01,407306,1
LOCK-2024-09082,Direct,2024-06-01,313127,1
LOCK-2024-09083,Direct,2024-03-01,172596,1
LOCK-2024-09084,Wholesale,2024-04-01,352550,1
LOCK-2024-09085,Direct,2024-11-01,908416,1
LOCK-2024-09086,Direct,2024-04-01,936079,0
LOCK-2024-09087,Correspondent,2024-07-01,1048677,1
LOCK-2024-09088,Direct,2024-07-01,476550,1
LOCK-2024-09089,Retail,2024-03-01,198107,0
LOCK-2024-09090,Wholesale,2024-02-01,977430,1
LOCK-2024-09091,Wholesale,2024-02-01,558920,1
LOCK-2024-09092,Direct,2024-05-01,371005,0
LOCK-2024-09093,Wholesale,2024-08-01,1065358,1
LOCK-2024-09094,Wholesale,2024-02-01,965152,1
LOCK-2024-09095,Retail,2024-08-01,825770,1
LOCK-2024-09096,Correspondent,2024-09-01,388502,1
LOCK-2024-09097,Correspondent,2024-09-01,864191,0
LOCK-2024-09098,Retail,2024-03-01,310690,0
LOCK-2024-09099,Direct,2024-01-01,161087,1
LOCK-2024-09100,Correspondent,2024-09-01,502225,1
LOCK-2024-09101,Retail,2024-08-01,585423,1
LOCK-2024-09102,Correspondent,2024-03-01,1022574,1
LOCK-2024-09103,Correspondent,2024-07-01,1016503,1
LOCK-2024-09104,Wholesale,2024-07-01,582824,1
LOCK-2024-09105,Retail,2024-06-01,304381,0
LOCK-2024-09106,Wholesale,2024-11-01,986067,0
LOCK-2024-09107,Retail,2024-10-01,357043,0
LOCK-2024-09108,Retail,2024-11-01,592576,1
LOCK-2024-09109,Retail,2024-12-01,604675,0
LOCK-2024-09110,Wholesale,2024-01-01,1141528,1
LOCK-2024-09111,Correspondent,2024-10-01,605902,1
LOCK-2024-09112,Direct,2024-05-01,439985,1
LOCK-2024-09113,Direct,2024-01-01,614546,1
LOCK-2024-09114,Direct,2024-10-01,991137,1
LOCK-2024-09115,Correspondent,2024-11-01,156733,1
LOCK-2024-09116,Correspondent,2024-01-01,961858,1
LOCK-2024-09117,Correspondent,2024-05-01,977618,1
LOCK-2024-09118,Wholesale,2024-12-01,757548,1
LOCK-2024-09119,Retail,2024-03-01,742659,1
LOCK-2024-09120,Correspondent,2024-10-01,1064011,1
LOCK-2024-09121,Retail,2024-07-01,617564,1
LOCK-2024-09122,Direct,2024-04-01,174554,1
LOCK-2024-09123,Retail,2024-10-01,293240,1
LOCK-2024-09124,Wholesale,2024-11-01,1163379,1
LOCK-2024-09125,Retail,2024-05-01,380918,1
LOCK-2024-09126,Wholesale,2024-06-01,160253,1
LOCK-2024-09127,Retail,2024-10-01,310945,1
LOCK-2024-09128,Direct,2024-01-01,1089287,1
LOCK-2024-09129,Correspondent,2024-04-01,887650,1
LOCK-2024-09130,Wholesale,2024-02-01,722968,1
LOCK-2024-09131,Direct,2024-07-01,929558,0
LOCK-2024-09132,Direct,2024-12-01,519952,1
LOCK-2024-09133,Wholesale,2024-11-01,381626,1
LOCK-2024-09134,Correspondent,2024-07-01,212935,0
LOCK-2024-09135,Retail,2024-06-01,1185189,1
LOCK-2024-09136,Wholesale,2024-01-01,709882,1
LOCK-2024-09137,Retail,2024-01-01,258761,1
LOCK-2024-09138,Wholesale,2024-06-01,1170288,1
LOCK-2024-09139,Retail,2024-04-01,1039409,1
LOCK-2024-09140,Retail,2024-04-01,274438,1
LOCK-2024-09141,Correspondent,2024-02-01,361333,1
LOCK-2024-09142,Retail,2024-05-01,874369,0
LOCK-2024-09143,Retail,2024-10-01,672501,1
LOCK-2024-09144,Wholesale,2024-08-01,922264,1
LOCK-2024-09145,Correspondent,2024-03-01,450279,1
LOCK-2024-09146,Direct,2024-04-01,453147,1
LOCK-2024-09147,Direct,2024-02-01,930829,1
LOCK-2024-09148,Wholesale,2024-11-01,649263,1
LOCK-2024-09149,Direct,2024-11-01,335454,1
LOCK-2024-09150,Direct,2024-12-01,164175,1
LOCK-2024-09151,Wholesale,2024-05-01,822014,1
LOCK-2024-09152,Wholesale,2024-01-01,1191682,1
LOCK-2024-09153,Correspondent,2024-11-01,171431,0
LOCK-2024-09154,Retail,2024-05-01,285382,1
LOCK-2024-09155,Retail,2024-12-01,1089459,0
LOCK-2024-09156,Correspondent,2024-08-01,411018,0
LOCK-2024-09157,Retail,2024-02-01,716426,1
LOCK-2024-09158,Retail,2024-09-01,221848,1
LOCK-2024-09159,Retail,2024-03-01,1184249,1
LOCK-2024-09160,Correspondent,2024-12-01,684860,1
LOCK-2024-09161,Direct,2024-09-01,692249,1
LOCK-2024-09162,Wholesale,2024-02-01,587304,1
LOCK-2024-09163,Direct,2024-10-01,670186,1
LOCK-2024-09164,Wholesale,2024-07-01,624990,1
LOCK-2024-09165,Direct,2024-06-01,714589,1
LOCK-2024-09166,Retail,2024-11-01,647326,1
LOCK-2024-09167,Correspondent,2024-11-01,316958,1
LOCK-2024-09168,Correspondent,2024-04-01,1011959,0
LOCK-2024-09169,Wholesale,2024-01-01,990474,0
LOCK-2024-09170,Wholesale,2024-07-01,339979,0
LOCK-2024-09171,Wholesale,2024-12-01,476760,0
LOCK-2024-09172,Wholesale,2024-10-01,662760,1
LOCK-2024-09173,Wholesale,2024-06-01,185255,0
LOCK-2024-09174,Wholesale,2024-01-01,309837,0
LOCK-2024-09175,Wholesale,2024-09-01,404690,0
LOCK-2024-09176,Direct,2024-01-01,440990,0
LOCK-2024-09177,Retail,2024-11-01,671205,0
LOCK-2024-09178,Direct,2024-10-01,499626,1
LOCK-2024-09179,Direct,2024-07-01,320080,1
LOCK-2024-09180,Correspondent,2024-11-01,408077,0
LOCK-2024-09181,Retail,2024-10-01,707360,1
LOCK-2024-09182,Retail,2024-09-01,576674,1
LOCK-2024-09183,Direct,2024-01-01,230655,0
LOCK-2024-09184,Wholesale,2024-07-01,277654,1
LOCK-2024-09185,Retail,2024-08-01,710643,1
LOCK-2024-09186,Direct,2024-07-01,581652,1
LOCK-2024-09187,Retail,2024-06-01,675216,1
LOCK-2024-09188,Retail,2024-03-01,1114086,0
LOCK-2024-09189,Direct,2024-05-01,447082,1
LOCK-2024-09190,Wholesale,2024-01-01,1182196,1
LOCK-2024-09191,Correspondent,2024-11-01,1189750,1
LOCK-2024-09192,Wholesale,2024-11-01,923043,0
LOCK-2024-09193,Wholesale,2024-10-01,1056962,1
LOCK-2024-09194,Correspondent,2024-02-01,952657,1
LOCK-2024-09195,Correspondent,2024-04-01,778170,1
LOCK-2024-09196,Correspondent,2024-07-01,940995,0
LOCK-2024-09197,Direct,2024-07-01,723197,1
LOCK-2024-09198,Wholesale,2024-04-01,1059519,1
LOCK-2024-09199,Direct,2024-05-01,633353,1
LOCK-2024-09200,Direct,2024-12-01,455722,1
LOCK-2024-09201,Correspondent,2024-04-01,190456,1
LOCK-2024-09202,Wholesale,2024-01-01,1069356,1
LOCK-2024-09203,Wholesale,2024-04-01,1025547,1
LOCK-2024-09204,Wholesale,2024-02-01,153428,1
LOCK-2024-09205,Correspondent,2024-10-01,921311,1
LOCK-2024-09206,Direct,2024-10-01,403797,0
LOCK-2024-09207,Correspondent,2024-09-01,336004,1
LOCK-2024-09208,Wholesale,2024-10-01,698686,1
LOCK-2024-09209,Retail,2024-04-01,422624,1
LOCK-2024-09210,Correspondent,2024-07-01,621520,1
LOCK-2024-09211,Correspondent,2024-11-01,159226,1
LOCK-2024-09212,Correspondent,2024-06-01,528091,1
LOCK-2024-09213,Direct,2024-12-01,541036,0
LOCK-2024-09214,Wholesale,2024-07-01,1188416,1
LOCK-2024-09215,Wholesale,2024-07-01,961503,0
LOCK-2024-09216,Correspondent,2024-01-01,1070807,1
LOCK-2024-09217,Wholesale,2024-06-01,392510,1
LOCK-2024-09218,Retail,2024-08-01,615389,1
LOCK-2024-09219,Direct,2024-04-01,830985,1
LOCK-2024-09220,Direct,2024-02-01,529133,0
LOCK-2024-09221,Wholesale,2024-04-01,744933,0
LOCK-2024-09222,Direct,2024-06-01,1046069,1
LOCK-2024-09223,Wholesale,2024-07-01,629832,1
LOCK-2024-09224,Retail,2024-08-01,1134535,0
LOCK-2024-09225,Correspondent,2024-03-01,711126,1
LOCK-2024-09226,Direct,2024-04-01,424292,1
LOCK-2024-09227,Direct,2024-09-01,322786,1
LOCK-2024-09228,Retail,2024-07-01,971069,1
LOCK-2024-09229,Retail,2024-03-01,1069320,1
LOCK-2024-09230,Correspondent,2024-11-01,769871,1
LOCK-2024-09231,Retail,2024-10-01,321853,1
LOCK-2024-09232,Direct,2024-04-01,817318,0
LOCK-2024-09233,Wholesale,2024-10-01,746199,1
LOCK-2024-09234,Correspondent,2024-10-01,740637,1
LOCK-2024-09235,Retail,2024-05-01,865445,1
LOCK-2024-09236,Correspondent,2024-04-01,221479,1
LOCK-2024-09237,Correspondent,2024-05-01,220907,0
LOCK-2024-09238,Retail,2024-05-01,810520,0
LOCK-2024-09239,Correspondent,2024-05-01,406151,1
LOCK-2024-09240,Correspondent,2024-10-01,1008373,1
LOCK-2024-09241,Wholesale,2024-08-01,189306,1
LOCK-2024-09242,Correspondent,2024-01-01,1004703,1
LOCK-2024-09243,Wholesale,2024-03-01,650839,1
LOCK-2024-09244,Retail,2024-09-01,611322,1
LOCK-2024-09245,Direct,2024-11-01,932057,1
LOCK-2024-09246,Wholesale,2024-08-01,693321,1
LOCK-2024-09247,Retail,2024-03-01,363534,1
LOCK-2024-09248,Correspondent,2024-09-01,532106,1
LOCK-2024-09249,Correspondent,2024-11-01,592690,0
LOCK-2024-09250,Correspondent,2024-11-01,152770,1
LOCK-2024-09251,Retail,2024-08-01,777313,0
LOCK-2024-09252,Wholesale,2024-01-01,298675,1
LOCK-2024-09253,Retail,2024-07-01,632065,0
LOCK-2024-09254,Direct,2024-09-01,386277,1
LOCK-2024-09255,Direct,2024-02-01,413678,1
LOCK-2024-09256,Correspondent,2024-04-01,565365,1
LOCK-2024-09257,Direct,2024-10-01,239622,0
LOCK-2024-09258,Direct,2024-07-01,446642,0
LOCK-2024-09259,Retail,2024-10-01,319597,1
LOCK-2024-09260,Direct,2024-03-01,1113788,0
LOCK-2024-09261,Wholesale,2024-08-01,262719,1
LOCK-2024-09262,Wholesale,2024-09-01,603297,1
LOCK-2024-09263,Direct,2024-04-01,1024967,1
LOCK-2024-09264,Wholesale,2024-10-01,714153,1
LOCK-2024-09265,Wholesale,2024-03-01,463438,1
LOCK-2024-09266,Direct,2024-03-01,488232,0
LOCK-2024-09267,Correspondent,2024-12-01,474109,0
LOCK-2024-09268,Wholesale,2024-07-01,1051177,0
LOCK-2024-09269,Retail,2024-08-01,524329,0
LOCK-2024-09270,Direct,2024-07-01,1161400,0
LOCK-2024-09271,Retail,2024-01-01,646926,1
LOCK-2024-09272,Retail,2024-12-01,260031,1
LOCK-2024-09273,Direct,2024-04-01,243745,1
LOCK-2024-09274,Wholesale,2024-07-01,426429,1
LOCK-2024-09275,Retail,2024-08-01,215897,1
LOCK-2024-09276,Correspondent,2024-07-01,299110,1
LOCK-2024-09277,Correspondent,2024-02-01,790769,0
LOCK-2024-09278,Correspondent,2024-12-01,466388,1
LOCK-2024-09279,Direct,2024-02-01,785399,0
LOCK-2024-09280,Direct,2024-12-01,397052,0
LOCK-2024-09281,Wholesale,2024-02-01,861096,1
LOCK-2024-09282,Retail,2024-11-01,959723,1
LOCK-2024-09283,Retail,2024-03-01,773922,1
LOCK-2024-09284,Wholesale,2024-08-01,282709,0
LOCK-2024-09285,Retail,2024-03-01,1071610,1
LOCK-2024-09286,Retail,2024-04-01,847202,1
LOCK-2024-09287,Correspondent,2024-03-01,799102,1
LOCK-2024-09288,Correspondent,2024-03-01,419629,1
LOCK-2024-09289,Correspondent,2024-06-01,244545,1
LOCK-2024-09290,Correspondent,2024-07-01,1063158,0
LOCK-2024-09291,Direct,2024-03-01,486072,1
LOCK-2024-09292,Wholesale,2024-04-01,543234,1
LOCK-2024-09293,Direct,2024-03-01,659446,1
LOCK-2024-09294,Direct,2024-10-01,583406,1
LOCK-2024-09295,Direct,2024-04-01,428941,1
LOCK-2024-09296,Correspondent,2024-02-01,1015997,1
LOCK-2024-09297,Wholesale,2024-03-01,213951,1
LOCK-2024-09298,Correspondent,2024-03-01,162701,1
LOCK-2024-09299,Correspondent,2024-05-01,815030,1
LOCK-2024-09300,Wholesale,2024-06-01,729088,0
LOCK-2024-09301,Retail,2024-02-01,398479,0
LOCK-2024-09302,Correspondent,2024-07-01,594964,1
LOCK-2024-09303,Correspondent,2024-11-01,928698,1
LOCK-2024-09304,Retail,2024-05-01,656047,1
LOCK-2024-09305,Direct,2024-12-01,622385,1
LOCK-2024-09306,Wholesale,2024-08-01,1166893,0
LOCK-2024-09307,Correspondent,2024-03-01,848316,0
LOCK-2024-09308,Wholesale,2024-01-01,438648,1
LOCK-2024-09309,Correspondent,2024-12-01,577506,0
LOCK-2024-09310,Direct,2024-04-01,519483,1
LOCK-2024-09311,Correspondent,2024-10-01,725480,0
LOCK-2024-09312,Wholesale,2024-01-01,853297,1
LOCK-2024-09313,Direct,2024-04-01,725432,1
LOCK-2024-09314,Retail,2024-12-01,926915,1
LOCK-2024-09315,Retail,2024-05-01,895713,1
LOCK-2024-09316,Wholesale,2024-08-01,711901,0
LOCK-2024-09317,Wholesale,2024-03-01,269628,1
LOCK-2024-09318,Correspondent,2024-12-01,708579,1
LOCK-2024-09319,Wholesale,2024-08-01,947389,1
LOCK-2024-09320,Direct,2024-05-01,1024806,1
LOCK-2024-09321,Retail,2024-12-01,873461,0
LOCK-2024-09322,Retail,2024-10-01,812814,1
LOCK-2024-09323,Direct,2024-06-01,919648,1
LOCK-2024-09324,Direct,2024-10-01,521739,1
LOCK-2024-09325,Retail,2024-11-01,950930,0
LOCK-2024-09326,Retail,2024-09-01,181677,1
LOCK-2024-09327,Wholesale,2024-02-01,174717,1
LOCK-2024-09328,Direct,2024-03-01,954711,0
LOCK-2024-09329,Retail,2024-02-01,729326,1
LOCK-2024-09330,Correspondent,2024-12-01,213402,1
LOCK-2024-09331,Direct,2024-06-01,585415,1
LOCK-2024-09332,Retail,2024-06-01,1012084,1
LOCK-2024-09333,Wholesale,2024-08-01,266360,1
LOCK-2024-09334,Correspondent,2024-01-01,434295,1
LOCK-2024-09335,Direct,2024-08-01,925920,1
LOCK-2024-09336,Retail,2024-06-01,631258,0
LOCK-2024-09337,Correspondent,2024-11-01,218987,1
LOCK-2024-09338,Direct,2024-11-01,995694,1
LOCK-2024-09339,Retail,2024-08-01,722950,1
LOCK-2024-09340,Direct,2024-08-01,689392,1
LOCK-2024-09341,Retail,2024-03-01,176102,1
LOCK-2024-09342,Direct,2024-08-01,398193,1
LOCK-2024-09343,Correspondent,2024-11-01,212983,1
LOCK-2024-09344,Correspondent,2024-12-01,644343,1
LOCK-2024-09345,Direct,2024-07-01,704413,0
LOCK-2024-09346,Wholesale,2024-03-01,220779,1
LOCK-2024-09347,Correspondent,2024-08-01,865295,1
LOCK-2024-09348,Retail,2024-09-01,1119439,1
LOCK-2024-09349,Correspondent,2024-06-01,331050,1
LOCK-2024-09350,Retail,2024-10-01,1154227,1
LOCK-2024-09351,Retail,2024-09-01,502516,0
LOCK-2024-09352,Wholesale,2024-05-01,844543,1
LOCK-2024-09353,Correspondent,2024-05-01,260782,1
LOCK-2024-09354,Retail,2024-10-01,1084006,0
LOCK-2024-09355,Direct,2024-06-01,597626,0
LOCK-2024-09356,Correspondent,2024-04-01,289543,1
LOCK-2024-09357,Correspondent,2024-10-01,371781,1
LOCK-2024-09358,Retail,2024-01-01,652600,0
LOCK-2024-09359,Correspondent,2024-11-01,599250,1
LOCK-2024-09360,Retail,2024-09-01,684536,1
LOCK-2024-09361,Correspondent,2024-02-01,184903,1
LOCK-2024-09362,Correspondent,2024-04-01,768106,1
LOCK-2024-09363,Direct,2024-09-01,1164559,1
LOCK-2024-09364,Direct,2024-01-01,470229,0
LOCK-2024-09365,Retail,2024-01-01,1054648,0
LOCK-2024-09366,Direct,2024-07-01,438398,1
LOCK-2024-09367,Direct,2024-05-01,605826,1
LOCK-2024-09368,Correspondent,2024-12-01,624926,1
LOCK-2024-09369,Direct,2024-05-01,152992,1
LOCK-2024-09370,Wholesale,2024-07-01,842895,1
LOCK-2024-09371,Correspondent,2024-05-01,1095500,1
LOCK-2024-09372,Retail,2024-07-01,907845,0
LOCK-2024-09373,Direct,2024-11-01,818854,0
LOCK-2024-09374,Wholesale,2024-01-01,189423,1
LOCK-2024-09375,Wholesale,2024-12-01,277698,0
LOCK-2024-09376,Retail,2024-08-01,492989,0
LOCK-2024-09377,Correspondent,2024-10-01,791629,1
LOCK-2024-09378,Correspondent,2024-01-01,289430,1
LOCK-2024-09379,Correspondent,2024-02-01,756015,1
LOCK-2024-09380,Retail,2024-06-01,693814,0
LOCK-2024-09381,Wholesale,2024-09-01,230345,0
LOCK-2024-09382,Correspondent,2024-07-01,363122,1
LOCK-2024-09383,Direct,2024-12-01,924335,1
LOCK-2024-09384,Wholesale,2024-10-01,204902,1
LOCK-2024-09385,Wholesale,2024-07-01,1120812,1
LOCK-2024-09386,Retail,2024-10-01,779783,1
LOCK-2024-09387,Retail,2024-06-01,222887,1
LOCK-2024-09388,Wholesale,2024-10-01,438962,0
LOCK-2024-09389,Correspondent,2024-08-01,491837,1
LOCK-2024-09390,Retail,2024-05-01,932358,1
LOCK-2024-09391,Retail,2024-11-01,719083,1
LOCK-2024-09392,Direct,2024-12-01,1028858,1
LOCK-2024-09393,Wholesale,2024-01-01,677423,0
LOCK-2024-09394,Direct,2024-03-01,585639,1
LOCK-2024-09395,Retail,2024-12-01,233441,1
LOCK-2024-09396,Direct,2024-01-01,1133862,0
LOCK-2024-09397,Direct,2024-12-01,1085978,0
LOCK-2024-09398,Retail,2024-09-01,438583,1
LOCK-2024-09399,Direct,2024-09-01,920061,1
LOCK-2024-09400,Wholesale,2024-04-01,468873,0
LOCK-2024-09401,Wholesale,2024-03-01,893436,1
LOCK-2024-09402,Retail,2024-09-01,979492,0
LOCK-2024-09403,Wholesale,2024-07-01,1150378,1
LOCK-2024-09404,Retail,2024-07-01,738679,1
LOCK-2024-09405,Wholesale,2024-11-01,1059020,0
LOCK-2024-09406,Correspondent,2024-12-01,759441,1
LOCK-2024-09407,Correspondent,2024-03-01,674327,0
LOCK-2024-09408,Direct,2024-12-01,1038348,1
LOCK-2024-09409,Correspondent,2024-12-01,311953,0
LOCK-2024-09410,Direct,2024-12-01,954128,1
LOCK-2024-09411,Direct,2024-10-01,1152585,0
LOCK-2024-09412,Wholesale,2024-09-01,965163,1
LOCK-2024-09413,Retail,2024-03-01,568041,1
LOCK-2024-09414,Wholesale,2024-01-01,389531,0
LOCK-2024-09415,Wholesale,2024-06-01,588376,1
LOCK-2024-09416,Wholesale,2024-06-01,1066657,0
LOCK-2024-09417,Correspondent,2024-06-01,1118104,1
LOCK-2024-09418,Direct,2024-01-01,819701,0
LOCK-2024-09419,Direct,2024-05-01,164838,1
LOCK-2024-09420,Correspondent,2024-11-01,859182,1
LOCK-2024-09421,Wholesale,2024-12-01,1022595,1
LOCK-2024-09422,Direct,2024-08-01,725586,1
LOCK-2024-09423,Direct,2024-05-01,764011,1
LOCK-2024-09424,Retail,2024-02-01,276695,1
LOCK-2024-09425,Retail,2024-08-01,391661,1
LOCK-2024-09426,Wholesale,2024-11-01,1053826,1
LOCK-2024-09427,Retail,2024-07-01,844449,0
LOCK-2024-09428,Direct,2024-08-01,253043,1
LOCK-2024-09429,Wholesale,2024-11-01,593134,1
LOCK-2024-09430,Direct,2024-08-01,401634,1
LOCK-2024-09431,Direct,2024-07-01,212343,1
LOCK-2024-09432,Retail,2024-07-01,276820,0
LOCK-2024-09433,Retail,2024-03-01,876845,1
LOCK-2024-09434,Direct,2024-06-01,281680,0
LOCK-2024-09435,Direct,2024-03-01,1019756,0
LOCK-2024-09436,Correspondent,2024-11-01,225701,0
LOCK-2024-09437,Wholesale,2024-03-01,715402,1
LOCK-2024-09438,Correspondent,2024-01-01,196262,0
LOCK-2024-09439,Wholesale,2024-06-01,1152129,0
LOCK-2024-09440,Wholesale,2024-05-01,778619,1
LOCK-2024-09441,Direct,2024-07-01,693703,0
LOCK-2024-09442,Wholesale,2024-04-01,757897,0
LOCK-2024-09443,Wholesale,2024-09-01,320269,0
LOCK-2024-09444,Direct,2024-04-01,586379,1
LOCK-2024-09445,Direct,2024-12-01,545390,1
LOCK-2024-09446,Wholesale,2024-09-01,829160,0
LOCK-2024-09447,Retail,2024-11-01,936601,1
LOCK-2024-09448,Correspondent,2024-01-01,855890,1
LOCK-2024-09449,Correspondent,2024-10-01,1180423,1
LOCK-2024-09450,Wholesale,2024-08-01,288159,1
LOCK-2024-09451,Wholesale,2024-08-01,907282,1
LOCK-2024-09452,Retail,2024-10-01,521956,1
LOCK-2024-09453,Retail,2024-02-01,999943,0
LOCK-2024-09454,Retail,2024-05-01,824323,0
LOCK-2024-09455,Correspondent,2024-01-01,1001846,1
LOCK-2024-09456,Correspondent,2024-10-01,431980,0
LOCK-2024-09457,Retail,2024-08-01,441156,1
LOCK-2024-09458,Direct,2024-09-01,830554,1
LOCK-2024-09459,Correspondent,2024-06-01,1005065,1
LOCK-2024-09460,Correspondent,2024-03-01,408250,1
LOCK-2024-09461,Wholesale,2024-09-01,1143508,1
LOCK-2024-09462,Direct,2024-08-01,830437,0
LOCK-2024-09463,Retail,2024-07-01,936908,1
LOCK-2024-09464,Correspondent,2024-05-01,466385,1
LOCK-2024-09465,Direct,2024-05-01,891313,1
LOCK-2024-09466,Retail,2024-08-01,859614,1
LOCK-2024-09467,Direct,2024-07-01,666394,1
LOCK-2024-09468,Retail,2024-07-01,1131293,1
LOCK-2024-09469,Retail,2024-02-01,308815,1
LOCK-2024-09470,Retail,2024-03-01,594542,1
LOCK-2024-09471,Wholesale,2024-06-01,636956,1
LOCK-2024-09472,Wholesale,2024-06-01,627545,1
LOCK-2024-09473,Correspondent,2024-08-01,227025,1
LOCK-2024-09474,Wholesale,2024-09-01,375534,0
LOCK-2024-09475,Retail,2024-02-01,327335,1
LOCK-2024-09476,Wholesale,2024-11-01,591691,1
LOCK-2024-09477,Correspondent,2024-08-01,290471,1
LOCK-2024-09478,Correspondent,2024-07-01,379445,1
LOCK-2024-09479,Correspondent,2024-07-01,676239,0
LOCK-2024-09480,Retail,2024-10-01,595751,0
LOCK-2024-09481,Wholesale,2024-02-01,448657,0
LOCK-2024-09482,Direct,2024-04-01,747341,0
LOCK-2024-09483,Wholesale,2024-08-01,498778,1
LOCK-2024-09484,Direct,2024-12-01,259538,1
LOCK-2024-09485,Wholesale,2024-02-01,235552,1
LOCK-2024-09486,Correspondent,2024-12-01,282244,1
LOCK-2024-09487,Correspondent,2024-09-01,554824,0
LOCK-2024-09488,Direct,2024-02-01,437687,0
LOCK-2024-09489,Wholesale,2024-09-01,612082,0
LOCK-2024-09490,Correspondent,2024-08-01,1100040,1
LOCK-2024-09491,Retail,2024-01-01,738705,1
LOCK-2024-09492,Wholesale,2024-05-01,859445,0
LOCK-2024-09493,Retail,2024-04-01,1116637,1
LOCK-2024-09494,Direct,2024-09-01,504827,0
LOCK-2024-09495,Direct,2024-09-01,189861,1
LOCK-2024-09496,Correspondent,2024-03-01,626474,1
LOCK-2024-09497,Correspondent,2024-05-01,609684,1
LOCK-2024-09498,Wholesale,2024-04-01,316833,1
LOCK-2024-09499,Direct,2024-05-01,805876,1
LOCK-2024-09500,Correspondent,2024-05-01,463629,0
LOCK-2024-09501,Wholesale,2024-11-01,539766,1
LOCK-2024-09502,Correspondent,2024-10-01,904971,1
LOCK-2024-09503,Correspondent,2024-03-01,1164044,1
LOCK-2024-09504,Correspondent,2024-03-01,1147590,1
LOCK-2024-09505,Wholesale,2024-12-01,215894,1
LOCK-2024-09506,Correspondent,2024-07-01,281890,1
LOCK-2024-09507,Direct,2024-06-01,1103725,0
LOCK-2024-09508,Retail,2024-05-01,799702,1
LOCK-2024-09509,Direct,2024-11-01,707809,0
LOCK-2024-09510,Correspondent,2024-07-01,672847,0
LOCK-2024-09511,Wholesale,2024-11-01,803641,1
LOCK-2024-09512,Direct,2024-10-01,978936,1
LOCK-2024-09513,Wholesale,2024-05-01,1110782,0
LOCK-2024-09514,Correspondent,2024-12-01,962434,1
LOCK-2024-09515,Retail,2024-02-01,864633,1
LOCK-2024-09516,Direct,2024-02-01,1169082,0
LOCK-2024-09517,Correspondent,2024-04-01,406943,1
LOCK-2024-09518,Wholesale,2024-01-01,425914,1
LOCK-2024-09519,Wholesale,2024-09-01,883018,1
LOCK-2024-09520,Retail,2024-12-01,827653,1
LOCK-2024-09521,Direct,2024-09-01,1035026,1
LOCK-2024-09522,Wholesale,2024-07-01,601273,1
LOCK-2024-09523,Wholesale,2024-03-01,796873,1
LOCK-2024-09524,Retail,2024-06-01,641816,1
LOCK-2024-09525,Correspondent,2024-01-01,1139046,0
LOCK-2024-09526,Direct,2024-02-01,1009119,1
LOCK-2024-09527,Wholesale,2024-01-01,1181546,1
LOCK-2024-09528,Direct,2024-09-01,572161,0
LOCK-2024-09529,Retail,2024-08-01,682372,1
LOCK-2024-09530,Wholesale,2024-10-01,1070540,1
LOCK-2024-09531,Wholesale,2024-04-01,759404,0
LOCK-2024-09532,Wholesale,2024-12-01,500495,1
LOCK-2024-09533,Correspondent,2024-10-01,367772,1
LOCK-2024-09534,Direct,2024-05-01,902896,1
LOCK-2024-09535,Wholesale,2024-03-01,440143,1
LOCK-2024-09536,Correspondent,2024-12-01,306955,1
LOCK-2024-09537,Wholesale,2024-12-01,685605,1
LOCK-2024-09538,Wholesale,2024-04-01,485468,1
LOCK-2024-09539,Retail,2024-07-01,354789,0
LOCK-2024-09540,Retail,2024-03-01,784755,1
LOCK-2024-09541,Direct,2024-03-01,303493,0
LOCK-2024-09542,Direct,2024-08-01,605243,1
LOCK-2024-09543,Wholesale,2024-11-01,1181252,1
LOCK-2024-09544,Wholesale,2024-08-01,587022,1
LOCK-2024-09545,Wholesale,2024-06-01,473910,1
LOCK-2024-09546,Wholesale,2024-02-01,343262,0
LOCK-2024-09547,Correspondent,2024-05-01,266418,0
LOCK-2024-09548,Retail,2024-10-01,850968,0
LOCK-2024-09549,Retail,2024-04-01,543563,1
LOCK-2024-09550,Direct,2024-10-01,577019,1
LOCK-2024-09551,Correspondent,2024-03-01,221003,0
LOCK-2024-09552,Correspondent,2024-04-01,432447,1
LOCK-2024-09553,Wholesale,2024-09-01,819728,1
LOCK-2024-09554,Retail,2024-11-01,1025676,1
LOCK-2024-09555,Wholesale,2024-05-01,946904,1
LOCK-2024-09556,Correspondent,2024-10-01,951566,1
LOCK-2024-09557,Wholesale,2024-05-01,399910,0
LOCK-2024-09558,Direct,2024-05-01,330572,1
LOCK-2024-09559,Direct,2024-08-01,559337,1
LOCK-2024-09560,Correspondent,2024-03-01,1001130,1
LOCK-2024-09561,Direct,2024-09-01,935262,1
LOCK-2024-09562,Wholesale,2024-05-01,349317,0
LOCK-2024-09563,Retail,2024-12-01,227786,1
LOCK-2024-09564,Wholesale,2024-11-01,647601,1
LOCK-2024-09565,Retail,2024-03-01,998707,1
LOCK-2024-09566,Wholesale,2024-11-01,875098,1
LOCK-2024-09567,Wholesale,2024-08-01,1194642,1
LOCK-2024-09568,Wholesale,2024-12-01,175167,1
LOCK-2024-09569,Correspondent,2024-02-01,765796,1
LOCK-2024-09570,Direct,2024-12-01,1035697,1
LOCK-2024-09571,Wholesale,2024-03-01,375891,1
LOCK-2024-09572,Correspondent,2024-05-01,424238,0
LOCK-2024-09573,Direct,2024-05-01,816760,0
LOCK-2024-09574,Wholesale,2024-07-01,407587,0
LOCK-2024-09575,Correspondent,2024-07-01,999305,1
LOCK-2024-09576,Correspondent,2024-11-01,530800,1
LOCK-2024-09577,Direct,2024-06-01,770601,1
LOCK-2024-09578,Direct,2024-01-01,576130,1
LOCK-2024-09579,Correspondent,2024-03-01,206876,0
LOCK-2024-09580,Retail,2024-08-01,1066294,0
LOCK-2024-09581,Correspondent,2024-08-01,410026,0
LOCK-2024-09582,Direct,2024-06-01,453622,1
LOCK-2024-09583,Correspondent,2024-01-01,803961,0
LOCK-2024-09584,Direct,2024-12-01,1192304,0
LOCK-2024-09585,Correspondent,2024-12-01,1113851,1
LOCK-2024-09586,Wholesale,2024-06-01,690302,1
LOCK-2024-09587,Retail,2024-01-01,318402,0
LOCK-2024-09588,Correspondent,2024-10-01,316350,1
LOCK-2024-09589,Correspondent,2024-10-01,451311,1
LOCK-2024-09590,Wholesale,2024-03-01,226187,1
LOCK-2024-09591,Correspondent,2024-11-01,584478,1
LOCK-2024-09592,Correspondent,2024-04-01,960340,0
LOCK-2024-09593,Wholesale,2024-05-01,218955,1
LOCK-2024-09594,Direct,2024-08-01,835340,1
LOCK-2024-09595,Retail,2024-08-01,919461,0
LOCK-2024-09596,Direct,2024-09-01,1024423,1
LOCK-2024-09597,Correspondent,2024-08-01,488756,1
LOCK-2024-09598,Wholesale,2024-04-01,793517,1
LOCK-2024-09599,Wholesale,2024-10-01,206963,0
LOCK-2024-09600,Wholesale,2024-01-01,950805,1
LOCK-2024-09601,Direct,2024-05-01,399301,0
LOCK-2024-09602,Retail,2024-04-01,892247,1
LOCK-2024-09603,Direct,2024-08-01,921543,0
LOCK-2024-09604,Wholesale,2024-02-01,246636,0
LOCK-2024-09605,Wholesale,2024-06-01,553404,1
LOCK-2024-09606,Direct,2024-09-01,440773,1
LOCK-2024-09607,Wholesale,2024-02-01,1121895,1
LOCK-2024-09608,Direct,2024-08-01,203472,1
LOCK-2024-09609,Direct,2024-02-01,1051444,0
LOCK-2024-09610,Retail,2024-12-01,637841,1
LOCK-2024-09611,Wholesale,2024-10-01,888396,1
LOCK-2024-09612,Correspondent,2024-08-01,179222,0
LOCK-2024-09613,Wholesale,2024-02-01,249124,1
LOCK-2024-09614,Direct,2024-03-01,327605,0
LOCK-2024-09615,Wholesale,2024-06-01,258770,1
LOCK-2024-09616,Correspondent,2024-06-01,460013,1
LOCK-2024-09617,Direct,2024-08-01,737054,1
LOCK-2024-09618,Wholesale,2024-06-01,469462,1
LOCK-2024-09619,Direct,2024-07-01,558694,1
LOCK-2024-09620,Retail,2024-06-01,567569,0
LOCK-2024-09621,Wholesale,2024-05-01,1113904,1
LOCK-2024-09622,Direct,2024-06-01,518986,0
LOCK-2024-09623,Retail,2024-11-01,1140185,1
LOCK-2024-09624,Correspondent,2024-02-01,299795,1
LOCK-2024-09625,Correspondent,2024-12-01,680534,1
LOCK-2024-09626,Correspondent,2024-01-01,826644,1
LOCK-2024-09627,Correspondent,2024-10-01,1016015,1
LOCK-2024-09628,Direct,2024-04-01,159233,1
LOCK-2024-09629,Direct,2024-07-01,999491,0
LOCK-2024-09630,Correspondent,2024-11-01,307985,1
LOCK-2024-09631,Wholesale,2024-09-01,517016,0
LOCK-2024-09632,Direct,2024-12-01,912459,1
LOCK-2024-09633,Correspondent,2024-06-01,886035,0
LOCK-2024-09634,Direct,2024-03-01,315978,1
LOCK-2024-09635,Direct,2024-05-01,657579,0
LOCK-2024-09636,Retail,2024-04-01,617230,0
LOCK-2024-09637,Direct,2024-02-01,633904,1
LOCK-2024-09638,Retail,2024-08-01,378682,0
LOCK-2024-09639,Retail,2024-05-01,1119385,1
LOCK-2024-09640,Correspondent,2024-04-01,189844,0
LOCK-2024-09641,Direct,2024-10-01,702195,1
LOCK-2024-09642,Correspondent,2024-11-01,873688,1
LOCK-2024-09643,Direct,2024-05-01,928202,1
LOCK-2024-09644,Correspondent,2024-03-01,828003,0
LOCK-2024-09645,Correspondent,2024-06-01,643854,1
LOCK-2024-09646,Correspondent,2024-02-01,982243,1
LOCK-2024-09647,Correspondent,2024-03-01,456440,1
LOCK-2024-09648,Wholesale,2024-07-01,1011569,1
LOCK-2024-09649,Correspondent,2024-11-01,847038,1
LOCK-2024-09650,Correspondent,2024-04-01,434921,0
LOCK-2024-09651,Correspondent,2024-03-01,299480,0
LOCK-2024-09652,Correspondent,2024-11-01,1093682,0
LOCK-2024-09653,Correspondent,2024-09-01,450914,0
LOCK-2024-09654,Retail,2024-04-01,1000306,0
LOCK-2024-09655,Retail,2024-05-01,830475,1
LOCK-2024-09656,Correspondent,2024-12-01,737229,1
LOCK-2024-09657,Wholesale,2024-08-01,368090,1
LOCK-2024-09658,Correspondent,2024-02-01,958449,0
LOCK-2024-09659,Wholesale,2024-05-01,704685,1
LOCK-2024-09660,Retail,2024-12-01,725625,1
LOCK-2024-09661,Direct,2024-11-01,534637,1
LOCK-2024-09662,Direct,2024-07-01,219481,0
LOCK-2024-09663,Retail,2024-01-01,245201,0
LOCK-2024-09664,Retail,2024-09-01,635948,0
LOCK-2024-09665,Correspondent,2024-10-01,1139257,1
LOCK-2024-09666,Wholesale,2024-10-01,692338,1
LOCK-2024-09667,Retail,2024-09-01,1079504,0
LOCK-2024-09668,Correspondent,2024-06-01,759989,0
LOCK-2024-09669,Retail,2024-12-01,852050,1
LOCK-2024-09670,Wholesale,2024-09-01,982119,1
LOCK-2024-09671,Wholesale,2024-05-01,256611,1
LOCK-2024-09672,Wholesale,2024-09-01,365838,1
LOCK-2024-09673,Correspondent,2024-07-01,622137,1
LOCK-2024-09674,Correspondent,2024-05-01,462537,0
LOCK-2024-09675,Direct,2024-09-01,445064,1
LOCK-2024-09676,Direct,2024-12-01,500252,1
LOCK-2024-09677,Wholesale,2024-08-01,395121,1
LOCK-2024-09678,Direct,2024-04-01,370476,0
LOCK-2024-09679,Correspondent,2024-03-01,863236,1
LOCK-2024-09680,Correspondent,2024-03-01,409852,1
LOCK-2024-09681,Correspondent,2024-03-01,637454,1
LOCK-2024-09682,Wholesale,2024-12-01,796680,0
LOCK-2024-09683,Wholesale,2024-07-01,762246,1
LOCK-2024-09684,Retail,2024-04-01,1055965,1
LOCK-2024-09685,Wholesale,2024-08-01,438399,1
LOCK-2024-09686,Direct,2024-11-01,486856,1
LOCK-2024-09687,Correspondent,2024-02-01,528109,0
LOCK-2024-09688,Wholesale,2024-02-01,995371,0
LOCK-2024-09689,Retail,2024-06-01,164640,1
LOCK-2024-09690,Wholesale,2024-05-01,185618,1
LOCK-2024-09691,Correspondent,2024-04-01,254913,1
LOCK-2024-09692,Retail,2024-07-01,1084731,1
LOCK-2024-09693,Correspondent,2024-02-01,870828,1
LOCK-2024-09694,Correspondent,2024-02-01,240766,1
LOCK-2024-09695,Retail,2024-10-01,1081596,1
LOCK-2024-09696,Wholesale,2024-11-01,884018,1
LOCK-2024-09697,Correspondent,2024-07-01,708970,0
LOCK-2024-09698,Wholesale,2024-01-01,1154113,1
LOCK-2024-09699,Direct,2024-04-01,457447,1
LOCK-2024-09700,Correspondent,2024-07-01,195853,1
LOCK-2024-09701,Retail,2024-05-01,1122458,1
LOCK-2024-09702,Correspondent,2024-07-01,190232,0
LOCK-2024-09703,Retail,2024-04-01,1073352,1
LOCK-2024-09704,Direct,2024-02-01,605596,1
LOCK-2024-09705,Retail,2024-11-01,1194312,1
LOCK-2024-09706,Retail,2024-02-01,1079956,0
LOCK-2024-09707,Correspondent,2024-02-01,1136270,0
LOCK-2024-09708,Retail,2024-07-01,754439,1
LOCK-2024-09709,Wholesale,2024-10-01,1020626,1
LOCK-2024-09710,Correspondent,2024-08-01,285897,1
LOCK-2024-09711,Direct,2024-03-01,1197436,0
LOCK-2024-09712,Retail,2024-03-01,917276,1
LOCK-2024-09713,Wholesale,2024-09-01,499403,0
LOCK-2024-09714,Direct,2024-03-01,344316,0
LOCK-2024-09715,Correspondent,2024-06-01,151654,1
LOCK-2024-09716,Correspondent,2024-04-01,644556,1
LOCK-2024-09717,Correspondent,2024-05-01,357060,0
LOCK-2024-09718,Wholesale,2024-08-01,862209,0
LOCK-2024-09719,Direct,2024-09-01,713242,0
LOCK-2024-09720,Retail,2024-08-01,483281,1
LOCK-2024-09721,Direct,2024-02-01,1174637,1
LOCK-2024-09722,Wholesale,2024-07-01,650335,1
LOCK-2024-09723,Correspondent,2024-11-01,909305,1
LOCK-2024-09724,Wholesale,2024-01-01,253693,1
LOCK-2024-09725,Wholesale,2024-01-01,845780,0
LOCK-2024-09726,Direct,2024-11-01,859322,1
LOCK-2024-09727,Wholesale,2024-11-01,956842,1
LOCK-2024-09728,Direct,2024-07-01,873260,0
LOCK-2024-09729,Wholesale,2024-11-01,360731,0
LOCK-2024-09730,Retail,2024-02-01,1028184,0
LOCK-2024-09731,Correspondent,2024-05-01,632890,0
LOCK-2024-09732,Wholesale,2024-11-01,959742,1
LOCK-2024-09733,Correspondent,2024-10-01,156294,1
LOCK-2024-09734,Correspondent,2024-07-01,556556,1
LOCK-2024-09735,Retail,2024-09-01,1168943,1
LOCK-2024-09736,Wholesale,2024-01-01,708276,1
LOCK-2024-09737,Wholesale,2024-05-01,472887,1
LOCK-2024-09738,Retail,2024-10-01,863020,0
LOCK-2024-09739,Wholesale,2024-06-01,778523,1
LOCK-2024-09740,Wholesale,2024-06-01,1093508,1
LOCK-2024-09741,Wholesale,2024-10-01,199471,0
LOCK-2024-09742,Correspondent,2024-02-01,788304,0
LOCK-2024-09743,Direct,2024-11-01,444129,1
LOCK-2024-09744,Retail,2024-10-01,204198,1
LOCK-2024-09745,Wholesale,2024-12-01,689327,0
LOCK-2024-09746,Wholesale,2024-05-01,714600,1
LOCK-2024-09747,Wholesale,2024-07-01,514060,1
LOCK-2024-09748,Wholesale,2024-07-01,756123,1
LOCK-2024-09749,Direct,2024-04-01,1093535,0
LOCK-2024-09750,Wholesale,2024-05-01,302110,1
LOCK-2024-09751,Direct,2024-08-01,288334,1
LOCK-2024-09752,Wholesale,2024-10-01,1041017,0
LOCK-2024-09753,Correspondent,2024-02-01,1193345,1
LOCK-2024-09754,Correspondent,2024-09-01,1094493,1
LOCK-2024-09755,Direct,2024-12-01,699079,0
LOCK-2024-09756,Wholesale,2024-07-01,540036,0
LOCK-2024-09757,Correspondent,2024-11-01,796026,0
LOCK-2024-09758,Correspondent,2024-04-01,823886,1
LOCK-2024-09759,Retail,2024-04-01,658833,0
LOCK-2024-09760,Direct,2024-09-01,1126027,1
LOCK-2024-09761,Correspondent,2024-10-01,1091221,1
LOCK-2024-09762,Wholesale,2024-12-01,231417,0
LOCK-2024-09763,Wholesale,2024-08-01,506889,1
LOCK-2024-09764,Correspondent,2024-04-01,1062582,1
LOCK-2024-09765,Retail,2024-12-01,942378,1
LOCK-2024-09766,Retail,2024-07-01,301168,0
LOCK-2024-09767,Direct,2024-09-01,759901,1
LOCK-2024-09768,Correspondent,2024-04-01,962306,1
LOCK-2024-09769,Retail,2024-11-01,1093706,1
LOCK-2024-09770,Retail,2024-08-01,982814,0
LOCK-2024-09771,Retail,2024-09-01,1077987,1
LOCK-2024-09772,Direct,2024-01-01,196704,1
LOCK-2024-09773,Correspondent,2024-05-01,761774,0
LOCK-2024-09774,Correspondent,2024-02-01,967871,1
LOCK-2024-09775,Retail,2024-02-01,889691,1
LOCK-2024-09776,Correspondent,2024-06-01,522342,1
LOCK-2024-09777,Retail,2024-07-01,770526,1
LOCK-2024-09778,Wholesale,2024-10-01,1115785,1
LOCK-2024-09779,Correspondent,2024-07-01,827579,1
LOCK-2024-09780,Retail,2024-12-01,689233,1
LOCK-2024-09781,Retail,2024-04-01,1126709,1
LOCK-2024-09782,Correspondent,2024-10-01,652082,1
LOCK-2024-09783,Retail,2024-03-01,926962,1
LOCK-2024-09784,Wholesale,2024-06-01,626439,1
LOCK-2024-09785,Correspondent,2024-05-01,537841,1
LOCK-2024-09786,Retail,2024-08-01,921450,1
LOCK-2024-09787,Wholesale,2024-09-01,940280,0
LOCK-2024-09788,Correspondent,2024-10-01,931015,0
LOCK-2024-09789,Wholesale,2024-11-01,1081375,1
LOCK-2024-09790,Retail,2024-04-01,263524,0
LOCK-2024-09791,Retail,2024-02-01,599505,0
LOCK-2024-09792,Direct,2024-05-01,563063,1
LOCK-2024-09793,Wholesale,2024-05-01,1151210,0
LOCK-2024-09794,Retail,2024-06-01,714234,0
LOCK-2024-09795,Direct,2024-09-01,370203,1
LOCK-2024-09796,Wholesale,2024-11-01,665755,1
LOCK-2024-09797,Direct,2024-04-01,314537,1
LOCK-2024-09798,Correspondent,2024-01-01,159193,1
LOCK-2024-09799,Correspondent,2024-03-01,1168501,1
LOCK-2024-09800,Correspondent,2024-06-01,323635,1
LOCK-2024-09801,Direct,2024-07-01,1069295,1
LOCK-2024-09802,Retail,2024-01-01,585269,0
LOCK-2024-09803,Direct,2024-10-01,486461,0
LOCK-2024-09804,Wholesale,2024-03-01,349206,1
LOCK-2024-09805,Correspondent,2024-01-01,1168908,1
LOCK-2024-09806,Retail,2024-05-01,236433,1
LOCK-2024-09807,Correspondent,2024-02-01,947406,1
LOCK-2024-09808,Correspondent,2024-10-01,473749,1
LOCK-2024-09809,Correspondent,2024-10-01,926118,1
LOCK-2024-09810,Direct,2024-07-01,397581,1
LOCK-2024-09811,Wholesale,2024-03-01,276951,0
LOCK-2024-09812,Retail,2024-04-01,1048150,1
LOCK-2024-09813,Direct,2024-05-01,1039022,0
LOCK-2024-09814,Correspondent,2024-03-01,290043,1
LOCK-2024-09815,Direct,2024-04-01,258167,1
LOCK-2024-09816,Correspondent,2024-06-01,1192813,1
LOCK-2024-09817,Correspondent,2024-04-01,560403,1
LOCK-2024-09818,Correspondent,2024-12-01,1080886,1
LOCK-2024-09819,Wholesale,2024-05-01,796647,1
LOCK-2024-09820,Direct,2024-11-01,1047356,1
LOCK-2024-09821,Direct,2024-05-01,523160,1
LOCK-2024-09822,Retail,2024-05-01,730082,1
LOCK-2024-09823,Direct,2024-05-01,1016105,1
LOCK-2024-09824,Wholesale,2024-10-01,522808,0
LOCK-2024-09825,Direct,2024-04-01,1027855,1
LOCK-2024-09826,Direct,2024-10-01,332065,1
LOCK-2024-09827,Retail,2024-11-01,594749,1
LOCK-2024-09828,Correspondent,2024-11-01,1102273,1
LOCK-2024-09829,Wholesale,2024-05-01,1055225,1
LOCK-2024-09830,Direct,2024-11-01,350994,1
LOCK-2024-09831,Direct,2024-11-01,942952,1
LOCK-2024-09832,Wholesale,2024-06-01,879969,1
LOCK-2024-09833,Wholesale,2024-06-01,416639,0
LOCK-2024-09834,Direct,2024-05-01,790551,1
LOCK-2024-09835,Wholesale,2024-12-01,788704,0
LOCK-2024-09836,Wholesale,2024-11-01,859262,0
LOCK-2024-09837,Wholesale,2024-07-01,733029,1
LOCK-2024-09838,Correspondent,2024-01-01,808968,0
LOCK-2024-09839,Retail,2024-03-01,746822,1
LOCK-2024-09840,Wholesale,2024-11-01,1052337,1
LOCK-2024-09841,Direct,2024-11-01,653839,1
LOCK-2024-09842,Correspondent,2024-10-01,974316,1
LOCK-2024-09843,Wholesale,2024-06-01,1049403,0
LOCK-2024-09844,Correspondent,2024-06-01,638807,1
LOCK-2024-09845,Retail,2024-03-01,204149,0
LOCK-2024-09846,Wholesale,2024-09-01,501967,1
LOCK-2024-09847,Direct,2024-06-01,334110,1
LOCK-2024-09848,Wholesale,2024-12-01,1128580,1
LOCK-2024-09849,Wholesale,2024-05-01,1002387,1
LOCK-2024-09850,Correspondent,2024-11-01,737120,1
LOCK-2024-09851,Correspondent,2024-02-01,1042072,1
LOCK-2024-09852,Correspondent,2024-08-01,764480,1
LOCK-2024-09853,Retail,2024-12-01,1119784,0
LOCK-2024-09854,Direct,2024-05-01,1170011,1
LOCK-2024-09855,Direct,2024-09-01,1186546,1
LOCK-2024-09856,Retail,2024-08-01,219290,1
LOCK-2024-09857,Direct,2024-07-01,273253,0
LOCK-2024-09858,Correspondent,2024-10-01,1111956,1
LOCK-2024-09859,Retail,2024-08-01,904552,1
LOCK-2024-09860,Wholesale,2024-02-01,247760,0
LOCK-2024-09861,Wholesale,2024-09-01,1018607,1
LOCK-2024-09862,Wholesale,2024-02-01,510493,1
LOCK-2024-09863,Direct,2024-12-01,488103,1
LOCK-2024-09864,Retail,2024-02-01,681615,1
LOCK-2024-09865,Correspondent,2024-07-01,238966,1
LOCK-2024-09866,Retail,2024-11-01,212625,0
LOCK-2024-09867,Wholesale,2024-11-01,246963,1
LOCK-2024-09868,Wholesale,2024-12-01,633289,0
LOCK-2024-09869,Correspondent,2024-06-01,502979,1
LOCK-2024-09870,Retail,2024-12-01,908624,0
LOCK-2024-09871,Correspondent,2024-03-01,297969,0
LOCK-2024-09872,Correspondent,2024-04-01,288919,1
LOCK-2024-09873,Retail,2024-12-01,787494,0
LOCK-2024-09874,Retail,2024-12-01,577764,0
LOCK-2024-09875,Wholesale,2024-10-01,578821,1
LOCK-2024-09876,Direct,2024-02-01,997524,0
LOCK-2024-09877,Retail,2024-04-01,683804,0
LOCK-2024-09878,Direct,2024-11-01,839686,1
LOCK-2024-09879,Retail,2024-02-01,624503,1
LOCK-2024-09880,Correspondent,2024-10-01,411339,1
LOCK-2024-09881,Correspondent,2024-09-01,188663,1
LOCK-2024-09882,Retail,2024-12-01,1054109,1
LOCK-2024-09883,Wholesale,2024-05-01,457399,1
LOCK-2024-09884,Retail,2024-04-01,1127936,1
LOCK-2024-09885,Direct,2024-01-01,704544,0
LOCK-2024-09886,Wholesale,2024-10-01,861999,1
LOCK-2024-09887,Wholesale,2024-06-01,322245,1
LOCK-2024-09888,Retail,2024-11-01,360644,1
LOCK-2024-09889,Wholesale,2024-07-01,1065025,0
LOCK-2024-09890,Retail,2024-08-01,280148,0
LOCK-2024-09891,Direct,2024-04-01,1171867,1
LOCK-2024-09892,Direct,2024-04-01,623752,0
LOCK-2024-09893,Wholesale,2024-11-01,409673,1
LOCK-2024-09894,Wholesale,2024-06-01,969279,1
LOCK-2024-09895,Retail,2024-11-01,610990,1
LOCK-2024-09896,Retail,2024-03-01,602436,0
LOCK-2024-09897,Retail,2024-06-01,854994,1
LOCK-2024-09898,Correspondent,2024-10-01,1088987,1
LOCK-2024-09899,Direct,2024-03-01,1021662,1
LOCK-2024-09900,Wholesale,2024-07-01,658400,0
LOCK-2024-09901,Retail,2024-07-01,204239,0
LOCK-2024-09902,Retail,2024-12-01,487480,1
LOCK-2024-09903,Retail,2024-11-01,787401,0
LOCK-2024-09904,Correspondent,2024-10-01,450707,1
LOCK-2024-09905,Correspondent,2024-08-01,500693,1
LOCK-2024-09906,Retail,2024-11-01,772288,1
LOCK-2024-09907,Direct,2024-11-01,408307,1
LOCK-2024-09908,Wholesale,2024-12-01,154813,0
LOCK-2024-09909,Direct,2024-02-01,923274,0
LOCK-2024-09910,Retail,2024-09-01,319322,0
LOCK-2024-09911,Correspondent,2024-03-01,375202,1
LOCK-2024-09912,Correspondent,2024-03-01,692172,1
LOCK-2024-09913,Wholesale,2024-03-01,552603,0
LOCK-2024-09914,Retail,2024-12-01,842990,1
LOCK-2024-09915,Correspondent,2024-10-01,1007804,1
LOCK-2024-09916,Wholesale,2024-07-01,1143665,1
LOCK-2024-09917,Direct,2024-11-01,801200,0
LOCK-2024-09918,Retail,2024-02-01,876789,0
LOCK-2024-09919,Direct,2024-11-01,351436,0
LOCK-2024-09920,Retail,2024-02-01,983284,1
LOCK-2024-09921,Correspondent,2024-01-01,311741,0
LOCK-2024-09922,Wholesale,2024-05-01,438693,1
LOCK-2024-09923,Retail,2024-07-01,784163,1
LOCK-2024-09924,Correspondent,2024-07-01,625220,1
LOCK-2024-09925,Correspondent,2024-04-01,834903,1
LOCK-2024-09926,Correspondent,2024-06-01,626429,0
LOCK-2024-09927,Correspondent,2024-01-01,1127348,1
LOCK-2024-09928,Wholesale,2024-08-01,723130,1
LOCK-2024-09929,Retail,2024-10-01,911648,1
LOCK-2024-09930,Wholesale,2024-02-01,198877,1
LOCK-2024-09931,Direct,2024-12-01,1038400,1
LOCK-2024-09932,Direct,2024-04-01,1120658,0
LOCK-2024-09933,Wholesale,2024-02-01,279970,0
LOCK-2024-09934,Retail,2024-05-01,392416,0
LOCK-2024-09935,Correspondent,2024-09-01,167340,1
LOCK-2024-09936,Wholesale,2024-12-01,203242,0
LOCK-2024-09937,Correspondent,2024-04-01,518046,1
LOCK-2024-09938,Direct,2024-06-01,987374,1
LOCK-2024-09939,Direct,2024-08-01,726880,1
LOCK-2024-09940,Correspondent,2024-01-01,471747,1
LOCK-2024-09941,Correspondent,2024-09-01,1054239,1
LOCK-2024-09942,Direct,2024-06-01,478609,0
LOCK-2024-09943,Direct,2024-09-01,233162,0
LOCK-2024-09944,Wholesale,2024-02-01,1047850,1
LOCK-2024-09945,Direct,2024-01-01,449300,0
LOCK-2024-09946,Retail,2024-07-01,367184,0
LOCK-2024-09947,Wholesale,2024-09-01,188422,1
LOCK-2024-09948,Direct,2024-01-01,321976,0
LOCK-2024-09949,Wholesale,2024-10-01,202775,1
LOCK-2024-09950,Wholesale,2024-09-01,1055016,1
LOCK-2024-09951,Wholesale,2024-05-01,1141307,1
LOCK-2024-09952,Retail,2024-02-01,1186000,1
LOCK-2024-09953,Retail,2024-05-01,880270,1
LOCK-2024-09954,Retail,2024-11-01,414413,0
LOCK-2024-09955,Wholesale,2024-03-01,1023835,0
LOCK-2024-09956,Wholesale,2024-09-01,818861,1
LOCK-2024-09957,Retail,2024-03-01,703715,1
LOCK-2024-09958,Correspondent,2024-12-01,713767,1
LOCK-2024-09959,Wholesale,2024-06-01,807923,1
LOCK-2024-09960,Correspondent,2024-01-01,329997,0
LOCK-2024-09961,Direct,2024-11-01,557497,1
LOCK-2024-09962,Direct,2024-01-01,245430,1
LOCK-2024-09963,Direct,2024-07-01,789400,1
LOCK-2024-09964,Direct,2024-11-01,946040,1
LOCK-2024-09965,Direct,2024-10-01,947750,1
LOCK-2024-09966,Wholesale,2024-01-01,664204,1
LOCK-2024-09967,Direct,2024-12-01,470879,1
LOCK-2024-09968,Retail,2024-06-01,761894,0
LOCK-2024-09969,Direct,2024-04-01,523190,1
LOCK-2024-09970,Direct,2024-06-01,380142,0
LOCK-2024-09971,Wholesale,2024-12-01,387395,0
LOCK-2024-09972,Correspondent,2024-11-01,595055,1
LOCK-2024-09973,Direct,2024-03-01,664181,1
LOCK-2024-09974,Wholesale,2024-07-01,830009,0
LOCK-2024-09975,Direct,2024-04-01,375504,1
LOCK-2024-09976,Correspondent,2024-07-01,1133703,0
LOCK-2024-09977,Direct,2024-08-01,225476,1
LOCK-2024-09978,Retail,2024-06-01,295483,1
LOCK-2024-09979,Direct,2024-10-01,1191125,1
LOCK-2024-09980,Direct,2024-10-01,833683,1
LOCK-2024-09981,Correspondent,2024-11-01,1015545,1
LOCK-2024-09982,Direct,2024-03-01,1115674,1
LOCK-2024-09983,Retail,2024-01-01,1033702,1
LOCK-2024-09984,Correspondent,2024-01-01,895605,1
LOCK-2024-09985,Wholesale,2024-12-01,606517,1
LOCK-2024-09986,Correspondent,2024-02-01,919608,1
LOCK-2024-09987,Correspondent,2024-09-01,1191823,1
LOCK-2024-09988,Direct,2024-10-01,767926,0
LOCK-2024-09989,Retail,2024-02-01,857407,0
LOCK-2024-09990,Correspondent,2024-04-01,607506,1
LOCK-2024-09991,Wholesale,2024-11-01,928366,1
LOCK-2024-09992,Wholesale,2024-08-01,652814,1
LOCK-2024-09993,Direct,2024-04-01,732377,1
LOCK-2024-09994,Retail,2024-02-01,986206,1
LOCK-2024-09995,Retail,2024-10-01,955202,0
LOCK-2024-09996,Wholesale,2024-08-01,1150675,1
LOCK-2024-09997,Correspondent,2024-08-01,284544,1
LOCK-2024-09998,Wholesale,2024-11-01,379762,1
LOCK-2024-09999,Correspondent,2024-03-01,913625,1
LOCK-2024-10000,Wholesale,2024-09-01,1101829,0
LOCK-2024-10001,Retail,2024-08-01,568857,1
LOCK-2024-10002,Retail,2024-12-01,1104258,1
LOCK-2024-10003,Retail,2024-01-01,1041109,0
LOCK-2024-10004,Retail,2024-05-01,693262,1
LOCK-2024-10005,Correspondent,2024-02-01,939614,1
LOCK-2024-10006,Retail,2024-04-01,915393,1
LOCK-2024-10007,Retail,2024-04-01,1055178,0
LOCK-2024-10008,Wholesale,2024-06-01,1107725,1
LOCK-2024-10009,Retail,2024-06-01,1141670,1
LOCK-2024-10010,Direct,2024-07-01,676529,1
LOCK-2024-10011,Retail,2024-08-01,1011136,1
LOCK-2024-10012,Retail,2024-07-01,913094,1
LOCK-2024-10013,Direct,2024-01-01,783779,1
LOCK-2024-10014,Direct,2024-09-01,796416,1
LOCK-2024-10015,Correspondent,2024-03-01,151279,1
LOCK-2024-10016,Wholesale,2024-06-01,658485,0
LOCK-2024-10017,Direct,2024-08-01,301421,0
LOCK-2024-10018,Direct,2024-07-01,237172,0
LOCK-2024-10019,Direct,2024-09-01,716795,0
LOCK-2024-10020,Direct,2024-10-01,1096459,0
LOCK-2024-10021,Wholesale,2024-09-01,707460,0
LOCK-2024-10022,Retail,2024-11-01,900554,0
LOCK-2024-10023,Wholesale,2024-09-01,164877,1
LOCK-2024-10024,Correspondent,2024-12-01,724086,0
LOCK-2024-10025,Wholesale,2024-07-01,772281,1
LOCK-2024-10026,Retail,2024-11-01,985509,0
LOCK-2024-10027,Correspondent,2024-03-01,1198521,1
LOCK-2024-10028,Correspondent,2024-07-01,663608,1
LOCK-2024-10029,Direct,2024-07-01,681229,1
LOCK-2024-10030,Correspondent,2024-05-01,1055892,1
LOCK-2024-10031,Direct,2024-02-01,894496,0
LOCK-2024-10032,Retail,2024-06-01,151132,1
LOCK-2024-10033,Correspondent,2024-01-01,1119258,1
LOCK-2024-10034,Direct,2024-03-01,191849,1
LOCK-2024-10035,Retail,2024-05-01,794068,1
LOCK-2024-10036,Wholesale,2024-06-01,206905,1
LOCK-2024-10037,Retail,2024-12-01,411673,1
LOCK-2024-10038,Direct,2024-02-01,433000,0
LOCK-2024-10039,Wholesale,2024-10-01,307354,1
LOCK-2024-10040,Wholesale,2024-11-01,868833,0
LOCK-2024-10041,Wholesale,2024-02-01,560462,1
LOCK-2024-10042,Correspondent,2024-11-01,202534,0
LOCK-2024-10043,Retail,2024-04-01,253476,0
LOCK-2024-10044,Retail,2024-02-01,751722,1
LOCK-2024-10045,Correspondent,2024-10-01,688224,1
LOCK-2024-10046,Retail,2024-12-01,860599,1
LOCK-2024-10047,Correspondent,2024-04-01,794745,0
LOCK-2024-10048,Correspondent,2024-04-01,470052,0
LOCK-2024-10049,Wholesale,2024-06-01,248937,1
LOCK-2024-10050,Retail,2024-07-01,522497,1
LOCK-2024-10051,Correspondent,2024-05-01,1090281,1
LOCK-2024-10052,Retail,2024-06-01,994064,1
LOCK-2024-10053,Wholesale,2024-09-01,430685,1
LOCK-2024-10054,Correspondent,2024-02-01,268952,1
LOCK-2024-10055,Direct,2024-03-01,219143,1
LOCK-2024-10056,Correspondent,2024-08-01,951320,1
LOCK-2024-10057,Correspondent,2024-10-01,1072534,1
LOCK-2024-10058,Wholesale,2024-05-01,774401,1
LOCK-2024-10059,Direct,2024-03-01,238181,1
LOCK-2024-10060,Direct,2024-03-01,304174,1
LOCK-2024-10061,Retail,2024-03-01,714526,0
LOCK-2024-10062,Correspondent,2024-10-01,427409,0
LOCK-2024-10063,Correspondent,2024-09-01,484873,1
LOCK-2024-10064,Wholesale,2024-01-01,440557,0
LOCK-2024-10065,Wholesale,2024-06-01,389236,0
LOCK-2024-10066,Wholesale,2024-08-01,1039499,1
LOCK-2024-10067,Correspondent,2024-12-01,595281,1
LOCK-2024-10068,Correspondent,2024-10-01,287481,1
LOCK-2024-10069,Retail,2024-11-01,577791,1
LOCK-2024-10070,Retail,2024-01-01,449531,1
LOCK-2024-10071,Retail,2024-04-01,1136236,1
LOCK-2024-10072,Direct,2024-06-01,994284,1
LOCK-2024-10073,Retail,2024-08-01,260477,1
LOCK-2024-10074,Correspondent,2024-11-01,1021990,1
LOCK-2024-10075,Retail,2024-04-01,839671,1
LOCK-2024-10076,Retail,2024-08-01,387406,0
LOCK-2024-10077,Correspondent,2024-01-01,617663,0
LOCK-2024-10078,Correspondent,2024-04-01,877623,1
LOCK-2024-10079,Direct,2024-04-01,343852,0
LOCK-2024-10080,Retail,2024-03-01,677760,1
LOCK-2024-10081,Direct,2024-05-01,980268,1
LOCK-2024-10082,Wholesale,2024-04-01,230741,1
LOCK-2024-10083,Wholesale,2024-03-01,670921,1
LOCK-2024-10084,Wholesale,2024-07-01,971415,1
LOCK-2024-10085,Direct,2024-04-01,263609,0
LOCK-2024-10086,Retail,2024-10-01,361038,1
LOCK-2024-10087,Correspondent,2024-09-01,695247,1
LOCK-2024-10088,Wholesale,2024-09-01,582549,1
LOCK-2024-10089,Wholesale,2024-12-01,851709,1
LOCK-2024-10090,Retail,2024-09-01,497475,0
LOCK-2024-10091,Direct,2024-06-01,1055643,0
LOCK-2024-10092,Wholesale,2024-04-01,658549,0
LOCK-2024-10093,Direct,2024-10-01,825307,1
LOCK-2024-10094,Correspondent,2024-06-01,353210,1
LOCK-2024-10095,Correspondent,2024-08-01,987809,1
LOCK-2024-10096,Correspondent,2024-12-01,1005997,1
LOCK-2024-10097,Wholesale,2024-09-01,648111,1
LOCK-2024-10098,Wholesale,2024-12-01,482190,1
LOCK-2024-10099,Retail,2024-06-01,166688,0
LOCK-2024-10100,Direct,2024-02-01,732028,0
LOCK-2024-10101,Direct,2024-11-01,620354,1
LOCK-2024-10102,Correspondent,2024-09-01,181326,1
LOCK-2024-10103,Retail,2024-04-01,835557,1
LOCK-2024-10104,Correspondent,2024-07-01,864189,1
LOCK-2024-10105,Correspondent,2024-01-01,328470,1
LOCK-2024-10106,Correspondent,2024-10-01,254500,0
LOCK-2024-10107,Wholesale,2024-08-01,921623,0
LOCK-2024-10108,Direct,2024-08-01,159505,1
LOCK-2024-10109,Correspondent,2024-04-01,860065,1
LOCK-2024-10110,Correspondent,2024-06-01,1021138,0
LOCK-2024-10111,Retail,2024-08-01,159162,0
LOCK-2024-10112,Wholesale,2024-02-01,437795,0
LOCK-2024-10113,Direct,2024-05-01,689708,1
LOCK-2024-10114,Correspondent,2024-09-01,950523,1
LOCK-2024-10115,Wholesale,2024-08-01,814889,0
LOCK-2024-10116,Retail,2024-04-01,1050895,0
LOCK-2024-10117,Correspondent,2024-02-01,473490,0
LOCK-2024-10118,Direct,2024-07-01,974324,1
LOCK-2024-10119,Correspondent,2024-07-01,887713,0
LOCK-2024-10120,Wholesale,2024-01-01,634891,1
LOCK-2024-10121,Retail,2024-06-01,733817,0
LOCK-2024-10122,Wholesale,2024-06-01,1092807,0
LOCK-2024-10123,Correspondent,2024-03-01,937953,1
LOCK-2024-10124,Retail,2024-02-01,388449,1
LOCK-2024-10125,Correspondent,2024-05-01,372351,0
LOCK-2024-10126,Retail,2024-08-01,595087,1
LOCK-2024-10127,Retail,2024-02-01,1095205,1
LOCK-2024-10128,Retail,2024-01-01,707859,1
LOCK-2024-10129,Correspondent,2024-03-01,1109254,1
LOCK-2024-10130,Direct,2024-03-01,639428,1
LOCK-2024-10131,Retail,2024-09-01,783192,1
LOCK-2024-10132,Direct,2024-01-01,1146217,0
LOCK-2024-10133,Direct,2024-09-01,827016,1
LOCK-2024-10134,Wholesale,2024-11-01,513316,1
LOCK-2024-10135,Correspondent,2024-04-01,668770,0
LOCK-2024-10136,Wholesale,2024-09-01,1185925,0
LOCK-2024-10137,Retail,2024-09-01,877438,0
LOCK-2024-10138,Wholesale,2024-07-01,203400,1
LOCK-2024-10139,Wholesale,2024-06-01,964219,1
LOCK-2024-10140,Wholesale,2024-01-01,837183,1
LOCK-2024-10141,Correspondent,2024-12-01,458779,0
LOCK-2024-10142,Retail,2024-04-01,278398,1
LOCK-2024-10143,Wholesale,2024-12-01,1079946,1
LOCK-2024-10144,Retail,2024-07-01,627064,1
LOCK-2024-10145,Correspondent,2024-10-01,927266,1
LOCK-2024-10146,Direct,2024-06-01,1181888,1
LOCK-2024-10147,Direct,2024-04-01,957293,1
LOCK-2024-10148,Direct,2024-07-01,953963,1
LOCK-2024-10149,Retail,2024-10-01,349130,1
LOCK-2024-10150,Retail,2024-12-01,435603,1
LOCK-2024-10151,Wholesale,2024-11-01,909266,1
LOCK-2024-10152,Direct,2024-03-01,614368,0
LOCK-2024-10153,Wholesale,2024-01-01,638596,0
LOCK-2024-10154,Retail,2024-01-01,865515,0
LOCK-2024-10155,Wholesale,2024-04-01,873648,1
LOCK-2024-10156,Direct,2024-10-01,1065356,1
LOCK-2024-10157,Correspondent,2024-03-01,1053341,0
LOCK-2024-10158,Retail,2024-07-01,1100319,0
LOCK-2024-10159,Correspondent,2024-06-01,1118064,1
LOCK-2024-10160,Retail,2024-05-01,517934,1
LOCK-2024-10161,Correspondent,2024-05-01,765141,1
LOCK-2024-10162,Correspondent,2024-06-01,314249,1
LOCK-2024-10163,Correspondent,2024-08-01,614510,1
LOCK-2024-10164,Direct,2024-12-01,591994,1
LOCK-2024-10165,Wholesale,2024-10-01,822466,1
LOCK-2024-10166,Correspondent,2024-05-01,1026061,0
LOCK-2024-10167,Correspondent,2024-06-01,878341,1
LOCK-2024-10168,Direct,2024-07-01,982045,1
LOCK-2024-10169,Correspondent,2024-03-01,738278,1
LOCK-2024-10170,Direct,2024-01-01,990486,1
LOCK-2024-10171,Wholesale,2024-11-01,718737,1
LOCK-2024-10172,Retail,2024-11-01,162631,0
LOCK-2024-10173,Correspondent,2024-12-01,577635,1
LOCK-2024-10174,Direct,2024-10-01,697309,0
LOCK-2024-10175,Correspondent,2024-10-01,826423,0
LOCK-2024-10176,Correspondent,2024-07-01,907862,0
LOCK-2024-10177,Direct,2024-03-01,486775,1
LOCK-2024-10178,Wholesale,2024-07-01,1130134,1
LOCK-2024-10179,Retail,2024-08-01,1044318,1
LOCK-2024-10180,Wholesale,2024-03-01,280171,1
LOCK-2024-10181,Direct,2024-03-01,162615,1
LOCK-2024-10182,Correspondent,2024-06-01,538047,1
LOCK-2024-10183,Wholesale,2024-07-01,786559,1
LOCK-2024-10184,Wholesale,2024-11-01,484726,1
LOCK-2024-10185,Wholesale,2024-08-01,533713,1
LOCK-2024-10186,Correspondent,2024-10-01,945062,1
LOCK-2024-10187,Wholesale,2024-11-01,602915,1
LOCK-2024-10188,Retail,2024-07-01,536337,1
LOCK-2024-10189,Wholesale,2024-02-01,862632,0
LOCK-2024-10190,Wholesale,2024-12-01,288939,0
LOCK-2024-10191,Wholesale,2024-09-01,802069,1
LOCK-2024-10192,Direct,2024-01-01,1054883,1
LOCK-2024-10193,Wholesale,2024-04-01,264425,0
LOCK-2024-10194,Retail,2024-05-01,1086278,1
LOCK-2024-10195,Correspondent,2024-10-01,530081,0
LOCK-2024-10196,Correspondent,2024-10-01,589896,1
LOCK-2024-10197,Direct,2024-11-01,1187482,1
LOCK-2024-10198,Correspondent,2024-02-01,1137178,1
LOCK-2024-10199,Direct,2024-07-01,605215,0
LOCK-2024-10200,Direct,2024-10-01,265212,0
LOCK-2024-10201,Correspondent,2024-10-01,956457,1
LOCK-2024-10202,Wholesale,2024-09-01,1083301,0
LOCK-2024-10203,Correspondent,2024-12-01,228077,1
LOCK-2024-10204,Retail,2024-12-01,1186441,1
LOCK-2024-10205,Retail,2024-01-01,1058703,0
LOCK-2024-10206,Wholesale,2024-07-01,934784,0
LOCK-2024-10207,Wholesale,2024-11-01,835249,1
LOCK-2024-10208,Wholesale,2024-02-01,637715,0
LOCK-2024-10209,Retail,2024-08-01,603395,0
LOCK-2024-10210,Direct,2024-01-01,834214,1
LOCK-2024-10211,Retail,2024-02-01,426094,1
LOCK-2024-10212,Retail,2024-10-01,360700,1
LOCK-2024-10213,Retail,2024-07-01,558259,0
LOCK-2024-10214,Correspondent,2024-12-01,821375,1
LOCK-2024-10215,Correspondent,2024-10-01,704537,1
LOCK-2024-10216,Wholesale,2024-03-01,1072602,1
LOCK-2024-10217,Retail,2024-06-01,329109,1
LOCK-2024-10218,Correspondent,2024-12-01,1080114,1
LOCK-2024-10219,Retail,2024-04-01,994059,1
LOCK-2024-10220,Retail,2024-11-01,1091986,0
LOCK-2024-10221,Direct,2024-12-01,776066,1
LOCK-2024-10222,Direct,2024-09-01,370929,1
LOCK-2024-10223,Direct,2024-07-01,505215,1
LOCK-2024-10224,Retail,2024-05-01,679465,0
LOCK-2024-10225,Correspondent,2024-07-01,1029769,0
LOCK-2024-10226,Direct,2024-08-01,688967,1
LOCK-2024-10227,Wholesale,2024-12-01,994700,1
LOCK-2024-10228,Wholesale,2024-01-01,402311,1
LOCK-2024-10229,Correspondent,2024-02-01,976804,0
LOCK-2024-10230,Wholesale,2024-08-01,831955,0
LOCK-2024-10231,Direct,2024-04-01,407158,1
LOCK-2024-10232,Wholesale,2024-02-01,815798,1
LOCK-2024-10233,Direct,2024-06-01,837620,1
LOCK-2024-10234,Direct,2024-03-01,692990,1
LOCK-2024-10235,Retail,2024-02-01,897397,1
LOCK-2024-10236,Retail,2024-01-01,1091814,1
LOCK-2024-10237,Retail,2024-08-01,349779,1
LOCK-2024-10238,Direct,2024-07-01,1095694,1
LOCK-2024-10239,Retail,2024-01-01,258823,1
LOCK-2024-10240,Correspondent,2024-01-01,708293,0
LOCK-2024-10241,Correspondent,2024-03-01,684896,1
LOCK-2024-10242,Retail,2024-04-01,856322,0
LOCK-2024-10243,Correspondent,2024-09-01,880544,1
LOCK-2024-10244,Retail,2024-08-01,1106991,1
LOCK-2024-10245,Retail,2024-10-01,798369,0
LOCK-2024-10246,Retail,2024-06-01,570598,1
LOCK-2024-10247,Direct,2024-06-01,350460,0
LOCK-2024-10248,Retail,2024-06-01,1032031,1
LOCK-2024-10249,Wholesale,2024-03-01,455190,1
LOCK-2024-10250,Correspondent,2024-11-01,652515,0
LOCK-2024-10251,Wholesale,2024-08-01,319768,1
LOCK-2024-10252,Retail,2024-12-01,1004215,0
LOCK-2024-10253,Correspondent,2024-03-01,342972,0
LOCK-2024-10254,Retail,2024-12-01,754763,1
LOCK-2024-10255,Wholesale,2024-05-01,932428,1
LOCK-2024-10256,Direct,2024-04-01,1150067,0
LOCK-2024-10257,Correspondent,2024-12-01,990386,1
LOCK-2024-10258,Correspondent,2024-12-01,299228,1
LOCK-2024-10259,Retail,2024-10-01,183367,1
LOCK-2024-10260,Correspondent,2024-06-01,930825,0
LOCK-2024-10261,Retail,2024-02-01,445638,1
LOCK-2024-10262,Wholesale,2024-04-01,504343,1
LOCK-2024-10263,Wholesale,2024-05-01,612501,1
LOCK-2024-10264,Retail,2024-08-01,983347,1
LOCK-2024-10265,Wholesale,2024-09-01,246706,1
LOCK-2024-10266,Wholesale,2024-12-01,564718,0
LOCK-2024-10267,Direct,2024-07-01,534613,1
LOCK-2024-10268,Direct,2024-12-01,1148046,1
LOCK-2024-10269,Retail,2024-04-01,565945,1
LOCK-2024-10270,Wholesale,2024-06-01,1044530,1
LOCK-2024-10271,Direct,2024-11-01,1053009,1
LOCK-2024-10272,Direct,2024-12-01,739104,1
LOCK-2024-10273,Direct,2024-07-01,648433,1
LOCK-2024-10274,Wholesale,2024-07-01,440899,0
LOCK-2024-10275,Correspondent,2024-12-01,393533,1
LOCK-2024-10276,Retail,2024-02-01,905048,1
LOCK-2024-10277,Correspondent,2024-08-01,725051,1
LOCK-2024-10278,Wholesale,2024-05-01,898527,1
LOCK-2024-10279,Retail,2024-02-01,313586,1
LOCK-2024-10280,Retail,2024-01-01,817457,1
LOCK-2024-10281,Retail,2024-11-01,583537,1
LOCK-2024-10282,Direct,2024-01-01,1001097,1
LOCK-2024-10283,Wholesale,2024-08-01,571727,1
LOCK-2024-10284,Retail,2024-05-01,269302,1
LOCK-2024-10285,Retail,2024-09-01,547777,0
LOCK-2024-10286,Wholesale,2024-09-01,260868,0
LOCK-2024-10287,Direct,2024-03-01,685798,1
LOCK-2024-10288,Wholesale,2024-02-01,308552,0
LOCK-2024-10289,Retail,2024-01-01,545812,1
LOCK-2024-10290,Direct,2024-03-01,267481,0
LOCK-2024-10291,Correspondent,2024-10-01,673717,1
LOCK-2024-10292,Direct,2024-06-01,168347,0
LOCK-2024-10293,Retail,2024-12-01,759757,1
LOCK-2024-10294,Direct,2024-04-01,312728,1
LOCK-2024-10295,Retail,2024-04-01,583141,1
LOCK-2024-10296,Correspondent,2024-02-01,557238,1
LOCK-2024-10297,Correspondent,2024-10-01,1109137,1
LOCK-2024-10298,Correspondent,2024-08-01,491680,1
LOCK-2024-10299,Retail,2024-10-01,621501,0
LOCK-2024-10300,Retail,2024-08-01,218161,1
LOCK-2024-10301,Correspondent,2024-12-01,820450,1
LOCK-2024-10302,Direct,2024-02-01,396659,1
LOCK-2024-10303,Retail,2024-09-01,888056,0
LOCK-2024-10304,Wholesale,2024-02-01,518845,1
LOCK-2024-10305,Wholesale,2024-12-01,1092603,0
LOCK-2024-10306,Wholesale,2024-05-01,156334,1
LOCK-2024-10307,Direct,2024-06-01,518606,1
LOCK-2024-10308,Correspondent,2024-07-01,902798,0
LOCK-2024-10309,Direct,2024-10-01,991582,1
LOCK-2024-10310,Retail,2024-05-01,905298,1
LOCK-2024-10311,Retail,2024-04-01,1089594,1
LOCK-2024-10312,Retail,2024-11-01,537606,0
LOCK-2024-10313,Direct,2024-12-01,873012,1
LOCK-2024-10314,Correspondent,2024-07-01,641176,0
LOCK-2024-10315,Retail,2024-06-01,219529,1
LOCK-2024-10316,Wholesale,2024-09-01,1159941,1
LOCK-2024-10317,Retail,2024-01-01,153833,1
LOCK-2024-10318,Retail,2024-01-01,283324,0
LOCK-2024-10319,Direct,2024-01-01,1045807,1
LOCK-2024-10320,Wholesale,2024-08-01,1131393,0
LOCK-2024-10321,Correspondent,2024-02-01,881439,1
LOCK-2024-10322,Direct,2024-02-01,461497,0
LOCK-2024-10323,Wholesale,2024-05-01,249836,1
LOCK-2024-10324,Direct,2024-05-01,407133,0
LOCK-2024-10325,Wholesale,2024-07-01,829077,0
LOCK-2024-10326,Retail,2024-08-01,1011187,0
LOCK-2024-10327,Direct,2024-01-01,808527,1
LOCK-2024-10328,Correspondent,2024-02-01,1124315,0
LOCK-2024-10329,Direct,2024-09-01,1169861,1
LOCK-2024-10330,Wholesale,2024-08-01,767760,1
LOCK-2024-10331,Correspondent,2024-03-01,230059,1
LOCK-2024-10332,Retail,2024-05-01,564177,1
LOCK-2024-10333,Retail,2024-07-01,182138,0
LOCK-2024-10334,Retail,2024-07-01,224727,1
LOCK-2024-10335,Direct,2024-12-01,1094113,0
LOCK-2024-10336,Wholesale,2024-04-01,761388,1
LOCK-2024-10337,Direct,2024-01-01,623398,0
LOCK-2024-10338,Correspondent,2024-03-01,249269,1
LOCK-2024-10339,Wholesale,2024-11-01,414514,1
LOCK-2024-10340,Correspondent,2024-01-01,457538,1
LOCK-2024-10341,Correspondent,2024-09-01,1119938,0
LOCK-2024-10342,Direct,2024-12-01,813286,1
LOCK-2024-10343,Direct,2024-10-01,583554,0
LOCK-2024-10344,Direct,2024-09-01,206614,1
LOCK-2024-10345,Wholesale,2024-08-01,160965,1
LOCK-2024-10346,Wholesale,2024-07-01,1124313,1
LOCK-2024-10347,Correspondent,2024-09-01,1124995,1
LOCK-2024-10348,Retail,2024-09-01,805082,1
LOCK-2024-10349,Retail,2024-02-01,740464,1
LOCK-2024-10350,Wholesale,2024-12-01,410643,1
LOCK-2024-10351,Correspondent,2024-03-01,591837,1
LOCK-2024-10352,Retail,2024-05-01,251079,1
LOCK-2024-10353,Correspondent,2024-12-01,817001,0
LOCK-2024-10354,Retail,2024-02-01,1033214,1
LOCK-2024-10355,Correspondent,2024-06-01,766486,1
LOCK-2024-10356,Direct,2024-06-01,978932,0
LOCK-2024-10357,Retail,2024-10-01,1110963,1
LOCK-2024-10358,Correspondent,2024-02-01,833747,1
LOCK-2024-10359,Correspondent,2024-03-01,216471,0
LOCK-2024-10360,Retail,2024-03-01,507161,1
LOCK-2024-10361,Wholesale,2024-12-01,349592,1
LOCK-2024-10362,Correspondent,2024-01-01,434979,1
LOCK-2024-10363,Direct,2024-04-01,523761,1
LOCK-2024-10364,Retail,2024-01-01,882143,1
LOCK-2024-10365,Direct,2024-11-01,271105,0
LOCK-2024-10366,Wholesale,2024-12-01,933068,1
LOCK-2024-10367,Retail,2024-12-01,1186732,1
LOCK-2024-10368,Retail,2024-08-01,1100816,1
LOCK-2024-10369,Retail,2024-10-01,1077255,1
LOCK-2024-10370,Retail,2024-09-01,683208,1
LOCK-2024-10371,Wholesale,2024-09-01,985403,1
LOCK-2024-10372,Correspondent,2024-06-01,814918,1
LOCK-2024-10373,Retail,2024-07-01,310378,1
LOCK-2024-10374,Retail,2024-10-01,1123379,1
LOCK-2024-10375,Correspondent,2024-11-01,996960,1
LOCK-2024-10376,Retail,2024-09-01,248139,1
LOCK-2024-10377,Direct,2024-12-01,688826,0
LOCK-2024-10378,Wholesale,2024-04-01,469662,1
LOCK-2024-10379,Direct,2024-08-01,810303,1
LOCK-2024-10380,Correspondent,2024-08-01,1082591,1
LOCK-2024-10381,Wholesale,2024-04-01,296892,1
LOCK-2024-10382,Retail,2024-02-01,1109062,1
LOCK-2024-10383,Wholesale,2024-05-01,338723,0
LOCK-2024-10384,Wholesale,2024-06-01,1157540,1
LOCK-2024-10385,Direct,2024-04-01,704977,1
LOCK-2024-10386,Correspondent,2024-04-01,616745,0
LOCK-2024-10387,Correspondent,2024-03-01,1086637,0
LOCK-2024-10388,Retail,2024-02-01,241578,1
LOCK-2024-10389,Wholesale,2024-10-01,555778,1
LOCK-2024-10390,Correspondent,2024-04-01,338246,1
LOCK-2024-10391,Correspondent,2024-02-01,395875,1
LOCK-2024-10392,Correspondent,2024-03-01,520150,1
LOCK-2024-10393,Direct,2024-05-01,696560,1
LOCK-2024-10394,Retail,2024-08-01,1128771,1
LOCK-2024-10395,Direct,2024-02-01,961217,0
LOCK-2024-10396,Retail,2024-01-01,980274,1
LOCK-2024-10397,Direct,2024-05-01,1045604,1
LOCK-2024-10398,Correspondent,2024-10-01,711617,1
LOCK-2024-10399,Wholesale,2024-11-01,498333,1
LOCK-2024-10400,Direct,2024-09-01,1167497,1
LOCK-2024-10401,Correspondent,2024-12-01,944871,0
LOCK-2024-10402,Wholesale,2024-01-01,1194143,0
LOCK-2024-10403,Direct,2024-02-01,706824,0
LOCK-2024-10404,Retail,2024-05-01,472381,0
LOCK-2024-10405,Wholesale,2024-11-01,913921,1
LOCK-2024-10406,Wholesale,2024-10-01,650202,0
LOCK-2024-10407,Correspondent,2024-08-01,239777,0
LOCK-2024-10408,Correspondent,2024-08-01,217224,1
LOCK-2024-10409,Direct,2024-12-01,264111,1
LOCK-2024-10410,Correspondent,2024-04-01,1035232,0
LOCK-2024-10411,Direct,2024-08-01,537263,1
LOCK-2024-10412,Retail,2024-01-01,1036847,1
LOCK-2024-10413,Direct,2024-07-01,340209,0
LOCK-2024-10414,Direct,2024-08-01,309196,0
LOCK-2024-10415,Correspondent,2024-09-01,906765,1
LOCK-2024-10416,Wholesale,2024-12-01,528076,1
LOCK-2024-10417,Wholesale,2024-01-01,467543,1
LOCK-2024-10418,Retail,2024-11-01,907617,0
LOCK-2024-10419,Retail,2024-05-01,696282,1
LOCK-2024-10420,Direct,2024-03-01,441603,1
LOCK-2024-10421,Wholesale,2024-03-01,1074900,0
LOCK-2024-10422,Wholesale,2024-06-01,911021,1
LOCK-2024-10423,Wholesale,2024-10-01,710053,1
LOCK-2024-10424,Retail,2024-06-01,506221,1
LOCK-2024-10425,Correspondent,2024-10-01,560694,1
LOCK-2024-10426,Correspondent,2024-03-01,225764,1
LOCK-2024-10427,Wholesale,2024-08-01,378351,1
LOCK-2024-10428,Wholesale,2024-12-01,561833,1
LOCK-2024-10429,Direct,2024-08-01,922583,0
LOCK-2024-10430,Retail,2024-04-01,685684,1
LOCK-2024-10431,Correspondent,2024-08-01,779418,0
LOCK-2024-10432,Retail,2024-11-01,177710,0
LOCK-2024-10433,Retail,2024-10-01,702242,1
LOCK-2024-10434,Direct,2024-06-01,779977,1
LOCK-2024-10435,Retail,2024-07-01,984105,1
LOCK-2024-10436,Retail,2024-05-01,611363,1
LOCK-2024-10437,Retail,2024-04-01,176309,0
LOCK-2024-10438,Retail,2024-10-01,824929,1
LOCK-2024-10439,Correspondent,2024-03-01,920137,1
LOCK-2024-10440,Wholesale,2024-04-01,1102126,1
LOCK-2024-10441,Correspondent,2024-05-01,883279,1
LOCK-2024-10442,Direct,2024-01-01,546174,1
LOCK-2024-10443,Correspondent,2024-07-01,774045,1
LOCK-2024-10444,Correspondent,2024-02-01,1181125,1
LOCK-2024-10445,Retail,2024-10-01,272070,0
LOCK-2024-10446,Direct,2024-03-01,678096,1
LOCK-2024-10447,Correspondent,2024-10-01,565432,1
LOCK-2024-10448,Retail,2024-03-01,808583,1
LOCK-2024-10449,Wholesale,2024-04-01,680853,1
LOCK-2024-10450,Direct,2024-04-01,617042,1
LOCK-2024-10451,Direct,2024-01-01,162045,1
LOCK-2024-10452,Retail,2024-05-01,552914,1
LOCK-2024-10453,Retail,2024-03-01,249458,1
LOCK-2024-10454,Retail,2024-03-01,709687,1
LOCK-2024-10455,Wholesale,2024-01-01,530554,1
LOCK-2024-10456,Correspondent,2024-01-01,200546,1
LOCK-2024-10457,Correspondent,2024-01-01,436993,0
LOCK-2024-10458,Retail,2024-01-01,1132520,1
LOCK-2024-10459,Correspondent,2024-05-01,624623,0
LOCK-2024-10460,Retail,2024-12-01,569889,1
LOCK-2024-10461,Retail,2024-07-01,540812,1
LOCK-2024-10462,Wholesale,2024-07-01,899358,1
LOCK-2024-10463,Wholesale,2024-11-01,290878,1
LOCK-2024-10464,Correspondent,2024-10-01,873449,1
LOCK-2024-10465,Retail,2024-10-01,383759,0
LOCK-2024-10466,Correspondent,2024-04-01,866130,1
LOCK-2024-10467,Retail,2024-11-01,153827,1
LOCK-2024-10468,Wholesale,2024-05-01,1042219,1
LOCK-2024-10469,Wholesale,2024-01-01,902688,1
LOCK-2024-10470,Retail,2024-07-01,944854,1
LOCK-2024-10471,Correspondent,2024-02-01,511550,1
LOCK-2024-10472,Retail,2024-04-01,491850,1
LOCK-2024-10473,Retail,2024-09-01,762775,1
LOCK-2024-10474,Correspondent,2024-05-01,252913,0
LOCK-2024-10475,Correspondent,2024-06-01,365552,1
LOCK-2024-10476,Retail,2024-03-01,392990,1
LOCK-2024-10477,Direct,2024-10-01,781192,0
LOCK-2024-10478,Direct,2024-07-01,239640,0
LOCK-2024-10479,Wholesale,2024-06-01,913599,1
LOCK-2024-10480,Correspondent,2024-06-01,665985,1
LOCK-2024-10481,Direct,2024-03-01,430073,0
LOCK-2024-10482,Direct,2024-03-01,482862,1
LOCK-2024-10483,Retail,2024-11-01,418652,1
LOCK-2024-10484,Wholesale,2024-05-01,266490,0
LOCK-2024-10485,Retail,2024-03-01,399740,0
LOCK-2024-10486,Wholesale,2024-07-01,314257,1
LOCK-2024-10487,Correspondent,2024-07-01,685787,0
LOCK-2024-10488,Correspondent,2024-03-01,759650,1
LOCK-2024-10489,Correspondent,2024-08-01,572083,1
LOCK-2024-10490,Retail,2024-06-01,781650,1
LOCK-2024-10491,Direct,2024-03-01,759768,0
LOCK-2024-10492,Wholesale,2024-11-01,675488,0
LOCK-2024-10493,Direct,2024-06-01,410830,0
LOCK-2024-10494,Direct,2024-04-01,343468,0
LOCK-2024-10495,Retail,2024-03-01,661244,1
LOCK-2024-10496,Correspondent,2024-01-01,153432,0
LOCK-2024-10497,Direct,2024-12-01,298334,1
LOCK-2024-10498,Direct,2024-08-01,1070888,1
LOCK-2024-10499,Retail,2024-05-01,667413,0
LOCK-2024-10500,Retail,2024-11-01,1184072,0
LOCK-2024-10501,Correspondent,2024-10-01,957509,0
LOCK-2024-10502,Direct,2024-02-01,885745,0
LOCK-2024-10503,Correspondent,2024-07-01,1173834,1
LOCK-2024-10504,Direct,2024-02-01,758015,1
LOCK-2024-10505,Wholesale,2024-07-01,256463,1
LOCK-2024-10506,Correspondent,2024-01-01,255761,1
LOCK-2024-10507,Retail,2024-05-01,725355,1
LOCK-2024-10508,Retail,2024-04-01,774007,1
LOCK-2024-10509,Retail,2024-03-01,644773,1
LOCK-2024-10510,Retail,2024-04-01,762357,0
LOCK-2024-10511,Retail,2024-12-01,513563,0
LOCK-2024-10512,Wholesale,2024-09-01,541213,1
LOCK-2024-10513,Wholesale,2024-08-01,170242,1
LOCK-2024-10514,Correspondent,2024-03-01,312067,1
LOCK-2024-10515,Correspondent,2024-06-01,794782,1
LOCK-2024-10516,Direct,2024-12-01,954864,1
LOCK-2024-10517,Correspondent,2024-02-01,932500,1
LOCK-2024-10518,Wholesale,2024-09-01,923218,1
LOCK-2024-10519,Retail,2024-02-01,171539,1
LOCK-2024-10520,Retail,2024-02-01,318348,1
LOCK-2024-10521,Direct,2024-08-01,1112683,1
LOCK-2024-10522,Correspondent,2024-12-01,1061224,1
LOCK-2024-10523,Retail,2024-10-01,1068467,1
LOCK-2024-10524,Correspondent,2024-10-01,384405,1
LOCK-2024-10525,Wholesale,2024-05-01,476570,1
LOCK-2024-10526,Direct,2024-05-01,1084036,1
LOCK-2024-10527,Wholesale,2024-02-01,901902,1
LOCK-2024-10528,Wholesale,2024-02-01,362407,0
LOCK-2024-10529,Correspondent,2024-10-01,151873,1
LOCK-2024-10530,Direct,2024-12-01,958525,0
LOCK-2024-10531,Retail,2024-08-01,1042722,1
LOCK-2024-10532,Wholesale,2024-09-01,734102,1
LOCK-2024-10533,Retail,2024-04-01,1066808,1
LOCK-2024-10534,Correspondent,2024-06-01,840833,0
LOCK-2024-10535,Retail,2024-07-01,491249,1
LOCK-2024-10536,Correspondent,2024-08-01,234821,1
LOCK-2024-10537,Retail,2024-10-01,838894,1
LOCK-2024-10538,Retail,2024-04-01,227409,0
LOCK-2024-10539,Direct,2024-07-01,489399,1
LOCK-2024-10540,Correspondent,2024-06-01,910053,1
LOCK-2024-10541,Direct,2024-02-01,382473,0
LOCK-2024-10542,Retail,2024-08-01,1163020,1
LOCK-2024-10543,Retail,2024-05-01,475846,1
LOCK-2024-10544,Direct,2024-11-01,930172,1
LOCK-2024-10545,Wholesale,2024-08-01,1113852,1
LOCK-2024-10546,Retail,2024-11-01,509001,1
LOCK-2024-10547,Wholesale,2024-09-01,254734,1
LOCK-2024-10548,Retail,2024-10-01,435368,1
LOCK-2024-10549,Retail,2024-07-01,404590,0
LOCK-2024-10550,Direct,2024-11-01,499832,0
LOCK-2024-10551,Correspondent,2024-05-01,1141254,1
LOCK-2024-10552,Correspondent,2024-04-01,511278,1
LOCK-2024-10553,Wholesale,2024-11-01,229028,1
LOCK-2024-10554,Correspondent,2024-04-01,815102,1
LOCK-2024-10555,Correspondent,2024-03-01,332561,1
LOCK-2024-10556,Retail,2024-05-01,758000,1
LOCK-2024-10557,Correspondent,2024-12-01,1068749,0
LOCK-2024-10558,Retail,2024-04-01,621380,1
LOCK-2024-10559,Direct,2024-09-01,759829,1
LOCK-2024-10560,Wholesale,2024-03-01,715422,1
LOCK-2024-10561,Retail,2024-08-01,525917,0
LOCK-2024-10562,Retail,2024-04-01,215912,1
LOCK-2024-10563,Wholesale,2024-06-01,463586,0
LOCK-2024-10564,Wholesale,2024-01-01,500670,0
LOCK-2024-10565,Retail,2024-12-01,717661,0
LOCK-2024-10566,Direct,2024-09-01,1027720,1
LOCK-2024-10567,Retail,2024-12-01,1181371,1
LOCK-2024-10568,Retail,2024-05-01,640931,1
LOCK-2024-10569,Wholesale,2024-12-01,903056,1
LOCK-2024-10570,Direct,2024-08-01,507371,1
LOCK-2024-10571,Retail,2024-03-01,589150,1
LOCK-2024-10572,Correspondent,2024-03-01,540819,1
LOCK-2024-10573,Wholesale,2024-07-01,188125,0
LOCK-2024-10574,Wholesale,2024-10-01,1080570,1
LOCK-2024-10575,Wholesale,2024-09-01,383397,1
LOCK-2024-10576,Direct,2024-03-01,1074744,1
LOCK-2024-10577,Correspondent,2024-02-01,835537,1
LOCK-2024-10578,Wholesale,2024-09-01,1159717,1
LOCK-2024-10579,Direct,2024-08-01,310723,0
LOCK-2024-10580,Wholesale,2024-01-01,638773,1
LOCK-2024-10581,Wholesale,2024-11-01,566424,1
LOCK-2024-10582,Direct,2024-11-01,482332,1
LOCK-2024-10583,Retail,2024-07-01,849793,1
LOCK-2024-10584,Direct,2024-07-01,860902,1
LOCK-2024-10585,Wholesale,2024-05-01,677788,1
LOCK-2024-10586,Direct,2024-01-01,280414,1
LOCK-2024-10587,Retail,2024-10-01,195135,0
LOCK-2024-10588,Retail,2024-01-01,159932,1
LOCK-2024-10589,Direct,2024-04-01,1064689,1
LOCK-2024-10590,Direct,2024-08-01,253598,0
LOCK-2024-10591,Direct,2024-04-01,375255,1
LOCK-2024-10592,Direct,2024-10-01,543827,1
LOCK-2024-10593,Retail,2024-01-01,213521,1
LOCK-2024-10594,Direct,2024-02-01,779064,0
LOCK-2024-10595,Direct,2024-12-01,290481,1
LOCK-2024-10596,Correspondent,2024-03-01,769688,1
LOCK-2024-10597,Correspondent,2024-12-01,518012,1
LOCK-2024-10598,Retail,2024-11-01,255702,1
LOCK-2024-10599,Direct,2024-04-01,1178376,0
LOCK-2024-10600,Direct,2024-07-01,269222,1
LOCK-2024-10601,Wholesale,2024-01-01,475255,0
LOCK-2024-10602,Direct,2024-03-01,656711,0
LOCK-2024-10603,Direct,2024-07-01,836199,1
LOCK-2024-10604,Wholesale,2024-06-01,297617,1
LOCK-2024-10605,Wholesale,2024-10-01,239286,1
LOCK-2024-10606,Retail,2024-11-01,303962,0
LOCK-2024-10607,Wholesale,2024-08-01,531173,1
LOCK-2024-10608,Direct,2024-11-01,243751,1
LOCK-2024-10609,Correspondent,2024-07-01,1101916,1
LOCK-2024-10610,Correspondent,2024-02-01,580569,1
LOCK-2024-10611,Wholesale,2024-01-01,494651,1
LOCK-2024-10612,Correspondent,2024-05-01,260336,1
LOCK-2024-10613,Direct,2024-09-01,606793,0
LOCK-2024-10614,Correspondent,2024-10-01,846889,1
LOCK-2024-10615,Wholesale,2024-12-01,1115528,1
LOCK-2024-10616,Retail,2024-06-01,647278,1
LOCK-2024-10617,Retail,2024-10-01,244191,1
LOCK-2024-10618,Wholesale,2024-02-01,312850,1
LOCK-2024-10619,Retail,2024-12-01,942782,0
LOCK-2024-10620,Direct,2024-09-01,703063,0
LOCK-2024-10621,Direct,2024-02-01,489444,1
LOCK-2024-10622,Direct,2024-12-01,641784,0
LOCK-2024-10623,Retail,2024-03-01,826726,1
LOCK-2024-10624,Retail,2024-12-01,1066809,1
LOCK-2024-10625,Correspondent,2024-06-01,348101,1
LOCK-2024-10626,Retail,2024-05-01,989833,1
LOCK-2024-10627,Direct,2024-04-01,791834,1
LOCK-2024-10628,Wholesale,2024-10-01,343346,1
LOCK-2024-10629,Direct,2024-05-01,369972,0
LOCK-2024-10630,Correspondent,2024-11-01,792846,1
LOCK-2024-10631,Correspondent,2024-04-01,984568,1
LOCK-2024-10632,Direct,2024-02-01,1189793,1
LOCK-2024-10633,Wholesale,2024-05-01,364738,0
LOCK-2024-10634,Correspondent,2024-07-01,765335,1
LOCK-2024-10635,Correspondent,2024-08-01,434284,1
LOCK-2024-10636,Retail,2024-09-01,510862,1
LOCK-2024-10637,Correspondent,2024-04-01,954876,1
LOCK-2024-10638,Correspondent,2024-01-01,317956,1
LOCK-2024-10639,Correspondent,2024-07-01,534033,1
LOCK-2024-10640,Direct,2024-05-01,829341,0
LOCK-2024-10641,Correspondent,2024-07-01,336474,1
LOCK-2024-10642,Direct,2024-08-01,1053394,1
LOCK-2024-10643,Direct,2024-05-01,811695,1
LOCK-2024-10644,Retail,2024-04-01,852036,1
LOCK-2024-10645,Correspondent,2024-07-01,1019510,0
LOCK-2024-10646,Direct,2024-03-01,206756,0
LOCK-2024-10647,Direct,2024-02-01,546217,1
LOCK-2024-10648,Retail,2024-04-01,483576,1
LOCK-2024-10649,Retail,2024-02-01,1112413,1
LOCK-2024-10650,Wholesale,2024-01-01,390224,1
LOCK-2024-10651,Direct,2024-12-01,775574,1
LOCK-2024-10652,Wholesale,2024-02-01,941380,1
LOCK-2024-10653,Retail,2024-01-01,889603,1
LOCK-2024-10654,Correspondent,2024-06-01,798728,1
LOCK-2024-10655,Wholesale,2024-02-01,1021364,1
LOCK-2024-10656,Wholesale,2024-12-01,156591,1
LOCK-2024-10657,Retail,2024-10-01,210640,1
LOCK-2024-10658,Correspondent,2024-02-01,538657,1
LOCK-2024-10659,Wholesale,2024-09-01,1035460,1
LOCK-2024-10660,Wholesale,2024-09-01,378552,1
LOCK-2024-10661,Retail,2024-03-01,182238,1
LOCK-2024-10662,Wholesale,2024-08-01,183829,0
LOCK-2024-10663,Correspondent,2024-05-01,364539,1
LOCK-2024-10664,Direct,2024-10-01,164121,1
LOCK-2024-10665,Wholesale,2024-07-01,626583,1
LOCK-2024-10666,Direct,2024-10-01,468592,0
LOCK-2024-10667,Direct,2024-08-01,1037635,0
LOCK-2024-10668,Retail,2024-06-01,1015344,0
LOCK-2024-10669,Retail,2024-12-01,906308,1
LOCK-2024-10670,Wholesale,2024-10-01,1141387,0
LOCK-2024-10671,Direct,2024-11-01,914264,1
LOCK-2024-10672,Direct,2024-09-01,285622,0
LOCK-2024-10673,Retail,2024-06-01,726269,0
LOCK-2024-10674,Correspondent,2024-09-01,592699,0
LOCK-2024-10675,Direct,2024-06-01,707127,0
LOCK-2024-10676,Retail,2024-01-01,1126866,1
LOCK-2024-10677,Direct,2024-12-01,701481,1
LOCK-2024-10678,Direct,2024-11-01,583801,1
LOCK-2024-10679,Direct,2024-08-01,503893,0
LOCK-2024-10680,Wholesale,2024-01-01,1075698,0
LOCK-2024-10681,Retail,2024-09-01,749615,1
LOCK-2024-10682,Correspondent,2024-12-01,704128,1
LOCK-2024-10683,Correspondent,2024-07-01,991134,0
LOCK-2024-10684,Direct,2024-12-01,225862,1
LOCK-2024-10685,Correspondent,2024-09-01,201829,1
LOCK-2024-10686,Correspondent,2024-09-01,1086078,0
LOCK-2024-10687,Retail,2024-05-01,572912,1
LOCK-2024-10688,Direct,2024-01-01,236458,0
LOCK-2024-10689,Retail,2024-10-01,325752,1
LOCK-2024-10690,Correspondent,2024-02-01,1020415,0
LOCK-2024-10691,Direct,2024-10-01,414387,1
LOCK-2024-10692,Wholesale,2024-12-01,559694,0
LOCK-2024-10693,Correspondent,2024-01-01,566652,1
LOCK-2024-10694,Wholesale,2024-04-01,604384,0
LOCK-2024-10695,Wholesale,2024-08-01,465340,1
LOCK-2024-10696,Wholesale,2024-02-01,864663,1
LOCK-2024-10697,Wholesale,2024-04-01,378244,1
LOCK-2024-10698,Correspondent,2024-01-01,1042736,1
LOCK-2024-10699,Retail,2024-05-01,508893,1
LOCK-2024-10700,Direct,2024-08-01,689268,1
LOCK-2024-10701,Retail,2024-12-01,1110785,0
LOCK-2024-10702,Direct,2024-01-01,634917,1
LOCK-2024-10703,Correspondent,2024-12-01,1047785,0
LOCK-2024-10704,Retail,2024-10-01,675585,1
LOCK-2024-10705,Direct,2024-03-01,686197,0
LOCK-2024-10706,Retail,2024-03-01,669265,1
LOCK-2024-10707,Retail,2024-08-01,993018,1
LOCK-2024-10708,Direct,2024-01-01,319495,1
LOCK-2024-10709,Direct,2024-02-01,855735,1
LOCK-2024-10710,Retail,2024-04-01,784639,0
LOCK-2024-10711,Correspondent,2024-11-01,181492,1
LOCK-2024-10712,Wholesale,2024-09-01,422836,0
LOCK-2024-10713,Wholesale,2024-12-01,362401,1
LOCK-2024-10714,Correspondent,2024-06-01,418199,1
LOCK-2024-10715,Direct,2024-04-01,505953,1
LOCK-2024-10716,Correspondent,2024-12-01,867614,0
LOCK-2024-10717,Correspondent,2024-12-01,299387,0
LOCK-2024-10718,Direct,2024-04-01,1003924,0
LOCK-2024-10719,Correspondent,2024-01-01,278306,0
LOCK-2024-10720,Correspondent,2024-03-01,1027356,0
LOCK-2024-10721,Wholesale,2024-08-01,769705,1
LOCK-2024-10722,Retail,2024-12-01,1120597,0
LOCK-2024-10723,Wholesale,2024-04-01,574840,1
LOCK-2024-10724,Wholesale,2024-11-01,162805,1
LOCK-2024-10725,Retail,2024-06-01,928249,1
LOCK-2024-10726,Wholesale,2024-09-01,799066,1
LOCK-2024-10727,Wholesale,2024-11-01,235482,1
LOCK-2024-10728,Correspondent,2024-05-01,951493,1
LOCK-2024-10729,Retail,2024-12-01,649169,0
LOCK-2024-10730,Retail,2024-07-01,578860,1
LOCK-2024-10731,Retail,2024-04-01,576132,1
LOCK-2024-10732,Correspondent,2024-09-01,674435,1
LOCK-2024-10733,Retail,2024-04-01,809502,1
LOCK-2024-10734,Direct,2024-04-01,849025,1
LOCK-2024-10735,Correspondent,2024-09-01,350815,1
LOCK-2024-10736,Wholesale,2024-05-01,1079708,0
LOCK-2024-10737,Wholesale,2024-10-01,216863,1
LOCK-2024-10738,Direct,2024-01-01,166466,1
LOCK-2024-10739,Wholesale,2024-11-01,173752,0
LOCK-2024-10740,Correspondent,2024-04-01,826434,0
LOCK-2024-10741,Wholesale,2024-08-01,821512,0
LOCK-2024-10742,Wholesale,2024-11-01,554133,1
LOCK-2024-10743,Direct,2024-03-01,308399,0
LOCK-2024-10744,Correspondent,2024-10-01,510293,1
LOCK-2024-10745,Direct,2024-11-01,370529,1
LOCK-2024-10746,Direct,2024-12-01,892100,1
LOCK-2024-10747,Direct,2024-08-01,552725,1
LOCK-2024-10748,Correspondent,2024-04-01,371081,1
LOCK-2024-10749,Correspondent,2024-10-01,155012,1
LOCK-2024-10750,Retail,2024-06-01,755865,0
LOCK-2024-10751,Correspondent,2024-06-01,912008,1
LOCK-2024-10752,Wholesale,2024-07-01,194933,1
LOCK-2024-10753,Correspondent,2024-06-01,858578,1
LOCK-2024-10754,Correspondent,2024-12-01,979381,1
LOCK-2024-10755,Direct,2024-11-01,208339,0
LOCK-2024-10756,Correspondent,2024-12-01,322749,1
LOCK-2024-10757,Direct,2024-06-01,178207,0
LOCK-2024-10758,Wholesale,2024-05-01,279581,1
LOCK-2024-10759,Retail,2024-08-01,1059392,1
LOCK-2024-10760,Direct,2024-03-01,291289,1
LOCK-2024-10761,Wholesale,2024-12-01,227117,0
LOCK-2024-10762,Correspondent,2024-06-01,637197,1
LOCK-2024-10763,Retail,2024-09-01,1038073,1
LOCK-2024-10764,Retail,2024-01-01,318462,0
LOCK-2024-10765,Direct,2024-06-01,790944,1
LOCK-2024-10766,Correspondent,2024-05-01,419243,1
LOCK-2024-10767,Correspondent,2024-02-01,1168805,1
LOCK-2024-10768,Direct,2024-12-01,393493,1
LOCK-2024-10769,Wholesale,2024-04-01,227068,1
LOCK-2024-10770,Wholesale,2024-09-01,543074,1
LOCK-2024-10771,Direct,2024-09-01,486366,1
LOCK-2024-10772,Correspondent,2024-07-01,832831,1
LOCK-2024-10773,Direct,2024-05-01,304754,1
LOCK-2024-10774,Direct,2024-03-01,217263,0
LOCK-2024-10775,Retail,2024-04-01,753289,0
LOCK-2024-10776,Retail,2024-06-01,1191550,0
LOCK-2024-10777,Retail,2024-11-01,1080687,1
LOCK-2024-10778,Retail,2024-10-01,706791,1
LOCK-2024-10779,Correspondent,2024-07-01,448157,1
LOCK-2024-10780,Direct,2024-03-01,1063050,0
LOCK-2024-10781,Correspondent,2024-01-01,529721,1
LOCK-2024-10782,Wholesale,2024-12-01,1058987,1
LOCK-2024-10783,Correspondent,2024-06-01,619979,1
LOCK-2024-10784,Direct,2024-07-01,303303,1
LOCK-2024-10785,Correspondent,2024-04-01,1077910,1
LOCK-2024-10786,Correspondent,2024-04-01,1152422,0
LOCK-2024-10787,Retail,2024-11-01,462395,0
LOCK-2024-10788,Direct,2024-09-01,205537,0
LOCK-2024-10789,Direct,2024-06-01,680292,1
LOCK-2024-10790,Direct,2024-08-01,775933,1
LOCK-2024-10791,Wholesale,2024-09-01,799210,1
LOCK-2024-10792,Retail,2024-05-01,1127871,1
LOCK-2024-10793,Retail,2024-09-01,1189400,1
LOCK-2024-10794,Wholesale,2024-08-01,869014,0
LOCK-2024-10795,Wholesale,2024-08-01,203268,0
LOCK-2024-10796,Wholesale,2024-10-01,996126,1
LOCK-2024-10797,Direct,2024-03-01,1194524,1
LOCK-2024-10798,Correspondent,2024-04-01,1033848,1
LOCK-2024-10799,Retail,2024-08-01,774862,1
LOCK-2024-10800,Wholesale,2024-04-01,538310,0
LOCK-2024-10801,Direct,2024-10-01,724233,1
LOCK-2024-10802,Retail,2024-02-01,1079217,1
LOCK-2024-10803,Correspondent,2024-06-01,436017,0
LOCK-2024-10804,Correspondent,2024-03-01,913595,1
LOCK-2024-10805,Retail,2024-02-01,630274,1
LOCK-2024-10806,Retail,2024-12-01,652610,0
LOCK-2024-10807,Wholesale,2024-07-01,658533,0
LOCK-2024-10808,Direct,2024-10-01,434803,1
LOCK-2024-10809,Wholesale,2024-08-01,562932,1
LOCK-2024-10810,Direct,2024-10-01,334499,1
LOCK-2024-10811,Wholesale,2024-02-01,191244,1
LOCK-2024-10812,Direct,2024-12-01,411192,1
LOCK-2024-10813,Direct,2024-11-01,1153895,0
LOCK-2024-10814,Retail,2024-07-01,1034211,1
LOCK-2024-10815,Correspondent,2024-12-01,728013,1
LOCK-2024-10816,Direct,2024-01-01,510052,1
LOCK-2024-10817,Wholesale,2024-02-01,1028582,1
LOCK-2024-10818,Direct,2024-07-01,1187742,1
LOCK-2024-10819,Retail,2024-02-01,510743,0
LOCK-2024-10820,Correspondent,2024-08-01,498856,1
LOCK-2024-10821,Correspondent,2024-07-01,996914,1
LOCK-2024-10822,Wholesale,2024-08-01,370660,0
LOCK-2024-10823,Retail,2024-09-01,575226,1
LOCK-2024-10824,Retail,2024-02-01,910768,0
LOCK-2024-10825,Direct,2024-03-01,847436,1
LOCK-2024-10826,Correspondent,2024-05-01,254455,1
LOCK-2024-10827,Retail,2024-07-01,555403,0
LOCK-2024-10828,Direct,2024-05-01,504703,1
LOCK-2024-10829,Wholesale,2024-01-01,987380,1
LOCK-2024-10830,Direct,2024-05-01,213420,1
LOCK-2024-10831,Direct,2024-06-01,335513,0
LOCK-2024-10832,Direct,2024-09-01,436227,0
LOCK-2024-10833,Wholesale,2024-08-01,894640,1
LOCK-2024-10834,Retail,2024-06-01,493828,0
LOCK-2024-10835,Wholesale,2024-10-01,533621,1
LOCK-2024-10836,Retail,2024-03-01,735055,1
LOCK-2024-10837,Correspondent,2024-10-01,833558,1
LOCK-2024-10838,Retail,2024-10-01,443526,1
LOCK-2024-10839,Wholesale,2024-04-01,343627,1
LOCK-2024-10840,Wholesale,2024-09-01,389431,1
LOCK-2024-10841,Direct,2024-04-01,406618,1
LOCK-2024-10842,Retail,2024-08-01,394106,1
LOCK-2024-10843,Wholesale,2024-04-01,327811,1
LOCK-2024-10844,Direct,2024-06-01,493735,0
LOCK-2024-10845,Wholesale,2024-03-01,480693,0
LOCK-2024-10846,Wholesale,2024-01-01,176720,1
LOCK-2024-10847,Direct,2024-03-01,360710,1
LOCK-2024-10848,Correspondent,2024-10-01,403604,1
LOCK-2024-10849,Wholesale,2024-06-01,768542,1
LOCK-2024-10850,Retail,2024-04-01,1064270,0
LOCK-2024-10851,Wholesale,2024-11-01,536028,1
LOCK-2024-10852,Direct,2024-01-01,1152419,1
LOCK-2024-10853,Direct,2024-07-01,278082,1
LOCK-2024-10854,Wholesale,2024-11-01,654028,1
LOCK-2024-10855,Retail,2024-09-01,763583,0
LOCK-2024-10856,Direct,2024-05-01,543072,1
LOCK-2024-10857,Direct,2024-05-01,559426,1
LOCK-2024-10858,Retail,2024-01-01,1177197,0
LOCK-2024-10859,Retail,2024-03-01,987370,1
LOCK-2024-10860,Retail,2024-04-01,388469,1
LOCK-2024-10861,Direct,2024-10-01,255999,1
LOCK-2024-10862,Direct,2024-07-01,1033425,1
LOCK-2024-10863,Correspondent,2024-03-01,1006025,0
LOCK-2024-10864,Correspondent,2024-05-01,711337,1
LOCK-2024-10865,Direct,2024-06-01,729834,0
LOCK-2024-10866,Wholesale,2024-12-01,1159958,1
LOCK-2024-10867,Correspondent,2024-10-01,1193350,0
LOCK-2024-10868,Correspondent,2024-01-01,488550,1
LOCK-2024-10869,Correspondent,2024-10-01,182353,1
LOCK-2024-10870,Correspondent,2024-06-01,952805,1
LOCK-2024-10871,Correspondent,2024-08-01,358086,0
LOCK-2024-10872,Correspondent,2024-10-01,937251,1
LOCK-2024-10873,Retail,2024-02-01,452717,1
LOCK-2024-10874,Retail,2024-09-01,307877,0
LOCK-2024-10875,Retail,2024-12-01,1133600,1
LOCK-2024-10876,Retail,2024-01-01,575935,1
LOCK-2024-10877,Wholesale,2024-04-01,369882,1
LOCK-2024-10878,Direct,2024-03-01,833717,1
LOCK-2024-10879,Wholesale,2024-07-01,680168,0
LOCK-2024-10880,Wholesale,2024-12-01,1134467,1
LOCK-2024-10881,Wholesale,2024-08-01,190976,1
LOCK-2024-10882,Direct,2024-04-01,969793,0
LOCK-2024-10883,Wholesale,2024-01-01,1095925,1
LOCK-2024-10884,Wholesale,2024-03-01,194272,1
LOCK-2024-10885,Direct,2024-04-01,932605,1
LOCK-2024-10886,Correspondent,2024-04-01,931478,1
LOCK-2024-10887,Direct,2024-12-01,270051,0
LOCK-2024-10888,Correspondent,2024-03-01,632264,0
LOCK-2024-10889,Direct,2024-06-01,669385,1
LOCK-2024-10890,Correspondent,2024-07-01,952093,0
LOCK-2024-10891,Retail,2024-07-01,405703,1
LOCK-2024-10892,Direct,2024-11-01,312672,0
LOCK-2024-10893,Correspondent,2024-03-01,927143,1
LOCK-2024-10894,Direct,2024-08-01,1144539,1
LOCK-2024-10895,Wholesale,2024-05-01,875502,1
LOCK-2024-10896,Retail,2024-08-01,291243,0
LOCK-2024-10897,Correspondent,2024-03-01,820094,0
LOCK-2024-10898,Correspondent,2024-05-01,572887,0
LOCK-2024-10899,Correspondent,2024-07-01,303031,0
LOCK-2024-10900,Wholesale,2024-04-01,391444,1
LOCK-2024-10901,Direct,2024-10-01,641184,1
LOCK-2024-10902,Direct,2024-09-01,929726,1
LOCK-2024-10903,Direct,2024-04-01,950636,1
LOCK-2024-10904,Correspondent,2024-05-01,1197128,1
LOCK-2024-10905,Wholesale,2024-07-01,829479,1
LOCK-2024-10906,Direct,2024-10-01,503315,1
LOCK-2024-10907,Correspondent,2024-02-01,860057,1
LOCK-2024-10908,Retail,2024-05-01,393124,1
LOCK-2024-10909,Wholesale,2024-10-01,240221,1
LOCK-2024-10910,Retail,2024-02-01,489233,0
LOCK-2024-10911,Retail,2024-09-01,1142753,0
LOCK-2024-10912,Direct,2024-01-01,1137667,1
LOCK-2024-10913,Correspondent,2024-05-01,1074781,0
LOCK-2024-10914,Direct,2024-10-01,611190,1
LOCK-2024-10915,Direct,2024-03-01,247209,1
LOCK-2024-10916,Retail,2024-11-01,836985,0
LOCK-2024-10917,Retail,2024-07-01,764236,0
LOCK-2024-10918,Direct,2024-03-01,175997,1
LOCK-2024-10919,Direct,2024-12-01,192561,1
LOCK-2024-10920,Direct,2024-12-01,817299,0
LOCK-2024-10921,Wholesale,2024-04-01,1034514,1
LOCK-2024-10922,Retail,2024-07-01,1040658,1
LOCK-2024-10923,Retail,2024-10-01,372953,1
LOCK-2024-10924,Direct,2024-11-01,620792,0
LOCK-2024-10925,Correspondent,2024-11-01,356612,1
LOCK-2024-10926,Retail,2024-07-01,1038074,0
LOCK-2024-10927,Direct,2024-02-01,450390,1
LOCK-2024-10928,Retail,2024-01-01,854277,1
LOCK-2024-10929,Wholesale,2024-09-01,543726,1
LOCK-2024-10930,Retail,2024-10-01,956462,1
LOCK-2024-10931,Correspondent,2024-12-01,506103,1
LOCK-2024-10932,Retail,2024-05-01,1163276,1
LOCK-2024-10933,Wholesale,2024-09-01,705364,0
LOCK-2024-10934,Wholesale,2024-04-01,678052,1
LOCK-2024-10935,Retail,2024-10-01,451244,1
LOCK-2024-10936,Wholesale,2024-02-01,1028536,0
LOCK-2024-10937,Retail,2024-09-01,974906,1
LOCK-2024-10938,Retail,2024-03-01,755519,0
LOCK-2024-10939,Retail,2024-09-01,767300,0
LOCK-2024-10940,Wholesale,2024-09-01,437054,0
LOCK-2024-10941,Retail,2024-04-01,1048026,1
LOCK-2024-10942,Correspondent,2024-09-01,173751,1
LOCK-2024-10943,Correspondent,2024-11-01,541168,1
LOCK-2024-10944,Correspondent,2024-05-01,1167654,1
LOCK-2024-10945,Retail,2024-06-01,641598,1
LOCK-2024-10946,Direct,2024-06-01,578492,1
LOCK-2024-10947,Retail,2024-07-01,554673,0
LOCK-2024-10948,Correspondent,2024-07-01,335615,1
LOCK-2024-10949,Wholesale,2024-04-01,478598,0
LOCK-2024-10950,Correspondent,2024-12-01,390820,1
LOCK-2024-10951,Direct,2024-05-01,1024737,0
LOCK-2024-10952,Direct,2024-11-01,765200,1
LOCK-2024-10953,Direct,2024-03-01,600852,0
LOCK-2024-10954,Retail,2024-01-01,898356,0
LOCK-2024-10955,Correspondent,2024-01-01,263018,1
LOCK-2024-10956,Retail,2024-03-01,485529,1
LOCK-2024-10957,Correspondent,2024-03-01,551495,1
LOCK-2024-10958,Direct,2024-02-01,1026863,1
LOCK-2024-10959,Wholesale,2024-07-01,804300,1
LOCK-2024-10960,Retail,2024-10-01,639201,1
LOCK-2024-10961,Correspondent,2024-01-01,444490,1
LOCK-2024-10962,Wholesale,2024-11-01,365625,1
LOCK-2024-10963,Wholesale,2024-01-01,882763,1
LOCK-2024-10964,Direct,2024-03-01,576224,1
LOCK-2024-10965,Direct,2024-01-01,880481,1
LOCK-2024-10966,Direct,2024-08-01,782696,0
LOCK-2024-10967,Wholesale,2024-10-01,489414,0
LOCK-2024-10968,Wholesale,2024-10-01,1036402,1
LOCK-2024-10969,Retail,2024-10-01,640399,1
LOCK-2024-10970,Wholesale,2024-01-01,459552,0
LOCK-2024-10971,Retail,2024-12-01,331000,1
LOCK-2024-10972,Direct,2024-03-01,602079,1
LOCK-2024-10973,Wholesale,2024-11-01,548046,0
LOCK-2024-10974,Retail,2024-12-01,1156835,1
LOCK-2024-10975,Correspondent,2024-11-01,895051,1
LOCK-2024-10976,Wholesale,2024-12-01,558312,1
LOCK-2024-10977,Correspondent,2024-10-01,1000047,1
LOCK-2024-10978,Direct,2024-10-01,667510,1
LOCK-2024-10979,Retail,2024-03-01,1127035,1
LOCK-2024-10980,Correspondent,2024-03-01,1161971,1
LOCK-2024-10981,Correspondent,2024-09-01,428246,1
LOCK-2024-10982,Retail,2024-07-01,821466,1
LOCK-2024-10983,Retail,2024-01-01,322896,1
LOCK-2024-10984,Direct,2024-11-01,794975,1
LOCK-2024-10985,Retail,2024-06-01,587893,0
LOCK-2024-10986,Direct,2024-03-01,1183027,0
LOCK-2024-10987,Direct,2024-12-01,638931,0
LOCK-2024-10988,Direct,2024-12-01,939510,0
LOCK-2024-10989,Correspondent,2024-04-01,1139785,1
LOCK-2024-10990,Direct,2024-01-01,1069518,1
LOCK-2024-10991,Wholesale,2024-01-01,842830,1
LOCK-2024-10992,Retail,2024-09-01,1123847,1
LOCK-2024-10993,Retail,2024-02-01,447722,1
LOCK-2024-10994,Correspondent,2024-08-01,1084960,1
LOCK-2024-10995,Wholesale,2024-02-01,450374,1
LOCK-2024-10996,Wholesale,2024-07-01,866652,1
LOCK-2024-10997,Retail,2024-09-01,795558,1
LOCK-2024-10998,Correspondent,2024-06-01,155194,1
LOCK-2024-10999,Wholesale,2024-07-01,479114,0
LOCK-2024-11000,Wholesale,2024-02-01,711133,1
LOCK-2024-11001,Wholesale,2024-12-01,1177472,1
LOCK-2024-11002,Correspondent,2024-10-01,518935,0
LOCK-2024-11003,Retail,2024-03-01,599423,1
LOCK-2024-11004,Wholesale,2024-11-01,958718,1
LOCK-2024-11005,Wholesale,2024-03-01,853625,0
LOCK-2024-11006,Retail,2024-08-01,727116,1
LOCK-2024-11007,Direct,2024-12-01,645024,1
LOCK-2024-11008,Wholesale,2024-04-01,419443,1
LOCK-2024-11009,Wholesale,2024-03-01,449927,1
LOCK-2024-11010,Retail,2024-01-01,309132,1
LOCK-2024-11011,Direct,2024-03-01,532905,1
LOCK-2024-11012,Correspondent,2024-08-01,523246,1
LOCK-2024-11013,Retail,2024-08-01,191831,1
LOCK-2024-11014,Correspondent,2024-11-01,372297,0
LOCK-2024-11015,Wholesale,2024-09-01,258847,1
LOCK-2024-11016,Retail,2024-05-01,387275,1
LOCK-2024-11017,Retail,2024-12-01,973960,1
LOCK-2024-11018,Retail,2024-05-01,678231,1
LOCK-2024-11019,Retail,2024-09-01,506074,1
LOCK-2024-11020,Correspondent,2024-08-01,338268,1
LOCK-2024-11021,Direct,2024-03-01,865924,1
LOCK-2024-11022,Direct,2024-12-01,512282,0
LOCK-2024-11023,Direct,2024-07-01,717153,1
LOCK-2024-11024,Retail,2024-07-01,1063408,1
LOCK-2024-11025,Wholesale,2024-06-01,846608,1
LOCK-2024-11026,Retail,2024-12-01,214662,1
LOCK-2024-11027,Wholesale,2024-09-01,851076,0
LOCK-2024-11028,Direct,2024-10-01,793146,1
LOCK-2024-11029,Wholesale,2024-02-01,364987,1
LOCK-2024-11030,Retail,2024-01-01,971975,0
LOCK-2024-11031,Wholesale,2024-09-01,777227,0
LOCK-2024-11032,Correspondent,2024-12-01,1158124,0
LOCK-2024-11033,Correspondent,2024-02-01,193354,1
LOCK-2024-11034,Retail,2024-05-01,720927,1
LOCK-2024-11035,Wholesale,2024-11-01,892185,1
LOCK-2024-11036,Direct,2024-07-01,764723,1
LOCK-2024-11037,Wholesale,2024-09-01,1082052,1
LOCK-2024-11038,Retail,2024-04-01,299383,0
LOCK-2024-11039,Wholesale,2024-03-01,1145915,1
LOCK-2024-11040,Correspondent,2024-02-01,622361,1
LOCK-2024-11041,Direct,2024-08-01,743286,1
LOCK-2024-11042,Retail,2024-06-01,499897,1
LOCK-2024-11043,Wholesale,2024-12-01,986800,1
LOCK-2024-11044,Direct,2024-12-01,1186077,1
LOCK-2024-11045,Direct,2024-10-01,1121551,1
LOCK-2024-11046,Direct,2024-06-01,1159490,1
LOCK-2024-11047,Wholesale,2024-05-01,989039,0
LOCK-2024-11048,Retail,2024-11-01,1046330,1
LOCK-2024-11049,Wholesale,2024-12-01,194508,1
LOCK-2024-11050,Wholesale,2024-02-01,779585,0
LOCK-2024-11051,Wholesale,2024-09-01,632184,0
LOCK-2024-11052,Retail,2024-09-01,306620,0
LOCK-2024-11053,Retail,2024-09-01,243436,1
LOCK-2024-11054,Correspondent,2024-06-01,450799,1
LOCK-2024-11055,Retail,2024-08-01,434564,1
LOCK-2024-11056,Retail,2024-10-01,654393,1
LOCK-2024-11057,Retail,2024-09-01,281402,1
LOCK-2024-11058,Direct,2024-05-01,942836,1
LOCK-2024-11059,Retail,2024-06-01,739155,0
LOCK-2024-11060,Correspondent,2024-05-01,660776,1
LOCK-2024-11061,Retail,2024-11-01,873629,1
LOCK-2024-11062,Direct,2024-04-01,722827,0
LOCK-2024-11063,Retail,2024-05-01,322155,1
LOCK-2024-11064,Wholesale,2024-11-01,584432,1
LOCK-2024-11065,Retail,2024-03-01,941662,0
LOCK-2024-11066,Wholesale,2024-03-01,595937,0
LOCK-2024-11067,Correspondent,2024-05-01,1133894,0
LOCK-2024-11068,Retail,2024-03-01,1044248,1
LOCK-2024-11069,Wholesale,2024-12-01,1081411,1
LOCK-2024-11070,Wholesale,2024-11-01,289015,1
LOCK-2024-11071,Correspondent,2024-04-01,1097018,0
LOCK-2024-11072,Correspondent,2024-01-01,1037575,1
LOCK-2024-11073,Direct,2024-03-01,173068,1
LOCK-2024-11074,Wholesale,2024-12-01,373399,0
LOCK-2024-11075,Wholesale,2024-10-01,526631,1
LOCK-2024-11076,Direct,2024-06-01,392081,1
LOCK-2024-11077,Wholesale,2024-05-01,288200,1
LOCK-2024-11078,Retail,2024-11-01,997428,0
LOCK-2024-11079,Correspondent,2024-03-01,586023,0
LOCK-2024-11080,Retail,2024-04-01,1189372,1
LOCK-2024-11081,Direct,2024-12-01,739317,1
LOCK-2024-11082,Retail,2024-01-01,271256,1
LOCK-2024-11083,Wholesale,2024-05-01,537767,1
LOCK-2024-11084,Direct,2024-06-01,815440,1
LOCK-2024-11085,Direct,2024-10-01,703415,1
LOCK-2024-11086,Retail,2024-09-01,1161725,1
LOCK-2024-11087,Wholesale,2024-01-01,897240,1
LOCK-2024-11088,Retail,2024-12-01,569453,1
LOCK-2024-11089,Correspondent,2024-09-01,1020561,1
LOCK-2024-11090,Retail,2024-11-01,440411,1
LOCK-2024-11091,Correspondent,2024-08-01,767797,1
LOCK-2024-11092,Retail,2024-02-01,1050748,1
LOCK-2024-11093,Retail,2024-11-01,720205,0
LOCK-2024-11094,Correspondent,2024-10-01,229928,1
LOCK-2024-11095,Retail,2024-03-01,363119,1
LOCK-2024-11096,Retail,2024-07-01,340948,1
LOCK-2024-11097,Direct,2024-12-01,913499,1
LOCK-2024-11098,Direct,2024-06-01,548715,1
LOCK-2024-11099,Direct,2024-06-01,1199790,1
LOCK-2024-11100,Correspondent,2024-11-01,705799,1
LOCK-2024-11101,Correspondent,2024-04-01,1086208,0
LOCK-2024-11102,Direct,2024-08-01,1086270,1
LOCK-2024-11103,Retail,2024-10-01,482843,1
LOCK-2024-11104,Correspondent,2024-11-01,659372,1
LOCK-2024-11105,Wholesale,2024-02-01,347567,1
LOCK-2024-11106,Wholesale,2024-09-01,657691,0
LOCK-2024-11107,Correspondent,2024-12-01,473643,1
LOCK-2024-11108,Direct,2024-12-01,187996,1
LOCK-2024-11109,Retail,2024-12-01,573722,0
LOCK-2024-11110,Direct,2024-01-01,302659,1
LOCK-2024-11111,Retail,2024-10-01,954498,1
LOCK-2024-11112,Direct,2024-01-01,313754,0
LOCK-2024-11113,Correspondent,2024-10-01,476026,0
LOCK-2024-11114,Direct,2024-04-01,1084314,1
LOCK-2024-11115,Correspondent,2024-12-01,1093969,1
LOCK-2024-11116,Retail,2024-07-01,735311,1
LOCK-2024-11117,Retail,2024-12-01,1066869,1
LOCK-2024-11118,Direct,2024-09-01,884648,1
LOCK-2024-11119,Retail,2024-03-01,891921,1
LOCK-2024-11120,Direct,2024-12-01,946706,1
LOCK-2024-11121,Wholesale,2024-08-01,705813,1
LOCK-2024-11122,Direct,2024-07-01,772563,0
LOCK-2024-11123,Wholesale,2024-03-01,1029603,1
LOCK-2024-11124,Wholesale,2024-12-01,666126,1
LOCK-2024-11125,Direct,2024-06-01,219741,0
LOCK-2024-11126,Retail,2024-07-01,1194549,1
LOCK-2024-11127,Direct,2024-05-01,529816,1
LOCK-2024-11128,Direct,2024-08-01,244366,1
LOCK-2024-11129,Direct,2024-05-01,159831,1
LOCK-2024-11130,Retail,2024-02-01,360499,1
LOCK-2024-11131,Retail,2024-12-01,743920,1
LOCK-2024-11132,Direct,2024-02-01,367806,0
LOCK-2024-11133,Direct,2024-08-01,505620,1
LOCK-2024-11134,Correspondent,2024-02-01,701898,1
LOCK-2024-11135,Correspondent,2024-01-01,587594,1
LOCK-2024-11136,Correspondent,2024-08-01,319949,0
LOCK-2024-11137,Correspondent,2024-04-01,962766,1
LOCK-2024-11138,Wholesale,2024-06-01,536543,1
LOCK-2024-11139,Correspondent,2024-07-01,1135192,1
LOCK-2024-11140,Retail,2024-08-01,563126,1
LOCK-2024-11141,Retail,2024-01-01,441753,1
LOCK-2024-11142,Correspondent,2024-01-01,869758,1
LOCK-2024-11143,Retail,2024-02-01,1099608,0
LOCK-2024-11144,Retail,2024-12-01,1163362,1
LOCK-2024-11145,Correspondent,2024-05-01,351502,0
LOCK-2024-11146,Wholesale,2024-12-01,859922,1
LOCK-2024-11147,Direct,2024-06-01,732852,1
LOCK-2024-11148,Wholesale,2024-08-01,633942,1
LOCK-2024-11149,Retail,2024-08-01,1061800,1
LOCK-2024-11150,Correspondent,2024-04-01,812177,1
LOCK-2024-11151,Correspondent,2024-07-01,724358,0
LOCK-2024-11152,Direct,2024-09-01,1122242,1
LOCK-2024-11153,Correspondent,2024-11-01,794051,1
LOCK-2024-11154,Correspondent,2024-03-01,294131,1
LOCK-2024-11155,Retail,2024-01-01,734667,1
LOCK-2024-11156,Wholesale,2024-12-01,1060294,1
LOCK-2024-11157,Correspondent,2024-06-01,540253,1
LOCK-2024-11158,Correspondent,2024-11-01,1024035,0
LOCK-2024-11159,Retail,2024-03-01,505223,1
LOCK-2024-11160,Correspondent,2024-12-01,1062248,1
LOCK-2024-11161,Correspondent,2024-01-01,634385,0
LOCK-2024-11162,Direct,2024-11-01,996477,1
LOCK-2024-11163,Retail,2024-03-01,963340,1
LOCK-2024-11164,Direct,2024-02-01,818326,1
LOCK-2024-11165,Direct,2024-05-01,224445,1
LOCK-2024-11166,Retail,2024-05-01,679046,1
LOCK-2024-11167,Wholesale,2024-03-01,1141992,0
LOCK-2024-11168,Direct,2024-12-01,1126854,0
LOCK-2024-11169,Direct,2024-02-01,294649,1
LOCK-2024-11170,Wholesale,2024-08-01,790827,0
LOCK-2024-11171,Retail,2024-04-01,1175768,1
LOCK-2024-11172,Wholesale,2024-02-01,1149473,1
LOCK-2024-11173,Wholesale,2024-12-01,1188965,1
LOCK-2024-11174,Correspondent,2024-01-01,1132556,1
LOCK-2024-11175,Retail,2024-03-01,341107,1
LOCK-2024-11176,Wholesale,2024-11-01,963435,1
LOCK-2024-11177,Wholesale,2024-02-01,961482,1
LOCK-2024-11178,Correspondent,2024-09-01,816220,1
LOCK-2024-11179,Direct,2024-10-01,473888,1
LOCK-2024-11180,Wholesale,2024-01-01,380653,0
LOCK-2024-11181,Wholesale,2024-05-01,698974,1
LOCK-2024-11182,Correspondent,2024-06-01,425488,1
LOCK-2024-11183,Wholesale,2024-05-01,467197,1
LOCK-2024-11184,Correspondent,2024-03-01,748967,1
LOCK-2024-11185,Retail,2024-03-01,463115,1
LOCK-2024-11186,Direct,2024-08-01,597190,1
LOCK-2024-11187,Wholesale,2024-03-01,1105053,0
LOCK-2024-11188,Direct,2024-05-01,174750,1
LOCK-2024-11189,Retail,2024-05-01,853773,0
LOCK-2024-11190,Wholesale,2024-10-01,753890,1
LOCK-2024-11191,Correspondent,2024-06-01,911520,1
LOCK-2024-11192,Direct,2024-02-01,363113,0
LOCK-2024-11193,Wholesale,2024-07-01,210836,0
LOCK-2024-11194,Retail,2024-09-01,1073127,1
LOCK-2024-11195,Correspondent,2024-03-01,899920,0
LOCK-2024-11196,Retail,2024-11-01,654033,0
LOCK-2024-11197,Correspondent,2024-01-01,882051,1
LOCK-2024-11198,Wholesale,2024-05-01,862050,1
LOCK-2024-11199,Wholesale,2024-03-01,378959,1
LOCK-2024-11200,Direct,2024-05-01,981226,1
LOCK-2024-11201,Correspondent,2024-01-01,955121,0
LOCK-2024-11202,Correspondent,2024-05-01,821863,1
LOCK-2024-11203,Retail,2024-10-01,660879,1
LOCK-2024-11204,Wholesale,2024-09-01,659031,1
LOCK-2024-11205,Wholesale,2024-10-01,1080916,1
LOCK-2024-11206,Wholesale,2024-11-01,394876,1
LOCK-2024-11207,Correspondent,2024-07-01,1039155,1
LOCK-2024-11208,Retail,2024-04-01,1144692,0
LOCK-2024-11209,Retail,2024-09-01,1169393,0
LOCK-2024-11210,Correspondent,2024-06-01,479080,1
LOCK-2024-11211,Wholesale,2024-10-01,410867,0
LOCK-2024-11212,Correspondent,2024-04-01,661770,1
LOCK-2024-11213,Correspondent,2024-03-01,182531,1
LOCK-2024-11214,Retail,2024-06-01,573257,0
LOCK-2024-11215,Correspondent,2024-02-01,437922,1
LOCK-2024-11216,Correspondent,2024-09-01,963405,0
LOCK-2024-11217,Direct,2024-02-01,619492,1
LOCK-2024-11218,Retail,2024-07-01,605510,1
LOCK-2024-11219,Retail,2024-12-01,962334,1
LOCK-2024-11220,Direct,2024-04-01,459465,1
LOCK-2024-11221,Wholesale,2024-02-01,874113,0
LOCK-2024-11222,Direct,2024-07-01,567623,1
LOCK-2024-11223,Direct,2024-07-01,894307,1
LOCK-2024-11224,Retail,2024-11-01,444576,1
LOCK-2024-11225,Retail,2024-01-01,1072865,1
LOCK-2024-11226,Correspondent,2024-01-01,1130641,1
LOCK-2024-11227,Wholesale,2024-11-01,225418,1
LOCK-2024-11228,Wholesale,2024-10-01,472667,1
LOCK-2024-11229,Correspondent,2024-10-01,308696,0
LOCK-2024-11230,Wholesale,2024-01-01,657572,1
LOCK-2024-11231,Wholesale,2024-09-01,992851,1
LOCK-2024-11232,Retail,2024-08-01,504598,1
LOCK-2024-11233,Direct,2024-01-01,1190733,0
LOCK-2024-11234,Direct,2024-05-01,503165,1
LOCK-2024-11235,Retail,2024-09-01,442813,0
LOCK-2024-11236,Retail,2024-07-01,243141,1
LOCK-2024-11237,Wholesale,2024-05-01,330619,1
LOCK-2024-11238,Wholesale,2024-08-01,164917,1
LOCK-2024-11239,Direct,2024-05-01,1024872,1
LOCK-2024-11240,Correspondent,2024-12-01,354375,0
LOCK-2024-11241,Wholesale,2024-02-01,532349,0
LOCK-2024-11242,Direct,2024-08-01,452011,1
LOCK-2024-11243,Direct,2024-12-01,412246,0
LOCK-2024-11244,Retail,2024-11-01,596792,1
LOCK-2024-11245,Direct,2024-04-01,604844,0
LOCK-2024-11246,Wholesale,2024-12-01,678107,1
LOCK-2024-11247,Direct,2024-02-01,960018,1
LOCK-2024-11248,Correspondent,2024-02-01,662327,1
LOCK-2024-11249,Correspondent,2024-11-01,894102,1
LOCK-2024-11250,Direct,2024-06-01,545338,1
LOCK-2024-11251,Wholesale,2024-06-01,381767,1
LOCK-2024-11252,Wholesale,2024-10-01,274800,1
LOCK-2024-11253,Correspondent,2024-01-01,1142558,1
LOCK-2024-11254,Correspondent,2024-12-01,757146,1
LOCK-2024-11255,Correspondent,2024-12-01,779779,1
LOCK-2024-11256,Retail,2024-10-01,479699,1
LOCK-2024-11257,Retail,2024-06-01,905012,0
LOCK-2024-11258,Direct,2024-04-01,449510,1
LOCK-2024-11259,Retail,2024-07-01,429502,1
LOCK-2024-11260,Retail,2024-11-01,1113508,0
LOCK-2024-11261,Retail,2024-07-01,164077,0
LOCK-2024-11262,Direct,2024-09-01,432083,1
LOCK-2024-11263,Direct,2024-06-01,975860,1
LOCK-2024-11264,Correspondent,2024-05-01,690872,1
LOCK-2024-11265,Correspondent,2024-04-01,777482,1
LOCK-2024-11266,Retail,2024-02-01,1008906,1
LOCK-2024-11267,Wholesale,2024-09-01,287195,1
LOCK-2024-11268,Direct,2024-11-01,1024239,0
LOCK-2024-11269,Direct,2024-10-01,272658,1
LOCK-2024-11270,Correspondent,2024-02-01,1175729,0
LOCK-2024-11271,Correspondent,2024-07-01,1012775,0
LOCK-2024-11272,Retail,2024-07-01,491478,0
LOCK-2024-11273,Direct,2024-11-01,850347,1
LOCK-2024-11274,Wholesale,2024-06-01,737543,0
LOCK-2024-11275,Wholesale,2024-01-01,549818,0
LOCK-2024-11276,Correspondent,2024-08-01,154617,1
LOCK-2024-11277,Wholesale,2024-03-01,1162275,0
LOCK-2024-11278,Wholesale,2024-03-01,520356,1
LOCK-2024-11279,Retail,2024-06-01,536481,1
LOCK-2024-11280,Retail,2024-06-01,963406,1
LOCK-2024-11281,Correspondent,2024-06-01,672342,0
LOCK-2024-11282,Retail,2024-11-01,553215,0
LOCK-2024-11283,Direct,2024-02-01,916300,1
LOCK-2024-11284,Correspondent,2024-04-01,439004,0
LOCK-2024-11285,Retail,2024-02-01,1100200,1
LOCK-2024-11286,Direct,2024-06-01,753644,0
LOCK-2024-11287,Direct,2024-04-01,1110718,1
LOCK-2024-11288,Retail,2024-04-01,590802,1
LOCK-2024-11289,Wholesale,2024-07-01,369890,1
LOCK-2024-11290,Wholesale,2024-06-01,749884,1
LOCK-2024-11291,Wholesale,2024-10-01,794207,1
LOCK-2024-11292,Correspondent,2024-06-01,1114586,1
LOCK-2024-11293,Direct,2024-12-01,531578,1
LOCK-2024-11294,Retail,2024-07-01,841612,1
LOCK-2024-11295,Correspondent,2024-11-01,259794,0
LOCK-2024-11296,Wholesale,2024-05-01,810808,0
LOCK-2024-11297,Direct,2024-03-01,313252,1
LOCK-2024-11298,Wholesale,2024-08-01,760214,0
LOCK-2024-11299,Correspondent,2024-05-01,717102,1
LOCK-2024-11300,Correspondent,2024-09-01,747672,0
LOCK-2024-11301,Wholesale,2024-03-01,909082,1
LOCK-2024-11302,Direct,2024-06-01,1181104,0
LOCK-2024-11303,Correspondent,2024-03-01,771288,1
LOCK-2024-11304,Direct,2024-07-01,350185,0
LOCK-2024-11305,Wholesale,2024-10-01,1113608,0
LOCK-2024-11306,Correspondent,2024-06-01,807434,0
LOCK-2024-11307,Direct,2024-07-01,650207,1
LOCK-2024-11308,Wholesale,2024-09-01,231873,0
LOCK-2024-11309,Direct,2024-03-01,780558,1
LOCK-2024-11310,Retail,2024-02-01,190886,0
LOCK-2024-11311,Wholesale,2024-09-01,379544,0
LOCK-2024-11312,Correspondent,2024-05-01,1158686,1
LOCK-2024-11313,Wholesale,2024-03-01,237318,1
LOCK-2024-11314,Direct,2024-07-01,495527,1
LOCK-2024-11315,Direct,2024-02-01,313270,1
LOCK-2024-11316,Wholesale,2024-04-01,249101,1
LOCK-2024-11317,Correspondent,2024-05-01,485707,1
LOCK-2024-11318,Wholesale,2024-02-01,496816,1
LOCK-2024-11319,Retail,2024-08-01,223270,1
LOCK-2024-11320,Retail,2024-01-01,238891,1
LOCK-2024-11321,Retail,2024-09-01,521135,1
LOCK-2024-11322,Direct,2024-04-01,1018890,1
LOCK-2024-11323,Correspondent,2024-06-01,173306,0
LOCK-2024-11324,Direct,2024-09-01,1175889,0
LOCK-2024-11325,Wholesale,2024-01-01,921939,1
LOCK-2024-11326,Wholesale,2024-05-01,480543,1
LOCK-2024-11327,Wholesale,2024-11-01,869863,1
LOCK-2024-11328,Wholesale,2024-10-01,454675,0
LOCK-2024-11329,Wholesale,2024-09-01,664731,1
LOCK-2024-11330,Direct,2024-10-01,906515,0
LOCK-2024-11331,Correspondent,2024-07-01,697914,1
LOCK-2024-11332,Direct,2024-11-01,150055,0
LOCK-2024-11333,Retail,2024-04-01,785860,1
LOCK-2024-11334,Direct,2024-11-01,820776,1
LOCK-2024-11335,Wholesale,2024-02-01,1156290,0
LOCK-2024-11336,Direct,2024-06-01,753224,1
LOCK-2024-11337,Retail,2024-08-01,585405,1
LOCK-2024-11338,Correspondent,2024-08-01,557203,0
LOCK-2024-11339,Correspondent,2024-07-01,727479,1
LOCK-2024-11340,Wholesale,2024-05-01,239969,1
LOCK-2024-11341,Wholesale,2024-05-01,255043,1
LOCK-2024-11342,Correspondent,2024-10-01,668201,0
LOCK-2024-11343,Retail,2024-01-01,469450,1
LOCK-2024-11344,Direct,2024-04-01,391730,1
LOCK-2024-11345,Retail,2024-02-01,1105965,1
LOCK-2024-11346,Wholesale,2024-04-01,382509,1
LOCK-2024-11347,Wholesale,2024-02-01,960920,1
LOCK-2024-11348,Wholesale,2024-05-01,577225,0
LOCK-2024-11349,Retail,2024-05-01,646996,0
LOCK-2024-11350,Correspondent,2024-03-01,371241,1
LOCK-2024-11351,Wholesale,2024-07-01,805809,1
LOCK-2024-11352,Correspondent,2024-04-01,1082609,0
LOCK-2024-11353,Wholesale,2024-08-01,337134,0
LOCK-2024-11354,Retail,2024-05-01,287197,1
LOCK-2024-11355,Correspondent,2024-09-01,935781,1
LOCK-2024-11356,Direct,2024-07-01,711811,0
LOCK-2024-11357,Retail,2024-08-01,425905,0
LOCK-2024-11358,Correspondent,2024-03-01,752195,1
LOCK-2024-11359,Direct,2024-05-01,634812,1
LOCK-2024-11360,Wholesale,2024-02-01,418414,1
LOCK-2024-11361,Wholesale,2024-09-01,807039,1
LOCK-2024-11362,Retail,2024-07-01,921566,1
LOCK-2024-11363,Correspondent,2024-06-01,298314,1
LOCK-2024-11364,Retail,2024-11-01,463067,1
LOCK-2024-11365,Wholesale,2024-01-01,850950,0
LOCK-2024-11366,Direct,2024-08-01,552659,1
LOCK-2024-11367,Retail,2024-10-01,245653,1
LOCK-2024-11368,Wholesale,2024-11-01,1156974,1
LOCK-2024-11369,Correspondent,2024-04-01,1068027,1
LOCK-2024-11370,Wholesale,2024-03-01,825611,1
LOCK-2024-11371,Retail,2024-02-01,341725,1
LOCK-2024-11372,Direct,2024-06-01,1086687,0
LOCK-2024-11373,Correspondent,2024-11-01,394421,1
LOCK-2024-11374,Wholesale,2024-04-01,915737,1
LOCK-2024-11375,Retail,2024-01-01,1165236,1
LOCK-2024-11376,Wholesale,2024-11-01,789822,1
LOCK-2024-11377,Direct,2024-04-01,433896,1
LOCK-2024-11378,Correspondent,2024-10-01,1133804,1
LOCK-2024-11379,Wholesale,2024-03-01,1058298,0
LOCK-2024-11380,Retail,2024-04-01,1010996,0
LOCK-2024-11381,Wholesale,2024-07-01,301037,1
LOCK-2024-11382,Direct,2024-07-01,783717,1
LOCK-2024-11383,Retail,2024-10-01,1102935,1
LOCK-2024-11384,Direct,2024-09-01,1087121,1
LOCK-2024-11385,Direct,2024-05-01,642889,0
LOCK-2024-11386,Correspondent,2024-07-01,684726,1
LOCK-2024-11387,Wholesale,2024-11-01,865037,0
LOCK-2024-11388,Direct,2024-01-01,684140,1
LOCK-2024-11389,Retail,2024-12-01,519084,1
LOCK-2024-11390,Retail,2024-12-01,1005718,1
LOCK-2024-11391,Wholesale,2024-10-01,908516,0
LOCK-2024-11392,Direct,2024-10-01,559925,0
LOCK-2024-11393,Retail,2024-08-01,772525,1
LOCK-2024-11394,Wholesale,2024-01-01,694231,1
LOCK-2024-11395,Wholesale,2024-06-01,926873,1
LOCK-2024-11396,Correspondent,2024-02-01,864736,0
LOCK-2024-11397,Correspondent,2024-04-01,943320,1
LOCK-2024-11398,Retail,2024-05-01,407643,1
LOCK-2024-11399,Wholesale,2024-09-01,792761,1
LOCK-2024-11400,Direct,2024-05-01,797796,1
LOCK-2024-11401,Retail,2024-08-01,836971,0
LOCK-2024-11402,Wholesale,2024-12-01,484137,1
LOCK-2024-11403,Direct,2024-12-01,1077707,1
LOCK-2024-11404,Retail,2024-07-01,760808,1
LOCK-2024-11405,Wholesale,2024-02-01,778929,1
LOCK-2024-11406,Direct,2024-10-01,1174158,1
LOCK-2024-11407,Direct,2024-11-01,788495,0
LOCK-2024-11408,Correspondent,2024-03-01,1184268,1
LOCK-2024-11409,Correspondent,2024-11-01,711131,1
LOCK-2024-11410,Correspondent,2024-08-01,847689,1
LOCK-2024-11411,Retail,2024-07-01,848254,0
LOCK-2024-11412,Wholesale,2024-04-01,707844,1
LOCK-2024-11413,Retail,2024-04-01,1073460,0
LOCK-2024-11414,Wholesale,2024-12-01,444174,0
LOCK-2024-11415,Retail,2024-11-01,877714,1
LOCK-2024-11416,Retail,2024-02-01,882593,1
LOCK-2024-11417,Direct,2024-11-01,892308,1
LOCK-2024-11418,Direct,2024-03-01,300312,1
LOCK-2024-11419,Correspondent,2024-10-01,474491,1
LOCK-2024-11420,Correspondent,2024-05-01,867630,1
LOCK-2024-11421,Correspondent,2024-02-01,566678,1
LOCK-2024-11422,Retail,2024-04-01,578864,0
LOCK-2024-11423,Wholesale,2024-10-01,1186859,1
LOCK-2024-11424,Correspondent,2024-03-01,959416,1
LOCK-2024-11425,Correspondent,2024-12-01,393282,1
LOCK-2024-11426,Correspondent,2024-02-01,1139063,1
LOCK-2024-11427,Correspondent,2024-03-01,593790,0
LOCK-2024-11428,Wholesale,2024-02-01,978201,1
LOCK-2024-11429,Direct,2024-04-01,600398,0
LOCK-2024-11430,Wholesale,2024-11-01,894061,1
LOCK-2024-11431,Retail,2024-02-01,465644,0
LOCK-2024-11432,Direct,2024-10-01,189830,1
LOCK-2024-11433,Direct,2024-07-01,176306,1
LOCK-2024-11434,Retail,2024-08-01,810251,1
LOCK-2024-11435,Retail,2024-06-01,406718,1
LOCK-2024-11436,Correspondent,2024-02-01,1094283,1
LOCK-2024-11437,Retail,2024-03-01,1119226,1
LOCK-2024-11438,Correspondent,2024-02-01,222087,1
LOCK-2024-11439,Wholesale,2024-11-01,869628,1
LOCK-2024-11440,Correspondent,2024-05-01,617994,1
LOCK-2024-11441,Wholesale,2024-02-01,1008736,0
LOCK-2024-11442,Direct,2024-12-01,967496,1
LOCK-2024-11443,Correspondent,2024-03-01,303276,0
LOCK-2024-11444,Correspondent,2024-01-01,490123,1
LOCK-2024-11445,Correspondent,2024-06-01,1082839,1
LOCK-2024-11446,Retail,2024-08-01,326091,1
LOCK-2024-11447,Wholesale,2024-01-01,603427,1
LOCK-2024-11448,Retail,2024-08-01,1167058,1
LOCK-2024-11449,Correspondent,2024-02-01,618631,0
LOCK-2024-11450,Correspondent,2024-09-01,715003,1
LOCK-2024-11451,Direct,2024-10-01,1024890,0
LOCK-2024-11452,Retail,2024-02-01,265499,1
LOCK-2024-11453,Retail,2024-03-01,210529,0
LOCK-2024-11454,Direct,2024-06-01,692480,1
LOCK-2024-11455,Wholesale,2024-10-01,891512,1
LOCK-2024-11456,Retail,2024-04-01,677147,0
LOCK-2024-11457,Wholesale,2024-10-01,902604,1
LOCK-2024-11458,Wholesale,2024-01-01,1086323,1
LOCK-2024-11459,Retail,2024-04-01,198505,1
LOCK-2024-11460,Wholesale,2024-01-01,951584,1
LOCK-2024-11461,Wholesale,2024-12-01,227313,0
LOCK-2024-11462,Direct,2024-09-01,874383,0
LOCK-2024-11463,Direct,2024-04-01,332306,1
LOCK-2024-11464,Direct,2024-12-01,1173284,1
LOCK-2024-11465,Wholesale,2024-09-01,418522,1
LOCK-2024-11466,Direct,2024-02-01,364338,0
LOCK-2024-11467,Direct,2024-04-01,370115,0
LOCK-2024-11468,Direct,2024-04-01,795322,1
LOCK-2024-11469,Wholesale,2024-05-01,264217,0
LOCK-2024-11470,Wholesale,2024-06-01,1102051,1
LOCK-2024-11471,Correspondent,2024-06-01,643018,0
LOCK-2024-11472,Correspondent,2024-09-01,1196707,0
LOCK-2024-11473,Retail,2024-06-01,479656,1
LOCK-2024-11474,Retail,2024-09-01,845798,1
LOCK-2024-11475,Correspondent,2024-10-01,921265,1
LOCK-2024-11476,Direct,2024-10-01,754997,0
LOCK-2024-11477,Correspondent,2024-09-01,902948,1
LOCK-2024-11478,Wholesale,2024-01-01,1195728,1
LOCK-2024-11479,Retail,2024-09-01,399302,1
LOCK-2024-11480,Wholesale,2024-03-01,851707,1
LOCK-2024-11481,Retail,2024-08-01,803027,1
LOCK-2024-11482,Wholesale,2024-04-01,1094081,1
LOCK-2024-11483,Retail,2024-11-01,488022,1
LOCK-2024-11484,Wholesale,2024-08-01,833716,1
LOCK-2024-11485,Direct,2024-04-01,984802,0
LOCK-2024-11486,Wholesale,2024-06-01,768484,1
LOCK-2024-11487,Retail,2024-07-01,974336,1
LOCK-2024-11488,Retail,2024-10-01,598091,1
LOCK-2024-11489,Retail,2024-02-01,462217,1
LOCK-2024-11490,Wholesale,2024-07-01,944078,1
LOCK-2024-11491,Retail,2024-03-01,206316,1
LOCK-2024-11492,Wholesale,2024-08-01,791042,0
LOCK-2024-11493,Wholesale,2024-05-01,746313,1
LOCK-2024-11494,Direct,2024-03-01,176437,1
LOCK-2024-11495,Direct,2024-09-01,1151431,1
LOCK-2024-11496,Wholesale,2024-05-01,1113624,1
LOCK-2024-11497,Direct,2024-07-01,734521,0
LOCK-2024-11498,Wholesale,2024-10-01,665598,1
LOCK-2024-11499,Wholesale,2024-12-01,976148,0
LOCK-2024-11500,Direct,2024-03-01,801728,1
LOCK-2024-11501,Direct,2024-01-01,1115629,1
LOCK-2024-11502,Retail,2024-09-01,772546,1
LOCK-2024-11503,Direct,2024-03-01,620403,1
LOCK-2024-11504,Retail,2024-06-01,315092,1
LOCK-2024-11505,Correspondent,2024-06-01,1011051,1
LOCK-2024-11506,Retail,2024-01-01,726144,1
LOCK-2024-11507,Retail,2024-11-01,267719,1
LOCK-2024-11508,Retail,2024-11-01,820075,0
LOCK-2024-11509,Wholesale,2024-05-01,1049759,1
LOCK-2024-11510,Retail,2024-06-01,596043,1
LOCK-2024-11511,Wholesale,2024-07-01,398317,0
LOCK-2024-11512,Wholesale,2024-11-01,564159,1
LOCK-2024-11513,Direct,2024-09-01,665353,1
LOCK-2024-11514,Wholesale,2024-04-01,679675,1
LOCK-2024-11515,Wholesale,2024-02-01,443857,1
LOCK-2024-11516,Direct,2024-03-01,715800,1
LOCK-2024-11517,Direct,2024-02-01,914899,1
LOCK-2024-11518,Retail,2024-11-01,466188,0
LOCK-2024-11519,Direct,2024-03-01,989891,1
LOCK-2024-11520,Direct,2024-02-01,895188,1
LOCK-2024-11521,Correspondent,2024-03-01,1078049,1
LOCK-2024-11522,Direct,2024-05-01,318178,0
LOCK-2024-11523,Retail,2024-04-01,1104462,0
LOCK-2024-11524,Correspondent,2024-07-01,1061806,0
LOCK-2024-11525,Direct,2024-02-01,632535,1
LOCK-2024-11526,Retail,2024-12-01,425042,1
LOCK-2024-11527,Direct,2024-09-01,171319,0
LOCK-2024-11528,Direct,2024-03-01,878452,1
LOCK-2024-11529,Wholesale,2024-06-01,845062,1
LOCK-2024-11530,Direct,2024-09-01,1066376,1
LOCK-2024-11531,Correspondent,2024-02-01,971832,1
LOCK-2024-11532,Retail,2024-02-01,536887,0
LOCK-2024-11533,Wholesale,2024-07-01,1096156,1
LOCK-2024-11534,Wholesale,2024-12-01,400255,0
LOCK-2024-11535,Retail,2024-08-01,195982,1
LOCK-2024-11536,Retail,2024-04-01,828882,1
LOCK-2024-11537,Direct,2024-11-01,1187086,1
LOCK-2024-11538,Wholesale,2024-01-01,1075990,1
LOCK-2024-11539,Direct,2024-03-01,1152539,1
LOCK-2024-11540,Correspondent,2024-08-01,582436,1
LOCK-2024-11541,Retail,2024-11-01,333954,1
LOCK-2024-11542,Wholesale,2024-11-01,864701,0
LOCK-2024-11543,Direct,2024-09-01,887996,1
LOCK-2024-11544,Correspondent,2024-10-01,691230,1
LOCK-2024-11545,Retail,2024-08-01,162666,1
LOCK-2024-11546,Retail,2024-10-01,795701,1
LOCK-2024-11547,Wholesale,2024-09-01,951058,1
LOCK-2024-11548,Direct,2024-10-01,1005351,1
LOCK-2024-11549,Wholesale,2024-07-01,825014,1
LOCK-2024-11550,Direct,2024-01-01,948597,1
LOCK-2024-11551,Direct,2024-05-01,1193961,0
LOCK-2024-11552,Direct,2024-09-01,315376,1
LOCK-2024-11553,Correspondent,2024-09-01,1183347,1
LOCK-2024-11554,Retail,2024-05-01,1095076,1
LOCK-2024-11555,Direct,2024-07-01,489492,1
LOCK-2024-11556,Wholesale,2024-10-01,771122,1
LOCK-2024-11557,Retail,2024-02-01,963490,1
LOCK-2024-11558,Direct,2024-01-01,290153,1
LOCK-2024-11559,Retail,2024-04-01,715361,0
LOCK-2024-11560,Direct,2024-05-01,261529,1
LOCK-2024-11561,Correspondent,2024-04-01,617027,1
LOCK-2024-11562,Direct,2024-04-01,486719,0
LOCK-2024-11563,Correspondent,2024-08-01,1001879,1
LOCK-2024-11564,Direct,2024-04-01,844774,1
LOCK-2024-11565,Wholesale,2024-12-01,614114,1
LOCK-2024-11566,Wholesale,2024-07-01,435041,0
LOCK-2024-11567,Direct,2024-12-01,580332,0
LOCK-2024-11568,Wholesale,2024-04-01,693121,1
LOCK-2024-11569,Retail,2024-08-01,926200,0
LOCK-2024-11570,Wholesale,2024-11-01,867096,1
LOCK-2024-11571,Retail,2024-07-01,938500,0
LOCK-2024-11572,Correspondent,2024-04-01,274378,1
LOCK-2024-11573,Correspondent,2024-06-01,186533,0
LOCK-2024-11574,Wholesale,2024-11-01,330504,0
LOCK-2024-11575,Wholesale,2024-12-01,661876,1
LOCK-2024-11576,Wholesale,2024-12-01,936832,0
LOCK-2024-11577,Retail,2024-06-01,967922,1
LOCK-2024-11578,Wholesale,2024-11-01,790892,1
LOCK-2024-11579,Correspondent,2024-02-01,643780,1
LOCK-2024-11580,Correspondent,2024-06-01,642955,1
LOCK-2024-11581,Direct,2024-10-01,830488,0
LOCK-2024-11582,Correspondent,2024-07-01,478143,0
LOCK-2024-11583,Retail,2024-05-01,310427,1
LOCK-2024-11584,Correspondent,2024-07-01,1125181,1
LOCK-2024-11585,Direct,2024-10-01,376879,1
LOCK-2024-11586,Retail,2024-09-01,805052,1
LOCK-2024-11587,Retail,2024-01-01,1097443,1
LOCK-2024-11588,Correspondent,2024-10-01,1159419,0
LOCK-2024-11589,Correspondent,2024-03-01,653705,1
LOCK-2024-11590,Wholesale,2024-10-01,971296,1
LOCK-2024-11591,Wholesale,2024-05-01,916735,1
LOCK-2024-11592,Correspondent,2024-02-01,980966,1
LOCK-2024-11593,Wholesale,2024-01-01,1107676,1
LOCK-2024-11594,Direct,2024-07-01,521419,0
LOCK-2024-11595,Direct,2024-01-01,290286,1
LOCK-2024-11596,Wholesale,2024-08-01,644027,1
LOCK-2024-11597,Retail,2024-01-01,668259,1
LOCK-2024-11598,Direct,2024-08-01,322767,0
LOCK-2024-11599,Correspondent,2024-07-01,963316,0
LOCK-2024-11600,Direct,2024-01-01,835258,1
LOCK-2024-11601,Retail,2024-05-01,155782,1
LOCK-2024-11602,Direct,2024-08-01,153613,1
LOCK-2024-11603,Wholesale,2024-03-01,796338,1
LOCK-2024-11604,Retail,2024-06-01,1050493,1
LOCK-2024-11605,Correspondent,2024-07-01,1084938,1
LOCK-2024-11606,Correspondent,2024-01-01,697343,1
LOCK-2024-11607,Correspondent,2024-11-01,189032,1
LOCK-2024-11608,Wholesale,2024-12-01,543341,0
LOCK-2024-11609,Correspondent,2024-01-01,543283,0
LOCK-2024-11610,Direct,2024-05-01,678426,1
LOCK-2024-11611,Correspondent,2024-07-01,903238,1
LOCK-2024-11612,Wholesale,2024-09-01,757769,0
LOCK-2024-11613,Retail,2024-09-01,1069738,0
LOCK-2024-11614,Retail,2024-01-01,1028441,1
LOCK-2024-11615,Wholesale,2024-09-01,435601,0
LOCK-2024-11616,Wholesale,2024-07-01,1184792,1
LOCK-2024-11617,Correspondent,2024-04-01,564792,1
LOCK-2024-11618,Correspondent,2024-12-01,1094488,0
LOCK-2024-11619,Wholesale,2024-06-01,507246,1
LOCK-2024-11620,Direct,2024-10-01,567534,0
LOCK-2024-11621,Correspondent,2024-11-01,938435,1
LOCK-2024-11622,Direct,2024-10-01,918979,0
LOCK-2024-11623,Wholesale,2024-11-01,942745,0
LOCK-2024-11624,Direct,2024-09-01,298667,0
LOCK-2024-11625,Wholesale,2024-07-01,161664,0
LOCK-2024-11626,Direct,2024-12-01,613478,0
LOCK-2024-11627,Retail,2024-01-01,666488,1
LOCK-2024-11628,Retail,2024-03-01,603043,1
LOCK-2024-11629,Retail,2024-12-01,547735,1
LOCK-2024-11630,Wholesale,2024-03-01,304763,1
LOCK-2024-11631,Wholesale,2024-07-01,222757,1
LOCK-2024-11632,Direct,2024-09-01,282714,1
LOCK-2024-11633,Direct,2024-12-01,1160617,1
LOCK-2024-11634,Retail,2024-07-01,1051905,1
LOCK-2024-11635,Correspondent,2024-02-01,967168,1
LOCK-2024-11636,Wholesale,2024-03-01,674801,1
LOCK-2024-11637,Retail,2024-01-01,1043687,1
LOCK-2024-11638,Correspondent,2024-12-01,545113,1
LOCK-2024-11639,Retail,2024-01-01,197841,1
LOCK-2024-11640,Wholesale,2024-09-01,1067143,1
LOCK-2024-11641,Direct,2024-10-01,256158,1
LOCK-2024-11642,Direct,2024-05-01,590148,1
LOCK-2024-11643,Wholesale,2024-02-01,1001971,1
LOCK-2024-11644,Wholesale,2024-11-01,411004,1
LOCK-2024-11645,Correspondent,2024-04-01,580789,0
LOCK-2024-11646,Direct,2024-03-01,1006063,0
LOCK-2024-11647,Correspondent,2024-02-01,183428,1
LOCK-2024-11648,Direct,2024-12-01,625549,1
LOCK-2024-11649,Wholesale,2024-01-01,266736,0
LOCK-2024-11650,Wholesale,2024-09-01,517918,1
LOCK-2024-11651,Direct,2024-08-01,426652,1
LOCK-2024-11652,Correspondent,2024-03-01,880257,1
LOCK-2024-11653,Wholesale,2024-12-01,793042,0
LOCK-2024-11654,Direct,2024-10-01,164631,0
LOCK-2024-11655,Wholesale,2024-10-01,518806,1
LOCK-2024-11656,Retail,2024-02-01,1057555,1
LOCK-2024-11657,Wholesale,2024-05-01,1126288,1
LOCK-2024-11658,Correspondent,2024-07-01,458419,1
LOCK-2024-11659,Retail,2024-07-01,573550,1
LOCK-2024-11660,Wholesale,2024-02-01,202738,0
LOCK-2024-11661,Correspondent,2024-07-01,275992,1
LOCK-2024-11662,Wholesale,2024-04-01,627288,1
LOCK-2024-11663,Wholesale,2024-07-01,681214,1
LOCK-2024-11664,Direct,2024-03-01,484147,1
LOCK-2024-11665,Direct,2024-03-01,375463,1
LOCK-2024-11666,Retail,2024-10-01,1160518,1
LOCK-2024-11667,Wholesale,2024-07-01,913509,1
LOCK-2024-11668,Wholesale,2024-11-01,529661,1
LOCK-2024-11669,Wholesale,2024-04-01,332554,1
LOCK-2024-11670,Retail,2024-01-01,601635,0
LOCK-2024-11671,Direct,2024-12-01,965225,1
LOCK-2024-11672,Correspondent,2024-09-01,241731,0
LOCK-2024-11673,Retail,2024-03-01,576606,0
LOCK-2024-11674,Wholesale,2024-06-01,677685,1
LOCK-2024-11675,Direct,2024-12-01,921401,0
LOCK-2024-11676,Direct,2024-11-01,1094958,0
LOCK-2024-11677,Wholesale,2024-04-01,568555,1
LOCK-2024-11678,Correspondent,2024-12-01,977512,1
LOCK-2024-11679,Direct,2024-05-01,498193,1
LOCK-2024-11680,Direct,2024-01-01,350384,0
LOCK-2024-11681,Correspondent,2024-03-01,860695,0
LOCK-2024-11682,Retail,2024-03-01,549551,0
LOCK-2024-11683,Retail,2024-01-01,561355,1
LOCK-2024-11684,Direct,2024-07-01,220282,0
LOCK-2024-11685,Direct,2024-02-01,824839,1
LOCK-2024-11686,Correspondent,2024-02-01,380053,1
LOCK-2024-11687,Correspondent,2024-01-01,226968,0
LOCK-2024-11688,Retail,2024-12-01,830012,1
LOCK-2024-11689,Correspondent,2024-02-01,960776,1
LOCK-2024-11690,Wholesale,2024-09-01,624682,1
LOCK-2024-11691,Retail,2024-07-01,771017,0
LOCK-2024-11692,Retail,2024-09-01,563930,1
LOCK-2024-11693,Retail,2024-08-01,401804,1
LOCK-2024-11694,Retail,2024-11-01,969057,1
LOCK-2024-11695,Correspondent,2024-03-01,1082472,0
LOCK-2024-11696,Correspondent,2024-12-01,850024,1
LOCK-2024-11697,Direct,2024-04-01,715692,1
LOCK-2024-11698,Wholesale,2024-07-01,943288,1
LOCK-2024-11699,Correspondent,2024-10-01,874324,1
LOCK-2024-11700,Direct,2024-03-01,380093,0
LOCK-2024-11701,Retail,2024-03-01,1099423,0
LOCK-2024-11702,Wholesale,2024-10-01,365657,1
LOCK-2024-11703,Retail,2024-10-01,371016,0
LOCK-2024-11704,Correspondent,2024-08-01,774099,1
LOCK-2024-11705,Direct,2024-03-01,780888,0
LOCK-2024-11706,Correspondent,2024-12-01,1116989,1
LOCK-2024-11707,Correspondent,2024-01-01,199665,1
LOCK-2024-11708,Retail,2024-06-01,1131540,1
LOCK-2024-11709,Correspondent,2024-07-01,590635,1
LOCK-2024-11710,Direct,2024-06-01,528442,1
LOCK-2024-11711,Wholesale,2024-12-01,442374,1
LOCK-2024-11712,Direct,2024-08-01,1142538,0
LOCK-2024-11713,Direct,2024-04-01,311808,1
LOCK-2024-11714,Direct,2024-01-01,808058,1
LOCK-2024-11715,Retail,2024-08-01,681939,0
LOCK-2024-11716,Wholesale,2024-10-01,537884,1
LOCK-2024-11717,Direct,2024-06-01,179259,0
LOCK-2024-11718,Wholesale,2024-07-01,347107,1
LOCK-2024-11719,Wholesale,2024-06-01,268508,0
LOCK-2024-11720,Correspondent,2024-05-01,900147,1
LOCK-2024-11721,Retail,2024-11-01,1026660,0
LOCK-2024-11722,Retail,2024-07-01,439156,1
LOCK-2024-11723,Retail,2024-07-01,659084,1
LOCK-2024-11724,Wholesale,2024-07-01,238922,1
LOCK-2024-11725,Direct,2024-07-01,1152265,1
LOCK-2024-11726,Correspondent,2024-11-01,284135,1
LOCK-2024-11727,Wholesale,2024-06-01,255768,0
LOCK-2024-11728,Wholesale,2024-04-01,507647,1
LOCK-2024-11729,Wholesale,2024-11-01,1171285,0
LOCK-2024-11730,Wholesale,2024-04-01,527398,0
LOCK-2024-11731,Wholesale,2024-01-01,1166323,1
LOCK-2024-11732,Wholesale,2024-10-01,968143,0
LOCK-2024-11733,Correspondent,2024-11-01,960628,1
LOCK-2024-11734,Wholesale,2024-05-01,407920,1
LOCK-2024-11735,Retail,2024-05-01,439222,1
LOCK-2024-11736,Retail,2024-01-01,165523,1
LOCK-2024-11737,Wholesale,2024-06-01,894098,1
LOCK-2024-11738,Direct,2024-05-01,1035280,1
LOCK-2024-11739,Wholesale,2024-06-01,1167663,1
LOCK-2024-11740,Direct,2024-05-01,1133804,0
LOCK-2024-11741,Direct,2024-11-01,243636,1
LOCK-2024-11742,Wholesale,2024-12-01,417038,1
LOCK-2024-11743,Wholesale,2024-02-01,1184802,1
LOCK-2024-11744,Correspondent,2024-09-01,748881,1
LOCK-2024-11745,Retail,2024-10-01,529251,1
LOCK-2024-11746,Correspondent,2024-07-01,436513,0
LOCK-2024-11747,Wholesale,2024-12-01,282716,0
LOCK-2024-11748,Direct,2024-02-01,916152,0
LOCK-2024-11749,Direct,2024-11-01,1108659,0
LOCK-2024-11750,Wholesale,2024-09-01,1186647,0
LOCK-2024-11751,Correspondent,2024-09-01,993725,1
LOCK-2024-11752,Correspondent,2024-05-01,1181443,1
LOCK-2024-11753,Retail,2024-11-01,850306,1
LOCK-2024-11754,Wholesale,2024-03-01,421094,0
LOCK-2024-11755,Retail,2024-05-01,693945,1
LOCK-2024-11756,Direct,2024-11-01,1159247,1
LOCK-2024-11757,Correspondent,2024-12-01,372756,1
LOCK-2024-11758,Wholesale,2024-04-01,749291,1
LOCK-2024-11759,Retail,2024-12-01,433483,1
LOCK-2024-11760,Wholesale,2024-06-01,362347,1
LOCK-2024-11761,Direct,2024-10-01,464755,1
LOCK-2024-11762,Retail,2024-03-01,744936,0
LOCK-2024-11763,Correspondent,2024-12-01,953111,1
LOCK-2024-11764,Correspondent,2024-11-01,164548,0
LOCK-2024-11765,Correspondent,2024-09-01,1192509,1
LOCK-2024-11766,Retail,2024-05-01,980772,1
LOCK-2024-11767,Direct,2024-05-01,588815,0
LOCK-2024-11768,Retail,2024-07-01,994004,0
LOCK-2024-11769,Wholesale,2024-04-01,955398,0
LOCK-2024-11770,Correspondent,2024-07-01,893542,0
LOCK-2024-11771,Correspondent,2024-09-01,407249,0
LOCK-2024-11772,Retail,2024-10-01,270038,0
LOCK-2024-11773,Wholesale,2024-03-01,1029297,0
LOCK-2024-11774,Retail,2024-09-01,697463,0
LOCK-2024-11775,Retail,2024-12-01,605760,1
LOCK-2024-11776,Direct,2024-01-01,982786,1
LOCK-2024-11777,Direct,2024-12-01,985726,0
LOCK-2024-11778,Direct,2024-04-01,330246,1
LOCK-2024-11779,Direct,2024-07-01,153557,1
LOCK-2024-11780,Retail,2024-10-01,710278,1
LOCK-2024-11781,Correspondent,2024-05-01,379959,0
LOCK-2024-11782,Retail,2024-01-01,323360,1
LOCK-2024-11783,Correspondent,2024-08-01,282557,1
LOCK-2024-11784,Direct,2024-08-01,915144,1
LOCK-2024-11785,Wholesale,2024-12-01,251014,1
LOCK-2024-11786,Wholesale,2024-02-01,518274,1
LOCK-2024-11787,Direct,2024-08-01,230893,1
LOCK-2024-11788,Wholesale,2024-03-01,657258,1
LOCK-2024-11789,Retail,2024-09-01,313169,1
LOCK-2024-11790,Wholesale,2024-10-01,328703,1
LOCK-2024-11791,Retail,2024-09-01,1046903,1
LOCK-2024-11792,Retail,2024-05-01,1052912,0
LOCK-2024-11793,Retail,2024-10-01,379510,1
LOCK-2024-11794,Direct,2024-01-01,1008680,0
LOCK-2024-11795,Correspondent,2024-10-01,942907,1
LOCK-2024-11796,Correspondent,2024-10-01,839699,1
LOCK-2024-11797,Retail,2024-05-01,864158,0
LOCK-2024-11798,Wholesale,2024-08-01,974911,1
LOCK-2024-11799,Direct,2024-04-01,416934,0
LOCK-2024-11800,Correspondent,2024-06-01,549708,1
LOCK-2024-11801,Direct,2024-10-01,195534,0
LOCK-2024-11802,Correspondent,2024-07-01,1123744,1
LOCK-2024-11803,Direct,2024-05-01,366344,1
LOCK-2024-11804,Retail,2024-01-01,1062776,1
LOCK-2024-11805,Wholesale,2024-05-01,342850,1
LOCK-2024-11806,Correspondent,2024-07-01,334463,0
LOCK-2024-11807,Correspondent,2024-01-01,964814,1
LOCK-2024-11808,Wholesale,2024-01-01,377408,0
LOCK-2024-11809,Direct,2024-11-01,1044602,0
LOCK-2024-11810,Direct,2024-09-01,944237,0
LOCK-2024-11811,Direct,2024-03-01,215304,1
LOCK-2024-11812,Correspondent,2024-01-01,626206,1
LOCK-2024-11813,Direct,2024-03-01,423079,0
LOCK-2024-11814,Direct,2024-10-01,463493,0
LOCK-2024-11815,Direct,2024-01-01,1179946,0
LOCK-2024-11816,Direct,2024-06-01,350367,1
LOCK-2024-11817,Wholesale,2024-06-01,320019,1
LOCK-2024-11818,Correspondent,2024-07-01,682526,0
LOCK-2024-11819,Retail,2024-05-01,601243,1
LOCK-2024-11820,Retail,2024-05-01,708876,1
LOCK-2024-11821,Wholesale,2024-03-01,176619,1
LOCK-2024-11822,Correspondent,2024-11-01,1087869,1
LOCK-2024-11823,Direct,2024-04-01,767814,1
LOCK-2024-11824,Correspondent,2024-10-01,505721,1
LOCK-2024-11825,Wholesale,2024-05-01,666743,1
LOCK-2024-11826,Direct,2024-04-01,256637,0
LOCK-2024-11827,Retail,2024-03-01,267794,1
LOCK-2024-11828,Direct,2024-02-01,393920,1
LOCK-2024-11829,Retail,2024-08-01,461324,0
LOCK-2024-11830,Correspondent,2024-12-01,785413,0
LOCK-2024-11831,Correspondent,2024-03-01,573554,1
LOCK-2024-11832,Wholesale,2024-09-01,255087,1
LOCK-2024-11833,Retail,2024-07-01,1045424,1
LOCK-2024-11834,Wholesale,2024-01-01,843911,1
LOCK-2024-11835,Retail,2024-03-01,684088,1
LOCK-2024-11836,Direct,2024-03-01,874295,0
LOCK-2024-11837,Correspondent,2024-02-01,987118,1
LOCK-2024-11838,Direct,2024-03-01,762651,1
LOCK-2024-11839,Direct,2024-12-01,867324,0
LOCK-2024-11840,Retail,2024-05-01,924493,0
LOCK-2024-11841,Wholesale,2024-09-01,417109,0
LOCK-2024-11842,Correspondent,2024-07-01,608622,1
LOCK-2024-11843,Correspondent,2024-02-01,804334,1
LOCK-2024-11844,Correspondent,2024-03-01,497446,1
LOCK-2024-11845,Retail,2024-04-01,1003005,1
LOCK-2024-11846,Correspondent,2024-02-01,793736,0
LOCK-2024-11847,Retail,2024-05-01,285541,1
LOCK-2024-11848,Retail,2024-09-01,679284,1
LOCK-2024-11849,Correspondent,2024-12-01,904369,1
LOCK-2024-11850,Wholesale,2024-12-01,275730,1
LOCK-2024-11851,Direct,2024-06-01,845439,0
LOCK-2024-11852,Retail,2024-06-01,439712,1
LOCK-2024-11853,Direct,2024-05-01,249832,1
LOCK-2024-11854,Retail,2024-11-01,830947,1
LOCK-2024-11855,Direct,2024-12-01,1143331,1
LOCK-2024-11856,Direct,2024-02-01,1196734,0
LOCK-2024-11857,Wholesale,2024-07-01,577986,1
LOCK-2024-11858,Wholesale,2024-05-01,820119,1
LOCK-2024-11859,Correspondent,2024-11-01,557985,1
LOCK-2024-11860,Direct,2024-09-01,907468,1
LOCK-2024-11861,Retail,2024-11-01,1191751,1
LOCK-2024-11862,Wholesale,2024-05-01,320410,0
LOCK-2024-11863,Wholesale,2024-10-01,796307,1
LOCK-2024-11864,Wholesale,2024-07-01,975003,1
LOCK-2024-11865,Wholesale,2024-01-01,1035816,1
LOCK-2024-11866,Direct,2024-04-01,405188,0
LOCK-2024-11867,Wholesale,2024-05-01,248493,0
LOCK-2024-11868,Correspondent,2024-05-01,989156,0
LOCK-2024-11869,Retail,2024-10-01,1111311,1
LOCK-2024-11870,Direct,2024-03-01,878307,1
LOCK-2024-11871,Wholesale,2024-08-01,198857,1
LOCK-2024-11872,Retail,2024-06-01,835849,1
LOCK-2024-11873,Retail,2024-08-01,430031,1
LOCK-2024-11874,Correspondent,2024-07-01,410982,1
LOCK-2024-11875,Retail,2024-12-01,395967,1
LOCK-2024-11876,Retail,2024-12-01,538726,1
LOCK-2024-11877,Correspondent,2024-08-01,337550,1
LOCK-2024-11878,Direct,2024-02-01,881135,1
LOCK-2024-11879,Direct,2024-05-01,870531,1
LOCK-2024-11880,Correspondent,2024-05-01,1068031,1
LOCK-2024-11881,Direct,2024-03-01,257319,1
LOCK-2024-11882,Retail,2024-11-01,1128116,0
LOCK-2024-11883,Retail,2024-01-01,479299,0
LOCK-2024-11884,Correspondent,2024-08-01,1199040,0
LOCK-2024-11885,Retail,2024-05-01,994892,1
LOCK-2024-11886,Correspondent,2024-05-01,433127,0
LOCK-2024-11887,Correspondent,2024-03-01,799623,0
LOCK-2024-11888,Wholesale,2024-11-01,314580,0
LOCK-2024-11889,Retail,2024-10-01,661112,1
LOCK-2024-11890,Correspondent,2024-08-01,1070906,1
LOCK-2024-11891,Direct,2024-01-01,634364,1
LOCK-2024-11892,Direct,2024-07-01,552301,0
LOCK-2024-11893,Correspondent,2024-11-01,603717,0
LOCK-2024-11894,Direct,2024-11-01,631261,1
LOCK-2024-11895,Wholesale,2024-05-01,240121,1
LOCK-2024-11896,Retail,2024-03-01,936600,0
LOCK-2024-11897,Correspondent,2024-03-01,359382,0
LOCK-2024-11898,Direct,2024-01-01,537666,1
LOCK-2024-11899,Direct,2024-11-01,538319,1
LOCK-2024-11900,Direct,2024-07-01,201213,0
LOCK-2024-11901,Retail,2024-04-01,987086,0
LOCK-2024-11902,Correspondent,2024-05-01,150951,1
LOCK-2024-11903,Direct,2024-07-01,891058,1
LOCK-2024-11904,Direct,2024-10-01,202911,1
LOCK-2024-11905,Retail,2024-02-01,313498,1
LOCK-2024-11906,Retail,2024-08-01,1183125,1
LOCK-2024-11907,Correspondent,2024-10-01,1098629,1
LOCK-2024-11908,Correspondent,2024-08-01,1063855,1
LOCK-2024-11909,Wholesale,2024-11-01,309509,1
LOCK-2024-11910,Retail,2024-07-01,189131,0
LOCK-2024-11911,Retail,2024-02-01,489907,1
LOCK-2024-11912,Direct,2024-06-01,388097,1
LOCK-2024-11913,Correspondent,2024-10-01,844606,0
LOCK-2024-11914,Retail,2024-04-01,230131,1
LOCK-2024-11915,Retail,2024-08-01,544808,1
LOCK-2024-11916,Direct,2024-03-01,1107657,1
LOCK-2024-11917,Wholesale,2024-03-01,257164,1
LOCK-2024-11918,Wholesale,2024-03-01,766082,1
LOCK-2024-11919,Direct,2024-10-01,290069,0
LOCK-2024-11920,Wholesale,2024-01-01,850620,1
LOCK-2024-11921,Correspondent,2024-01-01,362464,1
LOCK-2024-11922,Retail,2024-02-01,1077564,0
LOCK-2024-11923,Wholesale,2024-10-01,756196,0
LOCK-2024-11924,Direct,2024-08-01,922080,1
LOCK-2024-11925,Direct,2024-09-01,918991,0
LOCK-2024-11926,Correspondent,2024-04-01,227956,1
LOCK-2024-11927,Wholesale,2024-04-01,591031,0
LOCK-2024-11928,Correspondent,2024-09-01,343607,0
LOCK-2024-11929,Retail,2024-08-01,1160586,1
LOCK-2024-11930,Correspondent,2024-04-01,707114,0
LOCK-2024-11931,Wholesale,2024-05-01,595919,1
LOCK-2024-11932,Retail,2024-09-01,268863,1
LOCK-2024-11933,Correspondent,2024-04-01,1065764,0
LOCK-2024-11934,Wholesale,2024-02-01,1139834,0
LOCK-2024-11935,Wholesale,2024-09-01,803350,1
LOCK-2024-11936,Retail,2024-05-01,354775,0
LOCK-2024-11937,Retail,2024-08-01,825205,1
LOCK-2024-11938,Wholesale,2024-07-01,1193012,1
LOCK-2024-11939,Direct,2024-05-01,784355,0
LOCK-2024-11940,Retail,2024-03-01,832953,1
LOCK-2024-11941,Correspondent,2024-12-01,998695,0
LOCK-2024-11942,Direct,2024-03-01,1178813,0
LOCK-2024-11943,Correspondent,2024-10-01,457481,0
LOCK-2024-11944,Retail,2024-01-01,289258,1
LOCK-2024-11945,Direct,2024-09-01,1199680,1
LOCK-2024-11946,Correspondent,2024-10-01,514842,1
LOCK-2024-11947,Correspondent,2024-05-01,599863,1
LOCK-2024-11948,Correspondent,2024-12-01,1132554,0
LOCK-2024-11949,Wholesale,2024-09-01,1157858,1
LOCK-2024-11950,Retail,2024-12-01,765443,1
LOCK-2024-11951,Correspondent,2024-01-01,503195,1
LOCK-2024-11952,Wholesale,2024-08-01,804115,0
LOCK-2024-11953,Retail,2024-03-01,1017584,0
LOCK-2024-11954,Wholesale,2024-02-01,935671,1
LOCK-2024-11955,Wholesale,2024-10-01,198783,1
LOCK-2024-11956,Correspondent,2024-12-01,773660,1
LOCK-2024-11957,Direct,2024-10-01,613443,1
LOCK-2024-11958,Wholesale,2024-09-01,1133940,1
LOCK-2024-11959,Wholesale,2024-08-01,406601,1
LOCK-2024-11960,Retail,2024-12-01,475712,1
LOCK-2024-11961,Correspondent,2024-03-01,516416,1
LOCK-2024-11962,Direct,2024-06-01,216248,1
LOCK-2024-11963,Retail,2024-01-01,848325,1
LOCK-2024-11964,Wholesale,2024-07-01,973879,0
LOCK-2024-11965,Wholesale,2024-06-01,540633,1
LOCK-2024-11966,Wholesale,2024-04-01,364337,1
LOCK-2024-11967,Wholesale,2024-03-01,1125407,1
LOCK-2024-11968,Wholesale,2024-10-01,512607,0
LOCK-2024-11969,Correspondent,2024-09-01,415432,0
LOCK-2024-11970,Wholesale,2024-11-01,386472,1
LOCK-2024-11971,Direct,2024-11-01,1016008,0
LOCK-2024-11972,Retail,2024-03-01,863597,1
LOCK-2024-11973,Correspondent,2024-05-01,878267,1
LOCK-2024-11974,Correspondent,2024-11-01,1017297,1
LOCK-2024-11975,Retail,2024-04-01,393609,0
LOCK-2024-11976,Wholesale,2024-07-01,986042,1
LOCK-2024-11977,Correspondent,2024-01-01,980400,1
LOCK-2024-11978,Retail,2024-11-01,199787,1
LOCK-2024-11979,Retail,2024-05-01,617525,1
LOCK-2024-11980,Retail,2024-07-01,348937,0
LOCK-2024-11981,Correspondent,2024-05-01,711092,0
LOCK-2024-11982,Direct,2024-05-01,687440,0
LOCK-2024-11983,Correspondent,2024-05-01,911044,1
LOCK-2024-11984,Retail,2024-08-01,866162,0
LOCK-2024-11985,Direct,2024-02-01,809688,1
LOCK-2024-11986,Wholesale,2024-04-01,992101,1
LOCK-2024-11987,Direct,2024-06-01,1097976,0
LOCK-2024-11988,Retail,2024-10-01,277464,0
LOCK-2024-11989,Retail,2024-02-01,857032,1
LOCK-2024-11990,Direct,2024-03-01,905845,1
LOCK-2024-11991,Direct,2024-04-01,1138325,0
LOCK-2024-11992,Correspondent,2024-04-01,938031,0
LOCK-2024-11993,Direct,2024-07-01,1190041,1
LOCK-2024-11994,Retail,2024-02-01,1172710,0
LOCK-2024-11995,Wholesale,2024-10-01,233578,1
LOCK-2024-11996,Retail,2024-01-01,1083817,0
LOCK-2024-11997,Direct,2024-02-01,941466,1
LOCK-2024-11998,Wholesale,2024-11-01,603674,1
LOCK-2024-11999,Correspondent,2024-08-01,864458,1
LOCK-2024-12000,Wholesale,2024-04-01,1083395,1
